repeat,method,frame,point_id,status,left_x,left_y,right_x,right_y,disparity,X_m,Y_m,Z_m,distance_m,match_cost,flow_fb_error_px,lr_error_px,confidence,raw_disparity,integer_disparity,measured_disparity,estimated_disparity,measured_right_x,measured_right_y,estimated_right_x,estimated_right_y,measured_X_m,measured_Y_m,measured_Z_m,estimated_X_m,estimated_Y_m,estimated_Z_m,delta_X_mm,delta_Y_mm,delta_Z_mm,subpixel_offset,neighbor_disparity,used_search_radius,quality_stage,recovery_stage,recovery_attempt_count,recovery_success_count,mean_recovery_frames,flow_ms,matching_ms,total_ms,frame_total_ms,temporal_right_x,temporal_right_y,right_flow_fb_error_px,cycle_error_px,cycle_cost,cycle_status,texture_std,second_best_cost,uniqueness_margin_value,cost_curvature,icgn_status,icgn_converged,icgn_iterations,icgn_residual,icgn_hessian,icgn_cost_curvature,icgn_hessian_density,zncc_cost_curvature,curvature_sample_step_px,icgn_termination_reason,icgn_fallback_used,icgn_fallback_method,icgn_iterative_disparity,icgn_final_increment_px,subpixel_final_status,left_variance_px2,disparity_variance_px2,measurement_quality_score,kalman_innovation_u,kalman_innovation_v,kalman_innovation_d,kalman_innovation_norm,kalman_gain_disparity,kalman_nis,kalman_update_status,kalman_predict_only_frames,measurement_accepted_for_state,state_update_source,right_flow_reference_frame,right_reference_source,right_reference_age_frames,point_role,compensation_status,compensation_applied,compensation_inlier_count,compensation_reference_count,compensation_rmse_mm,camera_tx_mm,camera_ty_mm,camera_tz_mm,camera_rotation_angle_deg,camera_rx_deg,camera_ry_deg,camera_rz_deg,compensated_X_m,compensated_Y_m,compensated_Z_m,final_X_m,final_Y_m,final_Z_m,raw_delta_X_mm,raw_delta_Y_mm,raw_delta_Z_mm,compensated_delta_X_mm,compensated_delta_Y_mm,compensated_delta_Z_mm,neighbor_disparity_mad,predicted_disparity,previous_disparity,disparity_velocity,prediction_residual_px,adaptive_search_radius,search_radius_reason,confidence_texture,confidence_photo,confidence_margin,confidence_flow,confidence_lr,confidence_cycle,confidence_icgn,confidence_curvature,confidence_temporal,confidence_neighbor,confidence_total,confidence_state,frame_timestamp_s,timestamp_left_s,timestamp_right_s,sync_error_ms,timestamp_source,timestamp_gt_s,X_gt,Y_gt,Z_gt,gt_valid,gt_source,shadow_input_x_m,shadow_input_y_m,shadow_input_z_m,shadow_input_stage,candidate_corrected_x_m,candidate_corrected_y_m,candidate_corrected_z_m,c_phy,c_phy_valid,c_phy_valid_terms,c_phy_missing_terms,transient_protected,fault_class,fault_confidence,recommended_recovery,r_2d3d,r_temporal,r_spatial,r_frequency,r_phase,r_coherence,r_lr,r_epi,r_fb,r_ref,r_calib,accuracy_policy_enabled,precision_policy_warmup,target_metric,target_x_mm,target_y_mm,target_z_mm,required_sigma_d_px,estimated_sigma_d_px,estimated_sigma_x_mm,estimated_sigma_y_mm,estimated_sigma_z_mm,precision_ratio,precision_feasible,precision_status,limiting_axis,policy_base_search_radius_px,policy_final_search_radius_px,policy_refinement_level,policy_retry_budget,policy_precision_retry_count,policy_acceptance_reason,policy_reason,retry_triggered,retry_candidate_accepted,retry_sigma_before_px,retry_sigma_after_px,retry_match_cost_before,retry_match_cost_after,retry_lr_error_before_px,retry_lr_error_after_px
0,research_full,250,P1,valid,140.0,320.0,118.8125,320.0,21.1875,-0.965336786242801,0.2539593605131175,2.9245393319354673,3.0901942935199656,,,0.03515625,1.0,21.1875,,21.1875,21.1875,118.8125,320.0,118.8125,320.0,-0.965336786242801,0.2539593605131175,2.9245393319354673,-0.965336786242801,0.2539593605131175,2.9245393319354673,0.0,0.0,0.0,,,0,,,0,0,,0.0,79.12130000113393,79.12130000113393,82.71360000071581,,,,,,not_used,,,,,not_attempted,False,0,,,,,,,,False,none,,,not_attempted,0.01,0.0103515625,0.9660377358490566,,,,,,,initialized,0,True,measured,250,measured,0,measurement,insufficient_references,False,0,0,,,,,,,,,,,,-0.965336786242801,0.2539593605131175,2.9245393319354673,0.0,0.0,0.0,,,,,,,,,,,,,,,0.98828125,,,,1.0,,0.9660377358490566,HIGH,,,,,,,,,,,,-0.965336786242801,0.2539593605131175,2.9245393319354673,estimated,-0.965336786242801,0.2539593605131175,2.9245393319354673,,False,,flow_3d;temporal;spatial;spectral;phase;coherence,False,NORMAL,0.05,NONE,,,,,,,0.03515625,0.0,,,,False,,,,,,,,,,,,,,,,,,,,,,,,,,,,,
0,research_full,250,P2,valid,239.0,350.0,227.9375,350.0,11.0625,-0.7717636316679122,0.812791207562256,5.601236347605218,5.712276015038978,,,0.00390625,1.0,11.0625,,11.0625,11.0625,227.9375,350.0,227.9375,350.0,-0.7717636316679122,0.812791207562256,5.601236347605218,-0.7717636316679122,0.812791207562256,5.601236347605218,0.0,0.0,0.0,,,0,,,0,0,,0.0,79.12130000113393,79.12130000113393,82.71360000071581,,,,,,not_used,,,,,not_attempted,False,0,,,,,,,,False,none,,,not_attempted,0.01,0.0100390625,0.9961089494163424,,,,,,,initialized,0,True,measured,250,measured,0,measurement,insufficient_references,False,0,0,,,,,,,,,,,,-0.7717636316679122,0.812791207562256,5.601236347605218,0.0,0.0,0.0,,,,,,,,,,,,,,,0.9986979166666666,,,,1.0,,0.9961089494163424,HIGH,,,,,,,,,,,,-0.7717636316679122,0.812791207562256,5.601236347605218,estimated,-0.7717636316679122,0.812791207562256,5.601236347605218,,False,,flow_3d;temporal;spatial;spectral;phase;coherence,False,NORMAL,0.05,NONE,,,,,,,0.00390625,0.0,,,,False,,,,,,,,,,,,,,,,,,,,,,,,,,,,,
0,research_full,250,P3,valid,348.0,353.0,343.0625,353.0,4.9375,0.9278749168868291,1.8941927315313487,12.54960548767245,12.725624380037013,,,0.0625,1.0,4.9375,,4.9375,4.9375,343.0625,353.0,343.0625,353.0,0.9278749168868291,1.8941927315313487,12.54960548767245,0.9278749168868291,1.8941927315313487,12.54960548767245,0.0,0.0,0.0,,,0,,,0,0,,0.0,79.12130000113393,79.12130000113393,82.71360000071581,,,,,,not_used,,,,,not_attempted,False,0,,,,,,,,False,none,,,not_attempted,0.01,0.010625,0.9411764705882353,,,,,,,initialized,0,True,measured,250,measured,0,measurement,insufficient_references,False,0,0,,,,,,,,,,,,0.9278749168868291,1.8941927315313487,12.54960548767245,0.0,0.0,0.0,,,,,,,,,,,,,,,0.9791666666666666,,,,1.0,,0.9411764705882353,HIGH,,,,,,,,,,,,0.9278749168868291,1.8941927315313487,12.54960548767245,estimated,0.9278749168868291,1.8941927315313487,12.54960548767245,,False,,flow_3d;temporal;spatial;spectral;phase;coherence,False,NORMAL,0.05,NONE,,,,,,,0.0625,0.0,,,,False,,,,,,,,,,,,,,,,,,,,,,,,,,,,,
0,research_full,251,P1,valid,139.99875653991455,320.00288118800285,119.21828100021519,320.0028991699219,20.78359817688634,-0.9841040345739606,0.2589114107664386,2.981373897244279,3.1502517652815234,0.08443881762349849,9.650505671743304e-05,0.21953222091832814,0.7701795605043262,20.780467779081686,21.0,20.780467779081686,20.78359817688634,119.21828100021519,320.0028991699219,119.21515836302821,320.00288118800285,-0.9842523262868446,0.25895051768104627,2.9818230154451784,-0.9841040345739606,0.2589114107664386,2.981373897244279,-18.767248331159614,4.952050253321072,56.83456530881159,-0.21953222091831393,,4,context_recovery,,0,0,,3.9620999996259343,33.82409999903757,37.86989999935031,80.1406999999017,118.81617736816406,320.0015563964844,0.0001931608421728015,0.4021058740545943,0.2680705827030629,cycle_valid,85.57664894376529,0.2837514659352789,0.19931264831178042,0.05872741566073646,icgn_high_residual,False,4,0.4976032744287882,27.389648840342815,0.05872741566073646,0.17968664300914775,0.05872741566073646,0.1,icgn_high_residual,True,line_search,20.7853525741837,-0.0006016489992446823,line_search_refined,0.012544706280992446,0.015578289641894814,0.6100757251345075,-0.001251220703125,0.002899169921875,-0.4070322209183139,0.40704446883010087,0.9923092137580873,0.08179649999577544,updated,0,True,filtered,251,measured,0,measurement,insufficient_references,False,0,0,,,,,,,,,,,,-0.9841040345739606,0.2589114107664386,2.981373897244279,-18.767248331159614,4.952050253321072,56.83456530881159,,,,,,,,,,,0.9610485643633492,0.9718537274588338,0.8327585649196195,0.9999517223501849,0.9268225930272239,0.9106431390989791,0.5260921195916302,0.4324059222033997,0.9503936349634367,,0.6100757251345075,HIGH,,,,,,,,,,,,-0.9841040345739606,0.2589114107664386,2.981373897244279,estimated,-0.9841040345739606,0.2589114107664386,2.981373897244279,0.28899314610984245,True,spatial,flow_3d;temporal;spectral;phase;coherence,False,OCCLUSION,0.65,KALMAN_PREDICT,,,18.620284605507436,,,,0.21953222091832814,1.7981919029352866e-05,9.650505671743304e-05,,,False,,,,,,,,,,,,,,,,,,,,,,False,,,,,,,
0,research_full,251,P2,valid,238.98903111611017,349.99441694429953,227.9268665469875,349.994384765625,11.062104107347809,-0.7719105953935643,0.8127595510960689,5.601436805699961,5.712487929390216,0.028843648431087963,0.00022217132209334522,0.062101348520315014,0.7905628844765593,11.06210134852031,11.0,11.06210134852031,11.062104107347809,227.9268665469875,349.994384765625,227.92692700876236,349.99441694429953,-0.7719114757571194,0.8127594036831901,5.601438202667626,-0.7719105953935643,0.8127595510960689,5.601436805699961,-0.14696372565214944,-0.03165646618707996,0.2004580947430057,0.062101348520309685,,4,primary_icgn_fallback_line_search,,0,0,,4.111300000658957,15.326400000049034,19.517299999279203,80.1406999999017,227.92950439453125,350.021240234375,0.0004892339929938316,0.026984707547911425,0.01798980503194095,cycle_valid,54.29607404641738,0.2950463993599174,0.26620275092882945,0.37515341526032636,icgn_high_residual,False,5,0.7122808996161092,57.61035957952401,0.37515341526032636,0.5928597369595222,0.37515341526032636,0.1,icgn_high_residual,True,line_search,11.077444927928996,-0.0006688731384148107,line_search_refined,0.01158489888645222,0.014006936584356023,0.7138964068156215,-0.0110321044921875,-0.005615234375,-0.0003986514796903151,0.012385358679302934,0.9930796005037444,7.587953368839472e-05,updated,0,True,filtered,251,measured,0,measurement,insufficient_references,False,0,0,,,,,,,,,,,,-0.7719105953935643,0.8127595510960689,5.601436805699961,-0.14696372565214944,-0.03165646618707996,0.2004580947430057,,,,,,,,,,,0.9386082070964525,0.9903854505229707,0.8747821605260377,0.9998814324474855,0.9792995504932284,0.9940033983226864,0.32163723846084835,0.9111474613387095,0.999950169806604,,0.7138964068156215,HIGH,,,,,,,,,,,,-0.7719105953935643,0.8127595510960689,5.601436805699961,estimated,-0.7719105953935643,0.8127595510960689,5.601436805699961,0.02259113850045999,True,spatial,flow_3d;temporal;spectral;phase;coherence,False,OCCLUSION,0.65,KALMAN_PREDICT,,,56.8529632701817,,,,0.062101348520315014,3.217867453031431e-05,0.00022217132209334522,,,False,,,,,,,,,,,,,,,,,,,,,,False,,,,,,,
0,research_full,251,P3,valid,347.9975434306212,353.0015467288681,343.38132985445026,353.0015563964844,4.6185426774218765,0.9918900948660955,2.025046302763019,13.41628332207413,13.604459440447904,0.0761789141016367,0.00017794652376323938,0.38380177827838224,0.7657721749021988,4.616198221721625,5.0,4.616198221721625,4.6185426774218765,343.38132985445026,353.0015563964844,343.3790007531993,353.0015467288681,0.9923934515776445,2.02607502698461,13.42309712867425,0.9918900948660955,2.025046302763019,13.41628332207413,64.01517797926637,130.85357123167006,866.6778344016813,-0.38380177827837514,,4,primary_icgn_fallback_line_search,,0,0,,4.007499999715947,15.228600001137238,19.405400002142414,80.1406999999017,343.0682067871094,353.0003662109375,0.00041508395224809647,0.31312532928940556,0.20875021952627038,cycle_valid,61.17319531582894,0.31722269494077965,0.24104378083914296,0.21221859471509116,icgn_high_residual,False,4,0.5284061983109722,36.162714834714464,0.21221859471509116,0.4099431047447415,0.21221859471509116,0.1,icgn_high_residual,True,line_search,4.583012720540312,0.00024384459905492546,line_search_refined,0.01256322879234869,0.01477425230252075,0.6502075978864503,-0.002471923828125,0.001556396484375,-0.32130177827837514,0.32131505645125746,0.9927032594938819,0.05099006702239601,updated,0,True,filtered,251,measured,0,measurement,insufficient_references,False,0,0,,,,,,,,,,,,0.9918900948660955,2.025046302763019,13.41628332207413,64.01517797926637,130.85357123167006,866.6778344016813,,,,,,,,,,,0.945509903216208,0.9746070286327878,0.861712535302548,0.9999011615873314,0.8720660739072059,0.9304165934912432,0.4967560016085978,0.8429292523678984,0.9606331100190374,,0.6502075978864503,HIGH,,,,,,,,,,,,0.9918900948660955,2.025046302763019,13.41628332207413,estimated,0.9918900948660955,2.025046302763019,13.41628332207413,1.5789609160243312e-24,True,spatial,flow_3d;temporal;spectral;phase;coherence,False,OCCLUSION,0.65,KALMAN_PREDICT,,,822.0791287387417,,,,0.38380177827838224,9.667616268416168e-06,0.00017794652376323938,,,False,,,,,,,,,,,,,,,,,,,,,,False,,,,,,,
0,research_full,252,P1,valid,140.00632998371177,320.01527513136404,119.1181127556457,320.0155029296875,20.880347464059476,-0.9795005245865932,0.2577831831475737,2.967559673134672,3.1356472793977113,0.12626042275127497,0.0008871119352988899,0.11161251150508988,0.757550350547822,20.888387488494924,21.0,20.888387488494924,20.880347464059476,119.1181127556457,320.0155029296875,119.1259825196523,320.01527513136404,-0.979122529858453,0.25768527392641877,2.966417447469872,-0.9795005245865932,0.2577831831475737,2.967559673134672,-14.163738343792254,3.8238226344561865,43.02034119920472,-0.11161251150507567,,4,primary_icgn_fallback_line_search,,0,0,,3.5013999986404087,13.796300001558848,17.397600000549573,55.3725999998278,119.21709442138672,319.9914855957031,0.0018813690403476357,0.10185382901287683,0.06790255267525122,cycle_valid,92.69306170513875,0.3346847317557395,0.20842430900446451,0.08490595695062607,icgn_high_residual,False,4,0.49179541674845784,27.494416478328112,0.08490595695062607,0.17670741045880933,0.08490595695062607,0.1,icgn_high_residual,True,line_search,20.783991771428397,-0.00035561351911315146,line_search_refined,0.011284321239691092,0.014844803090296574,0.66487022037288,0.008362341084506397,0.01118831481755933,0.3057354922621478,0.306054404257884,0.9737026788222681,0.16594000448248925,updated,0,True,filtered,252,measured,0,measurement,insufficient_references,False,0,0,,,,,,,,,,,,-0.9795005245865932,0.2577831831475737,2.967559673134672,-14.163738343792254,3.8238226344561865,43.02034119920472,,,,,,,,,,,0.9640390200516105,0.9579131924162416,0.8400698388179887,0.9995385865040589,0.9627958294983033,0.9773658157749162,0.5316234126205164,0.6074087787183517,0.9869867502037494,,0.66487022037288,HIGH,,,,,,,,,,,,-0.9795005245865932,0.2577831831475737,2.967559673134672,estimated,-0.9795005245865932,0.2577831831475737,2.967559673134672,0.13805171261059948,True,temporal;spatial,flow_3d;spectral;phase;coherence,False,OCCLUSION,0.65,KALMAN_PREDICT,,74.66199548414139,19.683845807531075,,,,0.11161251150508988,0.00022779832346486728,0.0008871119352988899,,,False,,,,,,,,,,,,,,,,,,,,,,False,,,,,,,
0,research_full,252,P2,valid,238.9855979124982,350.0013772969682,227.9351335984516,350.0015869140625,11.050793695146796,-0.7727380328292371,0.813667212542296,5.607169838180534,5.718350460958882,0.026701327914634507,0.0007338509894907475,0.05050788104057524,0.7917208984075499,11.050507881040575,11.0,11.050507881040575,11.050793695146796,227.9351335984516,350.0015869140625,227.9348042173514,350.0013772969682,-0.7727575446741245,0.8136905405789455,5.607314863934371,-0.7727380328292371,0.813667212542296,5.607169838180534,-0.974401161324967,0.8760049800400349,5.933490575316114,0.05050788104057524,,4,primary_icgn_fallback_line_search,,0,0,,3.07730000349693,14.100200001848862,17.2655999995186,55.3725999998278,227.92816162109375,349.96923828125,0.0005208144430071115,0.03309142658025671,0.022060951053504474,cycle_valid,53.232066393875634,0.28351397635632575,0.2568126484416912,0.40991818852213474,icgn_high_residual,False,5,0.7145308971933754,57.66844272047173,0.40991818852213474,0.5709004602944543,0.40991818852213474,0.1,icgn_high_residual,True,line_search,11.043884963945649,-0.0005572510110792151,line_search_refined,0.011641492584350068,0.014046612394005132,0.7108842287101668,0.002067519546102403,0.009947609414950875,-0.011399264788730434,0.015269996983284715,0.9749269701583126,0.00041880151759488026,updated,0,True,filtered,252,measured,0,measurement,insufficient_references,False,0,0,,,,,,,,,,,,-0.7727380328292371,0.813667212542296,5.607169838180534,-0.974401161324967,0.8760049800400349,5.933490575316114,,,,,,,,,,,0.937381102047227,0.9910995573617885,0.8702036930984667,0.9997908890945837,0.9831640396531416,0.9926463496488318,0.31949438362535665,0.9186829609744595,0.9985515217703007,,0.7108842287101668,HIGH,,,,,,,,,,,,-0.7727380328292371,0.813667212542296,5.607169838180534,estimated,-0.7727380328292371,0.813667212542296,5.607169838180534,0.7176564231544609,True,temporal;spatial,flow_3d;spectral;phase;coherence,False,NORMAL,0.05,NONE,,5.652852549407788,4.32926630447821,,,,0.05050788104057524,0.00020961709429911934,0.0007338509894907475,,,False,,,,,,,,,,,,,,,,,,,,,,False,,,,,,,
0,research_full,252,P3,valid,348.006828902285,352.9951158072458,343.39977377160847,352.9949645996094,4.603417212467985,0.9953919237349009,2.0315318661827098,13.460365253785621,13.649152338898988,0.12937789238567401,0.0002516543900128454,0.3927242110616067,0.7701872195409349,4.607275788938393,5.0,4.607275788938393,4.603417212467985,343.39977377160847,352.9949645996094,343.403411689817,352.9951158072458,0.99456405102826,2.0298265156761977,13.449092247560108,0.9953919237349009,2.0315318661827098,13.460365253785621,67.51700684807183,137.33913465136106,910.7597661131716,-0.3927242110616067,,4,primary_icgn_fallback_line_search,,0,0,,3.7959999972372316,13.701099996978883,17.642300001170952,55.3725999998278,343.38372802734375,353.00494384765625,0.0003479539300315082,0.01889580113648839,0.012597200757658926,cycle_valid,60.422533793172086,0.3362476347916498,0.2068697424059758,0.18968566085212354,icgn_high_residual,False,4,0.5252875191463616,34.61474772785569,0.18968566085212354,0.389583788595245,0.18968566085212354,0.1,icgn_high_residual,True,line_search,4.579133125126794,0.000630405107968533,line_search_refined,0.01140259060122953,0.014725769211742042,0.678125954478719,0.010728303745963785,-0.007351646108531895,0.14741834663001097,0.14799091906227496,0.973825669880203,0.03893295937504544,updated,0,True,filtered,252,measured,0,measurement,insufficient_references,False,0,0,,,,,,,,,,,,0.9953919237349009,2.0315318661827098,13.460365253785621,67.51700684807183,137.33913465136106,910.7597661131716,,,,,,,,,,,0.9448329435381936,0.956874035871442,0.8388680096680469,0.9999000652799926,0.8690919296461311,0.9958009330807803,0.49972617224156035,0.824270674000395,0.9985926302145905,,0.678125954478719,HIGH,,,,,,,,,,,,0.9953919237349009,2.0315318661827098,13.460365253785621,estimated,0.9953919237349009,2.0315318661827098,13.460365253785621,0.037754797954524466,True,temporal;spatial,flow_3d;spectral;phase;coherence,False,OCCLUSION,0.65,KALMAN_PREDICT,,834.1422456094477,38.75243299005515,,,,0.3927242110616067,0.00015120763640652513,0.0002516543900128454,,,False,,,,,,,,,,,,,,,,,,,,,,False,,,,,,,
0,research_full,253,P1,valid,140.0008702816957,320.0090298427878,119.21907751761762,320.0063171386719,20.805663733554095,-0.98304811012614,0.2586723900398351,2.9782119853956646,3.1469098528788337,0.07583999001849223,0.000540772860404104,0.2200998564848078,0.7638265397188232,20.7799001435152,21.0,20.7799001435152,20.805663733554095,119.21907751761762,320.0063171386719,119.19520654814161,320.0090298427878,-0.9842778869908136,0.2589773883235456,2.9819044686179486,-0.98304811012614,0.2586723900398351,2.9782119853956646,-17.71132388333907,4.713029526717594,53.672653460197225,-0.22009985648480068,,4,context_recovery,,0,0,,4.112500002520392,30.924300001061056,35.16270000181976,69.27670000004582,119.12635803222656,320.01025390625,0.0004640779516194016,0.09280302317353005,0.0618686821156867,cycle_valid,84.7445835699512,0.27355064543588736,0.19771065541739513,0.06415732592759958,icgn_high_residual,False,4,0.4949187026028032,28.14659280979523,0.06415732592759958,0.17762034551790837,0.06415732592759958,0.1,icgn_high_residual,True,line_search,20.777259391861385,-0.0005121516335565624,line_search_refined,0.011320249481634594,0.015165244431619667,0.6511748531390525,-0.01449319686025774,-0.020773183778658222,-0.17924278833935503,0.18102363130596769,0.8562642866829476,0.3119090050911699,updated,0,True,filtered,253,measured,0,measurement,insufficient_references,False,0,0,,,,,,,,,,,,-0.98304811012614,0.2586723900398351,2.9782119853956646,-17.71132388333907,4.713029526717594,53.672653460197225,,,,,,,,,,,0.9606661193799851,0.9747200033271692,0.8314034554032409,0.9998325248646628,0.9266333811717308,0.9793771059614378,0.5286488546639969,0.48044384875159196,0.9875225815577771,,0.6511748531390525,HIGH,,,,,,,,,,,,-0.98304811012614,0.2586723900398351,2.9782119853956646,estimated,-0.98304811012614,0.2586723900398351,2.9782119853956646,0.4772295063455812,True,temporal;spatial,flow_3d;spectral;phase;coherence,True,NORMAL,0.05,NONE,,25.867388779492362,3.8002622765396836,,,,0.2200998564848078,0.0027127041159360488,0.000540772860404104,,,False,,,,,,,,,,,,,,,,,,,,,,False,,,,,,,
0,research_full,253,P2,valid,238.9775975970057,349.99215102082024,227.91874357511028,349.98974609375,11.055654861911831,-0.7724853560922442,0.8132090010799309,5.604704367975129,5.71583358375783,0.023538355335154193,0.0003774815995711833,0.05816987703816601,0.7930074032633758,11.058169877038166,11.0,11.058169877038166,11.055654861911831,227.91874357511028,349.98974609375,227.9219427350939,349.99215102082024,-0.7723171121515962,0.8129978734630384,5.603429661905244,-0.7724853560922442,0.8132090010799309,5.604704367975129,-0.7217244243320486,0.4177935176749026,3.468020369911784,0.05816987703816601,,4,primary_icgn_fallback_line_search,,0,0,,4.1812999988906085,11.561600000277394,15.835199999855831,69.27670000004582,227.92034912109375,350.0206298828125,0.0002946961612906307,0.030925494414188737,0.020616996276125826,cycle_valid,52.91535794919662,0.2913682583789476,0.2678299030437934,0.3368108344959541,icgn_high_residual,False,3,0.7135698544354442,57.47242976250406,0.3368108344959541,0.6220842279766439,0.3368108344959541,0.1,icgn_high_residual,True,line_search,11.079105416176217,-0.0007482391980618161,line_search_refined,0.011638911280617252,0.013979103213209082,0.7146942024520482,-0.00514927995789094,-0.01810090747784443,0.01805927102806315,0.026082469316981143,0.8607355123898842,0.0072919247747950805,updated,0,True,filtered,253,measured,0,measurement,insufficient_references,False,0,0,,,,,,,,,,,,-0.7724853560922442,0.8132090010799309,5.604704367975129,-0.7217244243320486,0.4177935176749026,3.468020369911784,,,,,,,,,,,0.9370063160768255,0.9921538815549487,0.8755428988529226,0.9998879703731897,0.980610040987278,0.993127667907958,0.3204096624424341,0.9010324790079348,0.9990784021959328,,0.7146942024520482,HIGH,,,,,,,,,,,,-0.7724853560922442,0.8132090010799309,5.604704367975129,estimated,-0.7724853560922442,0.8132090010799309,5.604704367975129,0.4935330977789802,True,temporal;spatial,flow_3d;spectral;phase;coherence,False,NORMAL,0.05,NONE,,8.381390202131419,13.18680223018765,,,,0.05816987703816601,0.0024049270702448666,0.0003774815995711833,,,False,,,,,,,,,,,,,,,,,,,,,,False,,,,,,,
0,research_full,253,P3,valid,347.99775745118234,352.9987327176552,343.3999111290586,353.00018310546875,4.5930290909482965,0.9974055036048715,2.036221390987979,13.49080876006153,13.68001960131239,0.12615633998070033,0.00036748030106537044,0.4048244591367167,0.7699870781110338,4.595175540863283,5.0,4.595175540863283,4.5930290909482965,343.3999111290586,353.00018310546875,343.40472836023406,352.9987327176552,0.9968696523149465,2.0353082416476225,13.484507075814946,0.9974055036048715,2.036221390987979,13.49080876006153,69.53058671804236,142.02865945663046,941.20327238908,-0.4048244591367167,,4,primary_icgn_fallback_line_search,,0,0,,4.012599998532096,11.05209999877843,15.154199998505646,69.27670000004582,343.3957824707031,352.98779296875,0.00032440631184726954,0.013059912240340163,0.008706608160226776,cycle_valid,60.68540736254256,0.33056534547443983,0.2044090054937395,0.24162554266299868,icgn_high_residual,False,3,0.5206260775544271,35.47167104178504,0.24162554266299868,0.4002739764988446,0.24162554266299868,0.1,icgn_high_residual,True,line_search,4.57962523486773,-0.0004400846922000933,line_search_refined,0.0113739731692718,0.014628527263325308,0.6828919299599989,-0.02047237666380397,0.011117677837432893,0.015259071198904905,0.027848881855738142,0.8593328593197419,0.008463899679041972,updated,0,True,filtered,253,measured,0,measurement,insufficient_references,False,0,0,,,,,,,,,,,,0.9974055036048715,2.036221390987979,13.49080876006153,69.53058671804236,142.02865945663046,941.20327238908,,,,,,,,,,,0.9450719130314218,0.9579478866730999,0.836928254443495,0.9998846855645146,0.8650585136210944,0.9970977972799244,0.5041656404243551,0.8620454900340392,0.9989703215324681,,0.6828919299599989,HIGH,,,,,,,,,,,,0.9974055036048715,2.036221390987979,13.49080876006153,estimated,0.9974055036048715,2.036221390987979,13.49080876006153,0.3285729321787937,True,temporal;spatial,flow_3d;spectral;phase;coherence,False,NORMAL,0.05,NONE,,13.83644781542565,20.229546624175097,,,,0.4048244591367167,0.001450387813576981,0.00036748030106537044,,,False,,,,,,,,,,,,,,,,,,,,,,False,,,,,,,
0,research_full,254,P1,valid,139.99898966559977,320.0208612307438,119.11248892160481,320.02349853515625,20.866480468439867,-0.980193798913101,0.25798671578454313,2.9695317899490306,3.137746975214363,0.12137203642222472,0.000762939453125,0.1139232477766825,0.7458454968294715,20.886076752223317,21.0,20.886076752223317,20.866480468439867,119.11248892160481,320.02349853515625,119.13250919715989,320.0208612307438,-0.979276579021156,0.2577598584204909,2.9667456377984776,-0.980193798913101,0.25798671578454313,2.9695317899490306,-14.85701267030004,4.0273552714256144,44.99245801356322,-0.1139232477766825,,4,primary_icgn_fallback_line_search,,0,0,,4.291500001272652,15.444900000147754,19.860600001265993,58.0560999987938,119.21083068847656,320.0004577636719,0.0006096358993090689,0.10100485266586846,0.06733656844391231,cycle_valid,92.41361189906272,0.317275062351283,0.19590302592905828,0.10709564728745845,icgn_high_residual,False,4,0.48773984948499133,28.249385607734798,0.10709564728745845,0.17675452633984287,0.10709564728745845,0.1,icgn_high_residual,True,line_search,20.778388282734426,-0.000508423432790439,line_search_refined,0.011276555626623538,0.014739659570560996,0.6716564359551189,-0.0021156071894949946,0.013159453907405805,0.09047711390286395,0.09145356833450075,0.7834117055890293,0.12344596110065426,updated,0,True,filtered,254,measured,0,measurement,insufficient_references,False,0,0,,,,,,,,,,,,-0.980193798913101,0.25798671578454313,2.9695317899490306,-14.85701267030004,4.0273552714256144,44.99245801356322,,,,,,,,,,,0.963930277533421,0.9595426545259251,0.8298477873159334,0.999771237441261,0.9620255840744392,0.9775544771853626,0.5354858576333417,0.6887517450278591,0.9899987214354757,,0.6716564359551189,HIGH,,,,,,,,,,,,-0.980193798913101,0.25798671578454313,2.9695317899490306,estimated,-0.980193798913101,0.25798671578454313,2.9695317899490306,0.5223636246657827,True,temporal;spatial,flow_3d;spectral;phase;coherence,True,NORMAL,0.05,NONE,,20.425728553104978,3.564222688351828,,,,0.1139232477766825,0.0026373044124738954,0.000762939453125,,,False,,,,,,,,,,,,,,,,,,,,,,False,,,,,,,
0,research_full,254,P2,valid,238.97699224027372,349.98791293671576,227.91982780397177,349.98748779296875,11.057561600905734,-0.7723587397096978,0.8130226431339733,5.603737906403092,5.714842286950132,0.022205988216662757,0.00018874079978559166,0.05856575071572934,0.7930461324542022,11.058565750715728,11.0,11.058565750715728,11.057561600905734,227.91982780397177,349.98748779296875,227.919430639368,349.98791293671576,-0.7722733558320442,0.8129441911912862,5.603229070765559,-0.7723587397096978,0.8130226431339733,5.603737906403092,-0.5951080417856414,0.2314355717173422,2.5015587978742815,0.05856575071572756,,4,primary_icgn_fallback_line_search,,0,0,,3.7348000005295034,13.791500001389068,17.612099996767938,58.0560999987938,227.92782592773438,349.9856262207031,9.650505671743304e-05,0.008211908123090536,0.005474605415393691,cycle_valid,53.20131732663446,0.2883087964476609,0.26610280823099813,0.3462034246013434,icgn_high_residual,False,4,0.7153877014164833,56.78338799988753,0.3462034246013434,0.6081019953719426,0.3462034246013434,0.1,icgn_high_residual,True,line_search,11.077874492489718,-0.0004491284548309095,line_search_refined,0.01153799602543546,0.013976507890695232,0.71522601561613,0.006902462577301094,-0.0020941330331538666,0.004637366985052793,0.008575229171610863,0.7834655283418024,0.001248656169118423,updated,0,True,filtered,254,measured,0,measurement,insufficient_references,False,0,0,,,,,,,,,,,,-0.7723587397096978,0.8130226431339733,5.603737906403092,-0.5951080417856414,0.2314355717173422,2.5015587978742815,,,,,,,,,,,0.9373449098474758,0.9925980039277791,0.8747351313015931,0.9999524590239162,0.9804780830947569,0.9981751315282021,0.3186783796033491,0.903717493922202,0.999636205088935,,0.71522601561613,HIGH,,,,,,,,,,,,-0.7723587397096978,0.8130226431339733,5.603737906403092,estimated,-0.7723587397096978,0.8130226431339733,5.603737906403092,0.7994064491688185,True,temporal;spatial,flow_3d;spectral;phase;coherence,False,NORMAL,0.05,NONE,,1.5286668800799745,5.442484639476243,,,,0.05856575071572934,0.0004251437470088604,0.00018874079978559166,,,False,,,,,,,,,,,,,,,,,,,,,,False,,,,,,,
0,research_full,254,P3,valid,348.00107391687345,352.9981469200469,343.4020234047614,352.99810791015625,4.595204271355602,0.997020238062374,2.035242184403534,13.484422766934628,13.673548093370155,0.12732451261062624,0.00017794652376323938,0.399704068823894,0.7700125626729539,4.600295931176114,5.0,4.600295931176114,4.595204271355602,343.4020234047614,352.99810791015625,343.40586964551784,352.9981469200469,0.9959493087432811,2.03298853460333,13.469498054561255,0.997020238062374,2.035242184403534,13.484422766934628,69.14532117554495,141.0494528721853,934.8172792621785,-0.399704068823886,,4,primary_icgn_fallback_line_search,,0,0,,4.303800000343472,13.035299998591654,17.47879999675206,58.0560999987938,343.40869140625,353.0095520019531,0.000152587890625,0.013244979460435333,0.008829986306956888,cycle_valid,60.09119495357623,0.3343481227421372,0.20702361013151097,0.2105259528167369,icgn_high_residual,False,4,0.5203302389822839,35.547177030129504,0.2105259528167369,0.40549211032870325,0.2105259528167369,0.1,icgn_high_residual,True,line_search,4.571923132176665,0.0005185455485071836,line_search_refined,0.011385942444241,0.014631236565760103,0.6828486798847417,0.0061789181573317364,-0.0001935404142727748,0.02320783487403766,0.024017079069436384,0.780605995856661,0.008752836432952549,updated,0,True,filtered,254,measured,0,measurement,insufficient_references,False,0,0,,,,,,,,,,,,0.997020238062374,2.035242184403534,13.484422766934628,69.14532117554495,141.0494528721853,934.8172792621785,,,,,,,,,,,0.9445287560696951,0.9575584957964579,0.838987769017464,0.9999449109309353,0.8667653103920353,0.9970566712310144,0.5044473914454439,0.8416663936804502,0.9990920574010648,,0.6828486798847417,HIGH,,,,,,,,,,,,0.997020238062374,2.035242184403534,13.484422766934628,estimated,0.997020238062374,2.035242184403534,13.484422766934628,0.5221944877602153,True,temporal;spatial,flow_3d;spectral;phase;coherence,False,NORMAL,0.05,NONE,,37.34034013159471,0.5900714646929226,,,,0.399704068823894,3.9009890656416246e-05,0.00017794652376323938,,,False,,,,,,,,,,,,,,,,,,,,,,False,,,,,,,
0,research_full,255,P1,valid,139.99820478257706,320.02091120185025,119.13094705695642,320.0191650390625,20.87235436264902,-0.9799224788855713,0.25791440136187405,2.9686961048470137,3.1368653885668936,0.10556687048067045,0.0001643421855987981,0.132701817698603,0.7535016327180153,20.867298182301404,21.0,20.867298182301404,20.87235436264902,119.13094705695642,320.0191650390625,119.12585041992804,320.02091120185025,-0.9801596823535598,0.25796682296087636,2.9694154247499664,-0.9799224788855713,0.25791440136187405,2.9686961048470137,-14.58569264277032,3.9550408487565303,44.156772911546405,-0.1327018176985959,,4,primary_icgn_fallback_line_search,,0,0,,4.416899995703716,15.466199998627417,19.993899997643894,59.34569999953965,119.11992645263672,320.0286560058594,0.00020754197612404823,0.014544145568258816,0.009696097045505878,cycle_valid,92.64619250970131,0.3170861351904961,0.21151926470982566,0.1077511794744079,icgn_high_residual,False,4,0.4912563669952588,28.334257004960534,0.1077511794744079,0.17476503553314546,0.1077511794744079,0.1,icgn_high_residual,True,line_search,20.772306361057915,-0.0005879909823172567,line_search_refined,0.010923536140894901,0.014609615088496524,0.6844107698486287,0.00017488038085389235,-0.007548063945705508,-0.019444648032784784,0.020859007397164134,0.739970590411871,0.007936746867322262,updated,0,True,filtered,255,measured,0,measurement,insufficient_references,False,0,0,,,,,,,,,,,,-0.9799224788855713,0.25791440136187405,2.9686961048470137,-14.58569264277032,3.9550408487565303,44.156772911546405,,,,,,,,,,,0.9640208275911146,0.9648110431731098,0.8424099413400385,0.9999380193063795,0.9557660607671323,0.996767967651498,0.5321367933378487,0.6906453043397973,0.9998977909910046,,0.6844107698486287,HIGH,,,,,,,,,,,,-0.9799224788855713,0.25791440136187405,2.9686961048470137,estimated,-0.9799224788855713,0.25791440136187405,2.9686961048470137,0.743494296679855,True,temporal;spatial,flow_3d;spectral;phase;coherence,False,NORMAL,0.05,NONE,,8.28156967582261,1.3940406241024448,,,,0.132701817698603,0.0017461627877537467,0.0001643421855987981,,,False,,,,,,,,,,,,,,,,,,,,,,False,,,,,,,
0,research_full,255,P2,valid,238.97877528324582,349.9861046021793,227.89106189909768,349.986572265625,11.081176990727426,-0.7706933790580657,0.811270347856812,5.591795632109573,5.7026578236043015,0.028509131660691932,0.00015560972678940743,0.08946788605857137,0.7914091422735168,11.089467886058564,11.0,11.089467886058564,11.081176990727426,227.89106189909768,349.986572265625,227.8975982925184,349.9861046021793,-0.7700981380171301,0.8106688879319677,5.587614999388934,-0.7706933790580657,0.811270347856812,5.591795632109573,1.0702526098465004,-1.520859705444022,-9.440715495644625,0.08946788605856426,,4,primary_icgn_fallback_line_search,,0,0,,4.356400000688154,14.19730000270647,18.754299999272916,59.34569999953965,227.9076690673828,349.9939270019531,3.0517578125e-05,0.01816287931212994,0.012108586208086627,cycle_valid,53.079077137343546,0.29395682414669855,0.26544769248600664,0.3324142669934193,icgn_high_residual,False,4,0.7251979296774251,56.09130676913341,0.3324142669934193,0.6431176931716368,0.3324142669934193,0.1,icgn_high_residual,True,line_search,11.106263080063316,-0.0004646954722885813,line_search_refined,0.01158076736336138,0.014026234399885446,0.7101119435252901,0.007289058952153482,0.0019429026582429287,0.03208057649004736,0.03295555551164562,0.7415602760845058,0.020145563795300594,updated,0,True,filtered,255,measured,0,measurement,insufficient_references,False,0,0,,,,,,,,,,,,-0.7706933790580657,0.811270347856812,5.591795632109573,1.0702526098465004,-1.520859705444022,-9.440715495644625,,,,,,,,,,,0.9372006162671547,0.9904969561131027,0.8744259819282831,0.9999689787825142,0.9701773713138095,0.9959638045973045,0.3093353050691189,0.899723517781524,0.9960196570043935,,0.7101119435252901,HIGH,,,,,,,,,,,,-0.7706933790580657,0.811270347856812,5.591795632109573,estimated,-0.7706933790580657,0.811270347856812,5.591795632109573,0.4735311188224931,True,temporal;spatial,flow_3d;spectral;phase;coherence,False,NORMAL,0.05,NONE,,11.193228245146429,11.232927451927479,,,,0.08946788605857137,0.0004676634457041473,0.00015560972678940743,,,False,,,,,,,,,,,,,,,,,,,,,,False,,,,,,,
0,research_full,255,P3,valid,347.9930779395606,352.99560404623855,343.40559607078654,352.9949645996094,4.5853922130431,0.9989438338622115,2.0395305547276354,13.513277428946578,13.70278221889832,0.12058268418860228,0.0001258271950064227,0.4151785903177938,0.772683985852013,4.584821409682224,5.0,4.584821409682224,4.5853922130431,343.40559607078654,352.9949645996094,343.40768572651746,352.99560404623855,0.998998360101715,2.039767686843949,13.514959811635816,0.9989438338622115,2.0395305547276354,13.513277428946578,71.06891697538242,145.33782319628673,963.6719412741286,-0.41517859031777604,,4,primary_icgn_fallback_line_search,,0,0,,4.16409999888856,13.1811999999627,17.462100000557257,59.34569999953965,343.3888854980469,352.9950256347656,0.00034119689371436834,0.0167106842043664,0.011140456136244266,cycle_valid,60.256804208191554,0.33706354025304414,0.21648085606444184,0.21773088283483227,icgn_high_residual,False,4,0.52002472012793,35.29360091391089,0.21773088283483227,0.401582439075216,0.21773088283483227,0.1,icgn_high_residual,True,line_search,4.574321712173764,-0.0006284053977092152,line_search_refined,0.0113968287516496,0.014621662481968355,0.6830297070360625,-0.011168474654027705,-0.002684365075253936,-0.0021813528054055453,0.011691832277985901,0.7383259785111131,0.002842921319785659,updated,0,True,filtered,255,measured,0,measurement,insufficient_references,False,0,0,,,,,,,,,,,,0.9989438338622115,2.0395305547276354,13.513277428946578,71.06891697538242,145.33782319628673,963.6719412741286,,,,,,,,,,,0.9446812127338113,0.9598057719371326,0.8460217963873411,0.9999221626518798,0.8616071365607354,0.996286514621252,0.5047383617829238,0.846905809137698,0.9987029841439031,,0.6830297070360625,HIGH,,,,,,,,,,,,0.9989438338622115,2.0395305547276354,13.513277428946578,estimated,0.9989438338622115,2.0395305547276354,13.513277428946578,0.11387666822940085,True,temporal;spatial,flow_3d;spectral;phase;coherence,False,OCCLUSION,0.65,KALMAN_PREDICT,,35.70688983657206,30.009981149616628,,,,0.4151785903177938,0.0006394466291794743,0.0001258271950064227,,,False,,,,,,,,,,,,,,,,,,,,,,False,,,,,,,
0,research_full,256,P1,valid,140.0073053155958,320.0191069585026,119.13618100954058,320.01727294921875,20.878115242344826,-0.9795996270851257,0.25783283418658437,2.967876955181686,3.1359825925646527,0.1057856215065788,0.0001406790834153071,0.12556089235306445,0.7548425313421517,20.874439107646925,21.0,20.874439107646925,20.878115242344826,119.13618100954058,320.01727294921875,119.12919007325098,320.0191069585026,-0.9797530289277901,0.2578676658105282,2.968399619067302,-0.9795996270851257,0.25783283418658437,2.967876955181686,-14.262840842324763,3.873473673466854,43.33762324621881,-0.1255608923530751,,4,primary_icgn_fallback_line_search,,0,0,,4.177099999651546,15.217100000882056,19.52969999911147,58.274200000596466,119.12796020507812,320.020751953125,8.929977047955617e-05,0.008926650782325962,0.005951100521550641,cycle_valid,92.5651807299044,0.32109774679450037,0.21531212528792157,0.08066246457796854,icgn_high_residual,False,4,0.494305991022747,28.21321513924024,0.08066246457796854,0.1752188910776968,0.08066246457796854,0.1,icgn_high_residual,True,line_search,20.780899000109947,-0.00024090338782519957,line_search_refined,0.010901112358719156,0.014756850399161628,0.6774748091798088,0.01328506495499937,-0.007350344142821541,-0.012956171639149971,0.01995953139278519,0.7162638161728901,0.008503898859539342,updated,0,True,filtered,256,measured,0,measurement,insufficient_references,False,0,0,,,,,,,,,,,,-0.9795996270851257,0.25783283418658437,2.967876955181686,-14.262840842324763,3.873473673466854,43.33762324621881,,,,,,,,,,,0.9639893391116509,0.9647381261644737,0.8451859908550945,0.9999616701910176,0.9581463692156452,0.9980162998261498,0.5292323895021456,0.58675533275935,0.999739440826701,,0.6774748091798088,HIGH,,,,,,,,,,,,-0.9795996270851257,0.25783283418658437,2.967876955181686,estimated,-0.9795996270851257,0.25783283418658437,2.967876955181686,0.9905600116137869,True,temporal;spatial,flow_3d;spectral;phase;coherence,False,NORMAL,0.05,NONE,,0.054904988092324,0.2301516903767876,,,,0.12556089235306445,0.001834009283868454,0.0001406790834153071,,,False,,,,,,,,,,,,,,,,,,,,,,False,,,,,,,
0,research_full,256,P2,valid,238.98002439016537,349.98899440903904,227.90048689804968,349.9909362792969,11.083088768704012,-0.7705468734563683,0.8111617898949997,5.59083107502967,5.701676774695008,0.03974291337077292,0.0005758045008406043,0.08056168593471114,0.7872514065947415,11.080561685934711,11.0,11.080561685934711,11.083088768704012,227.90048689804968,349.9909362792969,227.89693562146135,349.98899440903904,-0.7707114829680913,0.8113678798558509,5.592106145127761,-0.7705468734563683,0.8111617898949997,5.59083107502967,1.216758211543878,-1.6294176672563276,-10.405272575547464,0.08056168593471114,,4,primary_icgn_fallback_line_search,,0,0,,4.327600003307452,13.410699997621123,17.898699999932433,58.274200000596466,227.89471435546875,349.9874572753906,0.000152587890625,0.006739860238041329,0.004493240158694219,cycle_valid,52.95703843894623,0.2998868406497861,0.2601439272790132,0.3022471200784193,icgn_high_residual,False,4,0.7217021761754198,55.883665757594045,0.3022471200784193,0.6255312183730187,0.3022471200784193,0.1,icgn_high_residual,True,line_search,11.101982791140278,-0.0007439160599792083,line_search_refined,0.011541259898139197,0.014056490305784033,0.7113604236238074,0.003994808148263473,0.0075741514789342546,-0.009081869163608758,0.012482251810958703,0.7217442000345414,0.0032616359096309245,updated,0,True,filtered,256,measured,0,measurement,insufficient_references,False,0,0,,,,,,,,,,,,-0.7705468734563683,0.8111617898949997,5.59083107502967,1.216758211543878,-1.6294176672563276,-10.405272575547464,,,,,,,,,,,0.9370558960320957,0.9867523622097424,0.8718658025886485,0.999878601268089,0.9731461046884297,0.9985022532804353,0.3126645941186478,0.8897149679219942,0.9999230898586472,,0.7113604236238074,HIGH,,,,,,,,,,,,-0.7705468734563683,0.8111617898949997,5.59083107502967,estimated,-0.7705468734563683,0.8111617898949997,5.59083107502967,0.7369161181579389,True,temporal;spatial,flow_3d;spectral;phase;coherence,False,NORMAL,0.05,NONE,,11.203529276381301,0.0,,,,0.08056168593471114,0.0019418702578377633,0.0005758045008406043,,,False,,,,,,,,,,,,,,,,,,,,,,False,,,,,,,
0,research_full,256,P3,valid,348.0009383569195,353.0019757550644,343.4039938705705,353.00457763671875,4.593773290555486,0.9973272625952252,2.0359764877846103,13.488623224567093,13.67782213738204,0.12243217723867747,0.0002813581668306142,0.3994772690080257,0.7727034789550404,4.600522730991974,5.0,4.600522730991974,4.593773290555486,343.4039938705705,353.00457763671875,343.40716506636403,353.0019757550644,0.9959576941571502,2.0330575705977996,13.468834025741677,0.9973272625952252,2.0359764877846103,13.488623224567093,69.4523457083961,141.78375625326157,939.0177368946429,-0.3994772690080257,,4,primary_icgn_fallback_line_search,,0,0,,3.8701999983459245,13.53709999966668,17.51160000276286,58.274200000596466,343.4096984863281,352.994873046875,4.31583721365314e-05,0.011257073552994542,0.0075047157019963616,cycle_valid,60.35940780677676,0.33759956018823006,0.2151673829495526,0.21155434102742007,icgn_high_residual,False,4,0.5211202095576343,35.58354534501778,0.21155434102742007,0.3976161660990955,0.21155434102742007,0.1,icgn_high_residual,True,line_search,4.579034042404212,0.0006342626846316807,line_search_refined,0.01137204492742661,0.014624441002609677,0.6824947856037594,0.014062224890267316,0.010225193806434163,0.023915850479595768,0.02956803445286775,0.7177838002354849,0.017801795086036725,updated,0,True,filtered,256,measured,0,measurement,insufficient_references,False,0,0,,,,,,,,,,,,0.9973272625952252,2.0359764877846103,13.488623224567093,69.4523457083961,141.78375625326157,939.0177368946429,,,,,,,,,,,0.9447752478950086,0.9591892742537742,0.8450818480180681,0.9999459139101722,0.8668409103306581,0.9974984280993345,0.5036950385165389,0.8424360702245627,0.998110472665092,,0.6824947856037594,HIGH,,,,,,,,,,,,0.9973272625952252,2.0359764877846103,13.488623224567093,estimated,0.9973272625952252,2.0359764877846103,13.488623224567093,0.11440738375527905,True,temporal;spatial,flow_3d;spectral;phase;coherence,False,OCCLUSION,0.65,KALMAN_PREDICT,,54.19626728517715,24.00373640421743,,,,0.3994772690080257,0.00260188165435693,0.0002813581668306142,,,False,,,,,,,,,,,,,,,,,,,,,,False,,,,,,,
0,research_full,257,P1,valid,139.99162999348775,320.0216559999791,119.11525781094893,320.02191162109375,20.875889420393023,-0.9797944482040883,0.2578750210077106,2.9681933951447497,3.1363463963937717,0.09466886796797107,0.00011108566104667261,0.12995202481613433,0.7321108311333773,20.870047975183883,21.0,20.870047975183883,20.875889420393023,119.11525781094893,320.02191162109375,119.11574057309473,320.0216559999791,-0.9801051606799456,0.2579486733943077,2.9690241809248534,-0.9797944482040883,0.2578750210077106,2.9681933951447497,-14.457661961287393,3.915660494593076,43.654063209282334,-0.12995202481611656,,4,primary_icgn_fallback_line_search,,0,0,,4.229400001349859,17.522300000564428,22.054699998989236,62.80509999851347,119.13665771484375,320.0251770019531,0.00010235906665911898,0.0216476003026708,0.014431733535113867,cycle_valid,92.24498700314969,0.28274817854201445,0.18807931057404337,0.09156582684596291,icgn_high_residual,False,5,0.491018173294014,28.163861184923064,0.09156582684596291,0.1773120397665044,0.09156582684596291,0.1,icgn_high_residual,True,line_search,20.76656749894445,-0.00013297377321112592,line_search_refined,0.01095491342485565,0.01476267541661147,0.6767012561650338,-0.024564433701186772,0.0009928814112640794,-0.01998967359907411,0.03168571077243423,0.7077768588773689,0.022113788405343983,updated,0,True,filtered,257,measured,0,measurement,insufficient_references,False,0,0,,,,,,,,,,,,-0.9797944482040883,0.2578750210077106,2.9681933951447497,-14.457661961287393,3.915660494593076,43.654063209282334,,,,,,,,,,,0.9638643416663984,0.968443710677343,0.8227698026348804,0.9999644258787157,0.9566826583946219,0.9951894221549621,0.5323636444818913,0.6359631700873678,0.9989920998777646,,0.6767012561650338,HIGH,,,,,,,,,,,,-0.9797944482040883,0.2578750210077106,2.9681933951447497,estimated,-0.9797944482040883,0.2578750210077106,2.9681933951447497,0.740773003135323,True,temporal;spatial,flow_3d;spectral;phase;coherence,False,NORMAL,0.05,NONE,,1.2541387910539692,8.650330933905966,,,,0.12995202481613433,0.0002556211146611531,0.00011108566104667261,,,False,,,,,,,,,,,,,,,,,,,,,,False,,,,,,,
0,research_full,257,P2,valid,238.98790497069038,349.9882318707226,227.88746339426254,349.9882507324219,11.099454774893816,-0.7693252580016816,0.809957473403676,5.5825874650654175,5.6932569998575815,0.035625231031814426,0.00047400587936863303,0.1035339201905856,0.7886686988231565,11.103533920190584,11.0,11.103533920190584,11.099454774893816,227.88746339426254,349.9882507324219,227.88845019579657,349.9882318707226,-0.7690091084119905,0.809660120859314,5.580536569776982,-0.7693252580016816,0.809957473403676,5.5825874650654175,2.4383736662305644,-2.8337341585800147,-18.648882539800127,0.10353392019058383,,4,primary_icgn_fallback_line_search,,0,0,,4.162400000495836,15.791199999512173,20.06439999968279,62.80509999851347,227.90908813476562,350.0102844238281,0.00027844676515087485,0.030872527574068925,0.020581685049379284,cycle_valid,53.451918343677995,0.3008391727683735,0.2652139417365591,0.25044601933875693,icgn_high_residual,False,5,0.7197385064931033,56.70041135231049,0.25044601933875693,0.6263659798021861,0.25044601933875693,0.1,icgn_high_residual,True,line_search,11.109259848647069,-0.0007376995923357962,line_search_refined,0.011623924569372102,0.014124198201393701,0.7061976932917456,0.01167778057401847,7.122842805529217e-05,0.014186417137668883,0.0183747126189182,0.7124612044618444,0.007203901263589711,updated,0,True,filtered,257,measured,0,measurement,insufficient_references,False,0,0,,,,,,,,,,,,-0.7693252580016816,0.809957473403676,5.5825874650654175,2.4383736662305644,-2.8337341585800147,-18.648882539800127,,,,,,,,,,,0.9376386585061155,0.9881249229893951,0.874315305164297,0.9998745912259134,0.9654886932698048,0.9931394383168736,0.314534755720854,0.8669041200122004,0.9974476189419654,,0.7061976932917456,HIGH,,,,,,,,,,,,-0.7693252580016816,0.809957473403676,5.5825874650654175,estimated,-0.7693252580016816,0.809957473403676,5.5825874650654175,0.7594439133234466,True,temporal;spatial,flow_3d;spectral;phase;coherence,False,NORMAL,0.05,NONE,,7.439163853832312,1.416436573649321,,,,0.1035339201905856,1.8861699288663658e-05,0.00047400587936863303,,,False,,,,,,,,,,,,,,,,,,,,,,False,,,,,,,
0,research_full,257,P3,valid,347.9950313216294,353.0070223540506,343.38727964051225,353.0083312988281,4.601070619607094,0.9955909745480421,2.0328794277316837,13.467230177109101,13.65613740409543,0.12571408646015483,0.00019301011343486607,0.3946954119966257,0.7711246710138874,4.605304588003374,5.0,4.605304588003374,4.601070619607094,343.38727964051225,353.0083312988281,343.39396070202235,353.0070223540506,0.9946117064520058,2.0310446727949416,13.45484884035586,0.9955909745480421,2.0328794277316837,13.467230177109101,67.71605766121303,138.68669620033504,917.6246894366518,-0.3946954119966257,,4,primary_icgn_fallback_line_search,,0,0,,3.8329000017256476,13.59480000246549,17.539699998451397,62.80509999851347,343.4074401855469,353.0100402832031,0.0001954078470589593,0.02023284961855969,0.013488566412373127,cycle_valid,59.96354332627956,0.34287316516210503,0.2171590787019502,0.23570586130248755,icgn_high_residual,False,4,0.5299148448012267,36.03236427381141,0.23570586130248755,0.4033554382163464,0.23570586130248755,0.1,icgn_high_residual,True,line_search,4.580457325910663,-0.00028583422422238437,line_search_refined,0.011417017462469427,0.014609624280206948,0.6834943917807975,-0.009329414273167913,0.0049902833779356115,0.014553835603114074,0.017993193980918462,0.709082298870075,0.006789571140841254,updated,0,True,filtered,257,measured,0,measurement,insufficient_references,False,0,0,,,,,,,,,,,,0.9955909745480421,2.0328794277316837,13.467230177109101,67.71605766121303,138.68669620033504,917.6246894366518,,,,,,,,,,,0.94441066774197,0.9580953045132817,0.8465026950170332,0.999935263673251,0.8684348626677915,0.9955038111958756,0.4953191954274031,0.8585808042738666,0.9985596261546019,,0.6834943917807975,HIGH,,,,,,,,,,,,0.9955909745480421,2.0328794277316837,13.467230177109101,estimated,0.9955909745480421,2.0328794277316837,13.467230177109101,0.606386241329363,True,temporal;spatial,flow_3d;spectral;phase;coherence,False,NORMAL,0.05,NONE,,3.2951983053621534,13.374090805828324,,,,0.3946954119966257,0.0013089447775200824,0.00019301011343486607,,,False,,,,,,,,,,,,,,,,,,,,,,False,,,,,,,
0,research_full,258,P1,valid,139.99954087182093,320.0224923809123,119.1163274577459,320.0220642089844,20.886035502886635,-0.9792728933848309,0.2577545694201695,2.9667514970382385,3.1348089675375603,0.08671080904221314,0.00012302029062993824,0.11277215989434808,0.7308303572847671,20.88722784010567,21.0,20.88722784010567,20.886035502886635,119.1163274577459,320.0220642089844,119.11350536893428,320.0224923809123,-0.9791938598406801,0.257737388381653,2.966582141475278,-0.9792728933848309,0.2577545694201695,2.9667514970382385,-13.936107142029975,3.7952089070519834,42.21216510277115,-0.11277215989433031,,4,primary_icgn_fallback_line_search,,0,0,,4.607200000464218,16.717300000891555,21.45810000001802,74.76920000044629,119.10015106201172,320.0159912109375,0.0002899169921875,0.01727880447907399,0.011519202986049326,cycle_valid,92.42769848982029,0.2742770607534676,0.18756625171125446,0.07770737951343641,icgn_high_residual,False,4,0.48947166891326044,28.443641573328716,0.07770737951343641,0.1776519924911174,0.07770737951343641,0.1,icgn_high_residual,True,line_search,20.78270918847197,-0.0002496943623660851,line_search_refined,0.010936721309202766,0.014824678401154687,0.6735955239048863,0.015477771723823253,-0.0016508330974147611,0.004019512369811906,0.01607616705379033,0.7033627193217832,0.006069177359277149,updated,0,True,filtered,258,measured,0,measurement,insufficient_references,False,0,0,,,,,,,,,,,,-0.9792728933848309,0.2577545694201695,2.9667514970382385,-13.936107142029975,3.7952089070519834,42.21216510277115,,,,,,,,,,,0.9639357747969841,0.971096396985929,0.8222850164716852,0.9999311771195304,0.9624092800352173,0.9961602656713169,0.5338365057968948,0.571040311202752,0.9985837014347243,,0.6735955239048863,HIGH,,,,,,,,,,,,-0.9792728933848309,0.2577545694201695,2.9667514970382385,estimated,-0.9792728933848309,0.2577545694201695,2.9667514970382385,0.9142614865490652,True,temporal;spatial,flow_3d;spectral;phase;coherence,False,NORMAL,0.05,NONE,,1.9056228650360694,0.8037670998227938,,,,0.11277215989434808,0.0004281719279219942,0.00012302029062993824,,,False,,,,,,,,,,,,,,,,,,,,,,False,,,,,,,
0,research_full,258,P2,valid,238.98225407858033,349.987787397302,227.87780544510892,349.9879150390625,11.10376494190156,-0.7690878799127407,0.8096382530390511,5.580420462752629,5.691054630639305,0.037619574175427224,0.00031456799479201436,0.101625707234831,0.7888685598728086,11.101625707234822,11.0,11.101625707234822,11.10376494190156,227.87780544510892,349.9879150390625,227.87848913667875,349.987787397302,-0.76926668445437,0.8097956506100314,5.581495785342645,-0.7690878799127407,0.8096382530390511,5.580420462752629,2.6757517551714294,-3.152954523204854,-20.81588485258834,0.10162570723482212,,4,primary_icgn_fallback_line_search,,0,0,,4.651199997169897,25.12420000130078,29.925499999080785,74.76920000044629,227.88803100585938,349.989013671875,6.291359750321135e-05,0.010284409886715324,0.006856273257810216,cycle_valid,53.32388698986035,0.2989896743514447,0.2613701001760175,0.3123339406874592,icgn_high_residual,False,4,0.7154722958840972,56.22300261805415,0.3123339406874592,0.6283383891838057,0.3123339406874592,0.1,icgn_high_residual,True,line_search,11.104474453895799,-0.0004909669384894708,line_search_refined,0.01154329077298353,0.014053053039705245,0.7113960699140099,-0.010629517056855775,0.00048062547762128816,-0.007390134361511258,0.012954988212766385,0.7105283121942264,0.003729744081648929,updated,0,True,filtered,258,measured,0,measurement,insufficient_references,False,0,0,,,,,,,,,,,,-0.7690878799127407,0.8096382530390511,5.580420462752629,2.6757517551714294,-3.152954523204854,-20.81588485258834,,,,,,,,,,,0.9374889281052003,0.9874601419415242,0.8724669221502946,0.9999370864012841,0.9661247642550563,0.99771457558073,0.31859781344371685,0.893276621618626,0.9997286702739442,,0.7113960699140099,HIGH,,,,,,,,,,,,-0.7690878799127407,0.8096382530390511,5.580420462752629,estimated,-0.7690878799127407,0.8096382530390511,5.580420462752629,0.8302999016608832,True,temporal;spatial,flow_3d;spectral;phase;coherence,False,NORMAL,0.05,NONE,,6.219105956282327,0.0,,,,0.101625707234831,0.0001276417605140523,0.00031456799479201436,,,False,,,,,,,,,,,,,,,,,,,,,,False,,,,,,,
0,research_full,258,P3,valid,347.99301606682644,353.00047527404996,343.37017161465275,352.9971923828125,4.616344717184408,0.9922443211686617,2.0259825441838317,13.422671159006404,13.61092410915039,0.12139563158536228,3.0517578125e-05,0.37740428066839105,0.7714918456392841,4.622595719331609,5.0,4.622595719331609,4.616344717184408,343.37017161465275,352.9971923828125,343.37667134964204,353.00047527404996,0.990896061719231,2.0231573905002356,13.40452007002295,0.9922443211686617,2.0259825441838317,13.422671159006404,64.36940428183257,131.78981265248302,873.0656713339542,-0.37740428066839105,,4,primary_icgn_fallback_line_search,,0,0,,4.414499995618826,14.353900001879083,18.985200000315672,74.76920000044629,343.3825378417969,353.00299072265625,0.00018563118646852672,0.01365812281112515,0.009105415207416766,cycle_valid,59.95490872184089,0.33577928387068245,0.2143836522853202,0.21036886548217446,icgn_high_residual,False,3,0.5283905532527787,36.294593618824415,0.21036886548217446,0.39182273438296733,0.21036886548217446,0.1,icgn_high_residual,True,line_search,4.601042535280823,-0.00048680251376373456,line_search_refined,0.011390049350416384,0.014642741346786592,0.6810971767072674,-0.0009413509224600602,-0.012424385414078642,0.021189251913085627,0.024581210123038887,0.7049918433722041,0.012647283798870715,updated,0,True,filtered,258,measured,0,measurement,insufficient_references,False,0,0,,,,,,,,,,,,0.9922443211686617,2.0259825441838317,13.422671159006404,64.36940428183257,131.78981265248302,873.0656713339542,,,,,,,,,,,0.9444026618604618,0.9595347894715459,0.844515507698458,0.9999639752059011,0.8741985731105363,0.9969648615975277,0.49677090166402016,0.8415481622866012,0.997312979055112,,0.6810971767072674,HIGH,,,,,,,,,,,,0.9922443211686617,2.0259825441838317,13.422671159006404,estimated,0.9922443211686617,2.0259825441838317,13.422671159006404,0.13250832361620588,True,temporal;spatial,flow_3d;spectral;phase;coherence,False,OCCLUSION,0.65,KALMAN_PREDICT,,23.53070613065061,43.048739090125935,,,,0.37740428066839105,0.003282891237461172,3.0517578125e-05,,,False,,,,,,,,,,,,,,,,,,,,,,False,,,,,,,
0,research_full,259,P1,valid,139.99754160942464,320.01813467290566,119.12381892381582,320.0160217285156,20.879226221105522,-0.9796037855424652,0.25781351023708793,2.9677190351406537,3.135832848582027,0.09183220691793392,0.001632975647225976,0.12706904588611678,0.7381290614867558,20.872930954113873,21.0,20.872930954113873,20.879226221105522,119.12381892381582,320.0160217285156,119.11831538831912,320.01813467290566,-0.979903798922327,0.2578790829737985,2.968614097924289,-0.9796037855424652,0.25781351023708793,2.9677190351406537,-14.26699929966424,3.8541497239704126,43.179703205186385,-0.12706904588612744,,4,primary_icgn_fallback_line_search,,0,0,,5.324300000211224,21.985399998811772,27.470099998026853,73.04970000041067,119.11476135253906,320.0235900878906,0.00022438722953666002,0.011803374986107389,0.007868916657404926,cycle_valid,92.51618997091542,0.2827829855689498,0.1909507786510159,0.10568638056805411,icgn_high_residual,False,4,0.4862685524720492,27.952903380617347,0.10568638056805411,0.1807632837293258,0.10568638056805411,0.1,icgn_high_residual,True,line_search,20.779890013178065,-0.0006370014556990878,line_search_refined,0.010921213831228904,0.014643932124777735,0.681759013766706,-0.0030440331303793755,-0.008123805566583542,-0.021332520521678333,0.02302908566118786,0.7048981162234663,0.010963020396584498,updated,0,True,filtered,259,measured,0,measurement,insufficient_references,False,0,0,,,,,,,,,,,,-0.9796037855424652,0.25781351023708793,2.9677190351406537,-14.26699929966424,3.8541497239704126,43.179703205186385,,,,,,,,,,,0.963970270129139,0.9693892643606887,0.8254349441839471,0.9996904395205396,0.9576436513712944,0.997377027780865,0.5368870928837626,0.6846014296811956,0.9983632723055051,,0.681759013766706,HIGH,,,,,,,,,,,,-0.9796037855424652,0.25781351023708793,2.9677190351406537,estimated,-0.9796037855424652,0.25781351023708793,2.9677190351406537,0.8234220938423142,True,temporal;spatial,flow_3d;spectral;phase;coherence,False,NORMAL,0.05,NONE,,2.562075394689757,3.2749845935290978,,,,0.12706904588611678,0.0021129443900349543,0.001632975647225976,,,False,,,,,,,,,,,,,,,,,,,,,,False,,,,,,,
0,research_full,259,P2,valid,238.98216443072852,349.9910090167312,227.8753239719466,349.992431640625,11.108319488068405,-0.7687735158519425,0.8093411975515036,5.578132422454966,5.688726326267838,0.03894709332351287,0.0006019007414579391,0.10696057395182379,0.7890580969211485,11.106960573951817,11.0,11.106960573951817,11.108319488068405,227.8753239719466,349.992431640625,227.8738449426601,349.9910090167312,-0.7688662721338743,0.8094556347351881,5.578814895652076,-0.7687735158519425,0.8093411975515036,5.578132422454966,2.9901158159696406,-3.4500100107524023,-23.103925150251392,0.10696057395181668,,4,primary_icgn_fallback_line_search,,0,0,,5.474099998536985,16.762999999627937,22.398499997507315,73.04970000041067,227.8757781982422,349.98394775390625,0.000152587890625,0.008496037628457947,0.005664025085638631,cycle_valid,52.694444299924676,0.29675401938514157,0.2578069260616287,0.2857414581284134,icgn_high_residual,False,4,0.709821212386695,56.57434817229718,0.2857414581284134,0.6392408228113723,0.2857414581284134,0.1,icgn_high_residual,True,line_search,11.116227647177443,-0.0007079260352972188,line_search_refined,0.011555943208275559,0.014053901334077148,0.7112620204192478,0.00044962436834339314,0.0053252754836421445,-0.004669123704553968,0.007096579261708844,0.7089573541899767,0.0011117267921336013,updated,0,True,filtered,259,measured,0,measurement,insufficient_references,False,0,0,,,,,,,,,,,,-0.7687735158519425,0.8093411975515036,5.578132422454966,2.9901158159696406,-3.4500100107524023,-23.103925150251392,,,,,,,,,,,0.936742224391612,0.987017635558829,0.8707042753173939,0.9998742518946528,0.9643464753493921,0.9981119916381205,0.32397979772695706,0.8833444276806581,0.9996006257648474,,0.7112620204192478,HIGH,,,,,,,,,,,,-0.7687735158519425,0.8093411975515036,5.578132422454966,estimated,-0.7687735158519425,0.8093411975515036,5.578132422454966,0.9741325383100701,True,temporal;spatial,flow_3d;spectral;phase;coherence,False,NORMAL,0.05,NONE,,0.14514928667183757,0.6452562184324506,,,,0.10696057395182379,0.0014226238938022107,0.0006019007414579391,,,False,,,,,,,,,,,,,,,,,,,,,,False,,,,,,,
0,research_full,259,P3,valid,347.99215254882336,353.0004836504989,343.3738820633105,353.0006408691406,4.619397631652717,0.991566057776157,2.0246438104911513,13.413800247633914,13.60192717557764,0.12394872679818374,0.00020471813331823796,0.38148094026360013,0.7684282706276445,4.618519059736405,5.0,4.618519059736405,4.619397631652717,343.3738820633105,353.0006408691406,343.37275491717065,353.0004836504989,0.9917611592721526,2.025033051649211,13.416351928819193,0.991566057776157,2.0246438104911513,13.413800247633914,63.691140889327926,130.45107895980257,864.1947599614639,-0.3814809402635948,,4,primary_icgn_fallback_line_search,,0,0,,4.392700004245853,15.157099998759804,19.702899997355416,73.04970000041067,343.3656005859375,352.98614501953125,3.0517578125e-05,0.016694685483012745,0.011129790322008497,cycle_valid,60.26960237940788,0.33176421630094677,0.20781548950276302,0.21335409977478734,icgn_high_residual,False,4,0.5242684775642956,36.33526171716784,0.21335409977478734,0.4010583039169355,0.21335409977478734,0.1,icgn_high_residual,True,line_search,4.600082685828261,-0.0002549671678675985,line_search_refined,0.0113953238899473,0.014626324915797058,0.683512946600532,0.0009365984146825213,0.0005923813359913765,-0.0029690996662461444,0.0031691773484170474,0.704094838479094,0.00020695106714011896,updated,0,True,filtered,259,measured,0,measurement,insufficient_references,False,0,0,,,,,,,,,,,,0.991566057776157,2.0246438104911513,13.413800247633914,63.691140889327926,130.45107895980257,864.1947599614639,,,,,,,,,,,0.9446929596059154,0.9586837577339388,0.839601304921546,0.9999607940480928,0.8728396865788,0.9962900698926639,0.5006966880340042,0.8437652083155684,0.9997282441133225,,0.683512946600532,HIGH,,,,,,,,,,,,0.991566057776157,2.0246438104911513,13.413800247633914,estimated,0.991566057776157,2.0246438104911513,13.413800247633914,0.36514541727271826,True,temporal;spatial,flow_3d;spectral;phase;coherence,False,NORMAL,0.05,NONE,,36.216768173335794,6.673825877685409,,,,0.38148094026360013,0.00015721864173201539,0.00020471813331823796,,,False,,,,,,,,,,,,,,,,,,,,,,False,,,,,,,
0,research_full,260,P1,valid,139.98852260884104,320.0256475763795,119.12967843426392,320.0284118652344,20.86378582403857,-0.980380776835421,0.25804764706824435,2.9699153172858113,3.1381733616221337,0.08474121494725353,0.0011612731032073498,0.1441590250842424,0.7238399734725199,20.855840974915758,21.0,20.855840974915758,20.86378582403857,119.12967843426392,320.0284118652344,119.12473678480247,320.0256475763795,-0.980771575573657,0.25816190061434463,2.971046680395635,-0.980380776835421,0.25804764706824435,2.9699153172858113,-15.043990592620071,4.08828655512683,45.375985350343925,-0.1441590250842424,,4,primary_icgn_fallback_line_search,,0,0,,4.373200001282385,17.226100000698352,21.718899999541463,62.225199999375036,119.12024688720703,320.0220947265625,0.00014813605230301619,0.011351665996057934,0.00756777733070529,cycle_valid,92.26883108657357,0.2679984854807311,0.18325727053347754,0.11538682434272249,icgn_high_residual,False,5,0.4863919068971655,27.78076485437611,0.11538682434272249,0.1810150810019914,0.11538682434272249,0.1,icgn_high_residual,True,line_search,20.77195126804718,-0.00014419985711540048,line_search_refined,0.010918985393786674,0.014643991247223431,0.6808807077614355,-0.011530039823867355,0.010612801070578826,-0.026798692157885995,0.031044214698986775,0.7035359383956711,0.020397216555483835,updated,0,True,filtered,260,measured,0,measurement,insufficient_references,False,0,0,,,,,,,,,,,,-0.980380776835421,0.25804764706824435,2.9699153172858113,-15.043990592620071,4.08828655512683,45.375985350343925,,,,,,,,,,,0.9638736798322962,0.9717529283509155,0.8181063526904163,0.9997817651407482,0.9519469916385859,0.9974774075564316,0.5367696124788899,0.7111166415818282,0.9970811124861757,,0.6808807077614355,HIGH,,,,,,,,,,,,-0.980380776835421,0.25804764706824435,2.9699153172858113,estimated,-0.980380776835421,0.25804764706824435,2.9699153172858113,0.9579138694194251,True,temporal;spatial,flow_3d;spectral;phase;coherence,False,NORMAL,0.05,NONE,,1.3189048504398952,0.0,,,,0.1441590250842424,0.0027642888548484734,0.0011612731032073498,,,False,,,,,,,,,,,,,,,,,,,,,,False,,,,,,,
0,research_full,260,P2,valid,238.9821802223929,349.9916980877143,227.88299695086977,349.9917297363281,11.103917395058856,-0.7690781211319728,0.8096695258590549,5.580343845403245,5.6909826331169375,0.0406544345572121,0.0001643421855987981,0.09930285381773274,0.7888372540828611,11.099302853817722,11.0,11.099302853817722,11.103917395058856,227.88299695086977,349.9917297363281,227.87826282733405,349.9916980877143,-0.769396569062731,0.8100064895972824,5.582663876413613,-0.7690781211319728,0.8096695258590549,5.580343845403245,2.6855105359393505,-3.12168170320104,-20.892502201972363,0.09930285381772208,,4,primary_icgn_fallback_line_search,,0,0,,4.943599997204728,16.10390000132611,21.25519999754033,62.225199999375036,227.8697052001953,350.0063171386719,9.770392352947965e-05,0.01973481550788635,0.013156543671924233,cycle_valid,52.904125802025874,0.300836254521077,0.2601818199638649,0.30829936834855237,icgn_high_residual,False,5,0.7137007838016873,57.10069307973264,0.30829936834855237,0.6215616592146794,0.30829936834855237,0.1,icgn_high_residual,True,line_search,11.109999652463422,-0.00026919688455766174,line_search_refined,0.011592418889334075,0.01407373703735429,0.7097429438838937,0.0004461476364099326,0.00011807729816837309,-0.015815501808177146,0.01582223395751281,0.7082266944733462,0.005190561189029982,updated,0,True,filtered,260,measured,0,measurement,insufficient_references,False,0,0,,,,,,,,,,,,-0.7690781211319728,0.8096695258590549,5.580343845403245,2.6855105359393505,-3.12168170320104,-20.892502201972363,,,,,,,,,,,0.9369929418017964,0.9864485218142627,0.8718844639569252,0.9999563256484786,0.9668990487274224,0.9956144854426919,0.3202849678079168,0.8918799817466774,0.9988735556339622,,0.7097429438838937,HIGH,,,,,,,,,,,,-0.7690781211319728,0.8096695258590549,5.580343845403245,estimated,-0.7690781211319728,0.8096695258590549,5.580343845403245,0.8525148451782545,True,temporal;spatial,flow_3d;spectral;phase;coherence,False,NORMAL,0.05,NONE,,4.584691640409544,0.4819230471271304,,,,0.09930285381773274,3.164861379900685e-05,0.0001643421855987981,,,False,,,,,,,,,,,,,,,,,,,,,,False,,,,,,,
0,research_full,260,P3,valid,347.9985122348637,353.00171307271734,343.3768653463964,353.00225830078125,4.624254578454488,0.9906901231384913,2.0225492855539353,13.399711465732523,13.58765763100699,0.1221636411698813,0.0003774815995711833,0.37558360811518554,0.769911392133098,4.6244163918848145,5.0,4.6244163918848145,4.624254578454488,343.3768653463964,353.00225830078125,343.3742576564092,353.00171307271734,0.9907275386301081,2.0224927047708636,13.399242595048332,0.9906901231384913,2.0225492855539353,13.399711465732523,62.81520625166215,128.3565540225866,850.1059780600731,-0.37558360811518554,,4,primary_icgn_fallback_line_search,,0,0,,4.075200002262136,12.117800000851275,16.37799999662093,62.225199999375036,343.3772277832031,353.0078125,0.00015560972678940743,0.005566011983496066,0.003710674655664044,cycle_valid,60.37485978233628,0.32948426375263445,0.20732062258275313,0.22555547830352402,icgn_high_residual,False,4,0.530550009898125,36.45514703684283,0.22555547830352402,0.3922708715416506,0.22555547830352402,0.1,icgn_high_residual,True,line_search,4.614861918534958,0.0006795868778468871,line_search_refined,0.011349984341768165,0.014640850026036309,0.68259209672493,0.010454070453135955,0.0020580774724408,0.0005455245523577901,0.010668686374569443,0.7033801143743451,0.0026557866790827165,updated,0,True,filtered,260,measured,0,measurement,insufficient_references,False,0,0,,,,,,,,,,,,0.9906901231384913,2.0225492855539353,13.399711465732523,62.81520625166215,128.3565540225866,850.1059780600731,,,,,,,,,,,0.9447893817832342,0.9592787862767063,0.8392184389663013,0.9999111514456066,0.8748054639616049,0.998763108448112,0.4947142762875,0.8522166981531809,0.9993728517107372,,0.68259209672493,HIGH,,,,,,,,,,,,0.9906901231384913,2.0225492855539353,13.399711465732523,estimated,0.9906901231384913,2.0225492855539353,13.399711465732523,0.5187131937483536,True,temporal;spatial,flow_3d;spectral;phase;coherence,False,NORMAL,0.05,NONE,,5.2760275949667035,16.451011106225184,,,,0.37558360811518554,0.0005452280639133278,0.0003774815995711833,,,False,,,,,,,,,,,,,,,,,,,,,,False,,,,,,,
0,research_full,261,P1,valid,139.99799096360292,320.01930310626113,119.12978575978,320.0162658691406,20.86929992235441,-0.9800671339306255,0.2579428755818346,2.969130604568558,3.1373241243231575,0.11006150266917253,9.650505671743304e-05,0.12728331837377382,0.7546556512304575,20.87271668162624,21.0,20.87271668162624,20.86929992235441,119.12978575978,320.0162658691406,119.1286910412485,320.01930310626113,-0.9798806873942862,0.2578831380597438,2.9686445727463875,-0.9800671339306255,0.2579428755818346,2.969130604568558,-14.730347687824551,3.9835150687170806,44.59127263309082,-0.1272833183737596,,4,primary_icgn_fallback_line_search,,0,0,,4.459499999938998,15.285600002243882,19.900799998140428,60.60480000087409,119.14389038085938,320.02911376953125,4.31583721365314e-05,0.019079016752443,0.012719344501628668,cycle_valid,92.93177975708348,0.326125736611681,0.21606423394250845,0.11388873436296573,icgn_high_residual,False,4,0.49280650691410627,28.25476229897234,0.11388873436296573,0.18017401430610636,0.11388873436296573,0.1,icgn_high_residual,True,line_search,20.784816439619664,-0.00032768610359421366,line_search_refined,0.010937860912748607,0.014577924617054903,0.6852033413095154,0.017290499192398556,-0.011640386646831757,0.011552575915338537,0.023831113567975255,0.7042426471057935,0.013071711011521452,updated,0,True,filtered,261,measured,0,measurement,insufficient_references,False,0,0,,,,,,,,,,,,-0.9800671339306255,0.2579428755818346,2.969130604568558,-14.730347687824551,3.9835150687170806,44.59127263309082,,,,,,,,,,,0.9641313946418931,0.9633128324436091,0.8457248905795169,0.9999767227618577,0.957572227208742,0.9957602184994571,0.530660469605613,0.7073166760541976,0.9988842656964257,,0.6852033413095154,HIGH,,,,,,,,,,,,-0.9800671339306255,0.2579428755818346,2.969130604568558,estimated,-0.9800671339306255,0.2579428755818346,2.969130604568558,0.8949024342207145,True,temporal;spatial,flow_3d;spectral;phase;coherence,False,NORMAL,0.05,NONE,,3.1922832221998765,0.28006312688318136,,,,0.12728331837377382,0.003037237120508962,9.650505671743304e-05,,,False,,,,,,,,,,,,,,,,,,,,,,False,,,,,,,
0,research_full,261,P2,valid,238.98382360224215,349.99144264926775,227.88047367875137,349.9911193847656,11.104924558874819,-0.7689905580427042,0.8095933241797878,5.579837734769902,5.690463687194342,0.03482763101939766,0.0006359456456266344,0.10402339156113527,0.7905616427925993,11.104023391561135,11.0,11.104023391561135,11.104924558874819,227.88047367875137,349.9911193847656,227.87889904336734,349.99144264926775,-0.769045667068611,0.809655524299595,5.580290576699797,-0.7689905580427042,0.8095933241797878,5.579837734769902,2.7730736252079558,-3.1978833824681807,-21.39861283531541,0.10402339156113527,,4,primary_icgn_fallback_line_search,,0,0,,4.95759999830625,14.756199998373631,19.83289999770932,60.60480000087409,227.88546752929688,350.0004577636719,0.0001100326917367056,0.010589799991856183,0.007059866661237455,cycle_valid,53.144534119020015,0.30059849348008205,0.2657708624606844,0.296483360689248,icgn_high_residual,False,5,0.7134450850815098,57.04226239866617,0.296483360689248,0.6155091848601518,0.296483360689248,0.1,icgn_high_residual,True,line_search,11.104153144735378,-0.00039000344202056114,line_search_refined,0.011551417933578714,0.014065799476762213,0.7109348829954852,0.0025203075082060877,-0.0012097469617060597,-0.003089587188645382,0.004166651730528806,0.7083211255552209,0.0003787365465512917,updated,0,True,filtered,261,measured,0,measurement,insufficient_references,False,0,0,,,,,,,,,,,,-0.7689905580427042,0.8095933241797878,5.579837734769902,2.7730736252079558,-3.1978833824681807,-21.39861283531541,,,,,,,,,,,0.9372779649198136,0.9883907896602008,0.8745786764406337,0.9998756702771061,0.9653255361462882,0.9976467111129208,0.320528490398562,0.887570981198264,0.9999867505249902,,0.7109348829954852,HIGH,,,,,,,,,,,,-0.7689905580427042,0.8095933241797878,5.579837734769902,estimated,-0.7689905580427042,0.8095933241797878,5.579837734769902,0.9080636492448232,True,temporal;spatial,flow_3d;spectral;phase;coherence,False,NORMAL,0.05,NONE,,2.775325081382625,0.22607981552698675,,,,0.10402339156113527,0.0003232645021284952,0.0006359456456266344,,,False,,,,,,,,,,,,,,,,,,,,,,False,,,,,,,
0,research_full,261,P3,valid,347.9999022877652,352.99939070744915,343.3907915107015,352.99847412109375,4.615000173440409,0.9927129944760523,2.026544512945441,13.426581747924354,13.614898427312863,0.12551976739521578,0.0002200653834734112,0.3908220282796151,0.768414955903676,4.609177971720411,5.0,4.609177971720411,4.615000173440409,343.3907915107015,352.99847412109375,343.3849021143248,352.99939070744915,0.9939687200633854,2.029080460256928,13.443541880040337,0.9927129944760523,2.026544512945441,13.426581747924354,64.83807758922322,132.35178141409244,876.9762602519045,-0.39082202827958934,,4,primary_icgn_fallback_line_search,,0,0,,3.8881999971636105,13.564900000346825,17.651199999818346,60.60480000087409,343.38214111328125,353.00091552734375,6.103515625e-05,0.008988316861661898,0.005992211241107932,cycle_valid,60.6007039956872,0.3349503987274098,0.209430631332194,0.22676291678903054,icgn_high_residual,False,4,0.5195884790035966,35.96210738890424,0.22676291678903054,0.40384140130438345,0.22676291678903054,0.1,icgn_high_residual,True,line_search,4.5959483391397455,0.00038050056772540784,line_search_refined,0.011357475447431611,0.014589057999326221,0.6841546581707763,0.0002531674656438554,-0.0034533972828398873,-0.019672723229054334,0.01997513669054008,0.7040469866724344,0.008131189563622672,updated,0,True,filtered,261,measured,0,measurement,insufficient_references,False,0,0,,,,,,,,,,,,0.9927129944760523,2.026544512945441,13.426581747924354,64.83807758922322,132.35178141409244,876.9762602519045,,,,,,,,,,,0.9449951384464023,0.958160077534928,0.8408383094617101,0.9999531499100461,0.8697259905734617,0.9980025962529641,0.5051538295203841,0.8530035959788562,0.9981171988562659,,0.6841546581707763,HIGH,,,,,,,,,,,,0.9927129944760523,2.026544512945441,13.426581747924354,estimated,0.9927129944760523,2.026544512945441,13.426581747924354,0.11013567059108735,True,temporal;spatial,flow_3d;spectral;phase;coherence,False,OCCLUSION,0.65,KALMAN_PREDICT,,41.51063828586591,27.730216022093725,,,,0.3908220282796151,0.0009165863554017051,0.0002200653834734112,,,False,,,,,,,,,,,,,,,,,,,,,,False,,,,,,,
0,research_full,262,P1,valid,139.99948890936807,320.02674884188366,119.11874859015145,320.0295715332031,20.87747989470223,-0.9796744997721195,0.2578847358039618,2.967967274206612,3.136095726094128,0.09297339035857068,3.4119690099032596e-05,0.119053765932712,0.7258130905179967,20.880946234067288,21.0,20.880946234067288,20.87747989470223,119.11874859015145,320.0295715332031,119.12200901466584,320.02674884188366,-0.9795106821109654,0.2578581956923284,2.967474577099811,-0.9796744997721195,0.2578847358039618,2.967967274206612,-14.337713529318563,3.925375290844302,43.427942271144545,-0.119053765932712,,4,primary_icgn_fallback_line_search,,0,0,,5.093299998407019,16.754099997342564,21.98850000058883,57.378999998036306,119.12478637695312,320.02685546875,0.0005127043696120381,0.0066205645964638815,0.004413709730975921,cycle_valid,92.36105996868135,0.2791354162796801,0.18616202592110942,0.10578550265641361,icgn_high_residual,False,4,0.48804485212624776,28.22853537249265,0.10578550265641361,0.17655881467888399,0.10578550265641361,0.1,icgn_high_residual,True,line_search,20.784236847402788,-0.0004938764059824195,line_search_refined,0.010895382271833832,0.014651361612299733,0.6815375230001451,0.0007916995754158052,0.01085265832841742,0.011663664231079451,0.015951427657311546,0.7028087146216041,0.005586070681050511,updated,0,True,filtered,262,measured,0,measurement,insufficient_references,False,0,0,,,,,,,,,,,,-0.9796744997721195,0.2578847358039618,2.967967274206612,-14.337713529318563,3.925375290844302,43.427942271144545,,,,,,,,,,,0.9639097544521075,0.9690088698804764,0.8209445069777059,0.9999088626567149,0.9603154113557627,0.998528763423008,0.5351953789273831,0.6848969613388476,0.9985452701826174,,0.6815375230001451,HIGH,,,,,,,,,,,,-0.9796744997721195,0.2578847358039618,2.967967274206612,estimated,-0.9796744997721195,0.2578847358039618,2.967967274206612,0.8649051420168814,True,temporal;spatial,flow_3d;spectral;phase;coherence,False,NORMAL,0.05,NONE,,0.38957086040535605,4.20667844570268,,,,0.119053765932712,0.0028226913194657755,3.4119690099032596e-05,,,False,,,,,,,,,,,,,,,,,,,,,,False,,,,,,,
0,research_full,262,P2,valid,238.9792388765018,349.9922356285128,227.8819752770611,349.9924011230469,11.098931244851292,-0.7694555226430129,0.8100390957840813,5.582850792424468,5.693544424038424,0.033776237225713594,0.000643768988084048,0.09544171512641242,0.7908330642250944,11.095441715126412,11.0,11.095441715126412,11.098931244851292,227.8819752770611,349.9924011230469,227.8803076316505,349.9922356285128,-0.7697172802432223,0.8102956492553677,5.584606605693549,-0.7694555226430129,0.8100390957840813,5.582850792424468,2.3081090248993075,-2.752111778174693,-18.38555518074969,0.09544171512641242,,4,primary_icgn_fallback_line_search,,0,0,,4.101400001673028,11.370099997293437,15.581100000417791,57.378999998036306,227.88479614257812,349.982177734375,0.00018874079978559166,0.010605421170393604,0.007070280780262402,cycle_valid,53.01306521024921,0.29397765269570136,0.26020141546998776,0.33326345223771975,icgn_high_residual,False,3,0.7146975350241489,56.68361592610284,0.33326345223771975,0.6197038475037455,0.33326345223771975,0.1,icgn_high_residual,True,line_search,11.100732567007901,-0.0002847363174244265,line_search_refined,0.011555646191889531,0.014042673079460166,0.7112715229756937,-0.006809698555713339,0.0006185726946341674,-0.011974709225635038,0.013789426660914521,0.7085916944513652,0.004058140120399246,updated,0,True,filtered,262,measured,0,measurement,insufficient_references,False,0,0,,,,,,,,,,,,-0.7694555226430129,0.8100390957840813,5.582850792424468,2.3081090248993075,-2.752111778174693,-18.38555518074969,,,,,,,,,,,0.9371224184054747,0.9887412542580954,0.871894112208709,0.9998612483686884,0.9681860949578626,0.9976432397399125,0.3193356809293819,0.8999790312753636,0.9988153467877408,,0.7112715229756937,HIGH,,,,,,,,,,,,-0.7694555226430129,0.8100390957840813,5.582850792424468,estimated,-0.7694555226430129,0.8100390957840813,5.582850792424468,0.8655208131542635,True,temporal;spatial,flow_3d;spectral;phase;coherence,False,NORMAL,0.05,NONE,,3.6003178186258995,0.8575987588145608,,,,0.09544171512641242,0.0001654945340874292,0.000643768988084048,,,False,,,,,,,,,,,,,,,,,,,,,,False,,,,,,,
0,research_full,262,P3,valid,347.9954897907749,353.0033055165953,343.39228252058734,353.00494384765625,4.605310000090959,0.9946864733230392,2.030910939108021,13.454833028429984,13.64355277212394,0.12302938791828516,0.0001643421855987981,0.3988437998842409,0.77121890548044,4.601156200115759,5.0,4.601156200115759,4.605310000090959,343.39228252058734,353.00494384765625,343.39017979068393,353.0033055165953,0.9955307971996428,2.0327872466308228,13.466979689544944,0.9946864733230392,2.030910939108021,13.454833028429984,66.81155643621007,136.7182075766724,905.2275407575347,-0.3988437998842409,,4,primary_icgn_fallback_line_search,,0,0,,4.059200000483543,12.735599997540703,16.910300000745337,57.378999998036306,343.38812255859375,353.00946044921875,0.0006103515625,0.006140437562789926,0.0040936250418599504,cycle_valid,60.30928640464522,0.33193422301096226,0.2089048350926771,0.23490582650264596,icgn_high_residual,False,4,0.5222005717806273,36.36120444351164,0.23490582650264596,0.3992405602152395,0.23490582650264596,0.1,icgn_high_residual,True,line_search,4.5987693700875765,-0.00014937072886756983,line_search_refined,0.011354930768337735,0.014610912926078681,0.6832365676470907,-0.007728851344836585,0.006173566372979167,-0.014006249578386587,0.017147101566276902,0.7034323890951444,0.006268724511356432,updated,0,True,filtered,262,measured,0,measurement,insufficient_references,False,0,0,,,,,,,,,,,,0.9946864733230392,2.030910939108021,13.454833028429984,66.81155643621007,136.7182075766724,905.2275407575347,,,,,,,,,,,0.94472935211058,0.9589902040272382,0.8404377126142362,0.9998708843753169,0.867052066705253,0.99863545831938,0.5026661221136883,0.8580991632706144,0.9982709997804509,,0.6832365676470907,HIGH,,,,,,,,,,,,0.9946864733230392,2.030910939108021,13.454833028429984,estimated,0.9946864733230392,2.030910939108021,13.454833028429984,0.54530510372406,True,temporal;spatial,flow_3d;spectral;phase;coherence,False,NORMAL,0.05,NONE,,1.430868438566305,25.589812323941224,,,,0.3988437998842409,0.0016383310609739965,0.0001643421855987981,,,False,,,,,,,,,,,,,,,,,,,,,,False,,,,,,,
0,research_full,263,P1,valid,140.0071061771288,320.03228656080773,119.1187719320539,320.03350830078125,20.88751616538635,-0.9791598824676483,0.2577927338421661,2.9665411916264866,3.1345777723120176,0.07587219240198131,0.0001100326917367056,0.10937251799141023,0.7700641960309558,20.89062748200859,21.0,20.89062748200859,20.88751616538635,119.1187719320539,320.03350830078125,119.11959001174245,320.03228656080773,-0.9790008405365798,0.25776137869554366,2.966099373929626,-0.9791598824676483,0.2577927338421661,2.9665411916264866,-13.823096224847342,3.833373329048595,42.00185969101922,-0.10937251799141023,,4,primary_icgn_fallback_line_search,,0,0,,5.253200000879588,17.265800001041498,22.834200000943383,62.94559999878402,119.12342071533203,320.0252990722656,0.0005375340115278959,0.009434119926562005,0.00628941328437467,cycle_valid,93.00025741492988,0.2846090680995605,0.20873687569757918,0.10969187382750542,icgn_high_residual,False,4,0.4916119302685941,28.17533296458706,0.10969187382750542,0.1814827395355807,0.10969187382750542,0.1,icgn_high_residual,True,line_search,20.769782974796858,-0.00040834946947286067,line_search_refined,0.010901186986001229,0.014534935958793285,0.6868677675215801,0.00880481839328695,0.0046908360983479724,0.010539925965602492,0.014512712000198661,0.7048065961382012,0.004634107102803353,updated,0,True,filtered,263,measured,0,measurement,insufficient_references,False,0,0,,,,,,,,,,,,-0.9791598824676483,0.2577927338421661,2.9665411916264866,-13.823096224847342,3.833373329048595,42.00185969101922,,,,,,,,,,,0.9641578053008892,0.9747092691993395,0.8403093213791936,0.9998920722161225,0.9635424940028633,0.9979035289052084,0.531798161648958,0.6961184801551367,0.998357901308548,,0.6868677675215801,HIGH,,,,,,,,,,,,-0.9791598824676483,0.2577927338421661,2.9665411916264866,estimated,-0.9791598824676483,0.2577927338421661,2.9665411916264866,0.9675992055986544,True,temporal;spatial,flow_3d;spectral;phase;coherence,False,NORMAL,0.05,NONE,,0.2916594993437546,0.6992285957536524,,,,0.10937251799141023,0.001221739973516378,0.0001100326917367056,,,False,,,,,,,,,,,,,,,,,,,,,,False,,,,,,,
0,research_full,263,P2,valid,238.98057030175593,349.9972730199499,227.88748762420852,349.9989318847656,11.095379297732608,-0.7696874045490615,0.8103530558653922,5.584638022067915,5.695372912584257,0.031096093883581068,0.00023883783433120698,0.0940187234477321,0.7924734089551878,11.094018723447725,11.0,11.094018723447725,11.095379297732608,227.88748762420852,349.9989318847656,227.8851910040233,349.9972730199499,-0.7697716442045762,0.8104704347112491,5.585322924002248,-0.7696874045490615,0.8103530558653922,5.584638022067915,2.076227118850693,-2.4381516968637884,-16.598325537303005,0.094018723447725,,4,primary_icgn_fallback_line_search,,0,0,,5.619699997623684,13.340699999389471,19.143800000165356,62.94559999878402,227.8826904296875,349.9903869628906,0.00026118839741684496,0.009799426775191378,0.006532951183460919,cycle_valid,53.49011885104061,0.29421549511031897,0.2631194012267379,0.32416666360267626,icgn_high_residual,False,4,0.7064047882323221,56.99522688490391,0.32416666360267626,0.6233804289610877,0.32416666360267626,0.1,icgn_high_residual,True,line_search,11.107231997061659,-0.0008508008064177852,line_search_refined,0.011537301170583072,0.01400331036925081,0.7136784781393489,0.0035027184574687453,0.006207533633187268,-0.0046760549521422945,0.008524552792662957,0.7090337263338863,0.001631048973814581,updated,0,True,filtered,263,measured,0,measurement,insufficient_references,False,0,0,,,,,,,,,,,,-0.7696874045490615,0.8103530558653922,5.584638022067915,2.076227118850693,-2.4381516968637884,-16.598325537303005,,,,,,,,,,,0.937683194486518,0.9896346353721397,0.8733148024131865,0.9999166622947087,0.9686604255174226,0.9978223496055131,0.32723353501683594,0.8971722355319385,0.9993861233239884,,0.7136784781393489,HIGH,,,,,,,,,,,,-0.7696874045490615,0.8103530558653922,5.584638022067915,estimated,-0.7696874045490615,0.8103530558653922,5.584638022067915,0.8627662068397399,True,temporal;spatial,flow_3d;spectral;phase;coherence,False,NORMAL,0.05,NONE,,1.254733490744728,3.239199768094405,,,,0.0940187234477321,0.0016588648157380703,0.00023883783433120698,,,False,,,,,,,,,,,,,,,,,,,,,,False,,,,,,,
0,research_full,263,P3,valid,347.993576890672,353.0040455624247,343.3856505178997,353.0039978027344,4.605933387031263,0.9945018620317567,2.0306554050280536,13.453011993150247,13.641705429138934,0.12833314543118446,0.0001643421855987981,0.3925474905559554,0.7686318233505753,4.607452509444064,5.0,4.607452509444064,4.605933387031263,343.3856505178997,353.0039978027344,343.38764350364073,353.0040455624247,0.9941615865132994,2.0299846303665694,13.4485764027678,0.9945018620317567,2.0306554050280536,13.453011993150247,66.62694514492762,136.46267349670492,903.4065054777968,-0.39254749055593585,,4,primary_icgn_fallback_line_search,,0,0,,4.15670000074897,12.97580000027665,17.251500001293607,62.94559999878402,343.3906555175781,352.994140625,0.000396728515625,0.011055042951885743,0.007370028634590495,cycle_valid,60.40815684627902,0.33582600247297933,0.20749285704179488,0.23059659282281258,icgn_high_residual,False,4,0.5185184388337557,36.309806353686625,0.23059659282281258,0.4137040584994867,0.23059659282281258,0.1,icgn_high_residual,True,line_search,4.5913809599762745,-0.00023088100462739482,line_search_refined,0.011371349990361925,0.014565664194108366,0.6863622618693357,-0.0017835781987969312,-0.00017976310340372947,0.005134859770023148,0.0054387729151317964,0.7041550342485123,0.0006106186700854636,updated,0,True,filtered,263,measured,0,measurement,insufficient_references,False,0,0,,,,,,,,,,,,0.9945018620317567,2.0306554050280536,13.453011993150247,66.62694514492762,136.46267349670492,903.4065054777968,,,,,,,,,,,0.9448198139563224,0.9572222848562718,0.8393518995855406,0.9999064882164627,0.8691508364813482,0.9975433237884699,0.5061729153964232,0.8554474160902011,0.9997322221897412,,0.6863622618693357,HIGH,,,,,,,,,,,,0.9945018620317567,2.0306554050280536,13.453011993150247,estimated,0.9945018620317567,2.0306554050280536,13.453011993150247,0.55139320259726,True,temporal;spatial,flow_3d;spectral;phase;coherence,False,NORMAL,0.05,NONE,,30.50186955292224,0.42746975168421975,,,,0.3925474905559554,4.7759690346538264e-05,0.0001643421855987981,,,False,,,,,,,,,,,,,,,,,,,,,,False,,,,,,,
0,research_full,264,P1,valid,139.99778963448173,320.0392186023062,119.12335333331738,320.04052734375,20.87668042355021,-0.9797218129818216,0.2579665019799621,2.968080932325036,3.1362247954838343,0.0892248927634457,0.0006624845555052161,0.1299909065595557,0.7634996927631789,20.87000909344043,21.0,20.87000909344043,20.87668042355021,119.12335333331738,320.04052734375,119.12110921093152,320.0392186023062,-0.980060523774237,0.25805651138691316,2.9690297123472877,-0.9797218129818216,0.2579665019799621,2.968080932325036,-14.385026739020645,4.00714146684461,43.54160038956856,-0.1299909065595699,,4,primary_icgn_fallback_line_search,,0,0,,4.985999999917112,15.527299998211674,20.63570000245818,59.01149999772315,119.11649322509766,320.0390930175781,0.0008738904725760221,0.007008450353229306,0.004672300235486204,cycle_valid,92.63718978403837,0.2916784553692587,0.202453562605813,0.10178549874062524,icgn_high_residual,False,4,0.47770940629944,27.776077828715586,0.10178549874062524,0.17455046758507867,0.10178549874062524,0.1,icgn_high_residual,True,line_search,20.782083066705408,-0.000583863311438063,line_search_refined,0.010899299731580263,0.014593131692763385,0.6837559132479216,-0.017001212875726424,0.00502578448362101,-0.02249274975402571,0.02863954504559727,0.7034008654907021,0.017791914236334416,updated,0,True,filtered,264,measured,0,measurement,insufficient_references,False,0,0,,,,,,,,,,,,-0.9797218129818216,0.2579665019799621,2.968080932325036,-14.385026739020645,4.00714146684461,43.54160038956856,,,,,,,,,,,0.9640173310405442,0.9702583690788514,0.8353531896189204,0.9997439374953198,0.9566696978134814,0.9984425665881713,0.5450386606672,0.6725139263867542,0.9978140087732619,,0.6837559132479216,HIGH,,,,,,,,,,,,-0.9797218129818216,0.2579665019799621,2.968080932325036,estimated,-0.9797218129818216,0.2579665019799621,2.968080932325036,0.9048509176714314,True,temporal;spatial,flow_3d;spectral;phase;coherence,False,NORMAL,0.05,NONE,,3.1663380539660144,0.0,,,,0.1299909065595557,0.0013087414437791267,0.0006624845555052161,,,False,,,,,,,,,,,,,,,,,,,,,,False,,,,,,,
0,research_full,264,P2,valid,238.97573063971143,349.9937435493873,227.88347800578347,349.9917297363281,11.091634458557012,-0.7699997883917182,0.8105883540989082,5.586523548617199,5.69729747452058,0.030771276489857984,5.50163458683528e-05,0.09062782917746404,0.792442276733966,11.090627829177459,11.0,11.090627829177459,11.091634458557012,227.88347800578347,349.9917297363281,227.8840961811544,349.9937435493873,-0.7700873093696493,0.8106400719664919,5.587030603656844,-0.7699997883917182,0.8105883540989082,5.586523548617199,1.7638432761939438,-2.202853463347809,-14.71279898801825,0.09062782917745871,,4,primary_icgn_fallback_line_search,,0,0,,4.656199998862576,14.701700001751306,19.508900000801077,59.01149999772315,227.87843322753906,349.9930725097656,0.0005081428680568933,0.005220424124507292,0.003480282749671528,cycle_valid,52.37670317598275,0.2945340780850494,0.2637628015951914,0.26138465105727254,icgn_high_residual,False,4,0.7048934791319108,56.721103337314226,0.26138465105727254,0.6096528024301617,0.26138465105727254,0.1,icgn_high_residual,True,line_search,11.09954153882521,0.0004110803214637216,line_search_refined,0.011551094124066293,0.01405006924000805,0.7113176637794721,-0.006072306691351059,-0.007526129223151656,-0.003448798366607164,0.010266924554652014,0.70812170717187,0.002413339758976899,updated,0,True,filtered,264,measured,0,measurement,insufficient_references,False,0,0,,,,,,,,,,,,-0.7699997883917182,0.8105883540989082,5.586523548617199,1.7638432761939438,-2.202853463347809,-14.71279898801825,,,,,,,,,,,0.9363584736875568,0.989742907836714,0.8736238274247197,0.9999061401310124,0.969790723607512,0.9988399057501095,0.3286728770172278,0.872474021720466,0.999406242774235,,0.7113176637794721,HIGH,,,,,,,,,,,,-0.7699997883917182,0.8105883540989082,5.586523548617199,estimated,-0.7699997883917182,0.8105883540989082,5.586523548617199,0.9808863896368438,True,temporal;spatial,flow_3d;spectral;phase;coherence,False,NORMAL,0.05,NONE,,0.14943403157724214,0.4308449239727856,,,,0.09062782917746404,0.002013813059193126,5.50163458683528e-05,,,False,,,,,,,,,,,,,,,,,,,,,,False,,,,,,,
0,research_full,264,P3,valid,347.9990290661477,353.0051046806173,343.38979565046355,353.00518798828125,4.609355305937297,0.9939059235920491,2.029175531083672,13.443024671057035,13.631592519861652,0.1388122522984331,0.0003452669770922512,0.38842235944792947,0.7378648879039803,4.611577640552092,5.0,4.611577640552092,4.609355305937297,343.38979565046355,353.00518798828125,343.3896737602104,353.0051046806173,0.9934881391446249,2.0281998388949036,13.436546432722428,0.9939059235920491,2.029175531083672,13.443024671057035,66.03100670522,134.9827995523234,893.4191833845855,-0.38842235944790815,,4,primary_icgn_fallback_line_search,,0,0,,3.785000000789296,12.350800003332552,16.23219999964931,59.01149999772315,343.39990234375,353.0128173828125,8.63167442730628e-05,0.01266305295336597,0.00844203530224398,cycle_valid,61.00308859822857,0.3292051787199511,0.19039292642151798,0.22748060191765668,icgn_high_residual,False,4,0.5215452235512398,36.44381863546871,0.22748060191765668,0.41445813734412335,0.22748060191765668,0.1,icgn_high_residual,True,line_search,4.588100649955566,0.0004077589323693887,line_search_refined,0.011364219140001536,0.014640801904483256,0.6825409725903445,0.008830583724204644,0.0003138160128628442,0.007478948451623779,0.011576370732753976,0.7028546687853114,0.0029591172920509752,updated,0,True,filtered,264,measured,0,measurement,insufficient_references,False,0,0,,,,,,,,,,,,0.9939059235920491,2.029175531083672,13.443024671057035,66.03100670522,134.9827995523234,893.4191833845855,,,,,,,,,,,0.9453579579341147,0.9537292492338556,0.8249234676947219,0.9999280693797724,0.8705258801840235,0.9971859882325853,0.5032902632845335,0.8534673591843259,0.999294717138857,,0.6825409725903445,HIGH,,,,,,,,,,,,0.9939059235920491,2.029175531083672,13.443024671057035,estimated,0.9939059235920491,2.029175531083672,13.443024671057035,0.5181759647558974,True,temporal;spatial,flow_3d;spectral;phase;coherence,False,NORMAL,0.05,NONE,,8.267795259108512,11.645121952136966,,,,0.38842235944792947,8.330766394237799e-05,0.0003452669770922512,,,False,,,,,,,,,,,,,,,,,,,,,,False,,,,,,,
0,research_full,265,P1,valid,139.99744141347907,320.0351364037228,119.1284974213369,320.0321350097656,20.87134953711493,-0.9799740581412982,0.2580088502254896,2.968839029081204,3.1370245300316717,0.08954318817346937,0.000274658203125,0.13086253364159361,0.7646490983529525,20.869137466358406,21.0,20.869137466358406,20.87134953711493,119.1284974213369,320.0321350097656,119.12609187636414,320.0351364037228,-0.9800768168584589,0.25801888859821714,2.96915371779355,-0.9799740581412982,0.2580088502254896,2.968839029081204,-14.637271898497284,4.0494897123720675,44.299697145736786,-0.13086253364159361,,4,primary_icgn_fallback_line_search,,0,0,,4.437699997652089,15.306900000723545,19.85699999931967,57.144399997923756,119.12890625,320.03997802734375,6.151014531496912e-05,0.007853665743240399,0.005235777162160266,cycle_valid,92.56407170017525,0.2975472338570185,0.2080040456835491,0.10163509100387101,icgn_high_residual,False,4,0.48537878146922586,27.63568141437204,0.10163509100387101,0.17868355678803027,0.10163509100387101,0.1,icgn_high_residual,True,line_search,20.764012302092205,-0.000572061409978925,line_search_refined,0.010897361720867886,0.014601375409500517,0.6842215522127435,0.0007430432310968627,-0.01152693887092937,-0.007461198551773407,0.013751069660444853,0.7035234029528993,0.0043183390715631894,updated,0,True,filtered,265,measured,0,measurement,insufficient_references,False,0,0,,,,,,,,,,,,-0.9799740581412982,0.2580088502254896,2.968839029081204,-14.637271898497284,4.0494897123720675,44.299697145736786,,,,,,,,,,,0.9639889076603031,0.9701522706088436,0.839746706734514,0.9999439719419266,0.9563791554528022,0.9982547409459466,0.5377344938388324,0.6720292863016795,0.9990575747129428,,0.6842215522127435,HIGH,,,,,,,,,,,,-0.9799740581412982,0.2580088502254896,2.968839029081204,estimated,-0.9799740581412982,0.2580088502254896,2.968839029081204,0.7702943570346975,True,temporal;spatial,flow_3d;spectral;phase;coherence,False,NORMAL,0.05,NONE,,0.8509661918425139,7.769249380367244,,,,0.13086253364159361,0.0030013939571631454,0.000274658203125,,,False,,,,,,,,,,,,,,,,,,,,,,False,,,,,,,
0,research_full,265,P2,valid,238.9724152448709,350.011532796804,227.90289549587993,350.01800537109375,11.074971031763154,-0.7711943621043634,0.8120012929835697,5.594929044750558,5.705902019816143,0.02693834376784741,0.00012947511277161539,0.06898255587788071,0.7940126732676482,11.068982555877868,11.0,11.068982555877868,11.074971031763154,227.90289549587993,350.01800537109375,227.89744421310775,350.011532796804,-0.7716174302846227,0.8125109763232193,5.5979559803785826,-0.7711943621043634,0.8120012929835697,5.594929044750558,0.5692695635487466,-0.7899145786862682,-6.307302854659191,0.06898255587786828,,4,primary_icgn_fallback_line_search,,0,0,,3.835400002571987,14.101500000833767,18.036599998595193,57.144399997923756,227.8829803466797,349.9989929199219,0.00024651328567415476,0.027533370066719434,0.01835558004447962,cycle_valid,53.023143304017715,0.2882485458020942,0.26131020203424676,0.29100931710206995,icgn_high_residual,False,4,0.7051116168336417,56.975618407853794,0.29100931710206995,0.6108571316927989,0.29100931710206995,0.1,icgn_high_residual,True,line_search,11.071705849549488,0.0005023120531401337,line_search_refined,0.011620788553550468,0.014020597335227189,0.7112197099766527,-0.001999345391169527,0.024089868727799058,-0.020563642267131144,0.03173613934627721,0.7087833075729971,0.02229319607352756,updated,0,True,filtered,265,measured,0,measurement,insufficient_references,False,0,0,,,,,,,,,,,,-0.7711943621043634,0.8120012929835697,5.594929044750558,0.5692695635487466,-0.7899145786862682,-6.307302854659191,,,,,,,,,,,0.9371343695295266,0.9910205520773842,0.8724376887169345,0.9999373352669257,0.9770058147073731,0.9938814733185068,0.3284651268251032,0.8854561301841691,0.9971725170459711,,0.7112197099766527,HIGH,,,,,,,,,,,,-0.7711943621043634,0.8120012929835697,5.594929044750558,estimated,-0.7711943621043634,0.8120012929835697,5.594929044750558,0.789776511482561,True,temporal;spatial,flow_3d;spectral;phase;coherence,False,NORMAL,0.05,NONE,,6.6839434353672,0.9423285531686361,,,,0.06898255587788071,0.006472574289773547,0.00012947511277161539,,,False,,,,,,,,,,,,,,,,,,,,,,False,,,,,,,
0,research_full,265,P3,valid,347.99915927997756,353.00850136889653,343.3948354255296,353.0093994140625,4.605524876010917,0.994735961289705,2.0309519698980294,13.454205278129486,13.642943421518794,0.14076098859479563,0.0002813581668306142,0.3960256110764817,0.7358450078572685,4.603974388923535,5.0,4.603974388923535,4.605524876010917,343.3948354255296,353.0093994140625,343.39363440396664,353.00850136889653,0.9950618241593014,2.031659413383359,13.45873627022295,0.994735961289705,2.0309519698980294,13.454205278129486,66.86104440287588,136.75923836668068,904.599790457036,-0.39602561107646483,,4,primary_icgn_fallback_line_search,,0,0,,3.959200003009755,12.11209999746643,16.180899998289533,57.144399997923756,343.394287109375,353.01214599609375,0.00013647876039613038,0.0028007790808609067,0.001867186053907271,cycle_valid,60.83095339032869,0.33088352115903313,0.1901225325642375,0.23987748808888537,icgn_high_residual,False,4,0.5146535001538947,35.546082836834415,0.23987748808888537,0.4118260900469304,0.23987748808888537,0.1,icgn_high_residual,True,line_search,4.59002544147996,0.000324746017205039,line_search_refined,0.011328412244693995,0.014619883079529068,0.6835400844806073,-0.001319293941548949,0.0033902787652095867,-0.00522963923312858,0.006370530050059923,0.7035193025247243,0.0008640788856986234,updated,0,True,filtered,265,measured,0,measurement,insufficient_references,False,0,0,,,,,,,,,,,,0.994735961289705,2.0309519698980294,13.454205278129486,66.86104440287588,136.75923836668068,904.599790457036,,,,,,,,,,,0.9452033356777326,0.9530796704684015,0.824674472384956,0.9999303605121289,0.8679914629745061,0.9993776046486976,0.5098538093772431,0.8610401768048286,0.99932761152779,,0.6835400844806073,HIGH,,,,,,,,,,,,0.994735961289705,2.0309519698980294,13.454205278129486,estimated,0.994735961289705,2.0309519698980294,13.454205278129486,0.5288840282913237,True,temporal;spatial,flow_3d;spectral;phase;coherence,False,NORMAL,0.05,NONE,,21.464347320371424,3.000784748361602,,,,0.3960256110764817,0.0008980451659681421,0.0002813581668306142,,,False,,,,,,,,,,,,,,,,,,,,,,False,,,,,,,
0,research_full,266,P1,valid,140.00344231932363,320.03616173746565,119.14384467699642,320.03594970703125,20.864252881743777,-0.9802727643262961,0.2581025227370746,2.969848834108071,3.138081213444966,0.08276963537316633,0.00026118839741684496,0.1380310783636105,0.7674882923945908,20.861968921636393,21.0,20.861968921636393,20.864252881743777,119.14384467699642,320.03594970703125,119.13918943757984,320.03616173746565,-0.980366403692577,0.25812955644215035,2.9701739719839617,-0.9802727643262961,0.2581025227370746,2.969848834108071,-14.935978083495115,4.143162223957109,45.309502172603544,-0.13803107836360695,,4,primary_icgn_fallback_line_search,,0,0,,4.589699994539842,14.926600000762846,19.657899996673223,56.856700000935234,119.13037109375,320.0283508300781,0.00017811001453083009,0.015468690198172078,0.01031246013211472,cycle_valid,92.73040683556032,0.28294476461697676,0.20017512924381042,0.07181050585560177,icgn_high_residual,False,4,0.48259317792111384,27.838127448674747,0.07181050585560177,0.18001990201669982,0.07181050585560177,0.1,icgn_high_residual,True,line_search,20.76726845813319,-0.0002884973716761175,line_search_refined,0.010926787191777022,0.014841212039400194,0.673009797052438,0.009088361627306085,-0.0008126454173407183,-0.007617877750504931,0.011886579451829388,0.7001842006151437,0.0031604208581298447,updated,0,True,filtered,266,measured,0,measurement,insufficient_references,False,0,0,,,,,,,,,,,,-0.9802727643262961,0.2581025227370746,2.969848834108071,-14.935978083495115,4.143162223957109,45.309502172603544,,,,,,,,,,,0.9640535025448086,0.9724101215422779,0.8334791466889285,0.9999267835980087,0.9539896405454632,0.9965625132892951,0.5403874495989391,0.5358153666211352,0.9988281102648924,,0.673009797052438,HIGH,,,,,,,,,,,,-0.9802727643262961,0.2581025227370746,2.969848834108071,estimated,-0.9802727643262961,0.2581025227370746,2.969848834108071,0.8544284935761464,True,temporal;spatial,flow_3d;spectral;phase;coherence,False,NORMAL,0.05,NONE,,0.26105528287537666,4.800804273372739,,,,0.1380310783636105,0.00021203043439754765,0.00026118839741684496,,,False,,,,,,,,,,,,,,,,,,,,,,False,,,,,,,
0,research_full,266,P2,valid,238.97618201981314,350.02155693081835,227.91705614382076,350.0230407714844,11.06333790934725,-0.7719642958390956,0.8129641664712477,5.600812124072477,5.711911769204239,0.02635943619941115,0.0007000775076448917,0.06135266965581465,0.7919396616486479,11.061352669655815,11.0,11.061352669655815,11.06333790934725,227.91705614382076,350.0230407714844,227.9128441104659,350.02155693081835,-0.7720786147525994,0.8131262190537125,5.601817331560661,-0.7719642958390956,0.8129641664712477,5.600812124072477,-0.20066417118347335,0.17295890899171606,-0.4242235327405197,0.06135266965581465,,4,primary_icgn_fallback_line_search,,0,0,,3.968100001657149,13.605899999674875,17.670299999736017,56.856700000935234,227.9127655029297,350.0066833496094,9.650505671743304e-05,0.016910790923338245,0.01127386061555883,cycle_valid,53.38444065643596,0.2879746742517914,0.26161523805238024,0.36530580215651803,icgn_high_residual,False,4,0.6934736758136771,57.01749044724142,0.36530580215651803,0.6019779988986659,0.36530580215651803,0.1,icgn_high_residual,True,line_search,11.06552867974476,-0.0005025397096003862,line_search_refined,0.011570190059134233,0.013937884554860737,0.7162486881635207,0.00832712002230096,0.005548838908168818,-0.00684258000882032,0.012122353000623318,0.7098697145115658,0.0032888765250036825,updated,0,True,filtered,266,measured,0,measurement,insufficient_references,False,0,0,,,,,,,,,,,,-0.7719642958390956,0.8129641664712477,5.600812124072477,-0.20066417118347335,0.17295890899171606,-0.4242235327405197,,,,,,,,,,,0.9375598340575388,0.9912135212668629,0.8725864227883416,0.999867236239273,0.9795491101147284,0.9962420464614804,0.33954888017745033,0.9087522477426969,0.9982991528193599,,0.7162486881635207,HIGH,,,,,,,,,,,,-0.7719642958390956,0.8129641664712477,5.600812124072477,estimated,-0.7719642958390956,0.8129641664712477,5.600812124072477,0.9041940207415632,True,temporal;spatial,flow_3d;spectral;phase;coherence,False,NORMAL,0.05,NONE,,2.597203215583885,0.4975519736168892,,,,0.06135266965581465,0.0014838406660260262,0.0007000775076448917,,,False,,,,,,,,,,,,,,,,,,,,,,False,,,,,,,
0,research_full,266,P3,valid,347.99534173125505,353.0090578324391,343.39039192204456,353.0086364746094,4.603558977463129,0.9950609441159932,2.0318338137854663,13.459950746526307,13.64876437734424,0.13068683033589082,9.650505671743304e-05,0.3967090607164323,0.7672510907039171,4.603290939283575,5.0,4.603290939283575,4.603558977463129,343.39039192204456,353.0086364746094,343.3917827537919,353.0090578324391,0.9950755111128509,2.0319411055631402,13.460734485973274,0.9950609441159932,2.0318338137854663,13.459950746526307,67.18602722916411,137.64108225411763,910.345258853857,-0.3967090607164252,,4,primary_icgn_fallback_line_search,,0,0,,3.972100003011292,12.426600002072519,16.51810000112164,56.856700000935234,343.39031982421875,353.0057678222656,0.0002460405812598765,0.0028695582178775375,0.0019130388119183584,cycle_valid,60.81673588499029,0.3352805606910244,0.2045937303551336,0.224176796970521,icgn_high_residual,False,4,0.5131248882599035,35.41497283570052,0.224176796970521,0.40322737039548623,0.224176796970521,0.1,icgn_high_residual,True,line_search,4.577701916161937,-0.00012587980267738102,line_search_refined,0.01132861834853722,0.014596661471499423,0.6848968847058088,-0.0062573516046882105,-0.0015893856711386434,-0.0009048608292543392,0.006519154012341924,0.7037796632492297,0.000992006950185778,updated,0,True,filtered,266,measured,0,measurement,insufficient_references,False,0,0,,,,,,,,,,,,0.9950609441159932,2.0318338137854663,13.459950746526307,67.18602722916411,137.64108225411763,910.345258853857,,,,,,,,,,,0.9451905255218407,0.9564377232213698,0.8370754896766711,0.9999429090603371,0.8677636464278559,0.9993623203960272,0.5113096302286633,0.8513078347813283,0.9997207968935261,,0.6848968847058088,HIGH,,,,,,,,,,,,0.9950609441159932,2.0318338137854663,13.459950746526307,estimated,0.9950609441159932,2.0318338137854663,13.459950746526307,0.8254329017882516,True,temporal;spatial,flow_3d;spectral;phase;coherence,False,NORMAL,0.05,NONE,,5.531375319908264,0.6236890112861602,,,,0.3967090607164323,0.00042135782973673486,9.650505671743304e-05,,,False,,,,,,,,,,,,,,,,,,,,,,False,,,,,,,
0,research_full,267,P1,valid,140.00283628162518,320.0319587915754,119.12518768960237,320.02996826171875,20.87209336340843,-0.979908025196311,0.257981331918118,2.9687332274975993,3.136901509692437,0.09416592200186061,0.00020528600725810975,0.12309723550080776,0.7526786742197563,20.876902764499192,21.0,20.876902764499192,20.87209336340843,119.12518768960237,320.02996826171875,119.13074291821675,320.0319587915754,-0.9796865840899098,0.2579104252406504,2.968049321988072,-0.979908025196311,0.257981331918118,2.9687332274975993,-14.57123895351009,4.021971405000491,44.193895562131935,-0.12309723550080776,,4,primary_icgn_fallback_line_search,,0,0,,5.491500003699912,20.031600000947947,25.677400000859052,59.01839999933145,119.1453857421875,320.0376281738281,0.0002967628533951938,0.02160174950681116,0.014401166337874105,cycle_valid,92.63298118339547,0.2901668023385532,0.19600088033669258,0.0766173319591723,icgn_high_residual,False,4,0.4871600357738081,27.994157059621656,0.0766173319591723,0.1807979995319493,0.0766173319591723,0.1,icgn_high_residual,True,line_search,20.768101371734314,-0.0003393721744000245,line_search_refined,0.01095254053263157,0.014824925575762427,0.6734738795463834,-0.002855474284359616,-0.007620940013453037,0.016120502389799896,0.01805832376985286,0.701659354375462,0.006809190687286178,updated,0,True,filtered,267,measured,0,measurement,insufficient_references,False,0,0,,,,,,,,,,,,-0.979908025196311,0.257981331918118,2.9687332274975993,-14.57123895351009,4.021971405000491,44.193895562131935,,,,,,,,,,,0.9640156962374559,0.9686113593327131,0.8299327366485653,0.9999163251898912,0.9589675881663974,0.9951996112207087,0.5360380611678017,0.5649374302005721,0.9984200141495122,,0.6734738795463834,HIGH,,,,,,,,,,,,-0.979908025196311,0.257981331918118,2.9687332274975993,estimated,-0.979908025196311,0.257981331918118,2.9687332274975993,0.9119044562044237,True,temporal;spatial,flow_3d;spectral;phase;coherence,False,NORMAL,0.05,NONE,,2.2368952959223547,0.5756770396663405,,,,0.12309723550080776,0.0019905298566413876,0.00020528600725810975,,,False,,,,,,,,,,,,,,,,,,,,,,False,,,,,,,
0,research_full,267,P2,valid,238.97347860854376,350.0062760849012,227.901410024306,349.9980163574219,11.066478881934643,-0.7717745930754432,0.8125672317604712,5.599222458783586,5.7102708930132335,0.024814558038733198,0.00028668661252595484,0.071200449326831,0.7927545902906371,11.071200449326831,11.0,11.071200449326831,11.066478881934643,227.901410024306,349.9980163574219,227.90699972660911,350.0062760849012,-0.7714548898217087,0.8121309001347929,5.596834541926332,-0.7717745930754432,0.8125672317604712,5.599222458783586,-0.010961407530984957,-0.2239758017847926,-2.0138888216312267,0.071200449326831,,4,primary_icgn_fallback_line_search,,0,0,,3.5337000008439645,11.600999998336192,15.256099999533035,59.01839999933145,227.9103240966797,350.0224914550781,0.00029627210460603237,0.02604786155457903,0.01736524103638602,cycle_valid,54.254046271041155,0.29281688600613237,0.2680023279673992,0.27371715056589413,icgn_high_residual,False,3,0.6953377694637093,57.21180955190774,0.27371715056589413,0.6026647740737447,0.27371715056589413,0.1,icgn_high_residual,True,line_search,11.055073226322216,0.0007224692921186211,line_search_refined,0.01158165063784459,0.013995959121046809,0.7137900708835205,-0.003240826271365904,-0.030834310971783907,0.016200634679245596,0.03498168452256443,0.7085566407940157,0.027698461236368935,updated,0,True,filtered,267,measured,0,measurement,insufficient_references,False,0,0,,,,,,,,,,,,-0.7717745930754432,0.8125672317604712,5.599222458783586,-0.010961407530984957,-0.2239758017847926,-2.0138888216312267,,,,,,,,,,,0.938560650081641,0.9917284806537556,0.8756229709415504,0.9999028402138114,0.9762665168910564,0.9942115863212047,0.3377735528917054,0.8782197854083362,0.9990176653094858,,0.7137900708835205,HIGH,,,,,,,,,,,,-0.7717745930754432,0.8125672317604712,5.599222458783586,estimated,-0.7717745930754432,0.8125672317604712,5.599222458783586,0.8001309072467676,True,temporal;spatial,flow_3d;spectral;phase;coherence,False,NORMAL,0.05,NONE,,7.655840421795124,0.0,,,,0.071200449326831,0.008259727479298817,0.00028668661252595484,,,False,,,,,,,,,,,,,,,,,,,,,,False,,,,,,,
0,research_full,267,P3,valid,347.9940407262584,353.0085432750889,343.38195021935087,353.00787353515625,4.608968154974101,0.9938591463596814,2.0294357757707515,13.444153878240654,13.632741436431422,0.1323596121848633,4.31583721365314e-05,0.38811477013212414,0.7660556626989822,4.611885229867876,5.0,4.611885229867876,4.608968154974101,343.38195021935087,353.00787353515625,343.3850725712843,353.0085432750889,0.9932251608757265,2.0281346539122085,13.435650283334978,0.9938591463596814,2.0294357757707515,13.444153878240654,65.98422947285232,135.24304423940282,894.5483905682039,-0.38811477013212414,,4,primary_icgn_fallback_line_search,,0,0,,3.3688999974401668,10.574600000836654,14.063499998883344,59.01839999933145,343.3877258300781,353.00628662109375,0.0002625221386551857,0.005989655709182851,0.003993103806121901,cycle_valid,60.8758277362052,0.3407760227955562,0.20841641061069288,0.23629704009135438,icgn_high_residual,False,3,0.5101858495353654,35.63727115002666,0.23629704009135438,0.40161083921755303,0.23629704009135438,0.1,icgn_high_residual,True,line_search,4.59522390749545,0.00039206825391258164,line_search_refined,0.01133963753430313,0.01456322272024392,0.6859469082252295,-0.0007737220208241524,-0.0025243570105999424,0.0098591886352688,0.01020659711305814,0.7041262722837305,0.0021379366141969862,updated,0,True,filtered,267,measured,0,measurement,insufficient_references,False,0,0,,,,,,,,,,,,0.9938591463596814,2.0294357757707515,13.444153878240654,65.98422947285232,135.24304423940282,894.5483905682039,,,,,,,,,,,0.945243728795315,0.9558801292717123,0.8400637779162331,0.9999490532482014,0.8706284099559586,0.9986689653979594,0.5141087147282235,0.8589346133136225,0.9989597598746732,,0.6859469082252295,HIGH,,,,,,,,,,,,0.9938591463596814,2.0294357757707515,13.444153878240654,estimated,0.9938591463596814,2.0294357757707515,13.444153878240654,0.3078104980562192,True,temporal;spatial,flow_3d;spectral;phase;coherence,False,NORMAL,0.05,NONE,,21.844014145311046,14.414759974461143,,,,0.38811477013212414,0.0006697399326753839,4.31583721365314e-05,,,False,,,,,,,,,,,,,,,,,,,,,,False,,,,,,,
0,research_full,268,P1,valid,140.0027089425149,320.03436949454533,119.13674778919201,320.0353698730469,20.867585720575747,-0.9801204312561823,0.25805096311606723,2.969374508632574,3.1375804900986806,0.08282619698916598,4.31583721365314e-05,0.13436741809827168,0.7672519184932236,20.86563258190173,21.0,20.86563258190173,20.867585720575747,119.13674778919201,320.0353698730469,119.13512322193914,320.03436949454533,-0.9802140712307954,0.2580808885366639,2.9696524585182384,-0.9801204312561823,0.25805096311606723,2.969374508632574,-14.783645013381363,4.091602602949718,44.83517669710668,-0.13436741809827168,,4,primary_icgn_fallback_line_search,,0,0,,4.95500000033644,16.660099998262012,21.74649999869871,63.270400001783855,119.12812805175781,320.02825927734375,0.00026440006331540644,0.0111740970412774,0.0074493980275182675,cycle_valid,92.75165263390517,0.3009893326052474,0.21816313561608142,0.09167731480498319,icgn_high_residual,False,4,0.4886251219809536,27.966193020728277,0.09167731480498319,0.17794938226663634,0.09167731480498319,0.1,icgn_high_residual,True,line_search,20.769755119064257,-0.000452670149752688,line_search_refined,0.01090875250457928,0.014636949293001968,0.6826509461289361,-0.001262506727670143,0.0038438662255089184,-0.006606542325069853,0.0077469756866767004,0.7043629514629881,0.0012720952428051757,updated,0,True,filtered,268,measured,0,measurement,insufficient_references,False,0,0,,,,,,,,,,,,-0.9801204312561823,0.25805096311606723,2.969374508632574,-14.783645013381363,4.091602602949718,44.83517669710668,,,,,,,,,,,0.9640617364901287,0.9723912676702781,0.8472091389812412,0.999948740260758,0.9552108606339095,0.9975168673241606,0.5346427409705203,0.636405872006174,0.9991927283309056,,0.6826509461289361,HIGH,,,,,,,,,,,,-0.9801204312561823,0.25805096311606723,2.969374508632574,estimated,-0.9801204312561823,0.25805096311606723,2.969374508632574,0.8014925994905802,True,temporal;spatial,flow_3d;spectral;phase;coherence,False,NORMAL,0.05,NONE,,1.8590761583135742,4.936919140877957,,,,0.13436741809827168,0.001000378501544219,4.31583721365314e-05,,,False,,,,,,,,,,,,,,,,,,,,,,False,,,,,,,
0,research_full,268,P2,valid,238.9676828257388,350.0142562729117,227.91292447556225,350.0172119140625,11.055599158784862,-0.7725971864390196,0.8134537495806416,5.604732607019849,5.7159112144426985,0.021798028412106707,0.00014395112521015108,0.05304842482838623,0.7942941449969269,11.053048424828386,11.0,11.053048424828386,11.055599158784862,227.91292447556225,350.0172119140625,227.91208366695392,350.0142562729117,-0.7727940998080877,0.8136736562475955,5.606026022304774,-0.7725971864390196,0.8134537495806416,5.604732607019849,-0.8335547711074698,0.6625420183856701,3.4962594146312753,0.05304842482838623,,4,primary_icgn_fallback_line_search,,0,0,,4.806699998880504,14.363800000865012,19.303000000945758,63.270400001783855,227.90573120117188,350.0069580078125,0.0001220703125,0.01252540577542323,0.00835027051694882,cycle_valid,53.26555211781002,0.28628483606443184,0.26448680765232513,0.34504444134113016,icgn_high_residual,False,4,0.7003066791791298,57.34325597191161,0.34504444134113016,0.604306959291172,0.34504444134113016,0.1,icgn_high_residual,True,line_search,11.054650113037797,0.0005725695792321257,line_search_refined,0.011553340502831645,0.013936611443792503,0.7163309426372972,-0.006395824785101922,0.011055314752923096,-0.008786552375012135,0.015502582417350811,0.7097002501538997,0.005382982279622979,updated,0,True,filtered,268,measured,0,measurement,insufficient_references,False,0,0,,,,,,,,,,,,-0.7725971864390196,0.8134537495806416,5.604732607019849,-0.8335547711074698,0.6625420183856701,3.4962594146312753,,,,,,,,,,,0.937420467810775,0.9927339905292978,0.8739697694973472,0.999955663093715,0.9823171917238712,0.9972165764943504,0.33304125792463823,0.9033940868492991,0.9983226012701627,,0.7163309426372972,HIGH,,,,,,,,,,,,-0.7725971864390196,0.8134537495806416,5.604732607019849,estimated,-0.7725971864390196,0.8134537495806416,5.604732607019849,0.7877005720782925,True,temporal;spatial,flow_3d;spectral;phase;coherence,False,NORMAL,0.05,NONE,,7.285557352759109,0.6101873037052883,,,,0.05304842482838623,0.0029556411507769553,0.00014395112521015108,,,False,,,,,,,,,,,,,,,,,,,,,,False,,,,,,,
0,research_full,268,P3,valid,347.9870573244431,353.01102407839807,343.39372465126206,353.01165771484375,4.5966556078737515,0.9963384335916421,2.034936755212636,13.480165229094661,13.669254276501697,0.13297385967066658,0.0001258271950064227,0.4088613700120618,0.7585911615431851,4.591138629987961,5.0,4.591138629987961,4.5966556078737515,343.39372465126206,353.01165771484375,343.39040171656933,353.01102407839807,0.9974781740710732,2.0373986639411776,13.496363775786314,0.9963384335916421,2.034936755212636,13.480165229094661,68.46351670481299,140.74402368128736,930.5597414222113,-0.4088613700120387,,4,primary_icgn_fallback_line_search,,0,0,,4.068599999300204,14.099799998803064,18.301800002518576,63.270400001783855,343.3838195800781,353.0068359375,0.00046682916581630707,0.011016350208283864,0.007344233472189242,cycle_valid,60.665094339309505,0.3301589365074942,0.19718507683682765,0.19898874848132683,icgn_high_residual,False,5,0.5079306154863741,35.269638302875286,0.19898874848132683,0.3943380042483208,0.19898874848132683,0.1,icgn_high_residual,True,line_search,4.590239877713742,-0.00012972995348613006,line_search_refined,0.011365744179106227,0.014692516896759553,0.6791033817247198,-0.008257779114728692,0.002384834457245688,-0.01851925803373966,0.0204166909516784,0.702095090648913,0.00868093833969288,updated,0,True,filtered,268,measured,0,measurement,insufficient_references,False,0,0,,,,,,,,,,,,0.9963384335916421,2.034936755212636,13.480165229094661,68.46351670481299,140.74402368128736,930.5597414222113,,,,,,,,,,,0.9450535209804591,0.9556753801097778,0.8309540769106125,0.9999012239398629,0.8637128766626461,0.9975519221759369,0.5162565566796438,0.8324863411236473,0.9977737910636998,,0.6791033817247198,HIGH,,,,,,,,,,,,0.9963384335916421,2.034936755212636,13.480165229094661,estimated,0.9963384335916421,2.034936755212636,13.480165229094661,0.07851179093508986,True,temporal;spatial,flow_3d;spectral;phase;coherence,False,OCCLUSION,0.65,KALMAN_PREDICT,,52.53604889876715,30.96549418246508,,,,0.4088613700120618,0.0006336364456842603,0.0001258271950064227,,,False,,,,,,,,,,,,,,,,,,,,,,False,,,,,,,
0,research_full,269,P1,valid,139.99746111107282,320.03544435536844,119.13556342370282,320.03564453125,20.86185759455192,-0.9804198231777421,0.25812801840634275,2.9701898220014953,3.138451956345283,0.10593608646607124,0.0002593994140625,0.8598741983674927,0.7419783183968252,20.85987419836749,21.0,20.85987419836749,20.86185759455192,119.13556342370282,320.03564453125,119.1356035165209,320.03544435536844,-0.9805247185343914,0.2581537166863197,2.9704722332521087,-0.9804198231777421,0.25812801840634275,2.9701898220014953,-15.083036934941173,4.168657893225236,45.65049006602795,-0.14012580163251087,,4,primary_icgn_fallback_line_search,,0,0,,4.061199997522635,14.727000001585111,18.923999999969965,58.14099999770406,119.12853240966797,320.0400390625,0.0011292535346001387,0.008291384882243694,0.005527589921495796,cycle_valid,92.48030044035109,0.3005588682676393,0.19462278180156806,0.09530313380224918,icgn_high_residual,False,4,0.4961708605070188,28.03015839676232,0.09530313380224918,0.1777993189274731,0.09530313380224918,0.1,icgn_high_residual,True,line_search,20.765427320179278,-0.0007180148426498158,line_search_refined,0.010905157897096108,0.015693783277066102,0.6365810630411094,-0.0077694319502938924,0.0007685996256441285,-0.006370089453554328,0.010076351416116448,0.6886391943327969,0.0022608112384881396,updated,0,True,filtered,269,measured,0,measurement,insufficient_references,False,0,0,,,,,,,,,,,,-0.9804198231777421,0.25812801840634275,2.9701898220014953,-15.083036934941173,4.168657893225236,45.65049006602795,,,,,,,,,,,0.9639562877990075,0.9646879711779762,0.8287285125370417,0.9997685578418896,0.7133752672108358,0.9981574700261681,0.5274563233266487,0.65023885360896,0.9990365241651525,,0.6365810630411094,HIGH,,,,,,,,,,,,-0.9804198231777421,0.25812801840634275,2.9701898220014953,estimated,-0.9804198231777421,0.25812801840634275,2.9701898220014953,0.9756837064041606,True,temporal;spatial,flow_3d;spectral;phase;coherence,False,NORMAL,0.05,NONE,,0.19470201779423102,0.5458575979295162,,,,0.8598741983674927,0.0002001758815595167,0.0002593994140625,,,False,,,,,,,,,,,,,,,,,,,,,,False,,,,,,,
0,research_full,269,P2,valid,238.9689103247963,350.01085930993304,227.91571691967158,350.0086975097656,11.052956959198355,-0.7727685086192992,0.8136112147399513,5.606072413393059,5.717270527172121,0.029721291377764684,0.000152587890625,0.05460473560185797,0.7896645827648069,11.054604735601858,11.0,11.054604735601858,11.052956959198355,227.91571691967158,350.0086975097656,227.91595336559794,350.01085930993304,-0.7726379553697986,0.8134664027583023,5.605236783892044,-0.7727685086192992,0.8136112147399513,5.606072413393059,-1.0048769513870681,0.8200071776953699,4.836065787841015,0.05460473560185797,,4,primary_icgn_fallback_line_search,,0,0,,3.7326999990909826,13.056300002062926,16.90969999981462,58.14099999770406,227.90740966796875,350.0169677734375,0.00018625725351739675,0.011722102714808851,0.0078147351432059,cycle_valid,54.428032890157404,0.290532666587768,0.2608113752100033,0.3306634634738736,icgn_high_residual,False,4,0.7011245846835287,57.91620756880765,0.3306634634738736,0.5860074001848992,0.3306634634738736,0.1,icgn_high_residual,True,line_search,11.041320225789688,0.00039177670568616406,line_search_refined,0.011518413452649492,0.013987368029650551,0.7148419221599545,0.005287528385991891,-0.008099151782801073,0.005655910113576468,0.011204621155861379,0.7086629082827339,0.00283422952690833,updated,0,True,filtered,269,measured,0,measurement,insufficient_references,False,0,0,,,,,,,,,,,,-0.7727685086192992,0.8136112147399513,5.606072413393059,-1.0048769513870681,0.8200071776953699,4.836065787841015,,,,,,,,,,,0.9387570493304357,0.9900929028740785,0.8721937135353334,0.9999435258093096,0.9817984214660473,0.9973950882855981,0.33226230030140125,0.8991925718579818,0.9998757048274096,,0.7148419221599545,HIGH,,,,,,,,,,,,-0.7727685086192992,0.8136112147399513,5.606072413393059,estimated,-0.7727685086192992,0.8136112147399513,5.606072413393059,0.8757968922429333,True,temporal;spatial,flow_3d;spectral;phase;coherence,False,NORMAL,0.05,NONE,,4.283389217807258,0.0,,,,0.05460473560185797,0.002161800167414185,0.000152587890625,,,False,,,,,,,,,,,,,,,,,,,,,,False,,,,,,,
0,research_full,269,P3,valid,347.98523234579307,353.0101546683759,343.3929484091179,353.0093688964844,4.592827010372773,0.9971211602483501,2.03661030253809,13.491402344446998,13.680642139620831,0.1311680443327967,6.823938019806519e-05,0.4073221884147573,0.7685975301758318,4.592677811585243,5.0,4.592677811585243,4.592827010372773,343.3929484091179,353.0093688964844,343.3924053354203,353.0101546683759,0.9971638750340636,2.036655872006483,13.491840629246074,0.9971211602483501,2.03661030253809,13.491402344446998,69.24624336152097,142.41757100674147,941.7968567745482,-0.4073221884147573,,4,primary_icgn_fallback_line_search,,0,0,,3.729399999429006,15.03930000035325,18.889999999373686,58.14099999770406,343.3980407714844,353.0142517089844,0.000152587890625,0.0070550699771067095,0.004703379984737807,cycle_valid,60.323256659743535,0.3358068165938574,0.20463877226106073,0.23089856640121081,icgn_high_residual,False,5,0.5134693372932367,34.73699090895672,0.23089856640121081,0.39800346862671815,0.23089856640121081,0.1,icgn_high_residual,True,line_search,4.591038433183316,-0.00015498290796881126,line_search_refined,0.011355512762678323,0.014628192493889814,0.6832716341933988,0.0014843041615222319,-0.002961154566435198,-0.0005034811655342253,0.0033503863201547286,0.7036656031180503,0.00026152364498266444,updated,0,True,filtered,269,measured,0,measurement,insufficient_references,False,0,0,,,,,,,,,,,,0.9971211602483501,2.03661030253809,13.491402344446998,69.24624336152097,142.41757100674147,941.7968567745482,,,,,,,,,,,0.9447421522326758,0.9562773185557344,0.8371113500876095,0.9999631954548628,0.8642259371950809,0.998432206671754,0.5109815835302507,0.8556364647348519,0.9995028990595702,,0.6832716341933988,HIGH,,,,,,,,,,,,0.9971211602483501,2.03661030253809,13.491402344446998,estimated,0.9971211602483501,2.03661030253809,13.491402344446998,0.34936713490491955,True,temporal;spatial,flow_3d;spectral;phase;coherence,False,NORMAL,0.05,NONE,,25.1254910217401,10.058103168400327,,,,0.4073221884147573,0.0007857718915147416,6.823938019806519e-05,,,False,,,,,,,,,,,,,,,,,,,,,,False,,,,,,,
0,research_full,270,P1,valid,139.99632234857373,320.03552445112723,119.13430372686443,320.0353088378906,20.861194188043566,-0.980457571545126,0.2581366892411883,2.9702842769613222,3.1385538526359897,0.1039579621520052,0.00028668661252595484,0.8621104577058816,0.7304478850123403,20.862110457705874,21.0,20.862110457705874,20.861194188043566,119.13430372686443,320.0353088378906,119.13512816053016,320.03552445112723,-0.9804139797559358,0.258124107887696,2.9701538212542196,-0.980457571545126,0.2581366892411883,2.9702842769613222,-15.120785302325078,4.1773287280708065,45.74494502585491,-0.13788954229412553,,4,primary_icgn_fallback_line_search,,0,0,,3.7704000023950357,14.379300002474338,18.251499997859355,53.863700002693804,119.13449096679688,320.0351257324219,0.00022125244140625,0.0002618900627893657,0.00017459337519291047,cycle_valid,92.399169085263,0.29358550046574855,0.18962753831374335,0.10156360879758351,icgn_high_residual,False,4,0.4947881755768549,28.004858903129907,0.10156360879758351,0.1791694000786927,0.10156360879758351,0.1,icgn_high_residual,True,line_search,20.759389160073425,-0.0008317467577905207,line_search_refined,0.01086939590717848,0.015664800773518672,0.6383537250570881,0.00035341977846314876,-0.0008297615874539588,0.002997811307515974,0.0031305402836081966,0.6943537907103494,0.0001947945833047711,updated,0,True,filtered,270,measured,0,measurement,insufficient_references,False,0,0,,,,,,,,,,,,-0.980457571545126,0.2581366892411883,2.9702842769613222,-15.120785302325078,4.1773287280708065,45.74494502585491,,,,,,,,,,,0.963924639514264,0.9653473459493316,0.8242168113885309,0.9999153434910113,0.7126298474313728,0.999941802208269,0.528773166117281,0.6717984548996605,0.99996839260528,,0.6383537250570881,HIGH,,,,,,,,,,,,-0.980457571545126,0.2581366892411883,2.9702842769613222,estimated,-0.980457571545126,0.2581366892411883,2.9702842769613222,0.9321890018170648,True,temporal;spatial,flow_3d;spectral;phase;coherence,False,NORMAL,0.05,NONE,,0.7699159883709233,1.3421316564805945,,,,0.8621104577058816,0.0002156132366053498,0.00028668661252595484,,,False,,,,,,,,,,,,,,,,,,,,,,False,,,,,,,
0,research_full,270,P2,valid,238.9690182081435,350.01225077042676,227.91096875026778,350.0125427246094,11.055395353561611,-0.7725968911479772,0.8134469120084645,5.604835929763515,5.716011514547155,0.02518779199655644,9.1552734375e-05,0.058589965552528156,0.791225593235867,11.058589965552526,11.0,11.058589965552526,11.055395353561611,227.91096875026778,350.0125427246094,227.9136228545819,350.01225077042676,-0.7723678201993724,0.8132151005155531,5.603216801454741,-0.7725968911479772,0.8134469120084645,5.604835929763515,-0.8332594800650739,0.6557044462085493,3.599582158297032,0.05858996555252638,,4,primary_icgn_fallback_line_search,,0,0,,3.662100003566593,12.066999999660766,15.815400001883972,53.863700002693804,227.92044067382812,350.0173034667969,4.31583721365314e-05,0.010601037784518019,0.007067358523012012,cycle_valid,54.382331841591025,0.29321944498538005,0.2680316529888236,0.36056790062787275,icgn_high_residual,False,4,0.6994750170488141,57.51479130925596,0.36056790062787275,0.5862687876812444,0.36056790062787275,0.1,icgn_high_residual,True,line_search,11.045103207762772,0.0004803217447631951,line_search_refined,0.011514143718202282,0.013953341924550786,0.7161697372913004,0.0020239116625759834,0.0010932119940321172,0.010993343757315088,0.011231426349680853,0.709404885225288,0.0026396495879815953,updated,0,True,filtered,270,measured,0,measurement,insufficient_references,False,0,0,,,,,,,,,,,,-0.7725968911479772,0.8134469120084645,5.604835929763515,-0.8332594800650739,0.6557044462085493,3.599582158297032,,,,,,,,,,,0.9387055828528479,0.9916040693344812,0.8756365788830051,0.9999775481489147,0.9804700114824906,0.9976442138256627,0.33383331709636754,0.9075532423288691,0.9992961220441224,,0.7161697372913004,HIGH,,,,,,,,,,,,-0.7725968911479772,0.8134469120084645,5.604835929763515,estimated,-0.7725968911479772,0.8134469120084645,5.604835929763515,0.9129700538168124,True,temporal;spatial,flow_3d;spectral;phase;coherence,False,NORMAL,0.05,NONE,,2.6188570710298076,0.20936583870593495,,,,0.058589965552528156,0.0002919541826145178,9.1552734375e-05,,,False,,,,,,,,,,,,,,,,,,,,,,False,,,,,,,
0,research_full,270,P3,valid,347.9875299890654,353.00762891371164,343.38520071463074,353.0065002441406,4.599673204227176,0.9956971579740975,2.033512903444312,13.471321623118154,13.660274295648787,0.13723511613324163,0.00019301011343486607,0.3959123845526298,0.7542740522639604,4.60408761544737,5.0,4.60408761544737,4.599673204227176,343.38520071463074,353.0065002441406,343.3878567848382,353.00762891371164,0.994788446689852,2.031533660800615,13.458405284792097,0.9956971579740975,2.033512903444312,13.471321623118154,67.82224108726842,139.32017191296308,921.7161354457044,-0.3959123845526298,,4,primary_icgn_fallback_line_search,,0,0,,3.8182999996934086,12.76760000109789,16.828400002850685,53.863700002693804,343.3954772949219,353.0169372558594,0.00013647876039613038,0.014647160683813063,0.009764773789208708,cycle_valid,60.408179459560515,0.33328033004246016,0.19604521390921853,0.21934999452126175,icgn_high_residual,False,4,0.5120052928963242,35.21055640250019,0.21934999452126175,0.39426635060817117,0.21934999452126175,0.1,icgn_high_residual,True,line_search,4.598869988838776,-0.000740185397454896,line_search_refined,0.011384560056403217,0.014677297556715381,0.680365994268974,0.006612583630726476,-0.004244581611828835,0.01484830140672333,0.016799249685558258,0.7026992448984197,0.005907963591637259,updated,0,True,filtered,270,measured,0,measurement,insufficient_references,False,0,0,,,,,,,,,,,,0.9956971579740975,2.033512903444312,13.471321623118154,67.82224108726842,139.32017191296308,921.7161354457044,,,,,,,,,,,0.9448198346125496,0.9542549612889195,0.8299711955795626,0.9999450851876949,0.8680292051491234,0.9967450754035971,0.5123759115273103,0.848035859740574,0.9985934145356243,,0.680365994268974,HIGH,,,,,,,,,,,,0.9956971579740975,2.033512903444312,13.471321623118154,estimated,0.9956971579740975,2.033512903444312,13.471321623118154,0.19994094441236895,True,temporal;spatial,flow_3d;spectral;phase;coherence,False,OCCLUSION,0.65,KALMAN_PREDICT,,31.75592034092459,19.12145519128991,,,,0.3959123845526298,0.0011286695710168715,0.00019301011343486607,,,False,,,,,,,,,,,,,,,,,,,,,,False,,,,,,,
0,research_full,271,P1,valid,139.99911244915154,320.04099375564317,119.12991734735238,320.0427551269531,20.867130657116874,-0.9801625493418119,0.25809479818507186,2.9694392637662235,3.1376585361028253,0.11012536127623074,0.00023834990861359984,0.8706472278429374,0.7294600392899531,20.87064722784293,21.0,20.87064722784293,20.867130657116874,119.12991734735238,320.0427551269531,119.13198179203467,320.04099375564317,-0.9799890240162332,0.2580614684302447,2.9689389322204995,-0.9801625493418119,0.25809479818507186,2.9694392637662235,-14.825763099010958,4.135437671954345,44.89993183075613,-0.12935277215706975,,4,primary_icgn_fallback_line_search,,0,0,,4.697399999713525,15.81159999841475,20.648400000936817,57.393400002183625,119.12968444824219,320.0235900878906,0.00021592668781522661,0.019166454139007482,0.012777636092671655,cycle_valid,92.65097699436147,0.3009317808063569,0.19080641953012617,0.11448082021404124,icgn_high_residual,False,4,0.49372835878168614,28.34950259283792,0.11448082021404124,0.1807819768500674,0.11448082021404124,0.1,icgn_high_residual,True,line_search,20.765363881364316,-0.0005915899298920464,line_search_refined,0.010942392746314207,0.01563775696867723,0.6387227208323681,0.0055561349522577075,0.006739371379580916,0.011535769852720534,0.014469407323541282,0.6951594240390693,0.004416284202220759,updated,0,True,filtered,271,measured,0,measurement,insufficient_references,False,0,0,,,,,,,,,,,,-0.9801625493418119,0.25809479818507186,2.9694392637662235,-14.825763099010958,4.135437671954345,44.89993183075613,,,,,,,,,,,0.9640226855509987,0.9632915462412565,0.8253028728518729,0.9999242872339286,0.7097842573856876,0.9957407879691095,0.5297825154460132,0.7088304113212062,0.9988190678748845,,0.6387227208323681,HIGH,,,,,,,,,,,,-0.9801625493418119,0.25809479818507186,2.9694392637662235,estimated,-0.9801625493418119,0.25809479818507186,2.9694392637662235,0.9358457030180647,True,temporal;spatial,flow_3d;spectral;phase;coherence,False,NORMAL,0.05,NONE,,0.9979444732342901,0.9911961846435133,,,,0.8706472278429374,0.0017613713099535744,0.00023834990861359984,,,False,,,,,,,,,,,,,,,,,,,,,,False,,,,,,,
0,research_full,271,P2,valid,238.9684163676527,350.0140336957475,227.92585681397512,350.0143737792969,11.045536164789741,-0.7732930651293066,0.8141924182285294,5.609838777487923,5.721117248220412,0.025300602101807776,0.0001726334885461256,0.04266430418894629,0.7915479570893217,11.042664304188937,11.0,11.042664304188937,11.045536164789741,227.92585681397512,350.0143737792969,227.92288020286296,350.0140336957475,-0.7734930333858792,0.814407871566952,5.611297725665477,-0.7732930651293066,0.8141924182285294,5.609838777487923,-1.5294334613944471,1.4012106662734114,8.60242988270521,0.04266430418893741,,4,primary_icgn_fallback_line_search,,0,0,,4.10570000167354,12.84519999899203,17.084900002373615,57.393400002183625,227.91744995117188,349.99871826171875,0.0003549103857949376,0.01776993451961772,0.011846623013078482,cycle_valid,53.82763841623327,0.2893854795467375,0.2640848774449297,0.40923466872390674,icgn_high_residual,False,4,0.6965591597134704,56.67783174123343,0.40923466872390674,0.5708440414086278,0.40923466872390674,0.1,icgn_high_residual,True,line_search,11.031689311137916,0.0003292791732710093,line_search_refined,0.011559942793612681,0.013947800959509114,0.7158188500842675,0.0003910365206252209,0.00126954118076128,-0.009880122492186061,0.009969025269840193,0.7093294538528392,0.0020752153468652575,updated,0,True,filtered,271,measured,0,measurement,insufficient_references,False,0,0,,,,,,,,,,,,-0.7732930651293066,0.8141924182285294,5.609838777487923,-1.5294334613944471,1.4012106662734114,8.60242988270521,,,,,,,,,,,0.9380739443265623,0.9915664659660641,0.8737779548157413,0.9999120760209431,0.9857785652703512,0.9960511256623071,0.3366103240824091,0.9185471420657619,0.9984098844040057,,0.7158188500842675,HIGH,,,,,,,,,,,,-0.7732930651293066,0.8141924182285294,5.609838777487923,estimated,-0.7732930651293066,0.8141924182285294,5.609838777487923,0.6644959389788118,True,temporal;spatial,flow_3d;spectral;phase;coherence,False,NORMAL,0.05,NONE,,6.364752161556869,5.900633169790947,,,,0.04266430418894629,0.0003400835493607701,0.0001726334885461256,,,False,,,,,,,,,,,,,,,,,,,,,,False,,,,,,,
0,research_full,271,P3,valid,347.9913913304824,353.01056234585053,343.38556204529004,353.01177978515625,4.605159125176805,0.9946119462389584,2.031167136699155,13.455273837688237,13.644020188638883,0.13077110287756677,9.650505671743304e-05,0.3924285003681698,0.7541755216324003,4.60757149963183,5.0,4.60757149963183,4.605159125176805,343.38556204529004,353.01177978515625,343.3862322053056,353.01056234585053,0.9941367095384269,2.0301354853825604,13.448229094292719,0.9946119462389584,2.031167136699155,13.455273837688237,66.73702935212933,136.97440516780634,905.6683500157874,-0.3924285003681698,,4,primary_icgn_fallback_line_search,,0,0,,3.4794000021065585,12.551499999972293,16.175599997950485,57.393400002183625,343.3768310546875,353.00836181640625,0.000213623046875,0.00937617764751108,0.00625078509834072,cycle_valid,60.172780162133165,0.32625401556507666,0.1954829126875099,0.25505285584139775,icgn_high_residual,False,4,0.5070883050638484,35.31725429609482,0.25505285584139775,0.39496077898382637,0.25505285584139775,0.1,icgn_high_residual,True,line_search,4.608243399796906,-0.00025489562983948156,line_search_refined,0.011368560150195621,0.014610536527926517,0.6837621591597914,0.00656282906186334,0.004586029064682862,0.008146399580540198,0.011422180790163475,0.7038723142444664,0.0028419214474612754,updated,0,True,filtered,271,measured,0,measurement,insufficient_references,False,0,0,,,,,,,,,,,,0.9946119462389584,2.031167136699155,13.455273837688237,66.73702935212933,136.97440516780634,905.6683500157874,,,,,,,,,,,0.9446039667046827,0.9564096323741444,0.8294821124001847,0.9999483119827346,0.8691904998772767,0.9979164049672198,0.5170587570820491,0.8693081352750609,0.9990132002818038,,0.6837621591597914,HIGH,,,,,,,,,,,,0.9946119462389584,2.031167136699155,13.455273837688237,estimated,0.9946119462389584,2.031167136699155,13.455273837688237,0.5593284987500223,True,temporal;spatial,flow_3d;spectral;phase;coherence,False,NORMAL,0.05,NONE,,4.116345731561513,15.381270337270818,,,,0.3924285003681698,0.001217439305719381,9.650505671743304e-05,,,False,,,,,,,,,,,,,,,,,,,,,,False,,,,,,,
0,research_full,272,P1,valid,139.99818805422728,320.04673760916404,119.12155520938927,320.0480041503906,20.873643230607065,-0.9798620688612921,0.258047391853524,2.9685127991708344,3.1366839766346564,0.08866677367625168,5.50163458683528e-05,0.8762933013529235,0.7645357179208236,20.876293301352923,21.0,20.876293301352923,20.873643230607065,119.12155520938927,320.0480041503906,119.12454482362023,320.04673760916404,-0.9797396411388143,0.2580219368784016,2.9681359713109154,-0.9798620688612921,0.258047391853524,2.9685127991708344,-14.525282618491175,4.088031340406473,43.9734672353671,-0.12370669864707651,,4,primary_icgn_fallback_line_search,,0,0,,4.360999999335036,28.14110000326764,32.65800000008312,79.4491000015114,119.12680053710938,320.0472106933594,0.00023552474158350378,0.00530500112645891,0.0035366674176392737,cycle_valid,93.03372703759116,0.2956635023325746,0.2069967286563229,0.09852696407789406,icgn_high_residual,False,4,0.4905951585282385,28.342941005365347,0.09852696407789406,0.17815354267323055,0.09852696407789406,0.1,icgn_high_residual,True,line_search,20.769264803723917,-0.0006890451023033112,line_search_refined,0.01088257591437642,0.015612868008036102,0.639764151337891,-0.0013065670969467647,0.00487366468877326,0.008699067116783255,0.010056514991771204,0.6953615013793192,0.0020845225864616623,updated,0,True,filtered,272,measured,0,measurement,insufficient_references,False,0,0,,,,,,,,,,,,-0.9798620688612921,0.258047391853524,2.9685127991708344,-14.525282618491175,4.088031340406473,43.9734672353671,,,,,,,,,,,0.964170699815278,0.9704444087745828,0.8389668592846375,0.9999515764854247,0.7079022328823588,0.998821110860787,0.532766515687392,0.6616831377552599,0.9988553251111725,,0.639764151337891,HIGH,,,,,,,,,,,,-0.9798620688612921,0.258047391853524,2.9685127991708344,estimated,-0.9798620688612921,0.258047391853524,2.9685127991708344,0.8757616919544278,True,temporal;spatial,flow_3d;spectral;phase;coherence,False,NORMAL,0.05,NONE,,0.08182017882169912,4.1766093424246415,,,,0.8762933013529235,0.0012665412265846498,5.50163458683528e-05,,,False,,,,,,,,,,,,,,,,,,,,,,False,,,,,,,
0,research_full,272,P2,valid,238.96578588700694,350.01926996415824,227.92639592263532,350.020751953125,11.039217469849905,-0.7737643668565066,0.8147155404615869,5.6130497713825,5.724403937817771,0.022251086914297794,0.000152587890625,0.03872248556780278,0.7917613297966887,11.03872248556779,11.0,11.03872248556779,11.039217469849905,227.92639592263532,350.020751953125,227.92656841715703,350.01926996415824,-0.773806340697868,0.8147682313916845,5.613301464584789,-0.7737643668565066,0.8147155404615869,5.6130497713825,-2.000735188594449,1.9243328993309161,11.813423777282672,0.03872248556779034,,4,primary_icgn_fallback_line_search,,0,0,,5.881800003407989,12.783400001353584,18.81389999834937,79.4491000015114,227.9239959716797,350.01995849609375,0.0002625221386551857,0.002527714115538401,0.0016851427436922672,cycle_valid,53.81241339118651,0.29020752356501156,0.2679564366507138,0.38035171582566635,icgn_high_residual,False,4,0.6879709200674647,56.90654949074283,0.38035171582566635,0.575008075955189,0.38035171582566635,0.1,icgn_high_residual,True,line_search,11.031747296373796,0.0003045256801284377,line_search_refined,0.01149883223716152,0.013892600074252321,0.7191948572326242,-0.0025039064563543434,0.005559370156561272,-0.0017074273333648193,0.006331781122129725,0.7100993568264972,0.0009226811445644311,updated,0,True,filtered,272,measured,0,measurement,insufficient_references,False,0,0,,,,,,,,,,,,-0.7737643668565066,0.8147155404615869,5.6130497713825,-2.000735188594449,1.9243328993309161,11.813423777282672,,,,,,,,,,,0.9380564237269597,0.9925829710285674,0.8756016696222008,0.9999308149951199,0.9870925048107324,0.9994382857521026,0.34478959993574787,0.912361816848983,0.9991486526991842,,0.7191948572326242,HIGH,,,,,,,,,,,,-0.7737643668565066,0.8147155404615869,5.6130497713825,estimated,-0.7737643668565066,0.8147155404615869,5.6130497713825,0.917807168354654,True,temporal;spatial,flow_3d;spectral;phase;coherence,False,NORMAL,0.05,NONE,,1.8195500311434232,0.7717822077198662,,,,0.03872248556780278,0.0014819889667592179,0.000152587890625,,,False,,,,,,,,,,,,,,,,,,,,,,False,,,,,,,
0,research_full,272,P3,valid,347.98846459750166,353.0145284960043,343.3910419980416,353.0157165527344,4.599298926145702,0.9958026425694793,2.0338589385638692,13.47241788158993,13.661414592241487,0.1368529447365866,0.00048252526903524995,0.4038593808541293,0.748721404348818,4.596140619145871,5.0,4.596140619145871,4.599298926145702,343.3910419980416,353.0157165527344,343.38916567135595,353.0145284960043,0.9964533524083781,2.035287646593101,13.481675655715211,0.9958026425694793,2.0338589385638692,13.47241788158993,67.92772568265015,139.66620703252053,922.8123939174803,-0.4038593808541293,,4,primary_icgn_fallback_line_search,,0,0,,3.953800001909258,19.187900001270464,23.388499997963663,79.4491000015114,343.3938293457031,353.01409912109375,6.823938019806519e-05,0.0032226374444387623,0.002148424962959175,cycle_valid,60.23000107226194,0.33075560262394293,0.19390265788735633,0.18436076442026048,icgn_high_residual,False,5,0.5058083787044833,34.605931550893686,0.18436076442026048,0.39560905922772627,0.18436076442026048,0.1,icgn_high_residual,True,line_search,4.593256532929099,-0.0001381081171261169,line_search_refined,0.011343886089374196,0.014705672646055032,0.6792435449683252,-0.004835385840408435,0.004481123950881738,-0.010605331460309841,0.012487372961188676,0.7021962951699908,0.0032934481018900745,updated,0,True,filtered,272,measured,0,measurement,insufficient_references,False,0,0,,,,,,,,,,,,0.9958026425694793,2.0338589385638692,13.47241788158993,67.92772568265015,139.66620703252053,922.8123939174803,,,,,,,,,,,0.9446565951520719,0.9543823517544712,0.8280924372233328,0.9999082058917944,0.8653802063819569,0.9992838583456802,0.5182777345671588,0.8191950796138587,0.9988733219250151,,0.6792435449683252,HIGH,,,,,,,,,,,,0.9958026425694793,2.0338589385638692,13.47241788158993,estimated,0.9958026425694793,2.0338589385638692,13.47241788158993,0.24799379890083983,True,temporal;spatial,flow_3d;spectral;phase;coherence,False,OCCLUSION,0.65,KALMAN_PREDICT,,33.648987940222504,14.128890193682519,,,,0.4038593808541293,0.0011880567300863731,0.00048252526903524995,,,False,,,,,,,,,,,,,,,,,,,,,,False,,,,,,,
0,research_full,273,P1,valid,139.9947673586355,320.0432499557099,119.14743029092993,320.04083251953125,20.85497680516135,-0.9807588442627443,0.258258231481381,2.9711697919533275,3.1394960037151605,0.09081746512683135,0.00011917495430679992,0.15377794717994675,0.7593513964492193,20.84622205282007,21.0,20.84622205282007,20.85497680516135,119.14743029092993,320.04083251953125,119.13979055347414,320.0432499557099,-0.9811771695440491,0.25835273441655177,2.9724175890662305,-0.9807588442627443,0.258258231481381,2.9711697919533275,-15.422058019943341,4.298870968263479,46.6304600178602,-0.153777947179929,,4,primary_icgn_fallback_line_search,,0,0,,4.453300000022864,16.75989999785088,21.32999999957974,59.91630000062287,119.1207504272461,320.0460510253906,0.00021847261814400554,0.02718543598312433,0.018123623988749553,cycle_valid,92.6808946937844,0.2893338978318646,0.19851643270503322,0.08314650106268083,icgn_high_residual,False,5,0.4898748627859401,28.146844767963167,0.08314650106268083,0.18338142613153738,0.08314650106268083,0.1,icgn_high_residual,True,line_search,20.756678708938296,-0.00013067201824723068,line_search_refined,0.010973606802263718,0.014812315061874215,0.6728038232311598,-0.004258858208771699,-0.009233525083459426,-0.02980534324608186,0.031492131473211754,0.7062690313948918,0.02008315579202614,updated,0,True,filtered,273,measured,0,measurement,insufficient_references,False,0,0,,,,,,,,,,,,-0.9807588442627443,0.258258231481381,2.9711697919533275,-15.422058019943341,4.298870968263479,46.6304600178602,,,,,,,,,,,0.9640342991471264,0.9697275116243895,0.8320877880026091,0.9999437254045915,0.9487406842733511,0.9939587920037501,0.533452511632438,0.5991011899802654,0.9965782204533465,,0.6728038232311598,HIGH,,,,,,,,,,,,-0.9807588442627443,0.258258231481381,2.9711697919533275,estimated,-0.9807588442627443,0.258258231481381,2.9711697919533275,0.8406882879489437,True,temporal;spatial,flow_3d;spectral;phase;coherence,False,NORMAL,0.05,NONE,,3.7869881702433252,1.50569652413631,,,,0.15377794717994675,0.002417436178632215,0.00011917495430679992,,,False,,,,,,,,,,,,,,,,,,,,,,False,,,,,,,
0,research_full,273,P2,valid,238.96737227435145,350.0207327466682,227.9303617999786,350.0203552246094,11.036822985439532,-0.7739149384813563,0.8149082481983437,5.614267545753799,5.725645802902122,0.026455181293222853,6.823938019806519e-05,0.03809828302919982,0.7899655576106931,11.038098283029187,11.0,11.038098283029187,11.036822985439532,227.9303617999786,350.0203552246094,227.93054928891192,350.0207327466682,-0.7738136621331027,0.8148099805183914,5.613618895806571,-0.7739149384813563,0.8149082481983437,5.614267545753799,-2.1513068134441093,2.1170406360877525,13.03119814858178,0.038098283029187385,,4,primary_icgn_fallback_line_search,,0,0,,4.25609999729204,11.981699997704709,16.334900003130315,59.91630000062287,227.92300415039062,350.0196533203125,0.00024839508114382625,0.007391053855952266,0.004927369237301511,cycle_valid,53.941634049106376,0.2915546285409431,0.2650994472477203,0.42249910861901213,icgn_high_residual,False,4,0.6982736684718229,57.196036568801986,0.42249910861901213,0.5476582565688254,0.42249910861901213,0.1,icgn_high_residual,True,line_search,11.022938337956006,0.0002454621170470747,line_search_refined,0.011514231862464286,0.013970080719466151,0.7157153430327042,0.004071497173896432,-0.0014130058505088527,0.004377274133817721,0.006142817237490349,0.7086548498748408,0.0008305757081445906,updated,0,True,filtered,273,measured,0,measurement,insufficient_references,False,0,0,,,,,,,,,,,,-0.7739149384813563,0.8149082481983437,5.614267545753799,-2.1513068134441093,2.1170406360877525,13.03119814858178,,,,,,,,,,,0.9382048135527598,0.9911816062355924,0.8742610228749921,0.9999472275897764,0.9873005723236,0.9983575435875661,0.3349774585982638,0.921104370036928,0.9998601114327285,,0.7157153430327042,HIGH,,,,,,,,,,,,-0.7739149384813563,0.8149082481983437,5.614267545753799,estimated,-0.7739149384813563,0.8149082481983437,5.614267545753799,0.9262199059439129,True,temporal;spatial,flow_3d;spectral;phase;coherence,False,NORMAL,0.05,NONE,,2.0457188482043285,0.3041137154139051,,,,0.03809828302919982,0.0003775220588408956,6.823938019806519e-05,,,False,,,,,,,,,,,,,,,,,,,,,,False,,,,,,,
0,research_full,273,P3,valid,347.98924010277597,353.0169437560669,343.386936666186,353.0171813964844,4.601493708396151,0.9953479572292157,2.0329520196392505,13.4659919196065,13.654909368026697,0.1355000095399153,0.0,0.6027789099858865,0.7375099066740436,4.602778909985875,5.0,4.602778909985875,4.601493708396151,343.386936666186,353.0171813964844,343.3877463943798,353.0169437560669,0.9950824663609459,2.0323905867956826,13.46223190537146,0.9953479572292157,2.0329520196392505,13.4659919196065,67.47304034238655,138.75928810790182,916.3864319340505,-0.3972210900141251,,4,primary_icgn_fallback_line_search,,0,0,,3.860300002997974,14.08899999660207,18.098900000040885,59.91630000062287,343.386474609375,353.0159606933594,0.00018563118646852672,0.001305225120799346,0.0008701500805328973,cycle_valid,60.21403664997997,0.3249900088877842,0.18948999934786886,0.22016053847736522,icgn_high_residual,False,4,0.49984870439097134,34.47337632391303,0.22016053847736522,0.3917369500137223,0.22016053847736522,0.1,icgn_high_residual,True,line_search,4.601381290418757,-0.0006978962949608825,line_search_refined,0.011334742926729108,0.014928023590060327,0.6695897086359327,0.0017934279317159962,0.0008963508075225946,0.004277052043636154,0.004723664118073778,0.6995122863571277,0.0004622490488589421,updated,0,True,filtered,273,measured,0,measurement,insufficient_references,False,0,0,,,,,,,,,,,,0.9953479572292157,2.0329520196392505,13.4659919196065,67.47304034238655,138.75928810790182,916.3864319340505,,,,,,,,,,,0.944641922070268,0.9548333301533616,0.8240892213412305,0.999969061468922,0.7990736966713712,0.9997099499731557,0.5239536148657415,0.8485953315527508,0.9995650966178825,,0.6695897086359327,HIGH,,,,,,,,,,,,0.9953479572292157,2.0329520196392505,13.4659919196065,estimated,0.9953479572292157,2.0329520196392505,13.4659919196065,0.40042599271609325,True,temporal;spatial,flow_3d;spectral;phase;coherence,False,NORMAL,0.05,NONE,,23.899858777551106,7.722427355114353,,,,0.6027789099858865,0.00023764041748108866,0.0,,,False,,,,,,,,,,,,,,,,,,,,,,False,,,,,,,
0,research_full,274,P1,valid,139.99750634203514,320.04530873672473,119.13798594753375,320.045654296875,20.857904075795005,-0.9806053961979359,0.25823386656661224,2.9707528076749465,3.139051435896365,0.09581634735062387,0.000152587890625,0.13905406276814247,0.7483700794724316,20.86094593723187,21.0,20.86094593723187,20.857904075795005,119.13798594753375,320.045654296875,119.13960226624013,320.04530873672473,-0.980454183440706,0.2581982056369451,2.9703196241351724,-0.9806053961979359,0.25823386656661224,2.9707528076749465,-15.268609955134904,4.27450605349472,46.21347573947921,-0.13905406276812826,,4,primary_icgn_fallback_line_search,,0,0,,3.765500005101785,13.13540000046487,17.007599999487866,54.4530000006489,119.14868927001953,320.0439147949219,0.00045425340067595243,0.010843753007126382,0.007229168671417588,cycle_valid,92.93546625437186,0.2901149377224312,0.1942985903718073,0.09861256927847227,icgn_high_residual,False,4,0.4906658539804454,28.366104628979123,0.09861256927847227,0.1799900030387678,0.09861256927847227,0.1,icgn_high_residual,True,line_search,20.762078053414946,-0.000731307865345984,line_search_refined,0.010907221599638117,0.014699673159249051,0.679779833170514,0.0054803476848519495,0.0013284693113178037,0.010271017166218144,0.011717202528194309,0.7038402927734657,0.002883776223921532,updated,0,True,filtered,274,measured,0,measurement,insufficient_references,False,0,0,,,,,,,,,,,,-0.9806053961979359,0.25823386656661224,2.9707528076749465,-15.268609955134904,4.27450605349472,46.21347573947921,,,,,,,,,,,0.9641328174519539,0.968061217549792,0.828442742330003,0.9998988597847832,0.9536486457439525,0.9975902771095275,0.5326991866852901,0.6619768293512032,0.9992541367855404,,0.679779833170514,HIGH,,,,,,,,,,,,-0.9806053961979359,0.25823386656661224,2.9707528076749465,estimated,-0.9806053961979359,0.25823386656661224,2.9707528076749465,0.7322887291064449,True,temporal;spatial,flow_3d;spectral;phase;coherence,False,NORMAL,0.05,NONE,,3.2569349819635596,6.238384606097218,,,,0.13905406276814247,0.0003455601502651007,0.000152587890625,,,False,,,,,,,,,,,,,,,,,,,,,,False,,,,,,,
0,research_full,274,P2,valid,238.96209015083426,350.02326880336176,227.93758214901536,350.0234069824219,11.025515391669092,-0.7747663146766389,0.8157716895615135,5.620025449531606,5.73152966887816,0.023744880406687704,0.00028790225042030215,0.02272974063308908,0.7903568916675474,11.022729740633089,11.0,11.022729740633089,11.025515391669092,227.93758214901536,350.0234069824219,227.93657475916515,350.02326880336176,-0.7749815296488473,0.8159793591910646,5.621445735620825,-0.7747663146766389,0.8157716895615135,5.620025449531606,-3.0026830087267475,2.9804819992574894,18.789101926388163,0.02272974063308908,,4,primary_icgn_fallback_line_search,,0,0,,3.9600999989488628,9.47939999969094,13.545500001782784,54.4530000006489,227.92974853515625,350.01336669921875,0.0003286843711975962,0.012734708198169449,0.008489805465446299,cycle_valid,53.59024873912016,0.2891789067819542,0.2654340263752665,0.42906409097170906,icgn_high_residual,False,2,0.6874101499737293,56.79307769114035,0.42906409097170906,0.543216315340787,0.42906409097170906,0.1,icgn_high_residual,True,line_search,11.004731909698933,0.0009003012643629203,line_search_refined,0.011546830660844394,0.013926049071329301,0.7168148626294777,-0.006643534209615609,0.0005162331160022404,-0.00959548189995374,0.011682307833503195,0.7096913875669028,0.0029487106865790785,updated,0,True,filtered,274,measured,0,measurement,insufficient_references,False,0,0,,,,,,,,,,,,-0.7747663146766389,0.8157716895615135,5.620025449531606,-3.0026830087267475,2.9804819992574894,18.789101926388163,,,,,,,,,,,0.937799629377349,0.9920850398644374,0.8744195166364722,0.9998972355630636,0.9924234197889703,0.9971700648448513,0.34532366669168635,0.9223115286626696,0.9982398952036278,,0.7168148626294777,HIGH,,,,,,,,,,,,-0.7747663146766389,0.8157716895615135,5.620025449531606,estimated,-0.7747663146766389,0.8157716895615135,5.620025449531606,0.8345073846153332,True,temporal;spatial,flow_3d;spectral;phase;coherence,False,NORMAL,0.05,NONE,,4.642605483063213,1.004824260091027,,,,0.02272974063308908,0.00013817906011581726,0.00028790225042030215,,,False,,,,,,,,,,,,,,,,,,,,,,False,,,,,,,
0,research_full,274,P3,valid,347.9850755144602,353.0192562725364,343.3883665910247,353.0193786621094,4.597140644002513,0.9961814258343934,2.0349375801258502,13.478742960849221,13.667840363160098,0.13878607883853902,3.0517578125e-05,0.40475453047782217,0.7348382343855502,4.595245469522178,5.0,4.595245469522178,4.597140644002513,343.3883665910247,353.0193786621094,343.3879348704577,353.0192562725364,0.9965539411441093,2.0357800361721847,13.484301873829128,0.9961814258343934,2.0349375801258502,13.478742960849221,68.3065089475643,140.74484859450155,929.1374731767714,-0.40475453047782217,,4,primary_icgn_fallback_line_search,,0,0,,3.878799998346949,16.22499999939464,20.237500000803266,54.4530000006489,343.3868713378906,353.0188293457031,0.00020471813331823796,0.0015929627896194346,0.001061975193079623,cycle_valid,60.36348813719094,0.3278435715422775,0.18905749270373848,0.20779657284127892,icgn_high_residual,False,5,0.5004097850821384,34.92907832528263,0.20779657284127892,0.3956929449805499,0.20779657284127892,0.1,icgn_high_residual,True,line_search,4.588494277180189,-0.00017041754395693716,line_search_refined,0.011332852488897711,0.014675759558398211,0.6808637543352092,-0.005519313951594995,0.00046158370378179825,-0.0064084793077645585,0.008470212101825704,0.7042707966554042,0.0015452825098392169,updated,0,True,filtered,274,measured,0,measurement,insufficient_references,False,0,0,,,,,,,,,,,,0.9961814258343934,2.0349375801258502,13.478742960849221,68.3065089475643,140.74484859450155,929.1374731767714,,,,,,,,,,,0.944778980867416,0.953737973720487,0.8236867904221699,0.9999607940480928,0.8650818231740592,0.9996460082689734,0.5234192523027252,0.8395867031031627,0.9992192750651837,,0.6808637543352092,HIGH,,,,,,,,,,,,0.9961814258343934,2.0349375801258502,13.478742960849221,estimated,0.9961814258343934,2.0349375801258502,13.478742960849221,0.4479891429104773,True,temporal;spatial,flow_3d;spectral;phase;coherence,False,NORMAL,0.05,NONE,,19.43664658492442,7.115163446167364,,,,0.40475453047782217,0.00012238957299359754,3.0517578125e-05,,,False,,,,,,,,,,,,,,,,,,,,,,False,,,,,,,
0,research_full,275,P1,valid,139.9902506415689,320.04505415215743,119.18058015796005,320.0444641113281,20.821765688435235,-0.9823492818750942,0.2586805872895114,2.9759088649142953,3.1445125743295175,0.11013186160219335,9.650505671743304e-05,0.19292451831160307,0.6980672937928252,20.807075481688383,21.0,20.807075481688383,20.821765688435235,119.18058015796005,320.0444641113281,119.16848495313367,320.04505415215743,-0.9830578506115895,0.25885980782445717,2.9780099154210737,-0.9823492818750942,0.2586805872895114,2.9759088649142953,-17.012495632293234,4.721226776393861,51.36953297882796,-0.19292451831161728,,4,primary_icgn_fallback_line_search,,0,0,,4.325800000515301,18.299399998795707,22.749499999918044,64.90689999918686,119.13768005371094,320.04638671875,6.866455078125e-05,0.042943164344089436,0.028628776229392958,cycle_valid,92.27482685911872,0.2883094318027017,0.17817757020050834,0.0854544405926305,icgn_high_residual,False,5,0.48864729072096735,28.18872845766741,0.0854544405926305,0.17779317608313527,0.0854544405926305,0.1,icgn_high_residual,True,line_search,20.742425704561864,-0.00015310708752980663,line_search_refined,0.011039573852028597,0.014961082466856908,0.6641675622148018,-0.009874104465552591,-0.0022451331313391165,-0.048834098919240176,0.04987291628758255,0.6991813697402961,0.05039098008836054,updated,0,True,filtered,275,measured,0,measurement,insufficient_references,False,0,0,,,,,,,,,,,,-0.9823492818750942,0.2586805872895114,2.9759088649142953,-17.012495632293234,4.721226776393861,51.36953297882796,,,,,,,,,,,0.9638760272243856,0.9632893794659355,0.8129207099646584,0.9999724717320836,0.9356918272294656,0.9904570745902024,0.5346216278847931,0.6099285993546371,0.9936665670106964,,0.6641675622148018,HIGH,,,,,,,,,,,,-0.9823492818750942,0.2586805872895114,2.9759088649142953,estimated,-0.9823492818750942,0.2586805872895114,2.9759088649142953,0.5980266598986212,True,temporal;spatial,flow_3d;spectral;phase;coherence,False,NORMAL,0.05,NONE,,5.905979069110364,9.765158804594119,,,,0.19292451831160307,0.0005900408293086912,9.650505671743304e-05,,,False,,,,,,,,,,,,,,,,,,,,,,False,,,,,,,
0,research_full,275,P2,valid,238.96378185209488,350.0283854247798,227.9245092979839,350.0294189453125,11.034274317499074,-0.7741328583933903,0.8151799462875872,5.61556431464782,5.726985472237536,0.026402783233668466,0.00018310546875,0.0406243690082988,0.7888011883940579,11.040624369008285,11.0,11.040624369008285,11.034274317499074,227.9245092979839,350.0294189453125,227.9295075345958,350.0283854247798,-0.7736728766895848,0.8147223596460162,5.612334504316495,-0.7741328583933903,0.8151799462875872,5.61556431464782,-2.369226725478124,2.3887387253311854,14.327967042602197,0.04062436900828459,,4,primary_icgn_fallback_line_search,,0,0,,4.424200000357814,14.68860000022687,19.214899999496993,64.90689999918686,227.93043518066406,350.0343933105469,0.0002813581668306142,0.007736949982011158,0.005157966654674106,cycle_valid,53.40783875636272,0.29198318702349674,0.2655804037898283,0.3479010991308928,icgn_high_residual,False,4,0.6929311228874558,57.71801303484184,0.3479010991308928,0.5505815103013019,0.3479010991308928,0.1,icgn_high_residual,True,line_search,11.0237519421539,0.0002487257310498692,line_search_refined,0.011531177576315334,0.013980389297609044,0.7139380305582217,0.005059113315041941,0.003867909355676602,0.021798377103747768,0.022709570552420406,0.7086915471281509,0.01084083109648072,updated,0,True,filtered,275,measured,0,measurement,insufficient_references,False,0,0,,,,,,,,,,,,-0.7741328583933903,0.8151799462875872,5.61556431464782,-2.369226725478124,2.3887387253311854,14.327967042602197,,,,,,,,,,,0.9375871892412756,0.9911990722554438,0.8744887316320512,0.9999225893940699,0.9864585436639004,0.9982806777817753,0.34006559725004204,0.9041873296272854,0.9981131601572241,,0.7139380305582217,HIGH,,,,,,,,,,,,-0.7741328583933903,0.8151799462875872,5.61556431464782,estimated,-0.7741328583933903,0.8151799462875872,5.61556431464782,0.7160010882703572,True,temporal;spatial,flow_3d;spectral;phase;coherence,False,NORMAL,0.05,NONE,,10.428376718572029,1.039607056569821,,,,0.0406243690082988,0.0010335205327010044,0.00018310546875,,,False,,,,,,,,,,,,,,,,,,,,,,False,,,,,,,
0,research_full,275,P3,valid,347.98579186733997,353.0199667968442,343.3861105618475,353.01947021484375,4.599102282383566,0.9957752750610722,2.034088219932368,13.472993921602663,13.662014803696888,0.11841773394131792,0.00030669785337522626,0.39953829622248804,0.7743747155804279,4.600461703777516,5.0,4.600461703777516,4.599102282383566,343.3861105618475,353.01947021484375,343.3866895849564,353.0199667968442,0.9955014436179532,2.0334741618613488,13.469012695943825,0.9957752750610722,2.034088219932368,13.472993921602663,67.90035817424311,139.8954884010193,923.3884339302136,-0.3995382962224836,,4,primary_icgn_fallback_line_search,,0,0,,4.3631000007735565,14.55800000258023,19.121500001347158,64.90689999918686,343.38885498046875,353.0166931152344,0.00035589304752647877,0.003904371371824171,0.0026029142478827807,cycle_valid,60.24320062124402,0.33588284846771477,0.21746511452639683,0.2043768881964669,icgn_high_residual,False,4,0.5012728954687405,34.71193427689954,0.2043768881964669,0.39419086789120467,0.2043768881964669,0.1,icgn_high_residual,True,line_search,4.594420072596677,-0.0009540436798611099,line_search_refined,0.011346881132767397,0.014566144839689312,0.6862385103847474,0.002940379835592921,-0.0018710185923964673,0.004602797174269924,0.005773411987561767,0.7046532048924348,0.0007136790855053497,updated,0,True,filtered,275,measured,0,measurement,insufficient_references,False,0,0,,,,,,,,,,,,0.9957752750610722,2.034088219932368,13.472993921602663,67.90035817424311,139.8954884010193,923.3884339302136,,,,,,,,,,,0.9446687211343503,0.9605274220195607,0.8467187097759205,0.9998895681831831,0.8668205679258373,0.9991323619173724,0.5225972424107233,0.8369026281421308,0.9995849536836868,,0.6862385103847474,HIGH,,,,,,,,,,,,0.9957752750610722,2.034088219932368,13.472993921602663,estimated,0.9957752750610722,2.034088219932368,13.472993921602663,0.6012666486821958,True,temporal;spatial,flow_3d;spectral;phase;coherence,False,NORMAL,0.05,NONE,,18.75703626844163,1.3134169653562886,,,,0.39953829622248804,0.000496582000437229,0.00030669785337522626,,,False,,,,,,,,,,,,,,,,,,,,,,False,,,,,,,
0,research_full,276,P1,valid,139.98958032327846,320.05738333080166,119.1314679355434,320.06146240234375,20.84327024721829,-0.9813396365801683,0.25848489356851634,2.9728385402310993,3.1412753634168715,0.1104373279117342,0.00030517578125,0.8587206630894002,0.702380805085332,20.85872066308941,21.0,20.85872066308941,20.84327024721829,119.1314679355434,320.06146240234375,119.14631007606017,320.05738333080166,-0.9806092314646064,0.258316966185459,2.9706365072058643,-0.9813396365801683,0.25848489356851634,2.9728385402310993,-16.00285033736737,4.525533055398823,48.29920829563194,-0.14127933691058914,,4,primary_icgn_fallback_line_search,,0,0,,4.068300000653835,15.159300000959774,19.44779999757884,60.0561999999627,119.17821502685547,320.0538024902344,0.00015930643712636083,0.04737050558799666,0.03158033705866444,cycle_valid,93.09632515001546,0.2885553639183028,0.17811803600656856,0.10370469200472464,icgn_high_residual,False,4,0.4789698414522744,27.73321289236374,0.10370469200472464,0.17534367787593705,0.10370469200472464,0.1,icgn_high_residual,True,line_search,20.76385290565004,-0.000982547214393906,line_search_refined,0.01105112943763805,0.015704136071352962,0.6338402039654524,0.0023195138255687198,0.015554572069561345,0.049873014459013376,0.052293808695515184,0.6902048925913802,0.05493625609064309,updated,0,True,filtered,276,measured,0,measurement,insufficient_references,False,0,0,,,,,,,,,,,,-0.9813396365801683,0.25848489356851634,2.9728385402310993,-16.00285033736737,4.525533055398823,48.29920829563194,,,,,,,,,,,0.9641947914919091,0.9631875573627553,0.8128581805600861,0.9999225862969373,0.7137597789701999,0.9894732209804452,0.543838246235929,0.6785744917711658,0.9953912810567579,,0.6338402039654524,HIGH,,,,,,,,,,,,-0.9813396365801683,0.25848489356851634,2.9728385402310993,estimated,-0.9813396365801683,0.25848489356851634,2.9728385402310993,0.63873836873718,True,temporal;spatial,flow_3d;spectral;phase;coherence,False,NORMAL,0.05,NONE,,8.698734888909632,4.979083834351499,,,,0.8587206630894002,0.0040790715420939705,0.00030517578125,,,False,,,,,,,,,,,,,,,,,,,,,,False,,,,,,,
0,research_full,276,P2,valid,238.95999023691854,350.0231030882454,227.90182636800435,350.0199890136719,11.049907577701477,-0.7730789247510456,0.8139691043539068,5.607619489996854,5.718880403656779,0.02552407150176194,0.00023834990861359984,0.05706645426127466,0.7914554783371854,11.057066454261262,11.0,11.057066454261262,11.049907577701477,227.90182636800435,350.0199890136719,227.91008265921707,350.0231030882454,-0.7725903418138493,0.8134082044055907,5.603988847467101,-0.7730789247510456,0.8139691043539068,5.607619489996854,-1.3152930831333842,1.177896791650812,6.383142391636731,0.05706645426126222,,4,primary_icgn_fallback_line_search,,0,0,,4.099199999473058,14.730200000485638,18.95709999735118,60.0561999999627,227.906982421875,350.03631591796875,0.00015334892668761313,0.01712170246898236,0.011414468312654906,cycle_valid,52.75197871922719,0.2910140526113004,0.2654899811095385,0.26740645575303307,icgn_high_residual,False,4,0.705956994129807,57.10365878128937,0.26740645575303307,0.5787199978882861,0.26740645575303307,0.1,icgn_high_residual,True,line_search,11.057787059543363,0.0006302147947363111,line_search_refined,0.011586976094789227,0.014051553170447087,0.7096404400331146,-0.004091345086351339,-0.01160979003788043,0.024509118130156438,0.027426687748564205,0.7079096635885758,0.015994417371111104,updated,0,True,filtered,276,measured,0,measurement,insufficient_references,False,0,0,,,,,,,,,,,,-0.7730789247510456,0.8139691043539068,5.607619489996854,-1.3152930831333842,1.177896791650812,6.383142391636731,,,,,,,,,,,0.9368112170526337,0.9914919761660793,0.8744459840102955,0.9999347168607832,0.9809778485795752,0.996195177229115,0.3276600055906601,0.8753458167662235,0.9971550375024776,,0.7096404400331146,HIGH,,,,,,,,,,,,-0.7730789247510456,0.8139691043539068,5.607619489996854,estimated,-0.7730789247510456,0.8139691043539068,5.607619489996854,0.8928067391451685,True,temporal;spatial,flow_3d;spectral;phase;coherence,False,NORMAL,0.05,NONE,,3.5631697621601237,0.04428834741884202,,,,0.05706645426127466,0.003114074573545622,0.00023834990861359984,,,False,,,,,,,,,,,,,,,,,,,,,,False,,,,,,,
0,research_full,276,P3,valid,347.9879411065898,353.0279699619195,343.37833832572204,353.0302734375,4.607152832561207,0.9940914019513555,2.0307429250782505,13.449451178926031,13.638176988054663,0.11905164052272345,0.00023834990861359984,0.38935517142517284,0.7732086807715991,4.610644828574827,5.0,4.610644828574827,4.607152832561207,343.37833832572204,353.0302734375,343.3807882740286,353.0279699619195,0.9933657020543686,2.0292650180105944,13.439264874916857,0.9940914019513555,2.0307429250782505,13.449451178926031,66.21648506452638,136.5501935469018,899.8456912535814,-0.38935517142517284,,4,primary_icgn_fallback_line_search,,0,0,,4.194099998130696,13.770000001386506,18.109499997081002,60.0561999999627,343.3838195800781,353.0250549316406,0.0001258271950064227,0.007568153851529706,0.005045435901019804,cycle_valid,60.22370132444338,0.32343356610411256,0.20438192558138912,0.21788229705471113,icgn_high_residual,False,4,0.5014854958686653,34.59040316587119,0.21788229705471113,0.39397509600225894,0.21788229705471113,0.1,icgn_high_residual,True,line_search,4.590911523525452,-0.0007319576893826678,line_search_refined,0.011360474159047767,0.014581436932633852,0.6848146905557386,0.003923977860836203,0.008674062731813592,0.011786974534595096,0.015151558837524389,0.7037411081722812,0.0049414741348869935,updated,0,True,filtered,276,measured,0,measurement,insufficient_references,False,0,0,,,,,,,,,,,,0.9940914019513555,2.0307429250782505,13.449451178926031,66.21648506452638,136.5501935469018,899.8456912535814,,,,,,,,,,,0.9446508059115188,0.9603161198257588,0.8369066479899696,0.9999393038160633,0.8702149428582757,0.9983181880329934,0.5223947658393664,0.8470121997797591,0.9985582220879669,,0.6848146905557386,HIGH,,,,,,,,,,,,0.9940914019513555,2.0307429250782505,13.449451178926031,estimated,0.9940914019513555,2.0307429250782505,13.449451178926031,0.32286184130063433,True,temporal;spatial,flow_3d;spectral;phase;coherence,False,NORMAL,0.05,NONE,,18.01327693554327,15.972037359120673,,,,0.38935517142517284,0.002303475580504255,0.00023834990861359984,,,False,,,,,,,,,,,,,,,,,,,,,,False,,,,,,,
0,research_full,277,P1,valid,139.98627693554727,320.05301019550325,119.17970472777324,320.0498046875,20.816358985525145,-0.9826274062998884,0.2587937762592024,2.9766818077296686,3.1453402713714316,0.08501189948758997,8.63167442730628e-05,0.19395643675762386,0.7367594511766864,20.806043563242376,21.0,20.806043563242376,20.816358985525145,119.17970472777324,320.0498046875,119.16991795002212,320.05301019550325,-0.98311764093718,0.2589035404571447,2.9781576159367815,-0.9826274062998884,0.2587937762592024,2.9766818077296686,-17.29062005708748,4.834415746084897,52.14247579420128,-0.19395643675762386,,4,primary_icgn_fallback_line_search,,0,0,,4.086700002517318,17.460700000810903,21.670699999958742,56.96249999891734,119.13104248046875,320.0583801269531,0.0002739154442679137,0.04941206810626052,0.032941378737507014,cycle_valid,92.72734785872237,0.27321675415609525,0.18820485466850528,0.11939642440687567,icgn_high_residual,False,5,0.48400759343548566,27.5150783270877,0.11939642440687567,0.18445182606677468,0.11939642440687567,0.1,icgn_high_residual,True,line_search,20.73740316194595,-0.00017796756415282177,line_search_refined,0.01106219383237597,0.014707381509638509,0.6767740905084426,-0.002015350484469991,-0.01222035171230118,-0.035308769524704076,0.03741801489785725,0.7078509837179959,0.028402185903551407,updated,0,True,filtered,277,measured,0,measurement,insufficient_references,False,0,0,,,,,,,,,,,,-0.9826274062998884,0.2587937762592024,2.9766818077296686,-17.29062005708748,4.834415746084897,52.14247579420128,,,,,,,,,,,0.9640523167079906,0.9716627001708034,0.8228880259648721,0.9999399613019099,0.9353478544141254,0.989019540420831,0.5390403872042993,0.7208179935125949,0.9953574744946287,,0.6767740905084426,HIGH,,,,,,,,,,,,-0.9826274062998884,0.2587937762592024,2.9766818077296686,estimated,-0.9826274062998884,0.2587937762592024,2.9766818077296686,0.6676502146850161,True,temporal;spatial,flow_3d;spectral;phase;coherence,False,NORMAL,0.05,NONE,,7.302771389035552,4.912108637780341,,,,0.19395643675762386,0.0032055080032478145,8.63167442730628e-05,,,False,,,,,,,,,,,,,,,,,,,,,,False,,,,,,,
0,research_full,277,P2,valid,238.9585084694689,350.03371367533316,227.90736249393615,350.0374450683594,11.051989999618058,-0.7729493974903787,0.813931286866545,5.6065628993080985,5.717821478038554,0.03508819819844958,9.650505671743304e-05,0.0512556701263609,0.787174251848016,11.051255670126361,11.0,11.051255670126361,11.051989999618058,227.90736249393615,350.0374450683594,227.90651846985085,350.03371367533316,-0.7729995634567874,0.8140260088266426,5.606935441995273,-0.7729493974903787,0.813931286866545,5.6065628993080985,-1.1857658224665446,1.1400793042890545,5.326551702880877,0.0512556701263609,,4,primary_icgn_fallback_line_search,,0,0,,4.035099998873193,13.163899999199202,17.29410000189091,56.96249999891734,227.8981170654297,350.0228271484375,0.00012302029062993824,0.017296286627782917,0.011530857751855278,cycle_valid,52.4250425177332,0.29283917045943825,0.25775097226098864,0.30232684065982224,icgn_high_residual,False,4,0.7023542653051653,57.62160164722414,0.30232684065982224,0.5730063568189987,0.30232684065982224,0.1,icgn_high_residual,True,line_search,11.046372075716151,0.0005004000852719678,line_search_refined,0.011596271044462704,0.014048186473388678,0.7117157111618168,0.0004092079554709471,0.013919698878623876,-0.0025179663016245968,0.014151523674802675,0.7083640510901875,0.0046145051081041555,updated,0,True,filtered,277,measured,0,measurement,insufficient_references,False,0,0,,,,,,,,,,,,-0.7729493974903787,0.813931286866545,5.6065628993080985,-1.1857658224665446,1.1400793042890545,5.326551702880877,,,,,,,,,,,0.9364171553660485,0.9883039339338502,0.8706762071897005,0.9999634124421087,0.9829147766245464,0.9961563807493816,0.3310911758998425,0.8897440489882275,0.9998315026441638,,0.7117157111618168,HIGH,,,,,,,,,,,,-0.7729493974903787,0.813931286866545,5.6065628993080985,estimated,-0.7729493974903787,0.813931286866545,5.6065628993080985,0.7674569502554063,True,temporal;spatial,flow_3d;spectral;phase;coherence,False,NORMAL,0.05,NONE,,7.048282104760412,1.4172969803869364,,,,0.0512556701263609,0.0037313930262143913,9.650505671743304e-05,,,False,,,,,,,,,,,,,,,,,,,,,,False,,,,,,,
0,research_full,277,P3,valid,347.99400746227616,353.0295317438142,343.3717792149562,353.02874755859375,4.619939494555654,0.9914980830191717,2.0251631008123576,13.412226971457859,13.600448020834616,0.12145435676325929,6.823938019806519e-05,0.3756549473780524,0.7705020798848681,4.624345052621955,5.0,4.624345052621955,4.619939494555654,343.3717792149562,353.02874755859375,343.3740679677205,353.0295317438142,0.99060858883915,2.023213342205528,13.399449303691119,0.9914980830191717,2.0251631008123576,13.412226971457859,63.62316613234265,130.9703692810089,862.6214837854089,-0.3756549473780453,,4,primary_icgn_fallback_line_search,,0,0,,3.9672000020800624,10.2563000000373,14.331300000776537,56.96249999891734,343.37567138671875,353.0364685058594,0.00018563118646852672,0.008646503785226129,0.005764335856817419,cycle_valid,59.841291131696416,0.3284406135134548,0.20698625675019555,0.19630331974727075,icgn_high_residual,False,2,0.5077637403694525,34.2994761424028,0.19630331974727075,0.3656263920178204,0.19630331974727075,0.1,icgn_high_residual,True,line_search,4.605166180516905,0.0009737880967379818,line_search_refined,0.011372724918865762,0.014709666209154938,0.6783656854006112,0.007967393033879944,-0.002951576064447181,0.014780706570784119,0.017048766517028642,0.7019386018386279,0.00611332606247653,updated,0,True,filtered,277,measured,0,measurement,insufficient_references,False,0,0,,,,,,,,,,,,0.9914980830191717,2.0251631008123576,13.412226971457859,63.62316613234265,130.9703692810089,862.6214837854089,,,,,,,,,,,0.9442971020461864,0.9595152144122469,0.8389587122513058,0.9999576882388889,0.8747816842073158,0.9980785547143942,0.5164154853624261,0.8301947548505645,0.9978532799987598,,0.6783656854006112,HIGH,,,,,,,,,,,,0.9914980830191717,2.0251631008123576,13.412226971457859,estimated,0.9914980830191717,2.0251631008123576,13.412226971457859,0.24157654682807297,True,temporal;spatial,flow_3d;spectral;phase;coherence,False,OCCLUSION,0.65,KALMAN_PREDICT,,13.892540884886216,36.61304141125387,,,,0.3756549473780524,0.0007841852204251154,6.823938019806519e-05,,,False,,,,,,,,,,,,,,,,,,,,,,False,,,,,,,
0,research_full,278,P1,valid,139.98637080098453,320.0520641287582,119.16679470452198,320.0511474609375,20.816272767210695,-0.982630933493591,0.2587893780703067,2.976694136761431,3.145352679349389,0.09860356537254533,0.00020754197612404823,0.1795815697563512,0.7102682987064954,20.820418430243656,21.0,20.820418430243656,20.816272767210695,119.16679470452198,320.0511474609375,119.17009803377384,320.0520641287582,-0.9824304073454223,0.25873255011411905,2.9761014315338894,-0.982630933493591,0.2587893780703067,2.976694136761431,-17.294147250790036,4.830017557189203,52.15480482596347,-0.1795815697563441,,4,primary_icgn_fallback_line_search,,0,0,,4.277399999409681,17.28010000078939,21.68849999725353,60.819300000730436,119.18030548095703,320.0535888671875,7.514082244597375e-05,0.013729586459743714,0.009153057639829142,cycle_valid,92.87641840840547,0.2771697011877308,0.1785661358151855,0.1040601200499258,icgn_high_residual,False,5,0.48454510002288803,27.63972093652432,0.1040601200499258,0.1818131910091628,0.1040601200499258,0.1,icgn_high_residual,True,line_search,20.74005815907139,-0.00016880209556231526,line_search_refined,0.010917691417869198,0.014772878345890902,0.67657275361597,0.0032434687410898277,-0.0035296974775747003,0.013925263767280427,0.014727247697582773,0.70229195638624,0.004454402857986666,updated,0,True,filtered,278,measured,0,measurement,insufficient_references,False,0,0,,,,,,,,,,,,-0.982630933493591,0.2587893780703067,2.976694136761431,-17.294147250790036,4.830017557189203,52.15480482596347,,,,,,,,,,,0.9641100142484429,0.9671321448758182,0.8133278004748165,0.9999528862002384,0.9401394767478829,0.9969489807867237,0.5385284761686779,0.6796723536611267,0.9994926981313146,,0.67657275361597,HIGH,,,,,,,,,,,,-0.982630933493591,0.2587893780703067,2.976694136761431,estimated,-0.982630933493591,0.2587893780703067,2.976694136761431,0.8233371082820714,True,temporal;spatial,flow_3d;spectral;phase;coherence,False,NORMAL,0.05,NONE,,4.052593405660624,1.859204438377917,,,,0.1795815697563512,0.0009166678207179757,0.00020754197612404823,,,False,,,,,,,,,,,,,,,,,,,,,,False,,,,,,,
0,research_full,278,P2,valid,238.95708804636197,350.0325136837891,227.90146481797126,350.03070068359375,11.05559187127918,-0.7727130369830396,0.8136530471661605,5.604736301486973,5.7159588633834835,0.033134176054404545,0.00018310546875,0.055719019919365564,0.7872434490259028,11.05571901991936,11.0,11.05571901991936,11.05559187127918,227.90146481797126,350.03070068359375,227.9014961750828,350.0325136837891,-0.7727031073995705,0.8136239523707975,5.604671843029046,-0.7727130369830396,0.8136530471661605,5.604736301486973,-0.9494053151274384,0.8618396039045129,3.499953881755502,0.055719019919360235,,4,primary_icgn_fallback_line_search,,0,0,,4.172699998889584,13.250100000732346,17.557300001499243,60.819300000730436,227.9033203125,350.0381774902344,8.217109279939905e-05,0.007703602890043092,0.0051357352600287275,cycle_valid,52.38719573941771,0.29516688722175827,0.2620327111673537,0.3039983780278643,icgn_high_residual,False,4,0.7027364275055875,57.461081503977624,0.3039983780278643,0.5804592703124404,0.3039983780278643,0.1,icgn_high_residual,True,line_search,11.057060192489903,0.0006059655830850442,line_search_refined,0.011559231505577828,0.01402162286143053,0.7128518510024486,0.00035828806610993524,-0.006781145920854215,0.00043659670506279724,0.0068046254137245675,0.7087732483855494,0.0010705126648244093,updated,0,True,filtered,278,measured,0,measurement,insufficient_references,False,0,0,,,,,,,,,,,,-0.7727130369830396,0.8136530471661605,5.604736301486973,-0.9494053151274384,0.8618396039045129,3.499953881755502,,,,,,,,,,,0.9363712203662539,0.9889552746485318,0.8727894193635841,0.9999557872397418,0.9814269933602114,0.998288088246657,0.3307272118994403,0.8903502921641311,0.9995339810829003,,0.7128518510024486,HIGH,,,,,,,,,,,,-0.7727130369830396,0.8136530471661605,5.604736301486973,estimated,-0.7727130369830396,0.8136530471661605,5.604736301486973,0.9656661837536411,True,temporal;spatial,flow_3d;spectral;phase;coherence,False,NORMAL,0.05,NONE,,0.8137119680871339,0.2398877010416527,,,,0.055719019919365564,0.0018130001953409192,0.00018310546875,,,False,,,,,,,,,,,,,,,,,,,,,,False,,,,,,,
0,research_full,278,P3,valid,347.9935549473219,353.03410383563124,343.36551285276335,353.03466796875,4.6266699391531505,0.9900439730910235,2.0223360220318267,13.39271612418593,13.580680219992338,0.12155905422610429,8.63167442730628e-05,0.6271018933304218,0.762175245444189,4.627101893330422,5.0,4.627101893330422,4.6266699391531505,343.36551285276335,353.03466796875,343.36688500816877,353.03410383563124,0.9899270933802243,2.0221619047117163,13.391465872990208,0.9900439730910235,2.0223360220318267,13.39271612418593,62.16905620419444,128.143290500478,843.1106365134794,-0.37289810666957823,,4,primary_icgn_fallback_line_search,,0,0,,4.148500000155764,14.039800000318792,18.299999999726424,60.819300000730436,343.3760681152344,353.02734375,0.0002625221386551857,0.01284748014710214,0.00856498676473476,cycle_valid,59.40931725158465,0.31834135258910423,0.19678229836299993,0.1942652148585355,icgn_high_residual,False,4,0.5044938776435349,34.602358952734065,0.1942652148585355,0.36636370851994127,0.1942652148585355,0.1,icgn_high_residual,True,line_search,4.610647496765401,-0.00016797727357771957,line_search_refined,0.011399724240946067,0.015069463545864638,0.6629997795035356,-0.0035336792775524373,0.00212025410297656,0.0014281352344465148,0.004361414557876843,0.6975397239332652,0.0004373034174301943,updated,0,True,filtered,278,measured,0,measurement,insufficient_references,False,0,0,,,,,,,,,,,,0.9900439730910235,2.0223360220318267,13.39271612418593,62.16905620419444,128.143290500478,843.1106365134794,,,,,,,,,,,0.9438920780857076,0.9594803152579653,0.8306080698791104,0.9999418601861786,0.7909660355565261,0.9971450044117551,0.5195296403394905,0.82841326813137,0.9991051008144823,,0.6629997795035356,HIGH,,,,,,,,,,,,0.9900439730910235,2.0223360220318267,13.39271612418593,estimated,0.9900439730910235,2.0223360220318267,13.39271612418593,0.30232182220461795,True,temporal;spatial,flow_3d;spectral;phase;coherence,False,NORMAL,0.05,NONE,,17.962141695908915,17.92577612167004,,,,0.6271018933304218,0.0005641331187575815,8.63167442730628e-05,,,False,,,,,,,,,,,,,,,,,,,,,,False,,,,,,,
0,research_full,279,P1,valid,139.99125266177603,320.050940035142,119.16694476311987,320.0502624511719,20.821479607548515,-0.9823569869109139,0.25871816465922665,2.9759497530098065,3.1445567685917926,0.09859309419546579,0.0001726334885461256,0.17344500726051493,0.720075688468122,20.8265549927395,21.0,20.8265549927395,20.821479607548515,119.16694476311987,320.0502624511719,119.16977305422752,320.050940035142,-0.9821046025984832,0.2586511998171767,2.975224520665292,-0.9823569869109139,0.25871816465922665,2.9759497530098065,-17.02020066811294,4.75880414610913,51.410421074339126,-0.17344500726050072,,4,primary_icgn_fallback_line_search,,0,0,,4.278000000340398,17.550099997606594,21.9662999988941,59.08600000111619,119.16609954833984,320.0542907714844,0.0005627163336612284,0.0041160360256536355,0.0027440240171024235,cycle_valid,92.63352312149871,0.28196223583734176,0.18336914164187595,0.09476007091608894,icgn_high_residual,False,5,0.48597871597013576,27.601228599739976,0.09476007091608894,0.18346958095910637,0.09476007091608894,0.1,icgn_high_residual,True,line_search,20.74534469571493,-0.0001425103632275935,line_search_refined,0.01088375913102019,0.014789915359766094,0.6752679262398126,0.008643986365115097,-0.0026064892619501734,0.017025251119431317,0.019271000550896537,0.7018907295181189,0.007789409257615138,updated,0,True,filtered,279,measured,0,measurement,insufficient_references,False,0,0,,,,,,,,,,,,-0.9823569869109139,0.25871816465922665,2.9759497530098065,-17.02020066811294,4.75880414610913,51.410421074339126,,,,,,,,,,,0.9640159067580609,0.967135635268178,0.818217323619074,0.9998774416962988,0.9421849975798283,0.9990853253276325,0.5371631276474897,0.6482343986123611,0.9987155474251602,,0.6752679262398126,HIGH,,,,,,,,,,,,-0.9823569869109139,0.25871816465922665,2.9759497530098065,estimated,-0.9823569869109139,0.25871816465922665,2.9759497530098065,0.6865702446916631,True,temporal;spatial,flow_3d;spectral;phase;coherence,False,NORMAL,0.05,NONE,,0.8087460708002918,12.812801764274669,,,,0.17344500726051493,0.0006775839701163022,0.0001726334885461256,,,False,,,,,,,,,,,,,,,,,,,,,,False,,,,,,,
0,research_full,279,P2,valid,238.9521185395638,350.03845947549934,227.9298753216271,350.03985595703125,11.03210647778368,-0.7744122219454022,0.8154500371951138,5.6166677887096546,5.728143687215653,0.02821471374054482,4.31583721365314e-05,0.021006636380727528,0.7881891416754604,11.021006636380728,11.0,11.021006636380728,11.03210647778368,227.9298753216271,350.03985595703125,227.9200120617801,350.03845947549934,-0.7752056780756234,0.8162865709217174,5.622324633290616,-0.7744122219454022,0.8154500371951138,5.6166677887096546,-2.6485902774899817,2.6588296328577954,15.43144110443695,0.021006636380727528,,4,primary_icgn_fallback_line_search,,0,0,,3.796900000452297,13.77400000274065,17.663099999481346,59.08600000111619,227.92141723632812,350.029052734375,0.0002157918643206358,0.013720379975975387,0.00914691998398359,cycle_valid,51.79078321882148,0.2864738832916555,0.2582591695511107,0.3268670869836953,icgn_high_residual,False,4,0.718347856571795,57.03080954557751,0.3268670869836953,0.5426983638576964,0.3268670869836953,0.1,icgn_high_residual,True,line_search,11.020792224412293,0.00026281803753567547,line_search_refined,0.01160085265997167,0.01408338453534948,0.7069935316460945,-0.004609358162099397,0.005205385375631977,-0.037977166522646044,0.03860838505641156,0.7077232869299563,0.031049704059433428,updated,0,True,filtered,279,measured,0,measurement,insufficient_references,False,0,0,,,,,,,,,,,,-0.7744122219454022,0.8154500371951138,5.6166677887096546,-2.6485902774899817,2.6588296328577954,15.43144110443695,,,,,,,,,,,0.9356384837964382,0.9905950954198184,0.8709306879934944,0.9999568416272572,0.9929977878730908,0.9969510266720055,0.31585918421733805,0.8980217505502595,0.9956861770176718,,0.7069935316460945,HIGH,,,,,,,,,,,,-0.7744122219454022,0.8154500371951138,5.6166677887096546,estimated,-0.7744122219454022,0.8154500371951138,5.6166677887096546,0.6343673075115237,True,temporal;spatial,flow_3d;spectral;phase;coherence,False,NORMAL,0.05,NONE,,14.047697988190595,1.9731315450396778,,,,0.021006636380727528,0.001396481531912741,4.31583721365314e-05,,,False,,,,,,,,,,,,,,,,,,,,,,False,,,,,,,
0,research_full,279,P3,valid,347.99390273579826,353.03067004039843,343.38454335573124,353.02813720703125,4.61604578609964,0.9923316968919765,2.026901038024484,13.423540399442041,13.61192443668616,0.10132627373928091,0.0001643421855987981,0.39098256471563353,0.7803082930824974,4.6090174352843665,5.0,4.6090174352843665,4.61604578609964,343.38454335573124,353.02813720703125,343.37785694969864,353.03067004039843,0.9938359870388354,2.029925744505461,13.444010131317652,0.9923316968919765,2.026901038024484,13.423540399442041,64.45678000514744,132.70830649313535,873.9349117695916,-0.39098256471563353,,4,primary_icgn_fallback_line_search,,0,0,,4.003800000646152,11.533400000189431,15.647600001102546,59.08600000111619,343.3626403808594,353.03900146484375,0.00013647876039613038,0.024449384574135452,0.0162995897160903,cycle_valid,59.22302401365109,0.3066165739745702,0.2052903002352893,0.1971482192263174,icgn_high_residual,False,3,0.5045278842694371,34.38746297297223,0.1971482192263174,0.3500576697100939,0.1971482192263174,0.1,icgn_high_residual,True,line_search,4.599937373306718,0.0007493403931765748,line_search_refined,0.011450127632282987,0.014780243315807226,0.675087580337576,-0.001281816038499528,-0.009494592688042758,-0.023705554206306267,0.025568411035817504,0.703514596026428,0.013411082412421832,updated,0,True,filtered,279,measured,0,measurement,insufficient_references,False,0,0,,,,,,,,,,,,0.9923316968919765,2.026901038024484,13.423540399442041,64.45678000514744,132.70830649313535,873.9349117695916,,,,,,,,,,,0.9437155837809803,0.9662245754202397,0.8376283083266525,0.9999498631756675,0.8696724784281221,0.9945668034279699,0.5194972530767266,0.830922473131405,0.9977958696868932,,0.675087580337576,HIGH,,,,,,,,,,,,0.9923316968919765,2.026901038024484,13.423540399442041,estimated,0.9923316968919765,2.026901038024484,13.423540399442041,0.15568790387953002,True,temporal;spatial,flow_3d;spectral;phase;coherence,False,OCCLUSION,0.65,KALMAN_PREDICT,,51.012439117386336,19.2003829674502,,,,0.39098256471563353,0.0025328333671836845,0.0001643421855987981,,,False,,,,,,,,,,,,,,,,,,,,,,False,,,,,,,
0,research_full,280,P1,valid,139.98847738148825,320.0501891951048,119.1736757876497,320.04986572265625,20.815081366504636,-0.9826749959423999,0.2587933491650007,2.9768645149326147,3.1455280137820143,0.10215561571053605,0.00013037114695180207,0.186386358938762,0.7455120264220336,20.813613641061238,21.0,20.813613641061238,20.815081366504636,119.1736757876497,320.04986572265625,119.17339601498361,320.0501891951048,-0.9827511613163541,0.25880972811318304,2.9770744361824977,-0.9826749959423999,0.2587933491650007,2.9768645149326147,-17.338209699598984,4.833988651883169,52.325182997147394,-0.186386358938762,,4,primary_icgn_fallback_line_search,,0,0,,4.08380000226316,16.917500001000008,21.145399998204084,55.32200000016019,119.16542053222656,320.0498046875,6.823938019806519e-05,0.00825548105149125,0.0055036540343275,cycle_valid,92.74735864718176,0.29585985379311724,0.1937042380825812,0.10842250220816638,icgn_high_residual,False,5,0.4872159243271946,27.63726022784364,0.10842250220816638,0.18409409591124964,0.10842250220816638,0.1,icgn_high_residual,True,line_search,20.738078289105196,-0.00018676996997546457,line_search_refined,0.01089657323366848,0.014710942054046761,0.6790980711816805,-0.004561178362394003,-0.001241981635303091,-0.00494399459498851,0.006840317901331558,0.703129642398067,0.001027399564615433,updated,0,True,filtered,280,measured,0,measurement,insufficient_references,False,0,0,,,,,,,,,,,,-0.9826749959423999,0.2587933491650007,2.9768645149326147,-17.338209699598984,4.833988651883169,52.325182997147394,,,,,,,,,,,0.964060072632218,0.965948128096488,0.8279163447155841,0.999966898245475,0.9378712136870794,0.9981654486552242,0.5359848339741002,0.6925607447305098,0.9990172374168625,,0.6790980711816805,HIGH,,,,,,,,,,,,-0.9826749959423999,0.2587933491650007,2.9768645149326147,estimated,-0.9826749959423999,0.2587933491650007,2.9768645149326147,0.822940148403571,True,temporal;spatial,flow_3d;spectral;phase;coherence,False,NORMAL,0.05,NONE,,1.767656122719375,4.174981459446475,,,,0.186386358938762,0.00032347244854236124,0.00013037114695180207,,,False,,,,,,,,,,,,,,,,,,,,,,False,,,,,,,
0,research_full,280,P2,valid,238.95776046422068,350.0486555038226,227.9404523089174,350.0511474609375,11.022256924410922,-0.775042634030811,0.8162900640508574,5.621686875956608,5.7332699120603365,0.025967654789159772,9.281559323426336e-05,0.020363120770104715,0.788194161817062,11.020363120770105,11.0,11.020363120770105,11.022256924410922,227.9404523089174,350.0511474609375,227.93550353980976,350.0486555038226,-0.7751424573433785,0.8164575558066517,5.622652939502477,-0.775042634030811,0.8162900640508574,5.621686875956608,-3.2790023628987974,3.498856488601376,20.450528351390496,0.020363120770104715,,4,primary_icgn_fallback_line_search,,0,0,,3.766399997402914,12.00559999779216,15.878300000622403,55.32200000016019,227.9340362548828,350.0425720214844,3.4119690099032596e-05,0.01070999118528896,0.0071399941235259735,cycle_valid,51.56274977275876,0.28369051359420633,0.25772285880504653,0.37174768578921985,icgn_high_residual,False,3,0.7192024842427316,57.41279712656494,0.37174768578921985,0.5381385739519671,0.37174768578921985,0.1,icgn_high_residual,True,line_search,11.01941228660724,0.000962572119341379,line_search_refined,0.011594982277049365,0.0140696327954118,0.7097080440976142,0.011401333036360484,0.009300148655654539,-0.0064910019466033475,0.01608155049409373,0.7082417080759995,0.0058764059954131975,updated,0,True,filtered,280,measured,0,measurement,insufficient_references,False,0,0,,,,,,,,,,,,-0.775042634030811,0.8162900640508574,5.621686875956608,-3.2790023628987974,3.498856488601376,20.450528351390496,,,,,,,,,,,0.9353538485045192,0.9913441150702801,0.8706621000252515,0.9999788441194445,0.9932122930766317,0.9976200019588247,0.31504525310216025,0.9103334476378334,0.9985331572403358,,0.7097080440976142,HIGH,,,,,,,,,,,,-0.775042634030811,0.8162900640508574,5.621686875956608,estimated,-0.775042634030811,0.8162900640508574,5.621686875956608,0.8019934250845788,True,temporal;spatial,flow_3d;spectral;phase;coherence,False,NORMAL,0.05,NONE,,7.0596974015776635,0.31240305392270784,,,,0.020363120770104715,0.0024919571148984687,9.281559323426336e-05,,,False,,,,,,,,,,,,,,,,,,,,,,False,,,,,,,
0,research_full,280,P3,valid,347.99314856868074,353.0309984453357,343.38181034496915,353.0306701660156,4.612542322556939,0.993065744987414,2.0284491430694125,13.43373626998689,13.62226323602094,0.1060175002823677,9.650505671743304e-05,0.6107128483902216,0.7803157598755577,4.610712848390212,5.0,4.610712848390212,4.612542322556939,343.38181034496915,353.0306701660156,343.3806062461238,353.0309984453357,0.9934434564793299,2.0292454373513182,13.439066611362877,0.993065744987414,2.0284491430694125,13.43373626998689,65.19082810058485,134.2564115380638,884.1307823144398,-0.3892871516097882,,4,primary_icgn_fallback_line_search,,0,0,,4.277099997125333,10.79540000137058,15.219000000797678,55.32200000016019,343.38677978515625,353.0270080566406,3.0517578125e-05,0.0061730365985949815,0.004115357732396655,cycle_valid,59.17459253901393,0.3102140018341627,0.204196501551795,0.19612309426123573,icgn_high_residual,False,3,0.5023409134474924,34.24675529688402,0.19612309426123573,0.3475550744873103,0.19612309426123573,0.1,icgn_high_residual,True,line_search,4.598458253844601,0.00042545117707316573,line_search_refined,0.011377258833026507,0.015065405106173808,0.6633300584241744,-0.002358037001329194,-0.0012378083321209488,-0.006062065716173848,0.0066212648877624555,0.6982094466832086,0.0009014798933239939,updated,0,True,filtered,280,measured,0,measurement,insufficient_references,False,0,0,,,,,,,,,,,,0.993065744987414,2.0284491430694125,13.43373626998689,65.19082810058485,134.2564115380638,884.1307823144398,,,,,,,,,,,0.9436695177725869,0.9646608332392108,0.8367585483589774,0.9999788295608596,0.7964290505365929,0.9986282140892011,0.5215800824309595,0.8300387139062094,0.9993336049262127,,0.6633300584241744,HIGH,,,,,,,,,,,,0.993065744987414,2.0284491430694125,13.43373626998689,estimated,0.993065744987414,2.0284491430694125,13.43373626998689,0.4745497873870248,True,temporal;spatial,flow_3d;spectral;phase;coherence,False,NORMAL,0.05,NONE,,20.90566288822563,5.329848425019464,,,,0.6107128483902216,0.00032827932005830007,9.650505671743304e-05,,,False,,,,,,,,,,,,,,,,,,,,,,False,,,,,,,
0,research_full,281,P1,valid,139.99027062629318,320.0538134508764,119.1949022460125,320.0551452636719,20.800617948472404,-0.9833479090262967,0.25899426840847695,2.9789344359326275,3.1477136964533594,0.08502876568727431,0.0004013960715383291,0.2038133788250036,0.76782592497602,20.796186621175,21.0,20.796186621175,20.800617948472404,119.1949022460125,320.0551452636719,119.18965267782077,320.0538134508764,-0.9835527088150915,0.25905716372028076,2.9795691981476233,-0.9833479090262967,0.25899426840847695,2.9789344359326275,-18.011122783495704,5.034907895359431,54.39510399716019,-0.20381337882500006,,4,primary_icgn_fallback_line_search,,0,0,,3.911699997843243,19.88869999695453,23.911199998110533,62.597799998911796,119.17239379882812,320.05413818359375,0.0002157918643206358,0.022530965468344176,0.015020643645562784,cycle_valid,92.0015798262541,0.2835388814114701,0.1985101157241958,0.0938398813542851,icgn_high_residual,False,5,0.48360836171241023,27.136487542418756,0.0938398813542851,0.1831864769156881,0.0938398813542851,0.1,icgn_high_residual,True,line_search,20.722198065178254,-0.0002062622868724508,line_search_refined,0.01096276008700517,0.014775699664180016,0.67519032361584,0.003128412753255816,0.0050919725023845785,-0.014861104165902361,0.016017726659847045,0.701817089232857,0.005309038969916813,updated,0,True,filtered,281,measured,0,measurement,insufficient_references,False,0,0,,,,,,,,,,,,-0.9833479090262967,0.25899426840847695,2.9789344359326275,-18.011122783495704,5.034907895359431,54.39510399716019,,,,,,,,,,,0.9637687381061459,0.9716570781042418,0.8320824447070209,0.9998971353440235,0.9320622070583321,0.9949931187848124,0.5394206078929427,0.6447850012993308,0.9976409437908161,,0.67519032361584,HIGH,,,,,,,,,,,,-0.9833479090262967,0.25899426840847695,2.9789344359326275,estimated,-0.9833479090262967,0.25899426840847695,2.9789344359326275,0.9383459099086806,True,temporal;spatial,flow_3d;spectral;phase;coherence,False,NORMAL,0.05,NONE,,1.2149726763716697,0.6985703488829813,,,,0.2038133788250036,0.0013318127954562442,0.0004013960715383291,,,False,,,,,,,,,,,,,,,,,,,,,,False,,,,,,,
0,research_full,281,P2,valid,238.95834208335867,350.04215878183595,227.93312439268743,350.0377197265625,11.022531497072455,-0.7750169767658247,0.8161987907224927,5.621546839021513,5.733116137282138,0.017770584092110936,0.00022683820861857384,0.025417477429762414,0.7924253204046203,11.025417477429762,11.0,11.025417477429762,11.022531497072455,227.93312439268743,350.0377197265625,227.9358105862862,350.04215878183595,-0.774811929682326,0.815936686424121,5.62007535970671,-0.7750169767658247,0.8161987907224927,5.621546839021513,-3.25334509791253,3.4075831602367046,20.310491416295484,0.025417477429762414,,4,primary_icgn_fallback_line_search,,0,0,,4.285100003471598,11.906900002941256,16.307600002619438,62.597799998911796,227.93887329101562,350.04498291015625,4.31583721365314e-05,0.009263026929919682,0.006175351286613121,cycle_valid,51.17984777745363,0.2774258238690235,0.2596552397769125,0.3479872668972039,icgn_high_residual,False,3,0.7194127633010766,57.74045555425699,0.3479872668972039,0.5402367762031776,0.3479872668972039,0.1,icgn_high_residual,True,line_search,11.017787865293162,0.0008792738584212428,line_search_refined,0.011601517329806377,0.014068297262565683,0.7105373097013129,0.0007452697670657926,-0.016559123909132722,0.009891000246012638,0.019302639651880137,0.7082215867428668,0.00837785086829225,updated,0,True,filtered,281,measured,0,measurement,insufficient_references,False,0,0,,,,,,,,,,,,-0.7750169767658247,0.8161987907224927,5.621546839021513,-3.25334509791253,3.4075831602367046,20.310491416295484,,,,,,,,,,,0.9348701983673782,0.9940764719692964,0.871624645965272,0.9999550005698742,0.9915275075234126,0.9979415495711289,0.3148449873323079,0.904211054529245,0.9996050089021766,,0.7105373097013129,HIGH,,,,,,,,,,,,-0.7750169767658247,0.8161987907224927,5.621546839021513,estimated,-0.7750169767658247,0.8161987907224927,5.621546839021513,0.7825118094728994,True,temporal;spatial,flow_3d;spectral;phase;coherence,False,NORMAL,0.05,NONE,,5.2833994124275065,2.2291905647529284,,,,0.025417477429762414,0.004439055273451231,0.00022683820861857384,,,False,,,,,,,,,,,,,,,,,,,,,,False,,,,,,,
0,research_full,281,P3,valid,347.99353747929644,353.0332471406687,343.38583689539644,353.0337219238281,4.608952074867178,0.9938494720529488,2.0300879718332325,13.444200783356685,13.632884091405252,0.11424726078012448,0.0001954078470589593,0.3923066219589515,0.7447745182335533,4.6076933780410485,5.0,4.6076933780410485,4.608952074867178,343.38583689539644,353.0337219238281,343.38458540442923,353.0332471406687,0.9941207765411344,2.0306549386439134,13.447873374275275,0.9938494720529488,2.0300879718332325,13.444200783356685,65.97455516611971,135.89524030188383,894.5952956842351,-0.3923066219589515,,4,primary_icgn_fallback_line_search,,0,0,,4.717499999969732,14.067699998122407,18.96379999743658,62.597799998911796,343.37939453125,353.03363037109375,0.00030517578125,0.006443014643664264,0.004295343095776176,cycle_valid,58.2262414931224,0.30263529459815064,0.18838803381802616,0.1978443716467326,icgn_high_residual,False,4,0.4927662188238504,33.56408073543255,0.1978443716467326,0.32713417964310415,0.1978443716467326,0.1,icgn_high_residual,True,line_search,4.5882188785367495,0.00015642322529630683,line_search_refined,0.011402225929903684,0.014879835342276979,0.6716432289734122,-2.7085164390427963e-05,0.0017846005593469272,-0.004225631516634465,0.004587100879305568,0.7021281147742755,0.0004317764703189511,updated,0,True,filtered,281,measured,0,measurement,insufficient_references,False,0,0,,,,,,,,,,,,0.9938494720529488,2.0300879718332325,13.444200783356685,65.97455516611971,135.89524030188383,894.5952956842351,,,,,,,,,,,0.9427520436171882,0.9619175797399585,0.8230602408349792,0.9999165693952818,0.8692311260136828,0.9985682189680746,0.5306988392153806,0.8315174040287951,0.9993940655879608,,0.6716432289734122,HIGH,,,,,,,,,,,,0.9938494720529488,2.0300879718332325,13.444200783356685,estimated,0.9938494720529488,2.0300879718332325,13.444200783356685,0.7732487724552004,True,temporal;spatial,flow_3d;spectral;phase;coherence,False,NORMAL,0.05,NONE,,0.2878676095605445,8.550522479123359,,,,0.3923066219589515,0.00047478315940452376,0.0001954078470589593,,,False,,,,,,,,,,,,,,,,,,,,,,False,,,,,,,
0,research_full,282,P1,valid,139.9884564462621,320.0515192145757,119.18618109326135,320.0503234863281,20.799085151476064,-0.9834308753546385,0.2590000790504456,2.979153969711274,3.147947855793576,0.08392538098143401,9.1552734375e-05,0.19844915966761079,0.7624439247862801,20.80155084033239,21.0,20.80155084033239,20.799085151476064,119.18618109326135,320.0503234863281,119.18937129478603,320.0515192145757,-0.9833184974986828,0.2589624602677588,2.9788008389855514,-0.9834308753546385,0.2590000790504456,2.979153969711274,-18.09408911183752,5.04071853732807,54.61463777580677,-0.19844915966761079,,4,primary_icgn_fallback_line_search,,0,0,,4.2025000002468005,21.755099998699734,26.071000000229105,62.30180000056862,119.19257354736328,320.055419921875,0.000152587890625,0.008175397527258335,0.005450265018172223,cycle_valid,91.89884206193402,0.2793001080883484,0.19537472710691436,0.10342714539231522,icgn_high_residual,False,5,0.48328368965387025,27.187354503384075,0.10342714539231522,0.17959942743598425,0.10342714539231522,0.1,icgn_high_residual,True,line_search,20.728239437931247,-0.0002127441839022264,line_search_refined,0.010904444687260338,0.014709631832910262,0.6797473972661165,-0.002785285407867377,-0.0045968063572559,0.008303075812342797,0.009890880215375132,0.70303910116519,0.0020809188395407535,updated,0,True,filtered,282,measured,0,measurement,insufficient_references,False,0,0,,,,,,,,,,,,-0.9834308753546385,0.2590000790504456,2.979153969711274,-18.09408911183752,5.04071853732807,54.61463777580677,,,,,,,,,,,0.9637282335822374,0.9720248730061887,0.8293876908905806,0.9999593098958334,0.9338502801107964,0.9981832449939426,0.5397298193772664,0.6777119468308361,0.9998833953163565,,0.6797473972661165,HIGH,,,,,,,,,,,,-0.9834308753546385,0.2590000790504456,2.979153969711274,estimated,-0.9834308753546385,0.2590000790504456,2.979153969711274,0.8081941688042089,True,temporal;spatial,flow_3d;spectral;phase;coherence,False,NORMAL,0.05,NONE,,1.9519317123727387,4.548922432911753,,,,0.19844915966761079,0.0011957282475805187,9.1552734375e-05,,,False,,,,,,,,,,,,,,,,,,,,,,False,,,,,,,
0,research_full,282,P2,valid,238.94895149283317,350.04022114793645,227.93411091255282,350.0389099121094,11.01328336100263,-0.7757704028331492,0.8168629984409894,5.626267395860561,5.737941241060027,0.014447687614303371,0.000321884494042024,0.011323657759675143,0.7938713883250212,11.011323657759663,11.0,11.011323657759663,11.01328336100263,227.93411091255282,350.0389099121094,227.93566813183054,350.04022114793645,-0.7759469092598683,0.8169940445752673,5.627268711851642,-0.7757704028331492,0.8168629984409894,5.626267395860561,-4.006771165237066,4.071790878733439,25.03104825534308,0.011323657759662709,,4,primary_icgn_fallback_line_search,,0,0,,3.8707000021531712,11.554600001545623,15.531199998804368,62.30180000056862,227.93069458007812,350.03607177734375,5.50163458683528e-05,0.004441434061824866,0.0029609560412165773,cycle_valid,50.63988875824244,0.2733548954490944,0.25890720783479104,0.3561702674177047,icgn_high_residual,False,3,0.7166892765558575,58.01935337194467,0.3561702674177047,0.5423634591328739,0.3561702674177047,0.1,icgn_high_residual,True,line_search,11.008390167681817,0.0004133097131540991,line_search_refined,0.011599432541745424,0.014028546716414254,0.7118342485410154,-0.013122756448552764,-0.0048926378970008955,-0.006729598689723559,0.015538086784541124,0.7087934461885997,0.00547195424091796,updated,0,True,filtered,282,measured,0,measurement,insufficient_references,False,0,0,,,,,,,,,,,,-0.7757704028331492,0.8168629984409894,5.626267395860561,-4.006771165237066,4.071790878733439,25.03104825534308,,,,,,,,,,,0.9341757374458928,0.9951841041285655,0.8712537452622664,0.9999371831933482,0.9962254474134417,0.9990130146529278,0.3174387842325167,0.9064118024926513,0.9986000010001269,,0.7118342485410154,HIGH,,,,,,,,,,,,-0.7757704028331492,0.8168629984409894,5.626267395860561,estimated,-0.7757704028331492,0.8168629984409894,5.626267395860561,0.8368806374763136,True,temporal;spatial,flow_3d;spectral;phase;coherence,False,NORMAL,0.05,NONE,,4.980270503505821,0.6704597389826858,,,,0.011323657759675143,0.0013112358270745972,0.000321884494042024,,,False,,,,,,,,,,,,,,,,,,,,,,False,,,,,,,
0,research_full,282,P3,valid,347.9885805670713,353.03422905331877,343.39898002521926,353.0340881347656,4.593585787723539,0.9970441816333969,2.0369046717169303,13.489173808614186,13.678482656376556,0.1215552692701482,9.1552734375e-05,0.41234672443800946,0.7258409912687496,4.587653275561995,5.0,4.587653275561995,4.593585787723539,343.39898002521926,353.0340881347656,343.39499477934777,353.03422905331877,0.998282419877395,2.039534992785797,13.506617299406106,0.9970441816333969,2.0369046717169303,13.489173808614186,69.16926474656782,142.71194018558165,939.5683209417367,-0.412346724438005,,4,primary_icgn_fallback_line_search,,0,0,,4.054099998029415,13.506800001778174,17.6694999972824,62.30180000056862,343.3841247558594,353.0353698730469,0.000213623046875,0.014910462124841864,0.009940308083227909,cycle_valid,58.167125774496206,0.3037652786350695,0.18221000936492132,0.1656808513006813,icgn_high_residual,False,4,0.5010786467252354,33.55824842516994,0.1656808513006813,0.32297240155333534,0.1656808513006813,0.1,icgn_high_residual,True,line_search,4.579407532864835,-0.0005057079968761939,line_search_refined,0.011436515038017904,0.015025112624573445,0.6637828387164041,-0.007306429156415106,-0.0005287471110477782,-0.019728569672366802,0.021044712918987164,0.6992933466507937,0.0090401863130244,updated,0,True,filtered,282,measured,0,measurement,insufficient_references,False,0,0,,,,,,,,,,,,0.9970441816333969,2.0369046717169303,13.489173808614186,69.16926474656782,142.71194018558165,939.5683209417367,,,,,,,,,,,0.9426938620578214,0.9594815769099506,0.817060909828642,0.9999491373697916,0.8625510918539968,0.9966865639722574,0.5227822412140615,0.7988099827369957,0.9973411909973042,,0.6637828387164041,HIGH,,,,,,,,,,,,0.9970441816333969,2.0369046717169303,13.489173808614186,estimated,0.9970441816333969,2.0369046717169303,13.489173808614186,0.08138129634908982,True,temporal;spatial,flow_3d;spectral;phase;coherence,False,OCCLUSION,0.65,KALMAN_PREDICT,,34.978001354071246,40.85165275707464,,,,0.41234672443800946,0.00014091855314291024,9.1552734375e-05,,,False,,,,,,,,,,,,,,,,,,,,,,False,,,,,,,
0,research_full,283,P1,valid,139.98938716759852,320.04595976683197,119.18954612438904,320.04400634765625,20.798324643616233,-0.9834614493167415,0.258977377597408,2.9792629049283375,3.148058633679089,0.08670083930704292,9.650505671743304e-05,0.1996779603265395,0.7483828379766533,20.80032203967346,21.0,20.80032203967346,20.798324643616233,119.18954612438904,320.04400634765625,119.19106252398228,320.04595976683197,-0.9833642270828579,0.2589412055642355,2.9789768147433677,-0.9834614493167415,0.258977377597408,2.9792629049283375,-18.12466307394056,5.018017084290505,54.72357299287012,-0.1996779603265395,,4,primary_icgn_fallback_line_search,,0,0,,4.250800000590971,23.63310000146157,27.999599999020575,63.14900000143098,119.18254852294922,320.0508728027344,0.00012419754057191312,0.009803806977419033,0.0065358713182793555,cycle_valid,91.75212269100241,0.27775138774355596,0.19105054843651303,0.12489242037193035,icgn_high_residual,False,5,0.48300369615423183,26.89891960014321,0.12489242037193035,0.175084528529513,0.12489242037193035,0.1,icgn_high_residual,True,line_search,20.726513727550156,-0.0002081444458573626,line_search_refined,0.010912233173540035,0.014643722913547125,0.6827808794456376,0.001845831684534005,-0.007496277577274668,0.006740231995898682,0.010248512061841804,0.7036606368380182,0.002342648444390741,updated,0,True,filtered,283,measured,0,measurement,insufficient_references,False,0,0,,,,,,,,,,,,-0.9834614493167415,0.258977377597408,2.9792629049283375,-18.12466307394056,5.018017084290505,54.72357299287012,,,,,,,,,,,0.9636702319731704,0.9710997202309857,0.8255261049700146,0.9999632162337851,0.9334406798911535,0.9978213762272402,0.5399964798531125,0.7331036324376894,0.9998454009269939,,0.6827808794456376,HIGH,,,,,,,,,,,,-0.9834614493167415,0.258977377597408,2.9792629049283375,estimated,-0.9834614493167415,0.258977377597408,2.9792629049283375,0.9569875738488349,True,temporal;spatial,flow_3d;spectral;phase;coherence,False,NORMAL,0.05,NONE,,0.1256580336708012,1.212988613032735,,,,0.1996779603265395,0.001953419175720228,9.650505671743304e-05,,,False,,,,,,,,,,,,,,,,,,,,,,False,,,,,,,
0,research_full,283,P2,valid,238.93794558109283,350.0340365336095,227.89287150401842,350.03155517578125,11.03180535837216,-0.7745879881822195,0.8154240406863028,5.616821098856479,5.728314077817719,0.01794824260444627,0.0018046703189611435,0.04206501941909657,0.7930181211321807,11.042065019419097,11.0,11.042065019419097,11.03180535837216,227.89287150401842,350.03155517578125,227.90614022272067,350.0340365336095,-0.7739010834993322,0.8146393482020131,5.611602267004448,-0.7745879881822195,0.8154240406863028,5.616821098856479,-2.824356514307347,2.6328331240468295,15.584751251261686,0.04206501941909657,,4,primary_icgn_fallback_line_search,,0,0,,3.8634000011370517,12.96119999824441,16.922799997701077,63.14900000143098,227.92495727539062,350.06732177734375,0.00031121945357881486,0.04804941739376559,0.032032944929177055,cycle_valid,49.570177662476816,0.27563029584719234,0.25768205324274607,0.26711562489302726,icgn_high_residual,False,4,0.7413448258435116,58.15361342566929,0.26711562489302726,0.534927718912211,0.26711562489302726,0.1,icgn_high_residual,True,line_search,11.042911549575177,0.0006185869421340279,line_search_refined,0.011816650696715407,0.014264458112512493,0.6985254881982869,-0.011076307695105925,-0.009133850512341724,0.03479352409296865,0.037639090532934745,0.7051272811710074,0.029763653048138196,updated,0,True,filtered,283,measured,0,measurement,insufficient_references,False,0,0,,,,,,,,,,,,-0.7745879881822195,0.8154240406863028,5.616821098856479,-2.824356514307347,2.6328331240468295,15.584751251261686,,,,,,,,,,,0.9327552675717649,0.9940172524651846,0.8706416185611029,0.9996473517045766,0.9859783268603012,0.9893223516902743,0.2939573087204651,0.8752100954532988,0.9964087566926801,,0.6985254881982869,HIGH,,,,,,,,,,,,-0.7745879881822195,0.8154240406863028,5.616821098856479,estimated,-0.7745879881822195,0.8154240406863028,5.616821098856479,0.45337980889282437,True,temporal;spatial,flow_3d;spectral;phase;coherence,False,NORMAL,0.05,NONE,,14.452353860414373,9.659619284007135,,,,0.04206501941909657,0.002481357828230557,0.0018046703189611435,,,False,,,,,,,,,,,,,,,,,,,,,,False,,,,,,,
0,research_full,283,P3,valid,347.98965451927313,353.03327067173404,343.41461584473615,353.032470703125,4.579429160333108,1.0001546220765187,2.0431762725234694,13.530873592741738,13.720765967372945,0.1286311015277846,3.0517578125e-05,0.42407629395492386,0.7117557972934185,4.575923706045076,5.0,4.575923706045076,4.579429160333108,343.41461584473615,353.032470703125,343.41022535894,353.03327067173404,1.0009440838610817,2.044720436913055,13.541239119333415,1.0001546220765187,2.0431762725234694,13.530873592741738,72.27970518968962,148.98354099212074,981.2681050692884,-0.42407629395492386,,4,primary_icgn_fallback_line_search,,0,0,,3.793199997744523,10.719399997469736,14.808800002356293,63.14900000143098,343.39501953125,353.0314636230469,0.0005610588705167174,0.019622174001142464,0.013081449334094976,cycle_valid,58.25426908072372,0.30648042458081104,0.17784932305302645,0.1949652990649253,icgn_high_residual,False,3,0.49943874710844277,33.43345544898138,0.1949652990649253,0.31779010315952044,0.1949652990649253,0.1,icgn_high_residual,True,line_search,4.57302475598944,-0.00042383946225246674,line_search_refined,0.011454736489226543,0.015019792928110603,0.6643198610500133,0.0033195729142789787,-0.003000519306510796,-0.011685856398175432,0.01251326976456339,0.7000258972393872,0.0031933799525235744,updated,0,True,filtered,283,measured,0,measurement,insufficient_references,False,0,0,,,,,,,,,,,,1.0001546220765187,2.0431762725234694,13.530873592741738,72.27970518968962,148.98354099212074,981.2681050692884,,,,,,,,,,,0.9427795870425515,0.9571229661574051,0.8125754275522608,0.9999014039252264,0.8586412353483587,0.9956395168886351,0.5243440503729115,0.8290294042416594,0.9977946751002409,,0.6643198610500133,HIGH,,,,,,,,,,,,1.0001546220765187,2.0431762725234694,13.530873592741738,estimated,1.0001546220765187,2.0431762725234694,13.530873592741738,0.4309267651842581,True,temporal;spatial,flow_3d;spectral;phase;coherence,False,NORMAL,0.05,NONE,,3.319388766961355,42.10860051682225,,,,0.42407629395492386,0.0007999686090442992,3.0517578125e-05,,,False,,,,,,,,,,,,,,,,,,,,,,False,,,,,,,
0,research_full,284,P1,valid,139.9831737567732,320.0448231079288,119.17449523444627,320.0450744628906,20.802860022514935,-0.9832829865066813,0.2589143397998009,2.978613374714796,3.1473829927317913,0.08413955700289548,0.00018625725351739675,0.19352294440722417,0.7611342254399178,20.80647705559279,21.0,20.80647705559279,20.802860022514935,119.17449523444627,320.0450744628906,119.18031373425826,320.0448231079288,-0.9831247856236377,0.25887078369183186,2.978095567539958,-0.9832829865066813,0.2589143397998009,2.978613374714796,-17.946200263880385,4.95497928668337,54.07404277932848,-0.19352294440720996,,4,primary_icgn_fallback_line_search,,0,0,,4.346100002294406,18.626500001118984,23.099800000636606,59.8439999994298,119.19072723388672,320.04986572265625,3.0517578125e-05,0.016924360430351892,0.011282906953567928,cycle_valid,91.59680224817559,0.2790020240756114,0.19486246707271593,0.09841896459378828,icgn_high_residual,False,5,0.4804929109868203,26.68962048253599,0.09841896459378828,0.17544825525275456,0.09841896459378828,0.1,icgn_high_residual,True,line_search,20.72191598738975,-0.000247091839686043,line_search_refined,0.010942174251402034,0.014732272862128493,0.678090527448489,-0.0084317188357943,0.000962701063485838,0.012138592525253955,0.014811012941648398,0.7020220367123616,0.004698738926590956,updated,0,True,filtered,284,measured,0,measurement,insufficient_references,False,0,0,,,,,,,,,,,,-0.9832829865066813,0.2589143397998009,2.978613374714796,-17.946200263880385,4.95497928668337,54.07404277932848,,,,,,,,,,,0.9636086276865662,0.9719534809990349,0.8289391803661478,0.9999638708613929,0.9354923518642586,0.9962390310154774,0.5423877038220759,0.6613118876944863,0.9989814675595771,,0.678090527448489,HIGH,,,,,,,,,,,,-0.9832829865066813,0.2589143397998009,2.978613374714796,estimated,-0.9832829865066813,0.2589143397998009,2.978613374714796,0.9195232879059794,True,temporal;spatial,flow_3d;spectral;phase;coherence,False,NORMAL,0.05,NONE,,0.787777381137613,1.7444716906557247,,,,0.19352294440722417,0.0002513549618470279,0.00018625725351739675,,,False,,,,,,,,,,,,,,,,,,,,,,False,,,,,,,
0,research_full,284,P2,valid,238.93624611601905,350.0344638939052,227.90964019565797,350.0352478027344,11.029683733782093,-0.7747555296200248,0.8155855557353451,5.617901527457061,5.729419124274756,0.020552278177955727,0.0001068115234375,0.028027651021716338,0.7930412491648652,11.028027651021716,11.0,11.028027651021716,11.029683733782093,227.90964019565797,350.0352478027344,227.90656238223696,350.0344638939052,-0.7748563584091909,0.8157165879462943,5.6187451696897,-0.7747555296200248,0.8155855557353451,5.617901527457061,-2.991897952112632,2.7943481730891007,16.665179851843348,0.028027651021716338,,4,primary_icgn_fallback_line_search,,0,0,,4.887400002189679,14.408800001547206,19.41639999859035,59.8439999994298,227.8992919921875,350.0323486328125,0.0001726334885461256,0.010746650701598899,0.007164433801065933,cycle_valid,49.53471095752469,0.2753533095911049,0.25480103141314914,0.2935620434804109,icgn_high_residual,False,4,0.742366420378265,57.4634808963065,0.2935620434804109,0.5315894775512441,0.2935620434804109,0.1,icgn_high_residual,True,line_search,11.042069636521738,0.0006152424543815359,line_search_refined,0.01165941293480102,0.01420636611045564,0.7035774597704956,0.005309687700219001,0.0029276368468345026,-0.005656095204118472,0.008291878794269245,0.7072038746499139,0.0015036413482682827,updated,0,True,filtered,284,measured,0,measurement,insufficient_references,False,0,0,,,,,,,,,,,,-0.7747555296200248,0.8155855557353451,5.617901527457061,-2.991897952112632,2.7943481730891007,16.665179851843348,,,,,,,,,,,0.9327071205443872,0.9931492406073481,0.8691789701616838,0.9999534258313361,0.9906574496594279,0.9976118553996447,0.2929843615445096,0.8864521688902958,0.9995278980564035,,0.7035774597704956,HIGH,,,,,,,,,,,,-0.7747555296200248,0.8155855557353451,5.617901527457061,estimated,-0.7747555296200248,0.8155855557353451,5.617901527457061,0.7330652637686689,True,temporal;spatial,flow_3d;spectral;phase;coherence,False,NORMAL,0.05,NONE,,10.732932804823214,0.3460042478654941,,,,0.028027651021716338,0.0007839088291916596,0.0001068115234375,,,False,,,,,,,,,,,,,,,,,,,,,,False,,,,,,,
0,research_full,284,P3,valid,347.9837078745473,353.0324863616637,343.4390414821015,353.0320129394531,4.55115820392857,1.0062101359608961,2.0558473656350857,13.6149248870091,13.805982286943545,0.12397439699146309,8.63167442730628e-05,0.4572909938202656,0.7280961253643101,4.542709006179742,4.0,4.542709006179742,4.55115820392857,343.4390414821015,353.0320129394531,343.4325496706187,353.0324863616637,1.0080297729633045,2.0596585894618578,13.640247924991343,1.0062101359608961,2.0558473656350857,13.6149248870091,78.33521907406704,161.65463410373704,1065.3193993366497,0.5427090061797424,,4,primary_icgn_fallback_line_search,,0,0,,3.838500000711065,10.240499999781605,14.179099998727906,59.8439999994298,343.41986083984375,353.03070068359375,0.0004536764172371477,0.019225479262188705,0.01281698617479247,cycle_valid,58.07667763344898,0.30162578469918133,0.17765138770771824,0.1995083759461946,icgn_high_residual,False,3,0.4984232091257554,33.08689971094488,0.1995083759461946,0.3176029958850388,0.1995083759461946,0.1,icgn_high_residual,True,line_search,4.547130611258186,0.0007722649805716426,line_search_refined,0.011457091148081154,0.015049093122173646,0.6614488266431019,-0.007344030000524526,-0.001776259994130669,-0.028132778632560473,0.029129763298111514,0.6996671441814695,0.01712302041295853,updated,0,True,filtered,284,measured,0,measurement,insufficient_references,False,0,0,,,,,,,,,,,,1.0062101359608961,2.0558473656350857,13.6149248870091,78.33521907406704,161.65463410373704,1065.3193993366497,,,,,,,,,,,0.9426046139489647,0.9586752010028456,0.8123666031352642,0.9999100011397483,0.8475696687265781,0.9957276712750692,0.5253112294040425,0.8329226370810466,0.9954204987704532,,0.6614488266431019,HIGH,,,,,,,,,,,,1.0062101359608961,2.0558473656350857,13.6149248870091,estimated,1.0062101359608961,2.0558473656350857,13.6149248870091,0.030405592257496308,True,temporal;spatial,flow_3d;spectral;phase;coherence,False,OCCLUSION,0.65,KALMAN_PREDICT,,42.93340622941,84.11417135137575,,,,0.4572909938202656,0.00047342221057533607,8.63167442730628e-05,,,False,,,,,,,,,,,,,,,,,,,,,,False,,,,,,,
0,research_full,285,P1,valid,139.97993149293433,320.0437985170469,119.18080357262534,320.04400634765625,20.79956505656021,-0.9834575149746612,0.2589494268924905,2.979085232161588,3.147886959522427,0.0801678449692113,0.00017859954095911235,0.20129612633627758,0.7415272226467176,20.798703873663722,21.0,20.798703873663722,20.79956505656021,119.18080357262534,320.04400634765625,119.18036643637411,320.0437985170469,-0.9835006895006171,0.2589613515242871,2.979208582985019,-0.9834575149746612,0.2589494268924905,2.979085232161588,-18.120728731860215,4.990066379372992,54.54590022612082,-0.20129612633627758,,4,primary_icgn_fallback_line_search,,0,0,,3.9982000016607344,16.384099999413593,20.627199999580625,60.16289999752189,119.16478729248047,320.046875,0.0007045529782772064,0.016271152262460953,0.010847434841640635,cycle_valid,90.96714224659956,0.2674985031297664,0.1873306581605551,0.10895939153482967,icgn_high_residual,False,5,0.47952494818677327,26.039085841072968,0.10895939153482967,0.1629608330103298,0.10895939153482967,0.1,icgn_high_residual,True,line_search,20.72477024870219,-0.00025475874103847494,line_search_refined,0.010948938793303055,0.014710326359911699,0.6794414969907049,-0.001624520993857459,0.0007961982291249114,-0.002897218641468413,0.003415680889078684,0.7027552963522293,0.00024764125740134584,updated,0,True,filtered,285,measured,0,measurement,insufficient_references,False,0,0,,,,,,,,,,,,-0.9834575149746612,0.2589494268924905,2.979085232161588,-18.120728731860215,4.990066379372992,54.54590022612082,,,,,,,,,,,0.9633567324309571,0.973277385010263,0.8220615159278178,0.9998528079134607,0.9329012912212408,0.9963841883861198,0.543309573155454,0.6940756288761204,0.999480616320023,,0.6794414969907049,HIGH,,,,,,,,,,,,-0.9834575149746612,0.2589494268924905,2.979085232161588,estimated,-0.9834575149746612,0.2589494268924905,2.979085232161588,0.9592091583791402,True,temporal;spatial,flow_3d;spectral;phase;coherence,False,NORMAL,0.05,NONE,,1.1797209929537977,0.08946928241380192,,,,0.20129612633627758,0.00020783060932672015,0.00017859954095911235,,,False,,,,,,,,,,,,,,,,,,,,,,False,,,,,,,
0,research_full,285,P2,valid,238.93534525471912,350.023406930298,227.91186502059236,350.01971435546875,11.026368081614153,-0.7749983335659276,0.8157101121104485,5.619590842310412,5.731126123111256,0.016317951658961195,0.0001911920844577253,0.024734710852966302,0.7932468146174408,11.024734710852966,11.0,11.024734710852966,11.026368081614153,227.91186502059236,350.01971435546875,227.90897717310497,350.023406930298,-0.7750994582993879,0.815790651579065,5.620423413398279,-0.7749983335659276,0.8157101121104485,5.619590842310412,-3.2347018980154463,2.918904548192547,18.35449470519457,0.024734710852966302,,4,primary_icgn_fallback_line_search,,0,0,,3.83960000181105,15.049600002384977,18.988800002261996,60.16289999752189,227.9144744873047,350.0220031738281,0.000334651384036988,0.0034710237690002204,0.002314015846000147,cycle_valid,48.259131653943214,0.26277811184611927,0.24646016018715808,0.2539900515064974,icgn_high_residual,False,4,0.7515998363905522,56.477453738736,0.2539900515064974,0.5032346076219457,0.2539900515064974,0.1,icgn_high_residual,True,line_search,11.051396754449208,0.000800470066343854,line_search_refined,0.011674230665761348,0.014323547485205345,0.6977193076483861,0.004666498270154307,-0.013735921674367546,-0.005542747018081329,0.01552977124287936,0.705313853246613,0.005478199296952324,updated,0,True,filtered,285,measured,0,measurement,insufficient_references,False,0,0,,,,,,,,,,,,-0.7749983335659276,0.8157101121104485,5.619590842310412,-3.2347018980154463,2.918904548192547,18.35449470519457,,,,,,,,,,,0.9309284436107136,0.9945606827803463,0.8647516364997064,0.9999123594219176,0.9917550963823446,0.9992286613846666,0.28419063200899786,0.8687612639328882,0.9993815634446255,,0.6977193076483861,HIGH,,,,,,,,,,,,-0.7749983335659276,0.8157101121104485,5.619590842310412,estimated,-0.7749983335659276,0.8157101121104485,5.619590842310412,0.9408888509063327,True,temporal;spatial,flow_3d;spectral;phase;coherence,False,NORMAL,0.05,NONE,,0.6146322945600095,1.2193703611580355,,,,0.024734710852966302,0.003692574829244677,0.0001911920844577253,,,False,,,,,,,,,,,,,,,,,,,,,,False,,,,,,,
0,research_full,285,P3,valid,347.9883697454046,353.0395534962806,343.43360626831566,353.0420837402344,4.551009579706251,1.006366286030457,2.0561014047877517,13.61536951530263,13.806469973409607,0.10711579346840741,0.00027295752079226077,0.44270050659693005,0.7469845421452863,4.55729949340307,5.0,4.55729949340307,4.551009579706251,343.43360626831566,353.0420837402344,343.43736016569835,353.0395534962806,1.0050442909878665,2.0533304292556025,13.596577794608056,1.006366286030457,2.0561014047877517,13.61536951530263,78.49136914362786,161.908673256403,1065.7640276301804,-0.44270050659693005,,4,primary_icgn_fallback_line_search,,0,0,,3.9853000016591977,12.981299998500617,17.09119999941322,60.16289999752189,343.4308776855469,353.03265380859375,0.00020471813331823796,0.00981675988669145,0.006544506591127634,cycle_valid,57.38877132662944,0.2927037706174008,0.18558797714899342,0.18492905316859762,icgn_high_residual,False,4,0.4990955627647434,32.76336147767623,0.18492905316859762,0.2923326252387384,0.18492905316859762,0.1,icgn_high_residual,True,line_search,4.5741423327539295,-0.00014801820122576688,line_search_refined,0.011435656337347,0.01499108640720232,0.6665511799812452,0.009528880082257274,0.009507190896385964,0.021010422966891262,0.02495243690724486,0.7006288875416345,0.01303220367567363,updated,0,True,filtered,285,measured,0,measurement,insufficient_references,False,0,0,,,,,,,,,,,,1.006366286030457,2.0561014047877517,13.61536951530263,78.49136914362786,161.908673256403,1065.7640276301804,,,,,,,,,,,0.94191662835293,0.9642947355105309,0.8203906640645545,0.9999203873909815,0.85243316446769,0.9978184978029575,0.5246708926050063,0.8197506948627281,0.9992326333921513,,0.6665511799812452,HIGH,,,,,,,,,,,,1.006366286030457,2.0561014047877517,13.61536951530263,estimated,1.006366286030457,2.0561014047877517,13.61536951530263,0.4900287640598903,True,temporal;spatial,flow_3d;spectral;phase;coherence,False,NORMAL,0.05,NONE,,84.72933563824643,0.3561678139059921,,,,0.44270050659693005,0.002530243953799527,0.00027295752079226077,,,False,,,,,,,,,,,,,,,,,,,,,,False,,,,,,,
0,research_full,286,P1,valid,139.9821154010107,320.04141704226925,119.20794816635835,320.04107666015625,20.782418936701326,-0.9842562492201207,0.2591492760283814,2.981543066960129,3.1504789749390336,0.08089641152895065,4.57763671875e-05,0.22419877670989763,0.7447651408720689,20.77580122329009,21.0,20.77580122329009,20.782418936701326,119.20794816635835,320.04107666015625,119.19969646430937,320.04141704226925,-0.984560298251708,0.25922985092053347,2.9824927775069487,-0.9842562492201207,0.2591492760283814,2.981543066960129,-18.919462977319725,5.189915515263877,57.003735024661495,-0.2241987767099083,,4,primary_icgn_fallback_line_search,,0,0,,4.1311999993922655,18.275300000823336,22.611399999732384,69.07460000002175,119.1876220703125,320.0433044433594,6.151014531496912e-05,0.020447816471819626,0.01363187764787975,cycle_valid,91.11271260625516,0.2689398222977916,0.18804341076884096,0.062431904529253165,icgn_high_residual,False,5,0.47908712365751904,26.059286889713455,0.062431904529253165,0.16597019242197603,0.062431904529253165,0.1,icgn_high_residual,True,line_search,20.72412935585104,-0.00024749606319305397,line_search_refined,0.010960361045406776,0.01510112744548923,0.6602380729175642,0.006256260195726782,-0.0013032643041697156,-0.02185354189682087,0.02276876331554403,0.6971789084588981,0.01054996738644354,updated,0,True,filtered,286,measured,0,measurement,insufficient_references,False,0,0,,,,,,,,,,,,-0.9842562492201207,0.2591492760283814,2.981543066960129,-18.919462977319725,5.189915515263877,57.003735024661495,,,,,,,,,,,0.9634152772101257,0.9730345294903497,0.8227359672054155,0.9999821189145829,0.9252670744300341,0.99545604078404,0.5437265488976009,0.4660849515216273,0.9970339283492348,,0.6602380729175642,HIGH,,,,,,,,,,,,-0.9842562492201207,0.2591492760283814,2.981543066960129,estimated,-0.9842562492201207,0.2591492760283814,2.981543066960129,0.7506589265974177,True,temporal;spatial,flow_3d;spectral;phase;coherence,False,NORMAL,0.05,NONE,,2.0882733118961476,6.90009361047672,,,,0.22419877670989763,0.0003403821129950302,4.57763671875e-05,,,False,,,,,,,,,,,,,,,,,,,,,,False,,,,,,,
0,research_full,286,P2,valid,238.93446487502086,350.02538976765936,227.8964494703581,350.0277099609375,11.034996109470974,-0.7744019811574891,0.815093952463065,5.615197004211115,5.726649454599433,0.01777576696337035,9.650505671743304e-05,0.03886852280595576,0.7931673501818634,11.03886852280595,11.0,11.03886852280595,11.034996109470974,227.8964494703581,350.0277099609375,227.8994687655499,350.02538976765936,-0.7741210208298138,0.8148333164244709,5.61322720416207,-0.7744019811574891,0.815093952463065,5.615197004211115,-2.6383494895769743,2.3027449008090617,13.960656605897626,0.038868522805950434,,4,primary_icgn_fallback_line_search,,0,0,,4.341600004408974,16.41849999941769,20.900100000289967,69.07460000002175,227.90625,350.0345153808594,9.650505671743304e-05,0.011931643708001073,0.007954429138667382,cycle_valid,48.111866775349455,0.26405944614656934,0.246283679183199,0.2701199476251525,icgn_high_residual,False,5,0.7538628954940302,56.28460215373589,0.2701199476251525,0.511533357224802,0.2701199476251525,0.1,icgn_high_residual,True,line_search,11.077520185812473,0.0003420021175143818,line_search_refined,0.011711483060484145,0.01433126491204948,0.6966856527543848,0.0031663217066011384,0.008611325873857822,0.01316212683704343,0.016044379368797212,0.705791215741961,0.005493165846173837,updated,0,True,filtered,286,measured,0,measurement,insufficient_references,False,0,0,,,,,,,,,,,,-0.7744019811574891,0.815093952463065,5.615197004211115,-2.6383494895769743,2.3027449008090617,13.960656605897626,,,,,,,,,,,0.9307170235381265,0.9940747443455432,0.8646547207517628,0.9999678316477608,0.9870438257313481,0.9973485236204442,0.2820353376247331,0.8765980312583569,0.9984386650047202,,0.6966856527543848,HIGH,,,,,,,,,,,,-0.7744019811574891,0.815093952463065,5.615197004211115,estimated,-0.7744019811574891,0.815093952463065,5.615197004211115,0.7866398775515653,True,temporal;spatial,flow_3d;spectral;phase;coherence,False,NORMAL,0.05,NONE,,6.185272302680463,1.3950866538980335,,,,0.03886852280595576,0.0023201932781375945,9.650505671743304e-05,,,False,,,,,,,,,,,,,,,,,,,,,,False,,,,,,,
0,research_full,286,P3,valid,347.98648362380357,353.0409929085986,343.4149174232141,353.0406494140625,4.561879395662332,1.0039186049121651,2.051240206758535,13.582927500078359,13.773574642172472,0.10851403446688775,6.823938019806519e-05,0.42910809704223496,0.7427514989007303,4.570891902957765,5.0,4.570891902957765,4.561879395662332,343.4149174232141,353.0406494140625,343.4246042281412,353.0409929085986,1.001921405890267,2.0471866959726985,13.556145804998545,1.0039186049121651,2.051240206758535,13.582927500078359,76.04368802533601,157.04747522718642,1033.3220124059092,-0.42910809704223496,,4,primary_icgn_fallback_line_search,,0,0,,3.7732000018877443,16.007800000807038,19.914100001187762,69.07460000002175,343.4296875,353.0450744628906,0.00013647876039613038,0.015418697266400397,0.010279131510933598,cycle_valid,57.22245536732188,0.2929477812642493,0.18443374679736158,0.1699784912267965,icgn_high_residual,False,4,0.4978144282232591,32.684035901201966,0.1699784912267965,0.2922364146496539,0.1699784912267965,0.1,icgn_high_residual,True,line_search,4.579983558034708,-0.0005530453360586742,line_search_refined,0.011460750935997847,0.015006908246715965,0.6647057335005525,-0.00252836654129851,-0.001287977372783189,0.03005449825155715,0.030188149798104736,0.7001278404317858,0.018236806181079413,updated,0,True,filtered,286,measured,0,measurement,insufficient_references,False,0,0,,,,,,,,,,,,1.0039186049121651,2.051240206758535,13.582927500078359,76.04368802533601,157.04747522718642,1033.3220124059092,,,,,,,,,,,0.9417478101571135,0.9638286551777041,0.8192666260261098,0.999965880309901,0.8569639676525883,0.9965736228296888,0.5258910207397531,0.8038967572146655,0.9975177953708826,,0.6647057335005525,HIGH,,,,,,,,,,,,1.0039186049121651,2.051240206758535,13.582927500078359,estimated,1.0039186049121651,2.051240206758535,13.582927500078359,0.12920895683460915,True,temporal;spatial,flow_3d;spectral;phase;coherence,False,OCCLUSION,0.65,KALMAN_PREDICT,,33.38378214266442,28.41548198934319,,,,0.42910809704223496,0.0003434945360822894,6.823938019806519e-05,,,False,,,,,,,,,,,,,,,,,,,,,,False,,,,,,,
0,research_full,287,P1,valid,139.992579176957,320.03746914283573,119.15596677142568,320.03668212890625,20.821376632500666,-0.9823541773751356,0.2586415756986409,2.9759644709880466,3.144563519324967,0.07769771200021304,0.00031456799479201436,0.15933896380849788,0.7203595827746638,20.840661036191502,21.0,20.840661036191502,20.821376632500666,119.15596677142568,320.03668212890625,119.17120254445635,320.03746914283573,-0.9814217981471031,0.2583977028224988,2.9732107339483025,-0.9823541773751356,0.2586415756986409,2.9759644709880466,-17.01739113233469,4.682215185523364,51.42513905257928,-0.15933896380849788,,4,primary_icgn_fallback_line_search,,0,0,,3.010000000358559,15.77249999900232,18.924200001492864,55.79840000063996,119.19554901123047,320.04425048828125,0.0001100326917367056,0.040299302371043705,0.026866201580695803,cycle_valid,91.34592043720649,0.2556606313350861,0.17796291933487307,0.0874915477758975,icgn_high_residual,False,5,0.4679933974571296,25.349900114838043,0.0874915477758975,0.1573029592538224,0.0874915477758975,0.1,icgn_high_residual,True,line_search,20.738749926549715,-0.00015558929207616317,line_search_refined,0.011039111924436042,0.014797195543851607,0.6709015715427215,0.015423996788285876,-0.0029982730802657898,0.06502636452897548,0.06689781313499044,0.703437154598372,0.09061598582783938,updated,0,True,filtered,287,measured,0,measurement,insufficient_references,False,0,0,,,,,,,,,,,,-0.9823541773751356,0.2586415756986409,2.9759644709880466,-17.01739113233469,4.682215185523364,51.42513905257928,,,,,,,,,,,0.963508678686699,0.9741007626665956,0.8126950633428869,0.9999292332189119,0.9468870120638341,0.9910445994731014,0.5542920024217812,0.6190108166938142,0.9927461744794999,,0.6709015715427215,HIGH,,,,,,,,,,,,-0.9823541773751356,0.2586415756986409,2.9759644709880466,estimated,-0.9823541773751356,0.2586415756986409,2.9759644709880466,0.5527014032855977,True,temporal;spatial,flow_3d;spectral;phase;coherence,False,NORMAL,0.05,NONE,,8.507596565159215,9.290745753695097,,,,0.15933896380849788,0.0007870139294823275,0.00031456799479201436,,,False,,,,,,,,,,,,,,,,,,,,,,False,,,,,,,
0,research_full,287,P2,valid,238.92518926520128,350.03326604401735,227.89879440595465,350.0370178222656,11.027839410954405,-0.7750057762194196,0.8157088829111857,5.618841079045064,5.730391784721004,0.01602019543093596,0.0002895151556003839,0.023858792287551722,0.7948443946838379,11.023858792287552,11.0,11.023858792287552,11.027839410954405,227.89879440595465,350.0370178222656,227.89734985424687,350.03326604401735,-0.7753133126608582,0.8160443899645602,5.620869993248951,-0.7750057762194196,0.8157088829111857,5.618841079045064,-3.2421445515073977,2.917675348929727,17.604731439845978,0.023858792287551722,,4,primary_icgn_fallback_line_search,,0,0,,4.423200000019278,12.25009999689064,16.82769999752054,55.79840000063996,227.8904571533203,350.025390625,0.0008846150594763458,0.014307393114836316,0.009538262076557544,cycle_valid,46.43773045614262,0.2639979624152727,0.2479777669843367,0.1988054767658953,icgn_high_residual,False,5,0.7674480619060403,53.356222137404544,0.1988054767658953,0.5010627172128403,0.1988054767658953,0.1,icgn_high_residual,True,line_search,11.073934076009813,0.00038195199345235505,line_search_refined,0.011785837299920379,0.014448841567746175,0.6911341641345881,-0.009377080862805087,0.013872160546441137,-0.01345686179855754,0.021481471392791062,0.7041941333394212,0.010140999714279262,updated,0,True,filtered,287,measured,0,measurement,insufficient_references,False,0,0,,,,,,,,,,,,-0.7750057762194196,0.8157088829111857,5.618841079045064,-3.2421445515073977,2.917675348929727,17.604731439845978,,,,,,,,,,,0.9282192884839312,0.9946599348563547,0.8655793471378472,0.9998043116308205,0.9920470692374828,0.9968205793078142,0.2690970838990091,0.8323319162248974,0.9986088039637345,,0.6911341641345881,HIGH,,,,,,,,,,,,-0.7750057762194196,0.8157088829111857,5.618841079045064,estimated,-0.7750057762194196,0.8157088829111857,5.618841079045064,0.7121329659206804,True,temporal;spatial,flow_3d;spectral;phase;coherence,False,NORMAL,0.05,NONE,,8.219731205842983,2.5058669069154575,,,,0.023858792287551722,0.0037517782482723305,0.0002895151556003839,,,False,,,,,,,,,,,,,,,,,,,,,,False,,,,,,,
0,research_full,287,P3,valid,347.98449810365537,353.0412050432283,343.4399382294837,353.04052734375,4.548375149323314,1.0068467255166411,2.0573360067384123,13.623255571740028,13.814465756816354,0.09675407630151708,0.0005925442092120647,0.45592944042121086,0.7607810626519396,4.544070559578789,5.0,4.544070559578789,4.548375149323314,343.4399382294837,353.04052734375,343.43612295433206,353.0412050432283,1.0077875491959831,2.0592669672801325,13.636160856869797,1.0068467255166411,2.0573360067384123,13.623255571740028,78.97180862981202,163.14327520706362,1073.6500840675785,-0.45592944042121086,,4,primary_icgn_fallback_line_search,,0,0,,4.499400001805043,12.224900001456263,16.95819999804371,55.79840000063996,343.4205627441406,353.0415954589844,0.000335693359375,0.01940490408203838,0.01293660272135892,cycle_valid,57.128946685686614,0.2859937492300457,0.18923967292852864,0.16650864262092166,icgn_high_residual,False,3,0.4957561742865881,33.51626984202273,0.16650864262092166,0.26046693935681925,0.16650864262092166,0.1,icgn_high_residual,True,line_search,4.56692001234972,-0.0009345115659790764,line_search_refined,0.011482601693355443,0.015013843169587539,0.6645709297428638,-0.001833148498690207,-0.002538906052166112,-0.014352658604568802,0.014690312671256481,0.7000841542239462,0.004342985220658472,updated,0,True,filtered,287,measured,0,measurement,insufficient_references,False,0,0,,,,,,,,,,,,1.0068467255166411,2.0573360067384123,13.623255571740028,78.97180862981202,163.14327520706362,1073.6500840675785,,,,,,,,,,,0.9416524629506519,0.9677486412328277,0.8238565263959078,0.9998452937385688,0.8480235198595963,0.9956877990928804,0.5278512625842018,0.799810191178959,0.9977763714226335,,0.6645709297428638,HIGH,,,,,,,,,,,,1.0068467255166411,2.0573360067384123,13.623255571740028,estimated,1.0068467255166411,2.0573360067384123,13.623255571740028,0.04578947065028618,True,temporal;spatial,flow_3d;spectral;phase;coherence,False,OCCLUSION,0.65,KALMAN_PREDICT,,73.78645265169929,37.105367942351556,,,,0.45592944042121086,0.0006776994782740076,0.0005925442092120647,,,False,,,,,,,,,,,,,,,,,,,,,,False,,,,,,,
0,research_full,288,P1,valid,139.99711696696738,320.0372845759232,119.15980139123916,320.0380859375,20.83518031416349,-0.981677136750678,0.25846915482113864,2.973992841005585,3.142471912868186,0.09385704172294848,0.00032440631184726954,0.8379097904014543,0.7014457538667473,20.837909790401465,21.0,20.837909790401465,20.83518031416349,119.15980139123916,320.0380859375,119.16193665280389,320.0372845759232,-0.9815451185726879,0.2584399275532259,2.973603289324391,-0.981677136750678,0.25846915482113864,2.973992841005585,-16.340350507877076,4.50979430802112,49.4535090701178,-0.16209020959853504,,4,primary_icgn_fallback_line_search,,0,0,,4.629099999874597,17.47050000267336,22.209200000361307,68.55889999860665,119.15384674072266,320.0322570800781,0.0001502816448919475,0.008332673137607393,0.005555115425071595,cycle_valid,90.77490096181928,0.269942153989392,0.1760851122664435,0.06485951868377414,icgn_high_residual,False,5,0.46728945331828214,24.90103459825895,0.06485951868377414,0.15360947241894712,0.06485951868377414,0.1,icgn_high_residual,True,line_search,20.73400400542172,-0.00014454247412603666,line_search_refined,0.0109170050112373,0.015894099027355894,0.6278654031189186,0.0022866226010478385,0.00308375335657729,0.008718087851718792,0.009525924284504432,0.6869180163817125,0.0018479715782442254,updated,0,True,filtered,288,measured,0,measurement,insufficient_references,False,0,0,,,,,,,,,,,,-0.981677136750678,0.25846915482113864,2.973992841005585,-16.340350507877076,4.50979430802112,49.4535090701178,,,,,,,,,,,0.9632791300457011,0.9687143194256839,0.810697605809542,0.9999208853405435,0.7206967365328485,0.9981482948583095,0.5549624254111598,0.48606875274773953,0.9979354893022819,,0.6278654031189186,HIGH,,,,,,,,,,,,-0.981677136750678,0.25846915482113864,2.973992841005585,estimated,-0.981677136750678,0.25846915482113864,2.973992841005585,0.8619137686338569,True,temporal;spatial,flow_3d;spectral;phase;coherence,False,NORMAL,0.05,NONE,,3.82404464574317,0.7873836175580209,,,,0.8379097904014543,0.0008013615768049931,0.00032440631184726954,,,False,,,,,,,,,,,,,,,,,,,,,,False,,,,,,,
0,research_full,288,P2,valid,238.9121710027585,350.0431018556133,227.88029259038396,350.0463562011719,11.028290964839272,-0.77511611921252,0.8157828274326525,5.618611015336572,5.730191651372452,0.012541430936508134,0.0011902833357453346,0.028780285592613808,0.7950161576271058,11.028780285592614,11.0,11.028780285592614,11.028290964839272,227.88029259038396,350.0463562011719,227.88388003791923,350.0431018556133,-0.7751155392584635,0.81578214802144,5.618361730927637,-0.77511611921252,0.8157828274326525,5.618611015336572,-3.3524875446078184,2.9916198703965335,17.374667731353988,0.028780285592613808,,4,primary_icgn_fallback_line_search,,0,0,,4.537199998594588,16.531499997654464,21.238799999991897,68.55889999860665,227.88916015625,350.04754638671875,0.000396728515625,0.008947081424942964,0.005964720949961976,cycle_valid,44.59193514842568,0.2528598075942371,0.24031837665772895,0.24193816201660828,icgn_high_residual,False,5,0.7620199622116351,52.76702929168897,0.24193816201660828,0.5052068211373572,0.24193816201660828,0.1,icgn_high_residual,True,line_search,11.073390797860755,0.00034934725161130315,line_search_refined,0.011837769768763861,0.014399524410088889,0.6943857096317515,-0.011437720344417812,0.012014451642073709,0.0016616993534910307,0.01667122490035538,0.7055299129084665,0.006352812636054421,updated,0,True,filtered,288,measured,0,measurement,insufficient_references,False,0,0,,,,,,,,,,,,-0.77511611921252,0.8157828274326525,5.618611015336572,-3.3524875446078184,2.9916198703965335,17.374667731353988,,,,,,,,,,,0.925248067341365,0.9958195230211639,0.8612951127711386,0.9997354980247716,0.9904065714691287,0.998011759683346,0.2742667026555855,0.8622237473596864,0.99988239758593,,0.6943857096317515,HIGH,,,,,,,,,,,,-0.77511611921252,0.8157828274326525,5.618611015336572,estimated,-0.77511611921252,0.8157828274326525,5.618611015336572,0.8291059514827515,True,temporal;spatial,flow_3d;spectral;phase;coherence,False,NORMAL,0.05,NONE,,3.94272877117988,1.758905624653815,,,,0.028780285592613808,0.003254345558559635,0.0011902833357453346,,,False,,,,,,,,,,,,,,,,,,,,,,False,,,,,,,
0,research_full,288,P3,valid,347.9848357339195,353.047545468168,343.42182336235544,353.04931640625,4.556986914006875,1.0049529104265857,2.0536155279928408,13.5975104306146,13.78838485826607,0.10242893359715269,0.000152587890625,0.4364717998554397,0.7456648269762086,4.563528200144564,5.0,4.563528200144564,4.556986914006875,343.42182336235544,353.04931640625,343.42784881991264,353.047545468168,1.003526031884138,2.0507186158424653,13.578019983183149,1.0049529104265857,2.0536155279928408,13.5975104306146,77.07799353975663,159.42279646149206,1047.90494294215,-0.43647179985543616,,4,primary_icgn_fallback_line_search,,0,0,,4.899600000499049,15.896799999609357,20.954499999788823,68.55889999860665,343.43450927734375,353.05438232421875,0.000152587890625,0.013660013321982512,0.009106675547988342,cycle_valid,57.202401577735365,0.2863008081517207,0.18387187455456802,0.15566719126052783,icgn_high_residual,False,4,0.4890582509476714,32.839170028747205,0.15566719126052783,0.25795924870180825,0.15566719126052783,0.1,icgn_high_residual,True,line_search,4.587501701307556,-0.00017533514951644045,line_search_refined,0.011454708612107432,0.015011182166440823,0.6649094323919706,0.0019369505099007256,0.006649921215739596,0.02181638348240078,0.02288946958110908,0.7001663386158483,0.010622052633292921,updated,0,True,filtered,288,measured,0,measurement,insufficient_references,False,0,0,,,,,,,,,,,,1.0049529104265857,2.0536155279928408,13.5975104306146,77.07799353975663,159.42279646149206,1047.90494294215,,,,,,,,,,,0.9417273883369479,0.9658570221342825,0.818714344354819,0.9999491373697916,0.8545094000481868,0.9969644414840039,0.5342302371926939,0.7858679593084841,0.998107661382064,,0.6649094323919706,HIGH,,,,,,,,,,,,1.0049529104265857,2.0536155279928408,13.5975104306146,estimated,1.0049529104265857,2.0536155279928408,13.5975104306146,0.10601159837038326,True,temporal;spatial,flow_3d;spectral;phase;coherence,False,OCCLUSION,0.65,KALMAN_PREDICT,,66.97223185669569,24.102890271096495,,,,0.4364717998554397,0.0017709380820178922,0.000152587890625,,,False,,,,,,,,,,,,,,,,,,,,,,False,,,,,,,
0,research_full,289,P1,valid,139.99926773352834,320.0379030652311,119.16827266615887,320.0387268066406,20.834762291677087,-0.9816844083115892,0.258477913549807,2.9740525103152002,3.1425313750903556,0.07717679998281284,0.0002309073752257973,0.16944759291669698,0.7563896343445781,20.83055240708332,21.0,20.83055240708332,20.834762291677087,119.16827266615887,320.0387268066406,119.16450544185125,320.0379030652311,-0.9818853658125448,0.25853491184721294,2.9746535706039317,-0.9816844083115892,0.258477913549807,2.9740525103152002,-16.347622068788258,4.5185530366894655,49.513178379732906,-0.1694475929166792,,4,primary_icgn_fallback_line_search,,0,0,,4.493399999773828,18.139399999199668,22.80329999848618,72.46110000050976,119.1542739868164,320.0382080078125,0.0011108566541224718,0.014008289530031588,0.009338859686687725,cycle_valid,90.8886430797885,0.27064448325177803,0.19346768326896518,0.0719220157819944,icgn_high_residual,False,5,0.4635126180137395,24.93830872432776,0.0719220157819944,0.14733927414633968,0.0719220157819944,0.1,icgn_high_residual,True,line_search,20.73981788524727,-0.0001269486756950908,line_search_refined,0.01094293995778528,0.014840814797491093,0.6734277683163871,-0.001695882760287759,0.0031558486248854933,-0.014356277018237051,0.01479655665025462,0.7067565227098693,0.004378597222403074,updated,0,True,filtered,289,measured,0,measurement,insufficient_references,False,0,0,,,,,,,,,,,,-0.9816844083115892,0.258477913549807,2.9740525103152002,-16.347622068788258,4.5185530366894655,49.513178379732906,,,,,,,,,,,0.9633250841867328,0.9742744000057291,0.8277059363604813,0.9997763726617753,0.9435174690277677,0.9968870467711041,0.5585594114154862,0.5365350515985079,0.9994216789071241,,0.6734277683163871,HIGH,,,,,,,,,,,,-0.9816844083115892,0.258477913549807,2.9740525103152002,estimated,-0.9816844083115892,0.258477913549807,2.9740525103152002,0.886533416789982,True,temporal;spatial,flow_3d;spectral;phase;coherence,False,NORMAL,0.05,NONE,,2.151112742449702,1.4697186600656096,,,,0.16944759291669698,0.0008237414095333406,0.0002309073752257973,,,False,,,,,,,,,,,,,,,,,,,,,,False,,,,,,,
0,research_full,289,P2,valid,238.9010323185653,350.0325821295816,227.8389486752607,350.0270690917969,11.050870734134008,-0.7736536721133654,0.8140014003152285,5.6071307488910245,5.718483498205522,0.02599451571101181,0.00031419770675711334,0.06066375149712577,0.7933993883132935,11.060663751497126,11.0,11.060663751497126,11.050870734134008,227.8389486752607,350.0270690917969,227.8501615844313,350.0325821295816,-0.7729841364751913,0.8132206996250252,5.602166243142106,-0.7736536721133654,0.8140014003152285,5.6071307488910245,-1.890040445453267,1.2101927529725165,5.894401285806872,0.06066375149712577,,4,primary_icgn_fallback_line_search,,0,0,,4.806500000995584,19.534099999873433,24.47550000215415,72.46110000050976,227.84962463378906,350.1040344238281,0.0012092049000784755,0.07770224208592676,0.05180149472395117,cycle_valid,43.35931805736928,0.23990618275841585,0.21391166704740405,0.22349360697831994,icgn_high_residual,False,5,0.8033028533587269,51.29580847935946,0.22349360697831994,0.5170163613672735,0.22349360697831994,0.1,icgn_high_residual,True,line_search,11.113849809684574,0.0007907052472241842,line_search_refined,0.012163473449471156,0.014724126240469522,0.6764147235961152,-0.005145953227298605,-0.019980279082119523,0.03271774010417161,0.03868000651940286,0.7006817300969533,0.031417247842592956,updated,0,True,filtered,289,measured,0,measurement,insufficient_references,False,0,0,,,,,,,,,,,,-0.7736536721133654,0.8140014003152285,5.6071307488910245,-1.890040445453267,1.2101927529725165,5.894401285806872,,,,,,,,,,,0.9231230221627804,0.9913351614296627,0.8441724390566014,0.9997460995655274,0.9797787495009581,0.9827328350920163,0.23494966346787916,0.8508533027677752,0.9959615781141499,,0.6764147235961152,HIGH,,,,,,,,,,,,-0.7736536721133654,0.8140014003152285,5.6071307488910245,estimated,-0.7736536721133654,0.8140014003152285,5.6071307488910245,0.4616626108511177,True,temporal;spatial,flow_3d;spectral;phase;coherence,False,NORMAL,0.05,NONE,,11.510131807131875,11.677965687431785,,,,0.06066375149712577,0.005513037784737662,0.00031419770675711334,,,False,,,,,,,,,,,,,,,,,,,,,,False,,,,,,,
0,research_full,289,P3,valid,347.9781570570433,353.0547039826248,343.4665939276813,353.05621337890625,4.523191654203164,1.0122837545103336,2.0691497038292117,13.699104931316171,13.891420907009948,0.09766578479691997,0.0003021086158696562,0.5093277031780872,0.7592605158594857,4.509327703178068,5.0,4.509327703178068,4.523191654203164,343.4665939276813,353.05621337890625,343.4549654028401,353.0547039826248,1.015336360567859,2.0755516022748575,13.741222899305408,1.0122837545103336,2.0691497038292117,13.699104931316171,84.40883762350448,174.956972297863,1149.4994436437214,-0.49067229682193236,,4,primary_icgn_fallback_line_search,,0,0,,4.3950999970547855,17.300300001807045,21.84069999930216,72.46110000050976,343.4239501953125,353.0483703613281,0.0007336923154070973,0.04335897640710145,0.028905984271400967,cycle_valid,55.21151683062455,0.2861432414181949,0.18847745662127496,0.16718578304374396,icgn_high_residual,False,5,0.5171762889777257,29.806063001711795,0.16718578304374396,0.25372699925385983,0.16718578304374396,0.1,icgn_high_residual,True,line_search,4.549820599682686,-0.0003415025036148104,line_search_refined,0.0116275879614223,0.015182941225456116,0.6547218315703814,-0.008297729668981901,0.005602762639568937,-0.04587117009229669,0.04695111833057085,0.6977633010624928,0.0442087545656963,updated,0,True,filtered,289,measured,0,measurement,insufficient_references,False,0,0,,,,,,,,,,,,1.0122837545103336,2.0691497038292117,13.699104931316171,84.40883762350448,174.956972297863,1149.4994436437214,,,,,,,,,,,0.9396261228692704,0.9674447384010266,0.8231441895976289,0.9998273665114539,0.8302240989406376,0.990364671909533,0.5074511533545469,0.8006210054080274,0.9940603087756079,,0.6547218315703814,HIGH,,,,,,,,,,,,1.0122837545103336,2.0691497038292117,13.699104931316171,estimated,1.0122837545103336,2.0691497038292117,13.699104931316171,0.0006164081063070631,True,temporal;spatial,flow_3d;spectral;phase;coherence,False,OCCLUSION,0.65,KALMAN_PREDICT,,129.11708035953663,102.88245061879957,,,,0.5093277031780872,0.0015093962814489714,0.0003021086158696562,,,False,,,,,,,,,,,,,,,,,,,,,,False,,,,,,,
0,research_full,290,P1,valid,139.99270865642671,320.04630437564305,119.18869462166992,320.04962158203125,20.8131726628148,-0.9827406451250323,0.2587946171541597,2.977137512825624,3.145806987042002,0.06468280046126755,0.00015930643712636083,0.8006242259863257,0.763862153025097,20.800624225986326,21.0,20.800624225986326,20.8131726628148,119.18869462166992,320.04962158203125,119.17953599361192,320.04630437564305,-0.9833531195023478,0.2589699349742966,2.978933536906608,-0.9827406451250323,0.2587946171541597,2.977137512825624,-17.403858882231393,4.835256641042173,52.598180890156776,-0.19937577401367435,,4,primary_icgn_fallback_line_search,,0,0,,4.686000000219792,19.93880000009085,24.861099998815916,67.7365000010468,119.16268157958984,320.03778076171875,0.00021847261814400554,0.028581171843242475,0.01905411456216165,cycle_valid,90.13210409607068,0.257831378088108,0.19314857762684046,0.07665053177238755,icgn_high_residual,False,5,0.46193168497878734,24.968693280577305,0.07665053177238755,0.14143227640569106,0.07665053177238755,0.1,icgn_high_residual,True,line_search,20.724456968358066,-0.00016508020787600155,line_search_refined,0.011003799652033977,0.015621774227680607,0.6374063656826079,-0.012938903536564794,0.01266178016936692,-0.04064331008846622,0.04449285961514637,0.6912545557642379,0.04045033500387015,updated,0,True,filtered,290,measured,0,measurement,insufficient_references,False,0,0,,,,,,,,,,,,-0.9827406451250323,0.2587946171541597,2.977137512825624,-17.403858882231393,4.835256641042173,52.598180890156776,,,,,,,,,,,0.9630172471089726,0.9784390665129108,0.8274212849874943,0.9999370368241216,0.7331252580045582,0.9936486284792795,0.5600650619249643,0.5651258698071906,0.9957418335980124,,0.6374063656826079,HIGH,,,,,,,,,,,,-0.9827406451250323,0.2587946171541597,2.977137512825624,estimated,-0.9827406451250323,0.2587946171541597,2.977137512825624,0.8382367467140179,True,temporal;spatial,flow_3d;spectral;phase;coherence,False,NORMAL,0.05,NONE,,3.2167995155733022,2.097709486303984,,,,0.8006242259863257,0.003317206388203431,0.00015930643712636083,,,False,,,,,,,,,,,,,,,,,,,,,,False,,,,,,,
0,research_full,290,P2,valid,238.89810558846634,350.0347629410574,227.83048582547386,350.0358581542969,11.066223112923797,-0.7726121994405046,0.8128958397559396,5.59935187128279,5.710557821741664,0.024979434421206537,9.650505671743304e-05,0.06972169405739592,0.7932244577407838,11.069721694057396,11.0,11.069721694057396,11.066223112923797,227.83048582547386,350.0358581542969,227.83188247554253,350.0347629410574,-0.7723451619593396,0.8126508322938849,5.597582198353455,-0.7726121994405046,0.8128958397559396,5.59935187128279,-0.8485677725924567,0.10463219368361809,-1.8844763224272754,0.06972169405739592,,4,primary_icgn_fallback_line_search,,0,0,,4.27520000084769,16.87820000006468,21.26209999914863,67.7365000010468,227.8333282470703,350.03179931640625,0.00017059844685718417,0.0049551514158869304,0.0033034342772579536,cycle_valid,43.27654681386018,0.2518370412367479,0.22685760681554135,0.296494544486614,icgn_high_residual,False,5,0.8053270496260878,51.45660461822888,0.296494544486614,0.5209414131465044,0.296494544486614,0.1,icgn_high_residual,True,line_search,11.119898025245373,0.0008360957634783456,line_search_refined,0.011869732451234898,0.014563104626914602,0.6850506328343091,0.007808671607847373,0.004068715987102678,0.011845455300486307,0.014759560065893757,0.7046478126125408,0.004603907247303172,updated,0,True,filtered,290,measured,0,measurement,insufficient_references,False,0,0,,,,,,,,,,,,-0.7726121994405046,0.8128958397559396,5.59935187128279,-0.8485677725924567,0.10463219368361809,-1.8844763224272754,,,,,,,,,,,0.9229759863311051,0.9916735218595978,0.8530649520585096,0.9999554827494043,0.9767594353142014,0.998898855240914,0.23302185749896387,0.8875752220296308,0.9976464040700104,,0.6850506328343091,HIGH,,,,,,,,,,,,-0.7726121994405046,0.8128958397559396,5.59935187128279,estimated,-0.7726121994405046,0.8128958397559396,5.59935187128279,0.629314006528458,True,temporal;spatial,flow_3d;spectral;phase;coherence,False,NORMAL,0.05,NONE,,3.7860658204770425,10.956583709521501,,,,0.06972169405739592,0.001095213239466375,9.650505671743304e-05,,,False,,,,,,,,,,,,,,,,,,,,,,False,,,,,,,
0,research_full,290,P3,valid,347.9722581573352,353.053957372246,343.4721937327646,353.0520935058594,4.502580877969335,1.0167598483249367,2.078601376590153,13.76181322995543,13.954995078756014,0.10344973077496974,0.0002813581668306142,0.49887560317292223,0.7657561622001157,4.498875603172922,4.0,4.498875603172922,4.502580877969335,343.4721937327646,353.0520935058594,343.4696772793659,353.053957372246,1.0175654475106302,2.0802634492494327,13.77314746193062,1.0167598483249367,2.078601376590153,13.76181322995543,88.8849314381076,184.4086450588045,1212.2077422829811,0.49887560317292223,,4,primary_icgn_fallback_line_search,,0,0,,4.154099999141181,13.664800000697142,17.96180000019376,67.7365000010468,343.4703369140625,353.05572509765625,0.000213623046875,0.0040787540587265405,0.00271916937248436,cycle_valid,55.730233172131285,0.29379559832892127,0.19034586755395153,0.14904756202015476,icgn_high_residual,False,4,0.5130370399954663,30.87827963941894,0.14904756202015476,0.25751236330037885,0.14904756202015476,0.1,icgn_high_residual,True,line_search,4.543665098515033,0.0008579629896944095,line_search_refined,0.011454276469666475,0.01515232991072941,0.6579615901434426,-0.004478372761866467,-0.007021314113160315,-0.012312437807992183,0.01486441385475953,0.6990624558519675,0.004618149594929769,updated,0,True,filtered,290,measured,0,measurement,insufficient_references,False,0,0,,,,,,,,,,,,1.0167598483249367,2.078601376590153,13.76181322995543,88.8849314381076,184.4086450588045,1212.2077422829811,,,,,,,,,,,0.9401880605265399,0.9655167564083434,0.8248801838375327,0.9999175031310491,0.8337081322756926,0.9990936102091719,0.511393295242413,0.7763577419077416,0.9969651082441571,,0.6579615901434426,HIGH,,,,,,,,,,,,1.0167598483249367,2.078601376590153,13.76181322995543,estimated,1.0167598483249367,2.078601376590153,13.76181322995543,0.04491628223118617,True,temporal;spatial,flow_3d;spectral;phase;coherence,False,OCCLUSION,0.65,KALMAN_PREDICT,,39.46242711228841,60.416733817262916,,,,0.49887560317292223,0.001863866386599966,0.0002813581668306142,,,False,,,,,,,,,,,,,,,,,,,,,,False,,,,,,,
0,research_full,291,P1,valid,139.9887930467216,320.0447791145355,119.19664640313401,320.0434875488281,20.79693274644872,-0.9835307087791642,0.25898787765430564,2.9794623010435815,3.1482698390105384,0.0727111134638472,0.0,0.7908261310456624,0.7489851639888222,20.790826131045677,21.0,20.790826131045677,20.79693274644872,119.19664640313401,320.0434875488281,119.1918603002729,320.0447791145355,-0.9838272327331274,0.2590564698853642,2.980337419245507,-0.9835307087791642,0.25898787765430564,2.9794623010435815,-18.193922536363203,5.028517141188127,54.92296910811412,-0.20917386895432344,,4,primary_icgn_fallback_line_search,,0,0,,4.735399998025969,18.42969999779598,23.392800001602154,67.54940000246279,119.18772888183594,320.0499572753906,0.0001832643465604633,0.011017238669245186,0.00734482577949679,cycle_valid,90.03512356393176,0.2607054126142666,0.1879942991504194,0.06496331053691405,icgn_high_residual,False,5,0.46384650687462314,24.942730588844807,0.06496331053691405,0.1408973797385272,0.06496331053691405,0.1,icgn_high_residual,True,line_search,20.720550845499776,-0.00017547401038263484,line_search_refined,0.010933527401230592,0.015748921918926417,0.6331929171665471,-0.005071658265023871,-0.004960482908643371,-0.019891297860617385,0.02111851885961536,0.6930006555713768,0.008911327324160575,updated,0,True,filtered,291,measured,0,measurement,insufficient_references,False,0,0,,,,,,,,,,,,-0.9835307087791642,0.25898787765430564,2.9794623010435815,-18.193922536363203,5.028517141188127,54.92296910811412,,,,,,,,,,,0.9629774114657996,0.9757629621787176,0.8226896587610754,0.99996945594224,0.736391289651446,0.9975517247401677,0.5582414220241685,0.48688986047913363,0.9972105812073191,,0.6331929171665471,HIGH,,,,,,,,,,,,-0.9835307087791642,0.25898787765430564,2.9794623010435815,estimated,-0.9835307087791642,0.25898787765430564,2.9794623010435815,0.9282615891992917,True,temporal;spatial,flow_3d;spectral;phase;coherence,False,NORMAL,0.05,NONE,,0.8148693890334285,1.4245769361925795,,,,0.7908261310456624,0.0012915657073904185,0.0,,,False,,,,,,,,,,,,,,,,,,,,,,False,,,,,,,
0,research_full,291,P2,valid,238.89641856294045,350.03929798413225,227.8228678446402,350.0409240722656,11.075581819304476,-0.7719776861584439,0.8122582366875712,5.59462049997062,5.705741978891515,0.026924017420864133,9.1552734375e-05,0.07544758504730709,0.7931948709487915,11.075447585047307,11.0,11.075447585047307,11.075581819304476,227.8228678446402,350.0409240722656,227.82083674363597,350.03929798413225,-0.7719664290820352,0.8122857521020294,5.594688306686439,-0.7719776861584439,0.8122582366875712,5.59462049997062,-0.2140544905316899,-0.532970874684735,-6.615847634597216,0.07544758504730709,,4,primary_icgn_fallback_line_search,,0,0,,4.584199999953853,16.792700000223704,21.57210000223131,67.54940000246279,227.818603515625,350.0214538574219,0.0002750817220658064,0.019931727672524015,0.013287818448349344,cycle_valid,43.10798939970846,0.2545153648709565,0.22759134745009235,0.2657158571322981,icgn_high_residual,False,5,0.8068503480780784,51.019975343868246,0.2657158571322981,0.5205149281754893,0.2657158571322981,0.1,icgn_high_residual,True,line_search,11.118869759849368,0.0008430773892663978,line_search_refined,0.01193736456641084,0.014614079830229092,0.6834830636654707,0.006978037671046877,0.0059819195359409605,-0.00045235919204422714,0.009202227986289425,0.7032573681930364,0.001927823859350012,updated,0,True,filtered,291,measured,0,measurement,insufficient_references,False,0,0,,,,,,,,,,,,-0.7719776861584439,0.8122582366875712,5.59462049997062,-0.2140544905316899,-0.532970874684735,-6.615847634597216,,,,,,,,,,,0.9226748131900608,0.9910253275263786,0.8535386616987147,0.9999388942572599,0.9748508049842309,0.9955707271838835,0.23157109706849666,0.8745527132137361,0.9988476055016742,,0.6834830636654707,HIGH,,,,,,,,,,,,-0.7719776861584439,0.8122582366875712,5.59462049997062,estimated,-0.7719776861584439,0.8122582366875712,5.59462049997062,0.7177345368997574,True,temporal;spatial,flow_3d;spectral;phase;coherence,False,NORMAL,0.05,NONE,,3.1099670068386023,7.104908274150017,,,,0.07544758504730709,0.0016260881333778343,9.1552734375e-05,,,False,,,,,,,,,,,,,,,,,,,,,,False,,,,,,,
0,research_full,291,P3,valid,347.9721167590513,353.05825706068384,343.5055066052489,353.058837890625,4.473929480362107,1.023267454760018,2.0920285744254894,13.849944968369854,14.044380921459558,0.10093153223696928,0.0001100326917367056,0.5320874157957922,0.7628844659169834,4.467912584204208,4.0,4.467912584204208,4.473929480362107,343.5055066052489,353.058837890625,343.49818727868916,353.05825706068384,1.0246805647444945,2.094861536342183,13.868596559934542,1.023267454760018,2.0920285744254894,13.849944968369854,95.39253787318891,197.83584289414068,1300.3394806974047,0.4679125842042078,,4,primary_icgn_fallback_line_search,,0,0,,4.58460000299965,14.021999999386026,18.724900000961497,67.54940000246279,343.4765625,353.0531921386719,0.00036748030106537044,0.02948958703977138,0.01965972469318092,cycle_valid,54.850209247964166,0.28961184797534345,0.18868031573837418,0.15563107812287533,icgn_high_residual,False,4,0.5177046294745764,27.998950092429805,0.15563107812287533,0.25625473169144086,0.15563107812287533,0.1,icgn_high_residual,True,line_search,4.517354443144561,0.0008144326695864023,line_search_refined,0.011578863594219625,0.015227685627692967,0.6538589407768757,0.004850500114116585,0.0021631218772881766,-0.019920332124933715,0.020616160641126025,0.6979520160526235,0.008525205139506012,updated,0,True,filtered,291,measured,0,measurement,insufficient_references,False,0,0,,,,,,,,,,,,1.023267454760018,2.0920285744254894,13.849944968369854,95.39253787318891,197.83584289414068,1300.3394806974047,,,,,,,,,,,0.9392284299543113,0.9663561559210102,0.8233343356306779,0.9999204145011996,0.8226375280680692,0.9934467584356064,0.5069479719289749,0.7858182714186708,0.9956758395006575,,0.6538589407768757,HIGH,,,,,,,,,,,,1.023267454760018,2.0920285744254894,13.849944968369854,estimated,1.023267454760018,2.0920285744254894,13.849944968369854,0.09097049826743196,True,temporal;spatial,flow_3d;spectral;phase;coherence,False,OCCLUSION,0.65,KALMAN_PREDICT,,25.81246081150948,87.01990015275057,,,,0.5320874157957922,0.0005808299411569351,0.0001100326917367056,,,False,,,,,,,,,,,,,,,,,,,,,,False,,,,,,,
0,research_full,292,P1,valid,139.9890302049427,320.0450149451708,119.19437864467984,320.0447692871094,20.793669232781287,-0.983683698710632,0.25902989018045863,2.9799299200978338,3.148763635430613,0.08079359629788724,4.31583721365314e-05,0.7952301199686076,0.7495439026442869,20.79523011996859,21.0,20.79523011996859,20.793669232781287,119.19437864467984,320.0447692871094,119.19536097216142,320.0450149451708,-0.9836065149748423,0.2590090256198262,2.9797062469571896,-0.983683698710632,0.25902989018045863,2.9799299200978338,-18.346912467831046,5.070529667341117,55.39058816236641,-0.20476988003141017,,4,primary_icgn_fallback_line_search,,0,0,,4.663600004278123,19.080400001257658,23.885599999630358,80.44540000264533,119.19634246826172,320.03375244140625,8.392333984375e-05,0.011190509028064394,0.007460339352042929,cycle_valid,90.11221063067393,0.27050934078556554,0.1897157444876783,0.07963684041850104,icgn_high_residual,False,5,0.4584524815404815,25.006532155835583,0.07963684041850104,0.1410400710642938,0.07963684041850104,0.1,icgn_high_residual,True,line_search,20.720633099758153,-0.0001578898108432113,line_search_refined,0.010933179460451142,0.015593544382683936,0.6411545507553428,0.0022187347012163627,-0.0009420809298035238,0.005137229012948552,0.005674629686962972,0.6961616499148893,0.0006528060537461872,updated,0,True,filtered,292,measured,0,measurement,insufficient_references,False,0,0,,,,,,,,,,,,-0.983683698710632,0.25902989018045863,2.9799299200978338,-18.346912467831046,5.070529667341117,55.39058816236641,,,,,,,,,,,0.9630090826758757,0.9730688012340376,0.8242985397793472,0.99997881971467,0.7349232933437975,0.9975132202159857,0.5633785890090652,0.5814332517693732,0.9997871943363217,,0.6411545507553428,HIGH,,,,,,,,,,,,-0.983683698710632,0.25902989018045863,2.9799299200978338,estimated,-0.983683698710632,0.25902989018045863,2.9799299200978338,0.9253902941896488,True,temporal;spatial,flow_3d;spectral;phase;coherence,False,NORMAL,0.05,NONE,,1.9692171491137362,0.39809518631107316,,,,0.7952301199686076,0.0002456580614307313,4.31583721365314e-05,,,False,,,,,,,,,,,,,,,,,,,,,,False,,,,,,,
0,research_full,292,P2,valid,238.89293747549652,350.03898135090753,227.82441044720431,350.03826904296875,11.073883946035945,-0.7721338822019455,0.8123793326124462,5.595478280008841,5.706621425515345,0.025098779754591044,8.217109279939905e-05,0.06912898150662272,0.7930939841270447,11.069128981506621,11.0,11.069128981506621,11.073883946035945,227.82441044720431,350.03826904296875,227.81905352946058,350.03898135090753,-0.7724590224516629,0.81272056117589,5.59788192900331,-0.7721338822019455,0.8123793326124462,5.595478280008841,-0.37025053403327846,-0.41187494980976513,-5.758067596376648,0.06912898150662095,,4,primary_icgn_fallback_line_search,,0,0,,6.747400002495851,22.81520000178716,29.738900000666035,80.44540000264533,227.8256378173828,350.0411071777344,9.650505671743304e-05,0.0030921588741387148,0.00206143924942581,cycle_valid,43.10815101068319,0.25140971408736934,0.2263109343327783,0.23930254702981818,icgn_high_residual,False,5,0.8098948142068411,50.912035022399536,0.23930254702981818,0.5192862911351626,0.23930254702981818,0.1,icgn_high_residual,True,line_search,11.11907539249478,0.0008684005188987513,line_search_refined,0.011869059542335532,0.014622196175806136,0.6833403877775056,0.0022258650338642383,-0.0026339278474551975,-0.01602782104978573,0.01639460577929625,0.7033305703530124,0.0054830165344446485,updated,0,True,filtered,292,measured,0,measurement,insufficient_references,False,0,0,,,,,,,,,,,,-0.7721338822019455,0.8123793326124462,5.595478280008841,-0.37025053403327846,-0.41187494980976513,-5.758067596376648,,,,,,,,,,,0.9226751030795253,0.9916337400818029,0.8527100184902315,0.9999702206417472,0.9769570061644591,0.9993128535835247,0.22867160551729426,0.8607063161380399,0.9991937204934124,,0.6833403877775056,HIGH,,,,,,,,,,,,-0.7721338822019455,0.8123793326124462,5.595478280008841,estimated,-0.7721338822019455,0.8123793326124462,5.595478280008841,0.8419249629920889,True,temporal;spatial,flow_3d;spectral;phase;coherence,False,NORMAL,0.05,NONE,,5.695564784763532,0.003206112033694808,,,,0.06912898150662272,0.0007123079387838516,8.217109279939905e-05,,,False,,,,,,,,,,,,,,,,,,,,,,False,,,,,,,
0,research_full,292,P3,valid,347.97242219396946,353.06198583367564,343.5112008490348,353.0621643066406,4.459989983432858,1.0264738734111893,2.0986677403221736,13.893232344815544,14.088291588553012,0.09544090703335843,0.0001220703125,0.5377511420035717,0.7679288628588616,4.462248857996432,4.0,4.462248857996432,4.459989983432858,343.5112008490348,353.0621643066406,343.5124322105366,353.06198583367564,1.0259819675544621,2.0976101689754585,13.886199328471488,1.0264738734111893,2.0986677403221736,13.893232344815544,98.59895652436023,204.47500879082492,1343.6268571430946,0.4622488579964319,,4,primary_icgn_fallback_line_search,,0,0,,4.832799997529946,18.28609999938635,23.289100001420593,80.44540000264533,343.5050048828125,353.05645751953125,0.0002460405812598765,0.008423622530709671,0.005615748353806447,cycle_valid,54.78069608553612,0.286065267900088,0.19062436086672957,0.15940917672582208,icgn_high_residual,False,4,0.5184098853327032,28.29659659736113,0.15940917672582208,0.25653853828802115,0.15940917672582208,0.1,icgn_high_residual,True,line_search,4.51883876104193,0.0008281905358143594,line_search_refined,0.011495903490350082,0.015192904254677458,0.6572416773388606,0.003856323857064581,0.0006698207334352446,0.007499632853043892,0.008459573655685046,0.6988019803320059,0.0014701224605591114,updated,0,True,filtered,292,measured,0,measurement,insufficient_references,False,0,0,,,,,,,,,,,,1.0264738734111893,2.0986677403221736,13.893232344815544,98.59895652436023,204.47500879082492,1343.6268571430946,,,,,,,,,,,0.9391513147600649,0.9681863643222138,0.8251360257326317,0.9999386481843734,0.8207496193321427,0.9981280838820645,0.5062762996831398,0.7908945142432707,0.9985409875992924,,0.6572416773388606,HIGH,,,,,,,,,,,,1.0264738734111893,2.0986677403221736,13.893232344815544,estimated,1.0264738734111893,2.0986677403221736,13.893232344815544,0.052450547359963476,True,temporal;spatial,flow_3d;spectral;phase;coherence,False,OCCLUSION,0.65,KALMAN_PREDICT,,45.47518024997507,43.05858234409518,,,,0.5377511420035717,0.00017847296498985088,0.0001220703125,,,False,,,,,,,,,,,,,,,,,,,,,,False,,,,,,,
0,research_full,293,P1,valid,139.98256889076907,320.0308985969037,119.14904024565496,320.0255432128906,20.81871904723663,-0.982537450303506,0.2586366063506124,2.976344363684924,3.1449798897023955,0.07470023085522638,0.00031751484493725,0.16849520170964638,0.7702745513005602,20.831504798290354,21.0,20.831504798290354,20.81871904723663,119.14904024565496,320.0255432128906,119.16384984353245,320.0308985969037,-0.9819460915281355,0.25844692123702145,2.974517573040047,-0.982537450303506,0.2586366063506124,2.976344363684924,-17.200664060705083,4.677245837494903,51.80503174945672,-0.16849520170964638,,4,primary_icgn_fallback_line_search,,0,0,,5.68330000169226,21.742999997513834,27.606899999227608,67.5602000010258,119.22748565673828,320.0382995605469,0.0037261529359966516,0.07947582604514754,0.052983884030098356,cycle_valid,92.87312964005639,0.2699801727610031,0.19527994190577674,0.091318392729256,icgn_high_residual,False,5,0.4843997766235647,27.700745663179653,0.091318392729256,0.1777194487996577,0.091318392729256,0.1,icgn_high_residual,True,line_search,20.723553771267046,-0.0002131092973281824,line_search_refined,0.011199511803081503,0.014805591650578607,0.6722336695612265,-0.0076239132126829645,-0.0201739491628814,0.043540029569083316,0.048588542398159,0.7063449156956602,0.048624604496540685,updated,0,True,filtered,293,measured,0,measurement,insufficient_references,False,0,0,,,,,,,,,,,,-0.982537450303506,0.2586366063506124,2.976344363684924,-17.200664060705083,4.677245837494903,51.80503174945672,,,,,,,,,,,0.9641087433334898,0.9750999230482579,0.8293048788932107,0.9993260553698443,0.9438349327634512,0.9823387053233006,0.5386668794061289,0.6349767846641674,0.9952817205293514,,0.6722336695612265,HIGH,,,,,,,,,,,,-0.982537450303506,0.2586366063506124,2.976344363684924,estimated,-0.982537450303506,0.2586366063506124,2.976344363684924,0.8218154045359971,True,temporal;spatial,flow_3d;spectral;phase;coherence,False,NORMAL,0.05,NONE,,4.278520135002526,1.7178183147420896,,,,0.16849520170964638,0.005355384013057574,0.00031751484493725,,,False,,,,,,,,,,,,,,,,,,,,,,False,,,,,,,
0,research_full,293,P2,valid,238.92798689554147,350.0466218072231,227.89097646514742,350.0491638183594,11.06023323932633,-0.7727054521095615,0.8134651272315845,5.60238430371084,5.71362486652802,0.03859896797304137,0.0011964291334152222,0.0521235104385287,0.7924292657552672,11.052123510438529,11.0,11.052123510438529,11.06023323932633,227.89097646514742,350.0491638183594,227.86775365621514,350.0466218072231,-0.7731078591445297,0.8140897070155696,5.606495171435531,-0.7727054521095615,0.8134651272315845,5.60238430371084,-0.9418204416493658,0.6739196693285043,1.1479561056226828,0.0521235104385287,,4,primary_icgn_fallback_line_search,,0,0,,4.5172999998612795,14.127700000244658,18.790199999784818,67.5602000010258,227.85443115234375,349.9111633300781,0.003039832692593336,0.14275746794399702,0.09517164529599802,cycle_valid,50.03628080602233,0.2584197133012018,0.21982074532816043,0.26352796445435195,icgn_high_residual,False,4,0.7128211860565214,54.991480284086265,0.26352796445435195,0.5776762856788625,0.26352796445435195,0.1,icgn_high_residual,True,line_search,11.056720890816909,0.000658007724917037,line_search_refined,0.012191051036932486,0.014336010693148969,0.6956493426885878,0.05473589332797246,0.0092065449255756,-0.027726530889674805,0.06204465329948999,0.7075101490312719,0.08545964410904623,updated,0,True,filtered,293,measured,0,measurement,insufficient_references,False,0,0,,,,,,,,,,,,-0.7727054521095615,0.8134651272315845,5.60238430371084,-0.9418204416493658,0.6739196693285043,1.1479561056226828,,,,,,,,,,,0.9333816726655644,0.9871336773423195,0.8483612941828056,0.9992939563623319,0.9826254965204905,0.9682761182346673,0.32112267994616994,0.8735112100821949,0.9972836415465645,,0.6956493426885878,HIGH,,,,,,,,,,,,-0.7727054521095615,0.8134651272315845,5.60238430371084,estimated,-0.7727054521095615,0.8134651272315845,5.60238430371084,0.5787935087306697,True,temporal;spatial,flow_3d;spectral;phase;coherence,False,NORMAL,0.05,NONE,,6.1387645690440715,10.595325684744475,,,,0.0521235104385287,0.0025420111362564057,0.0011964291334152222,,,False,,,,,,,,,,,,,,,,,,,,,,False,,,,,,,
0,research_full,293,P3,valid,347.9891904978831,353.0636187177278,343.4034150711295,353.0629577636719,4.54760244214525,1.0071419942221125,2.058278785374111,13.625570371132195,13.816910453987981,0.12137141804004142,0.0008886852883733809,0.5926481612924128,0.7410054590710735,4.592648161292413,4.0,4.592648161292413,4.54760244214525,343.4034150711295,353.0629577636719,343.44158805573784,353.0636187177278,0.9974438319540617,2.038073405838166,13.491927733028342,1.0071419942221125,2.058278785374111,13.625570371132195,79.26707733528337,164.08605384276242,1075.9648834597454,0.5926481612924128,,4,primary_icgn_fallback_line_search,,0,0,,4.785000000993023,12.36389999758103,17.363599999953294,67.5602000010258,343.51007080078125,353.0381774902344,0.0019895026925951242,0.10949660551446445,0.07299773700964297,cycle_valid,58.508474444811526,0.306316081378421,0.18494466333837956,0.2166997144866955,icgn_high_residual,False,3,0.507240943686834,34.322667249344676,0.2166997144866955,0.3818996387275887,0.2166997144866955,0.1,icgn_high_residual,True,line_search,4.571607525999903,0.0005467174035231844,line_search_refined,0.011819700655880755,0.015094580603687544,0.6515944249558715,0.025235249796253356,-0.0024268856321327803,0.1501684183470946,0.15229334021886437,0.7000320064432862,0.46294639561518164,updated,0,True,filtered,293,measured,0,measurement,insufficient_references,False,0,0,,,,,,,,,,,,1.0071419942221125,2.058278785374111,13.625570371132195,79.26707733528337,164.08605384276242,1075.9648834597454,,,,,,,,,,,0.9430281960867477,0.9595428606533195,0.819765908722947,0.9995203020031719,0.8024506129025291,0.9756674209967857,0.5169133869649198,0.8461773084828874,0.9835544568409837,,0.6515944249558715,HIGH,,,,,,,,,,,,1.0071419942221125,2.058278785374111,13.625570371132195,estimated,1.0071419942221125,2.058278785374111,13.625570371132195,9.221491526728528e-09,True,temporal;spatial,flow_3d;spectral;phase;coherence,False,OCCLUSION,0.65,KALMAN_PREDICT,,315.292114340646,267.7460682641742,,,,0.5926481612924128,0.0006609540559452398,0.0008886852883733809,,,False,,,,,,,,,,,,,,,,,,,,,,False,,,,,,,
0,research_full,294,P1,valid,139.9778043977304,320.05010779929205,119.13596322999271,320.058349609375,20.835639568445714,-0.9817670587321787,0.2585375316006029,2.973927288952669,3.1424435926258307,0.08219494527329092,0.0011765110539272428,0.15888193116458638,0.7717745256739215,20.84111806883542,21.0,20.84111806883542,20.835639568445714,119.13596322999271,320.058349609375,119.1421648292847,320.05010779929205,-0.9815131577424119,0.25851716654520307,2.9731455333022443,-0.9817670587321787,0.2585375316006029,2.973927288952669,-16.430272489377785,4.578171087485372,49.38795701720178,-0.15888193116457927,,4,primary_icgn_fallback_line_search,,0,0,,4.209299997455673,17.733000000589527,22.052500000427244,57.71399999866844,119.14888763427734,320.0280456542969,0.0002915187506005168,0.032944952868226136,0.02196330191215076,cycle_valid,92.49974737697566,0.28648155743102094,0.20428661215773003,0.07070232339925207,icgn_high_residual,False,5,0.4816521691310839,27.52163966673279,0.07070232339925207,0.17689068661521504,0.07070232339925207,0.1,icgn_high_residual,True,line_search,20.713002371526198,-0.00023076817296055819,line_search_refined,0.011003987187364457,0.014882675564061417,0.6700435241027035,-0.0027763198824857227,0.03164422062917538,0.018335822242249833,0.036677882008333,0.7012132689047246,0.030633100163164527,updated,0,True,filtered,294,measured,0,measurement,insufficient_references,False,0,0,,,,,,,,,,,,-0.9817670587321787,0.2585375316006029,2.973927288952669,-16.430272489377785,4.578171087485372,49.38795701720178,,,,,,,,,,,0.9639638655471287,0.972601684908903,0.8368305539885472,0.9997553283659121,0.9470393562784712,0.9926788993626164,0.5412836484465868,0.5285397744979063,0.9972040383020901,,0.6700435241027035,HIGH,,,,,,,,,,,,-0.9817670587321787,0.2585375316006029,2.973927288952669,estimated,-0.9817670587321787,0.2585375316006029,2.973927288952669,0.7480977492109349,True,temporal;spatial,flow_3d;spectral;phase;coherence,False,NORMAL,0.05,NONE,,1.2622110686016108,8.25130128756402,,,,0.15888193116458638,0.008241810082949996,0.0011765110539272428,,,False,,,,,,,,,,,,,,,,,,,,,,False,,,,,,,
0,research_full,294,P2,valid,238.92179025230166,350.0199791235884,227.82681202886505,350.009033203125,11.080978591029087,-0.7713261306980582,0.8116528072245306,5.591895750574515,5.70289596298814,0.022932978841047707,0.0003993607242591679,0.08961558343963816,0.7923237292943908,11.08961558343963,11.0,11.08961558343963,11.080978591029087,227.82681202886505,350.009033203125,227.84081166127257,350.0199791235884,-0.770783595974068,0.8109018643515019,5.587540580569309,-0.7713261306980582,0.8116528072245306,5.591895750574515,0.4375009698539545,-1.138400337725387,-9.340597030703002,0.08961558343962928,,4,primary_icgn_fallback_line_search,,0,0,,4.274299997632625,11.769900000217604,16.136999998707324,57.71399999866844,227.88165283203125,350.0508728027344,0.00035622002906166017,0.06897873431273421,0.045985822875156145,cycle_valid,51.01292673507641,0.28215916915146594,0.2592261903104182,0.27902369488946305,icgn_high_residual,False,4,0.7151189216478635,52.75778080427366,0.27902369488946305,0.6214845117803788,0.27902369488946305,0.1,icgn_high_residual,True,line_search,11.08138043280134,0.000938441486684419,line_search_refined,0.011847922799974044,0.01412135603315787,0.7055511815585684,-0.019962952563503222,-0.04074726088242642,0.029696002114510733,0.05422832549561367,0.7091530241263618,0.06484364591390168,updated,0,True,filtered,294,measured,0,measurement,insufficient_references,False,0,0,,,,,,,,,,,,-0.7713261306980582,0.8116528072245306,5.591895750574515,0.4375009698539545,-1.138400337725387,-9.340597030703002,,,,,,,,,,,0.934657085043479,0.9923556737196507,0.8714121698374021,0.9998740698744465,0.970128138853454,0.9846713923749479,0.31893436033536815,0.88053583282044,0.9963339434403754,,0.7055511815585684,HIGH,,,,,,,,,,,,-0.7713261306980582,0.8116528072245306,5.591895750574515,estimated,-0.7713261306980582,0.8116528072245306,5.591895750574515,0.6333192332558297,True,temporal;spatial,flow_3d;spectral;phase;coherence,False,NORMAL,0.05,NONE,,17.741937569215565,0.6089298401759606,,,,0.08961558343963816,0.010945920463427683,0.0003993607242591679,,,False,,,,,,,,,,,,,,,,,,,,,,False,,,,,,,
0,research_full,294,P3,valid,347.99515093630106,353.05972300780905,343.3982434730274,353.05731201171875,4.587278563136221,0.9985874447495936,2.0403741831818607,13.507720589137174,13.697401914465637,0.14642700334118625,0.0001258271950064227,0.5974535484569996,0.6789775564838616,4.597453548457,4.0,4.597453548457,4.587278563136221,343.3982434730274,353.05731201171875,343.4078723731648,353.05972300780905,0.9963916886017381,2.0357953528118506,13.477825592425836,0.9985874447495936,2.0403741831818607,13.507720589137174,70.71252786276449,146.181451650512,958.115101464724,0.5974535484569996,,4,primary_icgn_fallback_line_search,,0,0,,3.1728000030852854,13.276199999381788,16.553699999349192,57.71399999866844,343.404296875,353.0724792480469,0.00023834990861359984,0.016330607253722623,0.010887071502481749,cycle_valid,57.964579647247724,0.3081052293076568,0.16167822596647058,0.23420949607289016,icgn_high_residual,False,4,0.505309340339517,34.480512572502164,0.23420949607289016,0.3870368754623097,0.23420949607289016,0.1,icgn_high_residual,True,line_search,4.607174810408827,0.000242608689686822,line_search_refined,0.011447296513035459,0.015095958188588719,0.6583139500858755,0.002066846252830601,-0.009125239774107285,0.03386013906651897,0.035129060220447025,0.6994996003770049,0.024842956675312274,updated,0,True,filtered,294,measured,0,measurement,insufficient_references,False,0,0,,,,,,,,,,,,0.9985874447495936,2.0403741831818607,13.507720589137174,70.71252786276449,146.181451650512,958.115101464724,,,,,,,,,,,0.9424936167290638,0.9511909988862712,0.7938291743735107,0.9999393038160633,0.8008488171810001,0.9963709761658395,0.51875300920046,0.8576772765739634,0.9937879865461058,,0.6583139500858755,HIGH,,,,,,,,,,,,0.9985874447495936,2.0403741831818607,13.507720589137174,estimated,0.9985874447495936,2.0403741831818607,13.507720589137174,0.00037017873432877507,True,temporal;spatial,flow_3d;spectral;phase;coherence,False,OCCLUSION,0.65,KALMAN_PREDICT,,151.87293943664764,108.96031173527544,,,,0.5974535484569996,0.0024109960903047067,0.0001258271950064227,,,False,,,,,,,,,,,,,,,,,,,,,,False,,,,,,,
0,research_full,295,P1,valid,139.97104627856007,320.05068533482347,119.13039445456984,320.0496520996094,20.840742283045863,-0.9815657087219609,0.2584775657787452,2.973199142997452,3.1416866547239453,0.05377794075447378,0.0001100326917367056,0.16053056296829027,0.7857116047764614,20.839469437031727,21.0,20.839469437031727,20.840742283045863,119.13039445456984,320.0496520996094,119.1303039955142,320.05068533482347,-0.9816324902533116,0.2584873858011785,2.9733807418951512,-0.9815657087219609,0.2584775657787452,2.973199142997452,-16.22892247915997,4.518205265627683,48.65981106198447,-0.1605305629682725,,4,primary_icgn_fallback_line_search,,0,0,,4.2538999987300485,17.636500000662636,22.00559999982943,65.33440000202972,119.12554168701172,320.0564270019531,0.0009403983131051064,0.008333585947267198,0.005555723964844799,cycle_valid,92.49650428954125,0.28018869812230757,0.22641075736783378,0.1053512999642736,icgn_high_residual,False,5,0.48009665790502126,27.703708196567803,0.1053512999642736,0.18383753242384027,0.1053512999642736,0.1,icgn_high_residual,True,line_search,20.693702884932737,-0.0002689961407008668,line_search_refined,0.010903484049423153,0.014508830701080822,0.6889055373200562,-0.00455230550190322,-0.003978056689504683,-0.004337191030806764,0.007440406336033129,0.7065275647080969,0.0012511235083769324,updated,0,True,filtered,295,measured,0,measurement,insufficient_references,False,0,0,,,,,,,,,,,,-0.9815657087219609,0.2584775657787452,2.973199142997452,-16.22892247915997,4.518205265627683,48.65981106198447,,,,,,,,,,,0.9639626020579218,0.9820740197485087,0.8527749576881677,0.9998249281658597,0.9464898123439033,0.9981480920117184,0.5427650877095036,0.683598272212709,0.9995213810013811,,0.6889055373200562,HIGH,,,,,,,,,,,,-0.9815657087219609,0.2584775657787452,2.973199142997452,estimated,-0.9815657087219609,0.2584775657787452,2.973199142997452,0.9244749969060113,True,temporal;spatial,flow_3d;spectral;phase;coherence,False,NORMAL,0.05,NONE,,1.7826436044362264,0.5966706932573516,,,,0.16053056296829027,0.0010332352140949297,0.0001100326917367056,,,False,,,,,,,,,,,,,,,,,,,,,,False,,,,,,,
0,research_full,295,P2,valid,238.9328899233265,350.04653620787997,227.86784537488683,350.0588684082031,11.073571159539426,-0.7717214513810978,0.8124843925283025,5.595636331103861,5.7067355674319895,0.04145865904305883,0.0010386069770902395,0.06782357042567355,0.7896372356769468,11.067823570425668,11.0,11.067823570425668,11.073571159539426,227.86784537488683,350.0588684082031,227.8593187637871,350.04653620787997,-0.7720919903918873,0.8130404282182975,5.598542179598513,-0.7717214513810978,0.8124843925283025,5.595636331103861,0.04218028681435282,-0.306815033953467,-5.600016501356997,0.06782357042566822,,4,primary_icgn_fallback_line_search,,0,0,,4.154899997956818,13.502300000254763,17.765000000508735,65.33440000202972,227.82240295410156,349.9976501464844,0.0003571990819182247,0.07624099405628419,0.05082732937085613,cycle_valid,50.56053669658837,0.27632338252604166,0.23486472348298282,0.31843218144954605,icgn_high_residual,False,4,0.7163255349638359,54.711545485837384,0.31843218144954605,0.5906055301008533,0.31843218144954605,0.1,icgn_high_residual,True,line_search,11.067154092889888,0.0007836869799932449,line_search_refined,0.011894204691756565,0.01420418166293073,0.7028613103971193,0.010246493376399712,0.04546988457241241,-0.019594543000604148,0.05056132064081828,0.7066739901216295,0.05746707150459095,updated,0,True,filtered,295,measured,0,measurement,insufficient_references,False,0,0,,,,,,,,,,,,-0.7717214513810978,0.8124843925283025,5.595636331103861,0.04218028681435282,-0.306815033953467,-5.600016501356997,,,,,,,,,,,0.9340724297818173,0.9861804469856471,0.8580743296012757,0.9997673656568319,0.9773921431914422,0.9830575568763813,0.31778520479634675,0.895320462958249,0.9983569736726224,,0.7028613103971193,HIGH,,,,,,,,,,,,-0.7717214513810978,0.8124843925283025,5.595636331103861,estimated,-0.7717214513810978,0.8124843925283025,5.595636331103861,0.5581584933530027,True,temporal;spatial,flow_3d;spectral;phase;coherence,False,NORMAL,0.05,NONE,,14.581077968787561,4.556794904694017,,,,0.06782357042567355,0.01233220032315785,0.0010386069770902395,,,False,,,,,,,,,,,,,,,,,,,,,,False,,,,,,,
0,research_full,295,P3,valid,348.0065900257985,353.06548953586736,343.39005611806107,353.0673522949219,4.616454418064219,0.9925746361225419,2.02762942101394,13.422352195858018,13.610878882235697,0.14299675688157854,0.0001726334885461256,0.6188855323295606,0.6745791262753342,4.618885532329561,4.0,4.618885532329561,4.616454418064219,343.39005611806107,353.0673522949219,343.3901356077343,353.06548953586736,0.9921134803729261,2.026610733519172,13.415287445785866,0.9925746361225419,2.02762942101394,13.422352195858018,64.69971923571282,133.43668948259113,872.7467081855682,0.6188855323295606,,4,primary_icgn_fallback_line_search,,0,0,,3.8854999984323513,17.431399999622954,21.421400000690483,65.33440000202972,343.3846130371094,353.06378173828125,0.00042724609375,0.006509685474014422,0.004339790316009615,cycle_valid,57.79840680779914,0.3018532629867464,0.15885650610516788,0.2286365788465416,icgn_high_residual,False,5,0.5151198312827626,34.11261183992283,0.2286365788465416,0.38515620174939574,0.2286365788465416,0.1,icgn_high_residual,True,line_search,4.599617396063266,0.0003097553615243907,line_search_refined,0.011413159336539299,0.015166062628658192,0.6567669853820705,0.008852426084615672,0.00701214679372697,0.008062958118016716,0.013876128561427033,0.6984835801255372,0.004260950611467704,updated,0,True,filtered,295,measured,0,measurement,insufficient_references,False,0,0,,,,,,,,,,,,0.9925746361225419,2.02762942101394,13.422352195858018,64.69971923571282,133.43668948259113,872.7467081855682,,,,,,,,,,,0.94232828346951,0.9523344143728072,0.7901670246274607,0.9999000200696173,0.7937048225568132,0.9985534032279968,0.509409684492607,0.8542082220548519,0.996056923273952,,0.6567669853820705,HIGH,,,,,,,,,,,,0.9925746361225419,2.02762942101394,13.422352195858018,estimated,0.9925746361225419,2.02762942101394,13.422352195858018,0.05709375376857102,True,temporal;spatial,flow_3d;spectral;phase;coherence,False,OCCLUSION,0.65,KALMAN_PREDICT,,32.98673988913317,85.7696432090028,,,,0.6188855323295606,0.0018627590545179373,0.0001726334885461256,,,False,,,,,,,,,,,,,,,,,,,,,,False,,,,,,,
0,research_full,296,P1,valid,139.97384392344173,320.04351723910236,119.13745631484736,320.04010009765625,20.84162959347944,-0.9815077635253855,0.2584251664589114,2.9730725621747363,3.1415444476365715,0.06969432744721679,0.00020754197612404823,0.16104640273798054,0.7774402966459921,20.83895359726202,21.0,20.83895359726202,20.84162959347944,119.13745631484736,320.04010009765625,119.1322143299623,320.04351723910236,-0.9816189818690416,0.2584386155313467,2.9734543438651344,-0.9815077635253855,0.2584251664589114,2.9730725621747363,-16.17097728258454,4.465805945793877,48.53323023926892,-0.16104640273798054,,4,primary_icgn_fallback_line_search,,0,0,,4.232999999658205,19.236000000091735,23.628099999768892,66.92570000086562,119.13311004638672,320.04022216796875,0.0005681210313923657,0.004347982370378239,0.0028986549135854925,cycle_valid,92.33955861440684,0.27691770646991576,0.20722337902269897,0.08611837441965807,icgn_high_residual,False,5,0.48342831686458515,27.91617972664219,0.08611837441965807,0.17856299615201857,0.08611837441965807,0.1,icgn_high_residual,True,line_search,20.71441091238752,-0.00023470651488865734,line_search_refined,0.010887637825222674,0.014701671973086557,0.6800426788875943,0.009863899418860456,-0.013135809970322043,-0.00897644969728617,0.018719579709216675,0.701887014614629,0.008081348907542776,updated,0,True,filtered,296,measured,0,measurement,insufficient_references,False,0,0,,,,,,,,,,,,-0.9815077635253855,0.2584251664589114,2.9730725621747363,-16.17097728258454,4.465805945793877,48.53323023926892,,,,,,,,,,,0.9639013508040175,0.9767685575175944,0.8391429891234325,0.9998707228320806,0.9463178657540064,0.9990337816954715,0.5395920791765856,0.6129358739297754,0.9997764392704446,,0.6800426788875943,HIGH,,,,,,,,,,,,-0.9815077635253855,0.2584251664589114,2.9730725621747363,estimated,-0.9815077635253855,0.2584251664589114,2.9730725621747363,0.9569852062170727,True,temporal;spatial,flow_3d;spectral;phase;coherence,False,NORMAL,0.05,NONE,,0.6184681084503834,0.7006648809763192,,,,0.16104640273798054,0.0034171414461070526,0.00020754197612404823,,,False,,,,,,,,,,,,,,,,,,,,,,False,,,,,,,
0,research_full,296,P2,valid,238.94173513210862,350.0296794588654,227.85656221678272,350.0219421386719,11.08308644484682,-0.7709628413035461,0.8116037836144201,5.590832247292747,5.701797051949197,0.029517554318534842,7.62939453125e-05,0.08618680665477996,0.7908314053086211,11.086186806654778,11.0,11.086186806654778,11.08308644484682,227.85656221678272,350.0219421386719,227.8586486872618,350.0296794588654,-0.7707362265365597,0.8112928098320044,5.5892687157488075,-0.7709628413035461,0.8116037836144201,5.590832247292747,0.8007903643660885,-1.1874239478358861,-10.404100312470632,0.08618680665477818,,4,primary_icgn_fallback_line_search,,0,0,,4.0569999982835725,14.98129999890807,19.164100001944462,66.92570000086562,227.87615966796875,350.0591125488281,0.00016220315592363477,0.04202022708378288,0.02801348472252192,cycle_valid,51.829317216021906,0.2844484131498628,0.25493085883132793,0.3052246994053042,icgn_high_residual,False,4,0.7179957926237056,54.48515137416183,0.3052246994053042,0.6019070200908674,0.3052246994053042,0.1,icgn_high_residual,True,line_search,11.082242974750061,0.0009700915346087017,line_search_refined,0.011712801348619573,0.014122098040317523,0.7069943035388639,0.0037821120020566923,-0.028862473456570115,0.010625078928292453,0.030987724141339584,0.7082034092281756,0.02172618144948489,updated,0,True,filtered,296,measured,0,measurement,insufficient_references,False,0,0,,,,,,,,,,,,-0.7709628413035461,0.8116037836144201,5.590832247292747,0.8007903643660885,-1.1874239478358861,-10.404100312470632,,,,,,,,,,,0.9356863352175725,0.990160815227155,0.8692455927613378,0.9999602504831273,0.9712710644484067,0.9906621717591594,0.31619448321551846,0.8907908390170273,0.9984242868521842,,0.7069943035388639,HIGH,,,,,,,,,,,,-0.7709628413035461,0.8116037836144201,5.590832247292747,estimated,-0.7709628413035461,0.8116037836144201,5.590832247292747,0.6425440756964488,True,temporal;spatial,flow_3d;spectral;phase;coherence,False,NORMAL,0.05,NONE,,8.79058894103945,4.750259502189915,,,,0.08618680665477996,0.007737320193541564,7.62939453125e-05,,,False,,,,,,,,,,,,,,,,,,,,,,False,,,,,,,
0,research_full,296,P3,valid,348.0068169651615,353.06274572618946,343.40966523014845,353.0609130859375,4.608665536775376,0.9942580648521396,2.030984562627227,13.445036659947753,13.633871723780176,0.1434452300800778,0.0001220703125,0.40533173405471334,0.6699627988347479,4.594668265945287,4.0,4.594668265945287,4.608665536775376,343.40966523014845,353.0609130859375,343.3981514283861,353.06274572618946,0.9972219336999475,2.0371237801944244,13.485995834485907,0.9942580648521396,2.030984562627227,13.445036659947753,66.38314796531053,136.79183109587845,895.4311722753037,0.5946682659452867,,4,primary_icgn_fallback_line_search,,0,0,,4.152299996349029,16.66970000223955,20.95499999995809,66.92570000086562,343.40032958984375,353.0626220703125,0.0006573687423951924,0.009490774862607397,0.006327183241738265,cycle_valid,57.96065921406455,0.3010624451971167,0.1576172151170389,0.23939765217718117,icgn_high_residual,False,5,0.512909299966469,34.26770677324569,0.23939765217718117,0.3876082522530601,0.23939765217718117,0.1,icgn_high_residual,True,line_search,4.611998207090842,0.0001808066153471567,line_search_refined,0.011422106846175228,0.014869279375945487,0.6706985661536307,-0.009330687980309449,-0.006885446891033098,-0.047126516000084884,0.048532253475203325,0.7029852401975821,0.04749626945086946,updated,0,True,filtered,296,measured,0,measurement,insufficient_references,False,0,0,,,,,,,,,,,,0.9942580648521396,2.030984562627227,13.445036659947753,66.38314796531053,136.79183109587845,895.4311722753037,,,,,,,,,,,0.9424897270229032,0.9521849233066407,0.7885171787321479,0.9998700934908508,0.8648894219817622,0.9978909389194206,0.5115149524128866,0.8607616531315733,0.9972804357184389,,0.6706985661536307,HIGH,,,,,,,,,,,,0.9942580648521396,2.030984562627227,13.445036659947753,estimated,0.9942580648521396,2.030984562627227,13.445036659947753,0.10765174689256966,True,temporal;spatial,flow_3d;spectral;phase;coherence,False,OCCLUSION,0.65,KALMAN_PREDICT,,109.51647801493476,23.082686038411676,,,,0.40533173405471334,0.0018326402519619478,0.0001220703125,,,False,,,,,,,,,,,,,,,,,,,,,,False,,,,,,,
0,research_full,297,P1,valid,139.9783822345941,320.05054475607017,119.10331372434283,320.05328369140625,20.868348757206522,-0.9802248978413753,0.2581348182956605,2.9692659355227926,3.137517271764526,0.059745017150524944,8.217109279939905e-05,0.12257031613970071,0.7830518474184777,20.8774296838603,21.0,20.8774296838603,20.868348757206522,119.10331372434283,320.05328369140625,119.11003347738759,320.05054475607017,-0.9797849233532304,0.25803832889470535,2.9679744122565497,-0.9802248978413753,0.2581348182956605,2.9692659355227926,-14.888111598574394,4.175457782542969,44.72660358732527,-0.12257031613970071,,4,primary_icgn_fallback_line_search,,0,0,,4.1079000002355315,18.117899999197107,22.350399998686044,65.90400000277441,119.14080047607422,320.0412902832031,0.00015728399739600718,0.03935858731837165,0.026239058212247767,cycle_valid,92.3959342951349,0.27337110657423125,0.2136260894237063,0.08889556663938535,icgn_high_residual,False,5,0.4855971026814925,28.944352473497595,0.08889556663938535,0.17994747346160153,0.08889556663938535,0.1,icgn_high_residual,True,line_search,20.730138774484015,-0.00017769295107692874,line_search_refined,0.011024470588422377,0.014642784048460882,0.679880945694131,0.008988658369020186,0.01042674453788095,0.030630427516587844,0.03358178182857677,0.7035324874634076,0.023511474160179104,updated,0,True,filtered,297,measured,0,measurement,insufficient_references,False,0,0,,,,,,,,,,,,-0.9802248978413753,0.2581348182956605,2.9692659355227926,-14.888111598574394,4.175457782542969,44.72660358732527,,,,,,,,,,,0.963923376512587,0.9800849942831583,0.8439641271192305,0.9999600908183007,0.9591432279534331,0.991253647262584,0.537526568874769,0.625028169643671,0.9955349866462522,,0.679880945694131,HIGH,,,,,,,,,,,,-0.9802248978413753,0.2581348182956605,2.9692659355227926,estimated,-0.9802248978413753,0.2581348182956605,2.9692659355227926,0.8433682467572622,True,temporal;spatial,flow_3d;spectral;phase;coherence,False,NORMAL,0.05,NONE,,3.885844458780806,1.3331744392243017,,,,0.12257031613970071,0.002738935336083159,8.217109279939905e-05,,,False,,,,,,,,,,,,,,,,,,,,,,False,,,,,,,
0,research_full,297,P2,valid,238.94166803295772,350.02705851047347,227.8440879791764,350.0270690917969,11.09281814071878,-0.7702872059610935,0.8108633285662359,5.585927427037731,5.696790933272278,0.03356656578501832,0.0005870173336006701,0.09501419367516206,0.7903712245491912,11.095014193675162,11.0,11.095014193675162,11.09281814071878,227.8440879791764,350.0270690917969,227.84884989223895,350.02705851047347,-0.7701625761241933,0.8107029479455026,5.584821795965418,-0.7702872059610935,0.8108633285662359,5.585927427037731,1.476425706818718,-1.9278789960200937,-15.30892056748634,0.09501419367516206,,4,primary_icgn_fallback_line_search,,0,0,,4.289699998480501,16.065899999375688,20.44949999981327,65.90400000277441,227.85272216796875,350.0198059082031,0.0005117953405715525,0.011282865417008715,0.00752191027800581,cycle_valid,52.40339530108741,0.2860007537627817,0.2524341879777634,0.31586870127692784,icgn_high_residual,False,5,0.7256028755957443,53.31351768922597,0.31586870127692784,0.6125450201840654,0.31586870127692784,0.1,icgn_high_residual,True,line_search,11.094167483467006,0.00030560972316226464,line_search_refined,0.0115772441637808,0.014112013365611685,0.707560371768873,-0.0096165319232,3.965751443502086e-05,0.007519571560035132,0.012207506518321629,0.7079550425381979,0.003301508984059136,updated,0,True,filtered,297,measured,0,measurement,insufficient_references,False,0,0,,,,,,,,,,,,-0.7702872059610935,0.8108633285662359,5.585927427037731,1.476425706818718,-1.9278789960200937,-15.30892056748634,,,,,,,,,,,0.9363908900524206,0.9888111447383272,0.8679523815677865,0.9998168645543046,0.9683286021082793,0.9974926965739981,0.3089496422897673,0.8944709203584265,0.9985101423379508,,0.707560371768873,HIGH,,,,,,,,,,,,-0.7702872059610935,0.8108633285662359,5.585927427037731,estimated,-0.7702872059610935,0.8108633285662359,5.585927427037731,0.9936569405481328,True,temporal;spatial,flow_3d;spectral;phase;coherence,False,NORMAL,0.05,NONE,,0.19150912214549,0.0,,,,0.09501419367516206,1.0581323408587195e-05,0.0005870173336006701,,,False,,,,,,,,,,,,,,,,,,,,,,False,,,,,,,
0,research_full,297,P3,valid,348.00757914194065,353.05452360212234,343.3951857788612,353.0513000488281,4.614649952920382,0.9929885601153758,2.028136274021199,13.427600734085802,13.616160416965648,0.14254860342499984,0.00017794652376323938,0.3890822632362472,0.6757125503126761,4.610917736763753,4.0,4.610917736763753,4.614649952920382,343.3951857788612,353.0513000488281,343.39292918902026,353.05452360212234,0.9937537970544452,2.0296937649770435,13.438469439897865,0.9929885601153758,2.028136274021199,13.427600734085802,65.11364322854674,133.9435424898503,877.9952464133522,0.6109177367637528,,4,primary_icgn_fallback_line_search,,0,0,,4.19540000075358,15.6009999991511,19.939800000429386,65.90400000277441,343.4139709472656,353.05413818359375,0.0004892339929938316,0.01899835679551661,0.012665571197011073,cycle_valid,58.43855358213045,0.30290284861587313,0.1603542451908733,0.23731783216787145,icgn_high_residual,False,5,0.5024297992153728,33.39923757965246,0.23731783216787145,0.3815661235806317,0.23731783216787145,0.1,icgn_high_residual,True,line_search,4.604635028614025,0.00022061387371348395,line_search_refined,0.011448288605726829,0.014832829938964223,0.6739904109597762,-0.005535697317498034,-0.012092909386581141,-0.012525179980421797,0.018269168994920818,0.7020229519685642,0.007270154234031689,updated,0,True,filtered,297,measured,0,measurement,insufficient_references,False,0,0,,,,,,,,,,,,0.9929885601153758,2.028136274021199,13.427600734085802,65.11364322854674,133.9435424898503,877.9952464133522,,,,,,,,,,,0.9429600301682927,0.9524837988583333,0.7921269044442453,0.9998888032472072,0.8703059122545843,0.9957781429343296,0.5214954293186926,0.8595413878980895,0.9997185146258968,,0.6739904109597762,HIGH,,,,,,,,,,,,0.9929885601153758,2.028136274021199,13.427600734085802,estimated,0.9929885601153758,2.028136274021199,13.427600734085802,0.24536244489279388,True,temporal;spatial,flow_3d;spectral;phase;coherence,False,OCCLUSION,0.65,KALMAN_PREDICT,,40.704398440684656,12.85516005219408,,,,0.3890822632362472,0.0032235532942195277,0.00017794652376323938,,,False,,,,,,,,,,,,,,,,,,,,,,False,,,,,,,
0,research_full,298,P1,valid,139.98031304376437,320.0496969780364,119.0960227341349,320.0487365722656,20.883591950982396,-0.9794982916929157,0.25794151649684904,2.967098631347653,3.135223280327439,0.06018071094444935,0.00020471813331823796,0.11506570288491957,0.7788628626933769,20.884934297115098,21.0,20.884934297115098,20.883591950982396,119.0960227341349,320.0487365722656,119.09672109278198,320.0496969780364,-0.9794316247480404,0.2579194029833777,2.966907925774129,-0.9794982916929157,0.25794151649684904,2.967098631347653,-14.161505450114742,3.982155983731528,42.5592994121855,-0.11506570288490181,,4,primary_icgn_fallback_line_search,,0,0,,4.068100002768915,18.301699998119147,22.480300001916476,64.75639999916893,119.10380554199219,320.0634460449219,0.00077117292676121,0.01664153490421899,0.01109435660281266,cycle_valid,92.25502896596086,0.26147271310540543,0.20129200216095608,0.08580223348346737,icgn_high_residual,False,5,0.4877325742219861,28.98213988990904,0.08580223348346737,0.18523612692401817,0.08580223348346737,0.1,icgn_high_residual,True,line_search,20.723431906777243,-0.00020609074154525288,line_search_refined,0.01093860699410254,0.014675736969698667,0.6799855824283652,0.002473491610913925,-0.00368882264046988,0.004517233383637631,0.006334900998780883,0.7028388797518914,0.0008826768618362896,updated,0,True,filtered,298,measured,0,measurement,insufficient_references,False,0,0,,,,,,,,,,,,-0.9794982916929157,0.25794151649684904,2.967098631347653,-14.161505450114742,3.982155983731528,42.5592994121855,,,,,,,,,,,0.9638682750339472,0.9799397630185169,0.8344030911537186,0.9998373514899868,0.9616447657050268,0.9963018811323958,0.5354927864552512,0.6115097243971381,0.997928955090604,,0.6799855824283652,HIGH,,,,,,,,,,,,-0.9794982916929157,0.25794151649684904,2.967098631347653,estimated,-0.9794982916929157,0.25794151649684904,2.967098631347653,0.9345427720373998,True,temporal;spatial,flow_3d;spectral;phase;coherence,False,NORMAL,0.05,NONE,,1.7338456824921038,0.3299285512204051,,,,0.11506570288491957,0.0009604057707974789,0.00020471813331823796,,,False,,,,,,,,,,,,,,,,,,,,,,False,,,,,,,
0,research_full,298,P2,valid,238.9507246330314,350.02383445086997,227.83997134445835,350.02362060546875,11.10843192604287,-0.7691063792644628,0.809688663477479,5.578075961388719,5.688765400806393,0.0373661019607371,6.823938019806519e-05,0.11236019851041057,0.7902742196587491,11.11236019851041,11.0,11.11236019851041,11.10843192604287,227.83997134445835,350.02362060546875,227.84229270698853,350.02383445086997,-0.7688170920421367,0.8094001185038765,5.576104084862982,-0.7691063792644628,0.809688663477479,5.578075961388719,2.657252403449384,-3.102544084776948,-23.16038621649863,0.11236019851041057,,4,primary_icgn_fallback_line_search,,0,0,,3.809399997408036,16.020799997932045,19.927300003473647,64.75639999916893,227.8430938720703,350.04345703125,0.00015930643712636083,0.020080686404167523,0.013387124269445015,cycle_valid,52.47726162349608,0.2879564281067441,0.250590326146007,0.2743285296223085,icgn_high_residual,False,5,0.7207039137999327,54.89485250787793,0.2743285296223085,0.6241719454388308,0.2743285296223085,0.1,icgn_high_residual,True,line_search,11.125336886191915,0.00037642453307160345,line_search_refined,0.011605930264570928,0.01414656863378183,0.7051605585098902,0.00599206092246618,-0.0007974153637633208,0.013422926574216731,0.01472126431994636,0.707346051114848,0.004571658017489675,updated,0,True,filtered,298,measured,0,measurement,insufficient_references,False,0,0,,,,,,,,,,,,-0.7691063792644628,0.809688663477479,5.578075961388719,2.657252403449384,-3.102544084776948,-23.16038621649863,,,,,,,,,,,0.9364804254221819,0.9875446326797543,0.866980765594632,0.9999620756971126,0.9625466004965298,0.9955376252435183,0.3136153201905403,0.8784911894536591,0.997560223879609,,0.7051605585098902,HIGH,,,,,,,,,,,,-0.7691063792644628,0.809688663477479,5.578075961388719,estimated,-0.7691063792644628,0.809688663477479,5.578075961388719,0.7491404683877392,True,temporal;spatial,flow_3d;spectral;phase;coherence,False,NORMAL,0.05,NONE,,3.0210057500155725,5.769593925780889,,,,0.11236019851041057,0.0002138454012197144,6.823938019806519e-05,,,False,,,,,,,,,,,,,,,,,,,,,,False,,,,,,,
0,research_full,298,P3,valid,347.9983050413188,353.0593274173831,343.39288076134716,353.0618896484375,4.608622309245313,0.9940450948150559,2.030914340724743,13.445162770461355,13.633970098034077,0.15310999345049794,0.00032440631184726954,0.6008020999809816,0.6713051482019394,4.6008020999809816,4.0,4.6008020999809816,4.608622309245313,343.39288076134716,353.0618896484375,343.3896827320735,353.0593274173831,0.9956138048684368,2.0344334140714873,13.46801617388387,0.9940450948150559,2.030914340724743,13.445162770461355,66.17017792822676,136.7216091933945,895.5572827889054,0.6008020999809816,,4,primary_icgn_fallback_line_search,,0,0,,3.981299996667076,15.082500001881272,19.213600000512088,64.75639999916893,343.392333984375,353.04644775390625,0.0002157918643206358,0.015451571822035794,0.010301047881357196,cycle_valid,59.08075044158574,0.31337209014351086,0.16026209669301292,0.2210892336836356,icgn_high_residual,False,4,0.5152794863626784,33.25810167247162,0.2210892336836356,0.3856732536181778,0.2210892336836356,0.1,icgn_high_residual,True,line_search,4.595616913347191,0.0002589688961800674,line_search_refined,0.011418586219314077,0.015160237734582261,0.6584794599823692,-0.01738312158079225,0.009636053556221214,-0.025817193753249867,0.03258149685517552,0.697092978459451,0.022516296790974895,updated,0,True,filtered,298,measured,0,measurement,insufficient_references,False,0,0,,,,,,,,,,,,0.9940450948150559,2.030914340724743,13.445162770461355,66.17017792822676,136.7216091933945,895.5572827889054,,,,,,,,,,,0.9435800441189544,0.9489633355165007,0.7920073802779182,0.9999099669706387,0.7997326333396728,0.9965663173728809,0.5092576320355444,0.8492313136286357,0.9982705156672063,,0.6584794599823692,HIGH,,,,,,,,,,,,0.9940450948150559,2.030914340724743,13.445162770461355,estimated,0.9940450948150559,2.030914340724743,13.445162770461355,0.17904521940223656,True,temporal;spatial,flow_3d;spectral;phase;coherence,False,OCCLUSION,0.65,KALMAN_PREDICT,,35.52356533777637,19.951839748304177,,,,0.6008020999809816,0.002562231054412223,0.00032440631184726954,,,False,,,,,,,,,,,,,,,,,,,,,,False,,,,,,,
0,research_full,299,P1,valid,139.98588298480456,320.0516570384348,119.080195101425,320.052001953125,20.90424296473562,-0.9784985894092222,0.2576979848395014,2.9641674754695617,3.132116946012357,0.06524641849948756,0.00036748030106537044,0.09260049693281758,0.7624281936174477,20.907399503067186,21.0,20.907399503067186,20.90424296473562,119.080195101425,320.052001953125,119.08164002006895,320.0516570384348,-0.9783410052315588,0.2576610639235972,2.9637199540905335,-0.9784985894092222,0.2576979848395014,2.9641674754695617,-13.161803166421237,3.738624326383888,39.628143534094384,-0.09260049693281402,,4,primary_icgn_fallback_line_search,,0,0,,5.114600004162639,18.248399999720277,23.506799996539485,66.97780000104103,119.09066009521484,320.05084228515625,0.0002888106391765177,0.010529051468157363,0.007019367645438242,cycle_valid,92.74577164070445,0.26048805876874725,0.1952416402692597,0.12191728855346914,icgn_high_residual,False,5,0.48945887285195716,29.398681559519463,0.12191728855346914,0.1836730527213691,0.12191728855346914,0.1,icgn_high_residual,True,line_search,20.752080233684914,-0.00016037570443702708,line_search_refined,0.01090797067694723,0.014489336644363408,0.6881118882066222,0.006576197712604426,0.0013251934485651873,0.01072293917049194,0.012648475737631558,0.7056275074045661,0.0034098237096264836,updated,0,True,filtered,299,measured,0,measurement,insufficient_references,False,0,0,,,,,,,,,,,,-0.9784985894092222,0.2576979848395014,2.9641674754695617,-13.161803166421237,3.738624326383888,39.628143534094384,,,,,,,,,,,0.9640594576511088,0.9782511938335041,0.8292713926836355,0.9998906181766264,0.9691331676890608,0.9976602107848539,0.5338486925219454,0.7265905949121041,0.9970284797214307,,0.6881118882066222,HIGH,,,,,,,,,,,,-0.9784985894092222,0.2576979848395014,2.9641674754695617,estimated,-0.9784985894092222,0.2576979848395014,2.9641674754695617,0.6984885894948131,True,temporal;spatial,flow_3d;spectral;phase;coherence,False,NORMAL,0.05,NONE,,0.812757012808828,11.986978521046712,,,,0.09260049693281758,0.0003449146901743916,0.00036748030106537044,,,False,,,,,,,,,,,,,,,,,,,,,,False,,,,,,,
0,research_full,299,P2,valid,238.93332181546782,350.0302369783299,227.8451793461824,350.0335998535156,11.090643046645717,-0.770528849374463,0.8110568482671502,5.587022937693697,5.697925343943608,0.03045357407639303,0.0002895151556003839,0.07957956495043206,0.7916580898939086,11.079579564950432,11.0,11.079579564950432,11.090643046645717,227.8451793461824,350.0335998535156,227.8426787688221,350.0302369783299,-0.7713912779041063,0.811903257766249,5.59260184307002,-0.770528849374463,0.8110568482671502,5.587022937693697,1.2347822934491992,-1.7343592951057918,-14.213409911520536,0.07957956495043206,,4,primary_icgn_fallback_line_search,,0,0,,4.252399998222245,15.316900000470923,19.685899998876266,66.97780000104103,227.84678649902344,350.03515625,0.000450586638180539,0.0022372550750994788,0.0014915033833996524,cycle_valid,52.386465617877526,0.2853001371991655,0.2548465631227725,0.3147645203709026,icgn_high_residual,False,5,0.7207511207914922,55.54952758832624,0.3147645203709026,0.624235180376526,0.3147645203709026,0.1,icgn_high_residual,True,line_search,11.099202268263799,0.00030963958193206217,line_search_refined,0.01153976152387386,0.014042883628768965,0.709540844299696,-0.03207711868247998,0.012597518578502331,-0.03802343153665966,0.05131686236636708,0.7090351594222322,0.057429668107506104,updated,0,True,filtered,299,measured,0,measurement,insufficient_references,False,0,0,,,,,,,,,,,,-0.770528849374463,0.8110568482671502,5.587022937693697,1.2347822934491992,-1.7343592951057918,-14.213409911520536,,,,,,,,,,,0.9363703335581435,0.9898488086412023,0.8692023430691707,0.9998766497010365,0.973473478349856,0.9995028322055335,0.3135703611509598,0.8941007287160097,0.9963999506359109,,0.709540844299696,HIGH,,,,,,,,,,,,-0.770528849374463,0.8110568482671502,5.587022937693697,estimated,-0.770528849374463,0.8110568482671502,5.587022937693697,0.5844155852670833,True,temporal;spatial,flow_3d;spectral;phase;coherence,False,NORMAL,0.05,NONE,,17.188103206845422,2.4221723936936996,,,,0.07957956495043206,0.0033628751857008865,0.0002895151556003839,,,False,,,,,,,,,,,,,,,,,,,,,,False,,,,,,,
0,research_full,299,P3,valid,347.9963388973696,353.04858791393025,343.40162155733753,353.0446472167969,4.600358179343573,0.9957793677579532,2.0342817209604345,13.46931579667224,13.658416698137836,0.14751007713148875,0.00034119689371436834,0.4057414303844098,0.697820007355185,4.594258569615618,4.0,4.594258569615618,4.600358179343573,343.40162155733753,353.0446472167969,343.395980718026,353.04858791393025,0.9970894047870198,2.036879317531905,13.48719845791504,0.9957793677579532,2.0342817209604345,13.46931579667224,67.90445087112407,140.08898942908576,919.7103089997895,0.5942585696156177,,4,primary_icgn_fallback_line_search,,0,0,,3.8965000021562446,15.055200001370395,19.057299999985844,66.97780000104103,343.3926696777344,353.0798034667969,0.0004401307669468224,0.036278065859303585,0.024185377239535722,cycle_valid,59.33019343483977,0.31691820055323033,0.16940812342174158,0.2485336737670984,icgn_high_residual,False,4,0.5138979435077322,34.31025767989264,0.2485336737670984,0.39486286788135255,0.2485336737670984,0.1,icgn_high_residual,True,line_search,4.595037110251486,0.00032499627576353926,line_search_refined,0.0114974048645785,0.01481101507429322,0.6739620062680736,-0.001715576685569431,-0.014736277414669985,-0.020581228008995645,0.025371007503929538,0.7036323719221668,0.01359521735953751,updated,0,True,filtered,299,measured,0,measurement,insufficient_references,False,0,0,,,,,,,,,,,,0.9957793677579532,2.0342817209604345,13.46931579667224,67.90445087112407,140.08898942908576,919.7103089997895,,,,,,,,,,,0.9438172515484176,0.9508299742895038,0.8032365115670989,0.9998697787232231,0.8647528565385301,0.9919382075868214,0.5105733871354932,0.8658800120398571,0.9982061434337338,,0.6739620062680736,HIGH,,,,,,,,,,,,0.9957793677579532,2.0342817209604345,13.46931579667224,estimated,0.9957793677579532,2.0342817209604345,13.46931579667224,0.5005496746701779,True,temporal;spatial,flow_3d;spectral;phase;coherence,False,NORMAL,0.05,NONE,,6.651899471198375,15.354488927531532,,,,0.4057414303844098,0.003940697133373305,0.00034119689371436834,,,False,,,,,,,,,,,,,,,,,,,,,,False,,,,,,,
0,research_full,300,P1,valid,139.98761517739598,320.056632606208,119.09387934805441,320.05792236328125,20.90125053423076,-0.9786287063061906,0.25776353079775854,2.9645918551094583,3.132564612262163,0.04691939932285275,0.0005870173336006701,0.10646784903099515,0.7844357143157771,20.89353215096902,21.0,20.89353215096902,20.90125053423076,119.09387934805441,320.05792236328125,119.08636464316523,320.056632606208,-0.9789913996834881,0.25786618219416163,2.965687019679385,-0.9786287063061906,0.25776353079775854,2.9645918551094583,-13.29192006338964,3.8041702846410286,40.05252317399099,-0.10646784903098094,,4,primary_icgn_fallback_line_search,,0,0,,5.487500002345769,18.392100002529332,24.08790000117733,77.48420000280021,119.09439086914062,320.0567321777344,0.0002750817220658064,0.0012954518353175903,0.0008636345568783935,cycle_valid,92.29525027400108,0.25485297939290213,0.2079335800700494,0.1241146166407747,icgn_high_residual,False,5,0.4891461184715277,29.088627901872925,0.1241146166407747,0.17707186717429613,0.1241146166407747,0.1,icgn_high_residual,True,line_search,20.755023206756192,-0.00015532564886672556,line_search_refined,0.010876275801905866,0.014424719516511857,0.6923268372727293,-0.0007835622419065658,0.004961768553528145,-0.026216916309468985,0.0266938160955571,0.7055953045495535,0.014631217668057072,updated,0,True,filtered,300,measured,0,measurement,insufficient_references,False,0,0,,,,,,,,,,,,-0.9786287063061906,0.25776353079775854,2.9645918551094583,-13.29192006338964,3.8041702846410286,40.05252317399099,,,,,,,,,,,0.9638840208630725,0.9843602002257158,0.8396923992646889,0.9998563168240556,0.9645107169896683,0.9997121218143739,0.5341465538366403,0.7314310414396227,0.9986620441412867,,0.6923268372727293,HIGH,,,,,,,,,,,,-0.9786287063061906,0.25776353079775854,2.9645918551094583,estimated,-0.9786287063061906,0.25776353079775854,2.9645918551094583,0.652777972888501,True,temporal;spatial,flow_3d;spectral;phase;coherence,False,NORMAL,0.05,NONE,,3.5541017101279437,9.90969434252109,,,,0.10646784903099515,0.0012897570732661734,0.0005870173336006701,,,False,,,,,,,,,,,,,,,,,,,,,,False,,,,,,,
0,research_full,300,P2,valid,238.94778349750948,350.029334801988,227.83688544320387,350.0289306640625,11.109295452279449,-0.7690784608002602,0.8096853170575516,5.577642377192225,5.6883360026791685,0.035178134792361974,0.0008290452533401549,0.11678887320238118,0.790403628495114,11.116788873202376,11.0,11.116788873202376,11.109295452279449,227.83688544320387,350.0289306640625,227.83848804523004,350.029334801988,-0.768496275094917,0.8091351623157801,5.573882692397761,-0.7690784608002602,0.8096853170575516,5.577642377192225,2.6851708676519648,-3.105890504704334,-23.593970412992604,0.11678887320237585,,4,primary_icgn_fallback_line_search,,0,0,,5.8373999963805545,20.760399998835055,26.790399999299552,77.48420000280021,227.8470916748047,350.0370788574219,0.00031419770675711334,0.013059870539607686,0.008706580359738458,cycle_valid,52.143670430442555,0.2807864204744607,0.2456082856820987,0.27216618863693526,icgn_high_residual,False,5,0.6958053704675208,56.01127552842764,0.27216618863693526,0.6140967784399287,0.27216618863693526,0.1,icgn_high_residual,True,line_search,11.129159643982806,0.00028852047435925653,line_search_refined,0.011592178342576406,0.014095138962398565,0.7071495422529449,0.021962931013746356,-0.0015067605257854666,0.025638809759829684,0.03379333117491356,0.7077313263321925,0.02484387460637401,updated,0,True,filtered,300,measured,0,measurement,insufficient_references,False,0,0,,,,,,,,,,,,-0.7690784608002602,0.8096853170575516,5.577642377192225,2.6851708676519648,-3.105890504704334,-23.593970412992604,,,,,,,,,,,0.9360740564326047,0.9882739550692127,0.8642825373714057,0.9998094595066505,0.9610703755992063,0.9970978065467538,0.33732821860236106,0.8775258106075792,0.9967371065251793,,0.7071495422529449,HIGH,,,,,,,,,,,,-0.7690784608002602,0.8096853170575516,5.577642377192225,estimated,-0.7690784608002602,0.8096853170575516,5.577642377192225,0.5932251576057477,True,temporal;spatial,flow_3d;spectral;phase;coherence,False,NORMAL,0.05,NONE,,18.752545591674224,1.5805054711711364,,,,0.11678887320238118,0.00040413792549998107,0.0008290452533401549,,,False,,,,,,,,,,,,,,,,,,,,,,False,,,,,,,
0,research_full,300,P3,valid,348.0128314684125,353.07120919078375,343.3953101949562,353.0807800292969,4.617354356299122,0.99254387206196,2.0273833200738474,13.419736133279475,13.608260151515628,0.1503816337195893,0.00027295752079226077,0.376023085581231,0.647429227268817,4.623976914418769,4.0,4.623976914418769,4.617354356299122,343.3953101949562,353.0807800292969,343.3954771121134,353.07120919078375,0.991290364137229,2.0247287788636004,13.400516101662136,0.99254387206196,2.0273833200738474,13.419736133279475,64.66895517513093,133.19058854249866,870.1306456070253,0.623976914418769,,4,primary_icgn_fallback_line_search,,0,0,,4.713900001661386,17.614200001844438,22.59770000091521,77.48420000280021,343.4123229980469,353.0325927734375,0.00043373627704568207,0.05110231987159313,0.034068213247728754,cycle_valid,58.75376281134253,0.3008741011600686,0.15049246744047928,0.21214371676936403,icgn_high_residual,False,5,0.5074973190801385,33.29896672302698,0.21214371676936403,0.36755352326193486,0.21214371676936403,0.1,icgn_high_residual,True,line_search,4.607884689202739,0.0005356838035643391,line_search_refined,0.011569557667623446,0.015006721936092916,0.6644036027569163,0.024070875557470117,0.035686380975732845,0.02202133766389469,0.04835146481499424,0.6992663106699146,0.052670659039668985,updated,0,True,filtered,300,measured,0,measurement,insufficient_references,False,0,0,,,,,,,,,,,,0.99254387206196,2.0273833200738474,13.419736133279475,64.66895517513093,133.19058854249866,870.1306456070253,,,,,,,,,,,0.9432660450355049,0.9498727887601369,0.7785049717088539,0.9998822177003603,0.874658971472923,0.9886439289174237,0.5166692199236775,0.8428738128993362,0.997052011991138,,0.6644036027569163,HIGH,,,,,,,,,,,,0.99254387206196,2.0273833200738474,13.419736133279475,estimated,0.99254387206196,2.0273833200738474,13.419736133279475,0.03662452797273665,True,temporal;spatial,flow_3d;spectral;phase;coherence,False,OCCLUSION,0.65,KALMAN_PREDICT,,74.60961317794502,40.69591550974743,,,,0.376023085581231,0.009570838513127455,0.00027295752079226077,,,False,,,,,,,,,,,,,,,,,,,,,,False,,,,,,,
0,research_full,301,P1,valid,139.98566063140154,320.05188151718784,119.11641080524369,320.04931640625,20.880702486127642,-0.9796030104472164,0.2579898022104987,2.967509217496349,3.1356485377107646,0.0847343631752138,0.00024839508114382625,0.13218839313429953,0.7660579491331557,20.86781160686569,21.0,20.86781160686569,20.880702486127642,119.11641080524369,320.04931640625,119.1049581452739,320.05188151718784,-0.9802164454116822,0.2581343781693855,2.9693423662592457,-0.9796030104472164,0.2579898022104987,2.967509217496349,-14.26622420441548,4.030441697381204,42.96988556088177,-0.1321883931343102,,4,primary_icgn_fallback_line_search,,0,0,,4.3933000015385915,16.758800000388874,21.292399997037137,65.84549999752198,119.1058578491211,320.05694580078125,0.00012947511277161539,0.01302200229760702,0.008681334865071347,cycle_valid,92.67143396157765,0.28925539735396827,0.20452103417875447,0.08187182203583386,icgn_high_residual,False,5,0.49312362712999264,28.976715970939733,0.08187182203583386,0.18105179676286987,0.08187182203583386,0.1,icgn_high_residual,True,line_search,20.74628524519049,-0.00020255880458612188,line_search_refined,0.010917242301470493,0.014761199147508057,0.6746259891280425,-0.005513239653140545,-0.00983304243953853,-0.04301879951797716,0.044471357603053215,0.700343119603653,0.04060476902951027,updated,0,True,filtered,301,measured,0,measurement,insufficient_references,False,0,0,,,,,,,,,,,,-0.9796030104472164,0.2579898022104987,2.967509217496349,-14.26622420441548,4.030441697381204,42.96988556088177,,,,,,,,,,,0.9640306274453964,0.9717552122749288,0.837017578816859,0.9999370216343474,0.9559372022885668,0.9971062217116429,0.5303584503523879,0.592859514977645,0.9958288575603642,,0.6746259891280425,HIGH,,,,,,,,,,,,-0.9796030104472164,0.2579898022104987,2.967509217496349,estimated,-0.9796030104472164,0.2579898022104987,2.967509217496349,0.9193945649395903,True,temporal;spatial,flow_3d;spectral;phase;coherence,False,NORMAL,0.05,NONE,,2.6369390875711956,0.0,,,,0.13218839313429953,0.0025651109378372894,0.00024839508114382625,,,False,,,,,,,,,,,,,,,,,,,,,,False,,,,,,,
0,research_full,301,P2,valid,238.9392342028605,350.0310086746287,227.85348494093685,350.03167724609375,11.091244075182399,-0.7704229358537825,0.8110212716883474,5.586720179932899,5.697609092601039,0.03487174117405074,0.00023291530669666827,0.08129899461002665,0.7902396761444974,11.081298994610027,11.0,11.081298994610027,11.091244075182399,227.85348494093685,350.03167724609375,227.8479901276781,350.0310086746287,-0.7711626996006704,0.8117563966763179,5.591734067054957,-0.7704229358537825,0.8110212716883474,5.586720179932899,1.3406958141296554,-1.7699358739086124,-14.516167672318225,0.08129899461002665,,4,primary_icgn_fallback_line_search,,0,0,,5.076999997982057,15.595299999404233,20.97219999996014,65.84549999752198,227.84898376464844,350.0349426269531,0.00017794652376323938,0.005560872245984135,0.003707248163989423,cycle_valid,52.95582219063685,0.2936328227674066,0.25876108159335587,0.3412200091060413,icgn_high_residual,False,5,0.694945000128395,56.353512342062075,0.3412200091060413,0.6418998165213959,0.3412200091060413,0.1,icgn_high_residual,True,line_search,11.107053965964111,0.0002443829908179515,line_search_refined,0.01153499098900024,0.01393049131363068,0.7153420052957603,-0.01666910487776363,0.002504228866257563,-0.034338018480140065,0.03825218598698539,0.7103769811841683,0.031090349313392995,updated,0,True,filtered,301,measured,0,measurement,insufficient_references,False,0,0,,,,,,,,,,,,-0.7704229358537825,0.8110212716883474,5.586720179932899,1.3406958141296554,-1.7699358739086124,-14.516167672318225,,,,,,,,,,,0.9370544503806665,0.9883760862753164,0.8711810403323448,0.9999315230282567,0.9729003351299911,0.9987642506120036,0.33814761892533807,0.9023113169105675,0.9965065591047741,,0.7153420052957603,HIGH,,,,,,,,,,,,-0.7704229358537825,0.8110212716883474,5.586720179932899,estimated,-0.7704229358537825,0.8110212716883474,5.586720179932899,0.47133685341736675,True,temporal;spatial,flow_3d;spectral;phase;coherence,False,NORMAL,0.05,NONE,,18.86406413932502,6.270522203247741,,,,0.08129899461002665,0.000668571465041623,0.00023291530669666827,,,False,,,,,,,,,,,,,,,,,,,,,,False,,,,,,,
0,research_full,301,P3,valid,348.0054221292482,353.0736259966115,343.3862291027156,353.0726623535156,4.617526739594889,0.9923136901948449,2.0273706281710075,13.419235142495136,13.607747423188567,0.14124661083981382,0.00015560972678940743,0.3851609874812514,0.7026365282720578,4.614839012518749,5.0,4.614839012518749,4.617526739594889,343.3862291027156,353.0726623535156,343.3878953896533,353.0736259966115,0.9927780678525123,2.028526256092069,13.427050635416066,0.9923136901948449,2.0273706281710075,13.419235142495136,64.43877330801584,133.17789663965885,869.6296548226865,-0.3851609874812514,,4,primary_icgn_fallback_line_search,,0,0,,4.24130000101286,15.613399998983368,19.96300000246265,65.84549999752198,343.3921813964844,353.0829772949219,0.0002460405812598765,0.011909148471824511,0.007939432314549674,cycle_valid,58.87935893455786,0.31901446280211,0.17776785196229616,0.20678531390272423,icgn_high_residual,False,4,0.5166525558245081,34.72919181592388,0.20678531390272423,0.37391263019422954,0.20678531390272423,0.1,icgn_high_residual,True,line_search,4.614322454537851,0.0007967789065622581,line_search_refined,0.011408355290779318,0.014840347738321678,0.6736268240333433,-0.01643063169240122,-0.0036364753859174925,-0.009032134059205887,0.019098928155977503,0.7024261311310805,0.008213743733142492,updated,0,True,filtered,301,measured,0,measurement,insufficient_references,False,0,0,,,,,,,,,,,,0.9923136901948449,2.0273706281710075,13.419235142495136,64.43877330801584,133.17789663965885,869.6296548226865,,,,,,,,,,,0.9433870647770095,0.9529177963867287,0.8124895307819594,0.9999330582819917,0.8716130041729162,0.9973535225618168,0.5079499468338018,0.8388022209884113,0.9996856314516039,,0.6736268240333433,HIGH,,,,,,,,,,,,0.9923136901948449,2.0273706281710075,13.419235142495136,estimated,0.9923136901948449,2.0273706281710075,13.419235142495136,0.414029288138356,True,temporal;spatial,flow_3d;spectral;phase;coherence,False,NORMAL,0.05,NONE,,49.6503877570337,3.5065595429117353,,,,0.3851609874812514,0.0009636430958721576,0.00015560972678940743,,,False,,,,,,,,,,,,,,,,,,,,,,False,,,,,,,
0,research_full,302,P1,valid,139.98246657674378,320.05053491350344,119.09427678056754,320.0500183105469,20.884981561568488,-0.979420708860229,0.2579291829423177,2.966901211414293,3.1350111940229444,0.045419396853145465,0.00017059844685718417,0.11321293779412045,0.7885265392508389,20.886787062205894,21.0,20.886787062205894,20.884981561568488,119.09427678056754,320.0500183105469,119.0974850151753,320.05053491350344,-0.979344128651359,0.2579039100949276,2.966644745830938,-0.979420708860229,0.2579291829423177,2.966901211414293,-14.08392261742808,3.969822429200187,42.361879478825855,-0.11321293779410624,,4,primary_icgn_fallback_line_search,,0,0,,4.284300001017982,17.184300002554664,21.616300000459887,62.29880000319099,119.11495971679688,320.05328369140625,0.00020754197612404823,0.02093911562658517,0.013959410417723446,cycle_valid,92.62347131271062,0.26763317265461567,0.2222137758014702,0.12360367033820704,icgn_high_residual,False,5,0.48812595979971707,29.176811410360074,0.12360367033820704,0.17645917042037249,0.12360367033820704,0.1,icgn_high_residual,True,line_search,20.745411289497106,-0.00017932410129557075,line_search_refined,0.01094935912516641,0.014409595346363635,0.6934543914197847,-0.005370365698297519,-0.0019778139377990556,0.00616375843270589,0.008410974600054133,0.7070779692099455,0.0015536283565041273,updated,0,True,filtered,302,measured,0,measurement,insufficient_references,False,0,0,,,,,,,,,,,,-0.979420708860229,0.2579291829423177,2.966901211414293,-14.08392261742808,3.969822429200187,42.361879478825855,,,,,,,,,,,0.9640120016439515,0.9848602010489516,0.8499942984492828,0.9999369765961698,0.9622623540686265,0.9953468631940922,0.5351181335240789,0.7303208453104512,0.9992397171517956,,0.6934543914197847,HIGH,,,,,,,,,,,,-0.979420708860229,0.2579291829423177,2.966901211414293,estimated,-0.979420708860229,0.2579291829423177,2.966901211414293,0.8659593531358132,True,temporal;spatial,flow_3d;spectral;phase;coherence,False,NORMAL,0.05,NONE,,3.7213258275401686,0.743720333202873,,,,0.11321293779412045,0.0005166029565657482,0.00017059844685718417,,,False,,,,,,,,,,,,,,,,,,,,,,False,,,,,,,
0,research_full,302,P2,valid,238.9463347761194,350.0328685391201,227.8399077242882,350.03338623046875,11.103480803435755,-0.7694969139335923,0.8101476359712175,5.580563265909306,5.691322434851097,0.03222847579247573,0.0004590334719978273,0.10914317903211668,0.7917031843839599,11.10914317903211,11.0,11.10914317903211,11.103480803435755,227.8399077242882,350.03338623046875,227.84285397268363,350.0328685391201,-0.769075271328138,0.8097403091543688,5.577718830047643,-0.7694969139335923,0.8101476359712175,5.580563265909306,2.2667177343198563,-2.6435715910384516,-20.673081695911755,0.10914317903210957,,4,primary_icgn_fallback_line_search,,0,0,,4.826200001843972,15.470800000912277,20.418300002347678,62.29880000319099,227.8456573486328,350.0269470214844,0.00036748030106537044,0.008632588977164643,0.0057550593181097615,cycle_valid,53.378140399883634,0.2881134882507555,0.25588501245827977,0.31160047049188505,icgn_high_residual,False,5,0.706276092060824,56.94573358327233,0.31160047049188505,0.6375424995020259,0.31160047049188505,0.1,icgn_high_residual,True,line_search,11.128743422089508,0.000333653041864207,line_search_refined,0.011537403783872437,0.014025644240159806,0.7113862978562607,0.010159992886286773,0.001936485308021929,0.019399853168565073,0.021984761398738603,0.7081227601489986,0.01031077876944964,updated,0,True,filtered,302,measured,0,measurement,insufficient_references,False,0,0,,,,,,,,,,,,-0.7694969139335923,0.8101476359712175,5.580563265909306,2.2667177343198563,-2.6435715910384516,-20.673081695911755,,,,,,,,,,,0.9375524642042307,0.9892571747358414,0.8697331546967093,0.9998622477044895,0.9636189403226277,0.9980816468939634,0.32735610279921523,0.8930254075652898,0.9977651131056271,,0.7113862978562607,HIGH,,,,,,,,,,,,-0.7694969139335923,0.8101476359712175,5.580563265909306,estimated,-0.7694969139335923,0.8101476359712175,5.580563265909306,0.5212223088470622,True,temporal;spatial,flow_3d;spectral;phase;coherence,False,NORMAL,0.05,NONE,,15.560656827420967,5.608152555870665,,,,0.10914317903211668,0.0005176913486479862,0.0004590334719978273,,,False,,,,,,,,,,,,,,,,,,,,,,False,,,,,,,
0,research_full,302,P3,valid,348.00718371516643,353.056501999654,343.40201026090295,353.04876708984375,4.610462943890511,0.9938800235883792,2.030029780354343,13.439795059516312,13.628532923694047,0.14798603446142794,6.103515625e-05,0.394441901527955,0.6916225661315969,4.605558098472046,5.0,4.605558098472046,4.610462943890511,343.40201026090295,353.04876708984375,343.3967207712759,353.056501999654,0.9949485418367717,2.03198959154626,13.45410822543743,0.9938800235883792,2.030029780354343,13.439795059516312,66.00510670155013,135.83704882299406,890.1895718438624,-0.3944419015279541,,4,primary_icgn_fallback_line_search,,0,0,,4.014699999970617,13.034499999776017,17.16830000077607,62.29880000319099,343.4007263183594,353.0649108886719,0.0001726334885461256,0.016194775363004725,0.010796516908669817,cycle_valid,59.16989461884866,0.3225999097140681,0.17461387525264016,0.23129234671953042,icgn_high_residual,False,4,0.5115228791293491,34.503009271850445,0.23129234671953042,0.3791770473558209,0.23129234671953042,0.1,icgn_high_residual,True,line_search,4.59830138721629,0.0007093684717272383,line_search_refined,0.011417986357628803,0.01481638064052325,0.6739196721895111,0.0014456339702064724,-0.029070627162866458,-0.016459774302441943,0.03343823247878889,0.7020101656110208,0.025190952076344954,updated,0,True,filtered,302,measured,0,measurement,insufficient_references,False,0,0,,,,,,,,,,,,0.9938800235883792,2.030029780354343,13.439795059516312,66.00510670155013,135.83704882299406,890.1895718438624,,,,,,,,,,,0.9436650452936333,0.9506713218461906,0.8091026083402307,0.9999610552258673,0.8685193661573484,0.9964011610304434,0.5128353532101437,0.8558822468356293,0.9985050384296448,,0.6739196721895111,HIGH,,,,,,,,,,,,0.9938800235883792,2.030029780354343,13.439795059516312,estimated,0.9938800235883792,2.030029780354343,13.439795059516312,0.24125448021740722,True,temporal;spatial,flow_3d;spectral;phase;coherence,False,OCCLUSION,0.65,KALMAN_PREDICT,,21.30558742431317,21.351536807353412,,,,0.394441901527955,0.007734909810267254,6.103515625e-05,,,False,,,,,,,,,,,,,,,,,,,,,,False,,,,,,,
0,research_full,303,P1,valid,139.97620755518926,320.049469718528,119.09495949498131,320.0492248535156,20.881325299478164,-0.9796282791082104,0.2579682059443664,2.9674207075798598,3.135570891604976,0.04466734287171534,0.00015334892668761313,0.1207621072859979,0.7868268673951961,20.879237892714002,21.0,20.879237892714002,20.881325299478164,119.09495949498131,320.0492248535156,119.0948822557111,320.049469718528,-0.9797378052492313,0.25799258485740056,2.9677173761694386,-0.9796282791082104,0.2579682059443664,2.9674207075798598,-14.291492865409428,4.008845431248909,42.88137564439243,-0.1207621072859979,,4,primary_icgn_fallback_line_search,,0,0,,4.200400002446258,18.02970000062487,22.36100000300212,65.69579999995767,119.09202575683594,320.0539855957031,0.0004157144867349416,0.005592091351315562,0.0037280609008770414,cycle_valid,92.21884893354039,0.2574576497026027,0.21279030683088737,0.11520225606365117,icgn_high_residual,False,5,0.4973705581162805,28.63191314163223,0.11520225606365117,0.17574385127375752,0.11520225606365117,0.1,icgn_high_residual,True,line_search,20.724669305004323,-0.00026112613743540803,line_search_refined,0.010892715293316096,0.014488087429961043,0.6897268558700903,-0.007731697501526469,-0.00094182311164559,-0.007059152770573007,0.010511794084124221,0.704297834031429,0.002465062449492227,updated,0,True,filtered,303,measured,0,measurement,insufficient_references,False,0,0,,,,,,,,,,,,-0.9796282791082104,0.2579682059443664,2.9674207075798598,-14.291492865409428,4.008845431248909,42.88137564439243,,,,,,,,,,,0.9638540995481784,0.9851108857094282,0.8433512605448489,0.9999051560977629,0.9597459642380007,0.9987573130330409,0.526313754174971,0.7106538146708159,0.9992822990638006,,0.6897268558700903,HIGH,,,,,,,,,,,,-0.9796282791082104,0.2579682059443664,2.9674207075798598,estimated,-0.9796282791082104,0.2579682059443664,2.9674207075798598,0.8916275567004992,True,temporal;spatial,flow_3d;spectral;phase;coherence,False,NORMAL,0.05,NONE,,1.1971591156200208,2.2629726731122926,,,,0.1207621072859979,0.0002448650123483276,0.00015334892668761313,,,False,,,,,,,,,,,,,,,,,,,,,,False,,,,,,,
0,research_full,303,P2,valid,238.94495678784997,350.03188334468877,227.8491239525889,350.03118896484375,11.098001576831376,-0.7698917687900001,0.8105369318691487,5.583318462013966,5.694132813856773,0.03018646508371332,0.000915654469281435,0.09455585698141533,0.7948694453239441,11.094555856981415,11.0,11.094555856981415,11.098001576831376,227.8491239525889,350.03118896484375,227.8469552110186,350.03188334468877,-0.7701447330263508,0.8107811335378753,5.585052515319138,-0.7698917687900001,0.8105369318691487,5.583318462013966,1.8718628779120783,-2.2542756931073216,-17.917885591251625,0.09455585698141533,,4,primary_icgn_fallback_line_search,,0,0,,4.0912000004027504,17.170600000099512,21.409499997389503,65.69579999995767,227.8291473388672,350.041259765625,0.000386321684345603,0.02237154720091108,0.014914364800607387,cycle_valid,53.13398800812366,0.2864081333890167,0.2562216683053034,0.3009674751906221,icgn_high_residual,False,5,0.6932269726872505,55.8498038285798,0.3009674751906221,0.6354466747215776,0.3009674751906221,0.1,icgn_high_residual,True,line_search,11.114464995973844,0.00026268830955045614,line_search_refined,0.011601623691345039,0.013988213623830254,0.7140904697525225,-0.00475704982369507,-0.0025867311699698803,-0.011844951507605117,0.01302396166257901,0.7090980197134881,0.003596193892109023,updated,0,True,filtered,303,measured,0,measurement,insufficient_references,False,0,0,,,,,,,,,,,,-0.7698917687900001,0.8105369318691487,5.583318462013966,1.8718628779120783,-2.2542756931073216,-17.917885591251625,,,,,,,,,,,0.9372655157594476,0.9899378449720956,0.8699043154554178,0.9997830039743955,0.9684813810061949,0.9950285450664642,0.3397838355359518,0.8892460611824544,0.9988850037639582,,0.7140904697525225,HIGH,,,,,,,,,,,,-0.7698917687900001,0.8105369318691487,5.583318462013966,estimated,-0.7698917687900001,0.8105369318691487,5.583318462013966,0.766423043927928,True,temporal;spatial,flow_3d;spectral;phase;coherence,False,NORMAL,0.05,NONE,,9.097550146132527,0.18728460842658023,,,,0.09455585698141533,0.0006943798450151917,0.000915654469281435,,,False,,,,,,,,,,,,,,,,,,,,,,False,,,,,,,
0,research_full,303,P3,valid,347.9992758915945,353.06045162119324,343.3909147386414,353.0628967285156,4.606942177339127,0.9944329825656044,2.0316843766233053,13.450066163229259,13.638948572315762,0.1419158290834112,0.0002895151556003839,0.39488202379767756,0.7428689929983033,4.605117976202322,5.0,4.605117976202322,4.606942177339127,343.3909147386414,353.0628967285156,343.39233371425536,353.06045162119324,0.9947421393882638,2.0325530816376043,13.455394067120507,0.9944329825656044,2.0316843766233053,13.450066163229259,66.55806567877531,137.49164509195654,900.4606755568094,-0.39488202379767756,,4,primary_icgn_fallback_line_search,,0,0,,3.748700000869576,14.225900002202252,18.11440000165021,65.69579999995767,343.4000244140625,353.0565185546875,0.00047767566866241395,0.011120579465986876,0.007413719643991251,cycle_valid,59.06542130775574,0.3346172010756135,0.1927013719922023,0.23601668002489745,icgn_high_residual,False,4,0.5088344908803262,34.74938725162251,0.23601668002489745,0.3782229932713885,0.23601668002489745,0.1,icgn_high_residual,True,line_search,4.592918023927324,0.0003178781693484771,line_search_refined,0.01140274863460244,0.0147244284042976,0.6786899122620024,-0.01220045064411579,0.00919820703552432,-0.006144257634207229,0.016468451975319,0.7031047124964327,0.0062036526474663015,updated,0,True,filtered,303,measured,0,measurement,insufficient_references,False,0,0,,,,,,,,,,,,0.9944329825656044,2.0316843766233053,13.450066163229259,66.55806567877531,137.49164509195654,900.4606755568094,,,,,,,,,,,0.9435654015576176,0.952694723638863,0.827020778374727,0.9998721348626228,0.8683726587341075,0.9975287601186695,0.5153957229711179,0.8587670442198535,0.9993321021820875,,0.6786899122620024,HIGH,,,,,,,,,,,,0.9944329825656044,2.0316843766233053,13.450066163229259,estimated,0.9944329825656044,2.0316843766233053,13.450066163229259,0.5502226722952164,True,temporal;spatial,flow_3d;spectral;phase;coherence,False,NORMAL,0.05,NONE,,10.387287402606809,7.659520670878974,,,,0.39488202379767756,0.00244510732238723,0.0002895151556003839,,,False,,,,,,,,,,,,,,,,,,,,,,False,,,,,,,
0,research_full,304,P1,valid,139.98060676957,320.05095950858674,119.10951991992324,320.05169677734375,20.875753391525066,-0.9798643864256833,0.2580456490507049,2.968212736242522,3.1364005835306976,0.06279328814135589,0.00010235906665911898,0.1265029521497958,0.7770649709662131,20.87349704785019,21.0,20.87349704785019,20.875753391525066,119.10951991992324,320.05169677734375,119.10485337804492,320.05095950858674,-0.9799564085851021,0.25807779391985014,2.9685335884704815,-0.9798643864256833,0.2580456490507049,2.968212736242522,-14.527600182882349,4.086288537587357,43.673404307054575,-0.12650295214981,,4,primary_icgn_fallback_line_search,,0,0,,4.567899995890912,18.783199997415068,23.70060000248486,66.31370000104653,119.0946273803711,320.05377197265625,0.00034119689371436834,0.015036428096372489,0.01002428539758166,cycle_valid,92.48137354758379,0.27404129566215496,0.21124800752079909,0.07987999911308051,icgn_high_residual,False,5,0.4933013538677666,28.99383685071372,0.07987999911308051,0.1686213513946639,0.07987999911308051,0.1,icgn_high_residual,True,line_search,20.75473653590477,-0.00017005715367941844,line_search_refined,0.010927402547417633,0.014723322889617661,0.678530216746626,0.009236879200130943,0.00282551967575273,-0.0075504832999975235,0.012260232333011432,0.7011656624843358,0.0033850743209512964,updated,0,True,filtered,304,measured,0,measurement,insufficient_references,False,0,0,,,,,,,,,,,,-0.9798643864256833,0.2580456490507049,2.968212736242522,-14.527600182882349,4.086288537587357,43.673404307054575,,,,,,,,,,,0.9639567060320718,0.9790689039528814,0.842207584703248,0.9999260740066044,0.9578323492834014,0.9966585715341394,0.5301891867926032,0.582707389791709,0.9990219471522831,,0.678530216746626,HIGH,,,,,,,,,,,,-0.9798643864256833,0.2580456490507049,2.968212736242522,estimated,-0.9798643864256833,0.2580456490507049,2.968212736242522,0.8180767086716415,True,temporal;spatial,flow_3d;spectral;phase;coherence,False,NORMAL,0.05,NONE,,0.27670278408745286,6.359833000853643,,,,0.1265029521497958,0.0007372687570068592,0.00010235906665911898,,,False,,,,,,,,,,,,,,,,,,,,,,False,,,,,,,
0,research_full,304,P2,valid,238.93731126841908,350.03476047443894,227.85607113476357,350.03570556640625,11.083954864151123,-0.7709504746158866,0.8115953685921616,5.59039420990355,5.701364669862282,0.03214710839944378,4.57763671875e-05,0.07810244922081111,0.7907397409943511,11.078102449220811,11.0,11.078102449220811,11.083954864151123,227.85607113476357,350.03570556640625,227.85335640426797,350.03476047443894,-0.7713918468984114,0.8120343916302197,5.593347541188427,-0.7709504746158866,0.8115953685921616,5.59039420990355,0.8131570520255593,-1.1958389700943428,-10.842137701667198,0.07810244922081111,,4,primary_icgn_fallback_line_search,,0,0,,5.129000001034001,15.057300002808915,20.41520000057062,66.31370000104653,227.8485565185547,350.0322265625,0.0001258271950064227,0.008280877063841965,0.005520584709227977,cycle_valid,52.706812268992074,0.28382289993791454,0.25167579153847075,0.3411238885077938,icgn_high_residual,False,4,0.7020565677165409,55.71215893565112,0.3411238885077938,0.6289880240374358,0.3411238885077938,0.1,icgn_high_residual,True,line_search,11.095429382843816,0.00098523593249984,line_search_refined,0.011551811889088782,0.013978923707317483,0.7135854812055518,-0.011741972982974858,0.003536762404792171,-0.020117021804951563,0.023560076064006234,0.7090814442090381,0.011900880444766044,updated,0,True,filtered,304,measured,0,measurement,insufficient_references,False,0,0,,,,,,,,,,,,-0.7709504746158866,0.8115953685921616,5.59039420990355,0.8131570520255593,-1.1958389700943428,-10.842137701667198,,,,,,,,,,,0.9367570682073982,0.9892842972001854,0.8675544710535338,0.999971399406301,0.9739658502597296,0.998159805096924,0.3313746974128181,0.9022837905631702,0.9975157000421843,,0.7135854812055518,HIGH,,,,,,,,,,,,-0.7709504746158866,0.8115953685921616,5.59039420990355,estimated,-0.7709504746158866,0.8115953685921616,5.59039420990355,0.845654302476922,True,temporal;spatial,flow_3d;spectral;phase;coherence,False,NORMAL,0.05,NONE,,4.422173139947878,0.8225985084135345,,,,0.07810244922081111,0.0009450919673099634,4.57763671875e-05,,,False,,,,,,,,,,,,,,,,,,,,,,False,,,,,,,
0,research_full,304,P3,valid,347.99677181272915,353.0580372724701,343.4041031292177,353.057373046875,4.596649798437168,0.9965940554474396,2.036170313170994,13.480182265886338,13.669473405259932,0.13486339457286514,0.000213623046875,0.592448384454201,0.7258794732631103,4.592448384454181,5.0,4.592448384454181,4.596649798437168,343.4041031292177,353.057373046875,343.400122014292,353.0580372724701,0.9975000186954983,2.0380157012687605,13.492514647553781,0.9965940554474396,2.036170313170994,13.480182265886338,68.71913856061052,141.97758163964514,930.5767782138882,-0.4075516155458194,,4,primary_icgn_fallback_line_search,,0,0,,4.102000002603745,14.464800002315314,18.68539999850327,66.31370000104653,343.38848876953125,353.05487060546875,0.0005925442092120647,0.01581361569688404,0.01054241046458936,cycle_valid,59.395343620479395,0.3199963386438989,0.18513294407103378,0.24266289368677357,icgn_high_residual,False,4,0.5135216479164966,34.798907981922994,0.24266289368677357,0.36856864052628824,0.24266289368677357,0.1,icgn_high_residual,True,line_search,4.596829478015718,0.000326796635621777,line_search_refined,0.011414192230210235,0.015051434010771341,0.6631859232525616,-0.0008278714408334054,-0.002496122349327834,-0.013912239814178662,0.014158616265461093,0.6980059257815988,0.004044657624818704,updated,0,True,filtered,304,measured,0,measurement,insufficient_references,False,0,0,,,,,,,,,,,,0.9965940554474396,2.036170313170994,13.480182265886338,68.71913856061052,141.97758163964514,930.5767782138882,,,,,,,,,,,0.9438788778690724,0.9550455351423783,0.8199492073083241,0.9998656387906522,0.802517205181933,0.9964858631784702,0.5109317638890509,0.8626352268906856,0.99818991607084,,0.6631859232525616,HIGH,,,,,,,,,,,,0.9965940554474396,2.036170313170994,13.480182265886338,estimated,0.9965940554474396,2.036170313170994,13.480182265886338,0.23578203908816364,True,temporal;spatial,flow_3d;spectral;phase;coherence,False,OCCLUSION,0.65,KALMAN_PREDICT,,20.110358057398,23.41692071490482,,,,0.592448384454201,0.0006642255950737308,0.000213623046875,,,False,,,,,,,,,,,,,,,,,,,,,,False,,,,,,,
0,research_full,305,P1,valid,139.98130639410502,320.0481656217047,119.11123696701867,320.0471496582031,20.87138844763041,-0.9800652761604626,0.2580835041391844,2.968833494276594,3.1370539296261413,0.07940029524620015,0.000643768988084048,0.12962380783898197,0.7529775499796484,20.870376192161018,21.0,20.870376192161018,20.87138844763041,119.11123696701867,320.0471496582031,119.10991794647461,320.0481656217047,-0.9801110422170467,0.25809016272278845,2.968977488707486,-0.9800652761604626,0.2580835041391844,2.968833494276594,-14.728489917661625,4.124143626066889,44.294162341126594,-0.12962380783898197,,4,primary_icgn_fallback_line_search,,0,0,,4.059599996253382,18.048999998427462,22.2183000005316,62.68400000044494,119.11619567871094,320.0555725097656,0.00041794878779910505,0.009774111217442961,0.006516074144961974,cycle_valid,92.6220849741427,0.27281240056078665,0.1934121053145865,0.08966997760526117,icgn_high_residual,False,5,0.48930819614958926,29.033006431170822,0.08966997760526117,0.1742521431634193,0.08966997760526117,0.1,icgn_high_residual,True,line_search,20.773160384858464,-0.00018175784743314154,line_search_refined,0.010908129922066414,0.014717468916138884,0.6790081104406518,0.0011780200907764993,-0.003901439620221936,-0.003402656641743107,0.005309146321783666,0.7025102512624847,0.0006305339715236212,updated,0,True,filtered,305,measured,0,measurement,insufficient_references,False,0,0,,,,,,,,,,,,-0.9800652761604626,0.2580835041391844,2.968833494276594,-14.728489917661625,4.124143626066889,44.294162341126594,,,,,,,,,,,0.9640114629867823,0.9735332349179333,0.827656426783027,0.9998230470373528,0.9567920640536727,0.9978279752850127,0.5339921941432484,0.6282665143503106,0.9993280759216491,,0.6790081104406518,HIGH,,,,,,,,,,,,-0.9800652761604626,0.2580835041391844,2.968833494276594,estimated,-0.9800652761604626,0.2580835041391844,2.968833494276594,0.9637200062072375,True,temporal;spatial,flow_3d;spectral;phase;coherence,False,NORMAL,0.05,NONE,,0.17927943971960136,0.9389727271899346,,,,0.12962380783898197,0.0010159635015725144,0.000643768988084048,,,False,,,,,,,,,,,,,,,,,,,,,,False,,,,,,,
0,research_full,305,P2,valid,238.93544128159255,350.02461416637203,227.83426825872138,350.0204772949219,11.094868667231797,-0.7702123916234759,0.8106869503610914,5.584895049581768,5.695743425975143,0.0288865661216526,0.0004967901622876525,0.1011718047551895,0.7920216562925293,11.10117180475519,11.0,11.10117180475519,11.094868667231797,227.83426825872138,350.0204772949219,227.84057261436075,350.02461416637203,-0.7697750857154103,0.8101817985769982,5.5817240004195385,-0.7702123916234759,0.8106869503610914,5.584895049581768,1.5512400444362973,-2.1042572011645833,-16.34129802344919,0.1011718047551895,,4,primary_icgn_fallback_line_search,,0,0,,4.0173000015784055,15.974300000380026,20.15899999969406,62.68400000044494,227.8531036376953,350.030517578125,0.000396728515625,0.021344291693345285,0.014229527795563524,cycle_valid,53.00631492084319,0.2846122266329395,0.2557256605112869,0.2617912683245182,icgn_high_residual,False,5,0.7150685450870103,54.95133917602735,0.2617912683245182,0.6691990958035743,0.2617912683245182,0.1,icgn_high_residual,True,line_search,11.140399363019085,0.00038612539813151947,line_search_refined,0.011599098895627139,0.01404541492994268,0.7104455094750212,-4.540377318562605e-06,-0.015419678739363007,0.021588400289800802,0.026529710516944225,0.7080312835236031,0.015187689661021374,updated,0,True,filtered,305,measured,0,measurement,insufficient_references,False,0,0,,,,,,,,,,,,-0.7702123916234759,0.8106869503610914,5.584895049581768,1.5512400444362973,-2.1042572011645833,-16.34129802344919,,,,,,,,,,,0.9371144110223253,0.9903711446261158,0.8696519806941232,0.9998510802203479,0.9662760650816035,0.9952568240681455,0.3189823380123711,0.8726720965650653,0.9978501965691196,,0.7104455094750212,HIGH,,,,,,,,,,,,-0.7702123916234759,0.8106869503610914,5.584895049581768,estimated,-0.7702123916234759,0.8106869503610914,5.584895049581768,0.5431140210981158,True,temporal;spatial,flow_3d;spectral;phase;coherence,False,NORMAL,0.05,NONE,,12.853998793847918,6.192643529028531,,,,0.1011718047551895,0.004136871450157287,0.0004967901622876525,,,False,,,,,,,,,,,,,,,,,,,,,,False,,,,,,,
0,research_full,305,P3,valid,347.9978467342678,353.0582435013701,343.40628155175324,353.0587463378906,4.592785998146465,0.9974606352893245,2.0378886986434974,13.49152281869648,13.680976062928348,0.128840796055134,0.0001258271950064227,0.5927113681686365,0.7686748016373186,4.592711368168631,5.0,4.592711368168631,4.592785998146465,343.40628155175324,353.0587463378906,343.40506073612136,353.0582435013701,0.9975068809630724,2.0379349911162654,13.491742051295304,0.9974606352893245,2.0378886986434974,13.49152281869648,69.58571840249539,143.6959671121487,941.9173310240296,-0.4072886318313689,,4,primary_icgn_fallback_line_search,,0,0,,4.013099998701364,13.199700002587633,17.321899998933077,62.68400000044494,343.3984375,353.0600280761719,0.0002157918643206358,0.007948081587974951,0.005298721058649967,cycle_valid,59.36374969355558,0.3314828781684796,0.2026420821133456,0.2364744151867159,icgn_high_residual,False,4,0.5124952977633038,34.454903189920344,0.2364744151867159,0.40837494920052797,0.2364744151867159,0.1,icgn_high_residual,True,line_search,4.585802167337642,0.0004163737438018514,line_search_refined,0.011381124188896592,0.01483735007304907,0.6736430780814343,0.004317464768632817,0.001894090153768957,-0.00025097756178293906,0.004721341893520172,0.702642828689857,0.0005197554429573801,updated,0,True,filtered,305,measured,0,measurement,insufficient_references,False,0,0,,,,,,,,,,,,0.9974606352893245,2.0378886986434974,13.49152281869648,69.58571840249539,143.6959671121487,941.9173310240296,,,,,,,,,,,0.9438490096979977,0.957053067981622,0.8355063618291846,0.9999430634901122,0.8024295439437878,0.9982337596471167,0.5119092402254248,0.8590404238572111,0.9995078173780569,,0.6736430780814343,HIGH,,,,,,,,,,,,0.9974606352893245,2.0378886986434974,13.49152281869648,estimated,0.9974606352893245,2.0378886986434974,13.49152281869648,0.383215511023192,True,temporal;spatial,flow_3d;spectral;phase;coherence,False,NORMAL,0.05,NONE,,19.022521474270533,10.851483486278882,,,,0.5927113681686365,0.000502836520524852,0.0001258271950064227,,,False,,,,,,,,,,,,,,,,,,,,,,False,,,,,,,
0,research_full,306,P1,valid,139.97377436734206,320.04845242206613,119.13115686209235,320.0488586425781,20.848440624138462,-0.981187513778194,0.25836923166734005,2.97210128145703,3.140520597656561,0.06215984076653084,0.00047889267443679273,0.16008752615485378,0.7798194367668846,20.839912473845153,21.0,20.839912473845153,20.848440624138462,119.13115686209235,320.0488586425781,119.1253337432036,320.04845242206613,-0.9816046598028889,0.2584773081054514,2.9733175306349957,-0.981187513778194,0.25836923166734005,2.97210128145703,-15.850727535393073,4.409871154222533,47.561949521562674,-0.16008752615484667,,4,primary_icgn_fallback_line_search,,0,0,,4.774299995915499,21.40950000102748,26.322000001528068,73.58690000182833,119.11194610595703,320.04620361328125,0.0003522764891386032,0.019393357931469644,0.01292890528764643,cycle_valid,91.97910855232986,0.26350075201259665,0.20134091124606582,0.09511745827788796,icgn_high_residual,False,5,0.4853828033859909,28.8507198102796,0.09511745827788796,0.1822800453028535,0.09511745827788796,0.1,icgn_high_residual,True,line_search,20.73358047349984,-0.0002478632178366727,line_search_refined,0.01095149200148324,0.014673425065075511,0.6788280369786668,-0.010353285100478615,0.0015547755813258846,-0.028736431319661193,0.030584151524436384,0.7032286229823131,0.019316471454646218,updated,0,True,filtered,306,measured,0,measurement,insufficient_references,False,0,0,,,,,,,,,,,,-0.981187513778194,0.25836923166734005,2.97210128145703,-15.850727535393073,4.409871154222533,47.561949521562674,,,,,,,,,,,0.9637598865025214,0.9792800530778231,0.8344433174209911,0.9998614718060708,0.9466374912817154,0.9956903649041179,0.5377306634419134,0.649556096884452,0.9960732332678774,,0.6788280369786668,HIGH,,,,,,,,,,,,-0.981187513778194,0.25836923166734005,2.97210128145703,estimated,-0.981187513778194,0.25836923166734005,2.97210128145703,0.8699061755797886,True,temporal;spatial,flow_3d;spectral;phase;coherence,False,NORMAL,0.05,NONE,,2.8137316804323493,1.4006342772501057,,,,0.16008752615485378,0.0004062205119907958,0.00047889267443679273,,,False,,,,,,,,,,,,,,,,,,,,,,False,,,,,,,
0,research_full,306,P2,valid,238.93882372472854,350.0261981182604,227.84117425217948,350.0277099609375,11.09835165465484,-0.7699339949639573,0.8104497105153063,5.583142346133364,5.693953419818524,0.03359141927649755,0.0003479539300315082,0.09956061110177394,0.7919027049718811,11.099560611101774,11.0,11.099560611101774,11.09835165465484,227.84117425217948,350.0277099609375,227.8404720700737,350.0261981182604,-0.7698294108777953,0.8103778305435839,5.5825342341395645,-0.7699339949639573,0.8104497105153063,5.583142346133364,1.8296367039548622,-2.3414970469496366,-18.09400147185336,0.09956061110177394,,4,primary_icgn_fallback_line_search,,0,0,,4.991800000425428,17.65030000024126,22.986100000707665,73.58690000182833,227.83804321289062,350.0274353027344,0.0002750817220658064,0.0031430628623889153,0.00209537524159261,cycle_valid,52.811421492049696,0.28490786945274127,0.2513164501762437,0.297388953835459,icgn_high_residual,False,5,0.7149144298993677,55.54617198639686,0.297388953835459,0.6431769781158846,0.297388953835459,0.1,icgn_high_residual,True,line_search,11.12105817511206,0.0003443744426725787,line_search_refined,0.011530511264021022,0.014047200019443592,0.7114682481820541,0.0071613374445860245,0.005665112850294918,0.004145249190719014,0.010028028143905618,0.7083513218839648,0.0022865116960916034,updated,0,True,filtered,306,measured,0,measurement,insufficient_references,False,0,0,,,,,,,,,,,,-0.7699339949639573,0.8104497105153063,5.583142346133364,1.8296367039548622,-2.3414970469496366,-18.09400147185336,,,,,,,,,,,0.9368823402370425,0.9888028602411675,0.8673650956395522,0.9998961607246505,0.966813129632742,0.9993015415861358,0.31912911438155456,0.8879133441123837,0.9994136789696447,,0.7114682481820541,HIGH,,,,,,,,,,,,-0.7699339949639573,0.8104497105153063,5.583142346133364,estimated,-0.7699339949639573,0.8104497105153063,5.583142346133364,0.7443612392198791,True,temporal;spatial,flow_3d;spectral;phase;coherence,False,NORMAL,0.05,NONE,,3.8337619975172017,5.0476550029168825,,,,0.09956061110177394,0.0015118426770754922,0.0003479539300315082,,,False,,,,,,,,,,,,,,,,,,,,,,False,,,,,,,
0,research_full,306,P3,valid,347.9982295288512,353.0590920392298,343.41885250047346,353.0596618652344,4.582625579309401,0.9996822198431505,2.0424293120204178,13.521435697288762,13.711313042563997,0.14459314359886533,0.00013647876039613038,0.4201037211765879,0.7234250648552375,4.57989627882343,5.0,4.57989627882343,4.582625579309401,343.41885250047346,353.0596618652344,343.4156039495418,353.0590920392298,1.0002916068079628,2.0436614330261027,13.52949353501541,0.9996822198431505,2.0424293120204178,13.521435697288762,71.80730295632142,148.23658048906907,971.8302096163125,-0.42010372117657013,,4,primary_icgn_fallback_line_search,,0,0,,4.3528999958653,16.23990000007325,20.712599998660153,73.58690000182833,343.4142150878906,353.0625,0.00015560972678940743,0.005436966471416991,0.003624644314277994,cycle_valid,59.20330523136019,0.32999567653676065,0.18540253293789533,0.184008024028498,icgn_high_residual,False,4,0.5148895015547515,34.95313645894753,0.184008024028498,0.3825916326708138,0.184008024028498,0.1,icgn_high_residual,True,line_search,4.579389081177907,0.00039531693466673896,line_search_refined,0.011374484215762379,0.014846658308946235,0.672467879046509,0.001955340533754679,0.0021457928312997865,-0.00914596304489379,0.009595646069773754,0.7015841336145878,0.0018780862806765965,updated,0,True,filtered,306,measured,0,measurement,insufficient_references,False,0,0,,,,,,,,,,,,0.9996822198431505,2.0424293120204178,13.521435697288762,71.80730295632142,148.23658048906907,971.8302096163125,,,,,,,,,,,0.9436968371899673,0.9518022854670449,0.8202110143527593,0.999951318585469,0.8599654262744707,0.998791785228574,0.5096290461383319,0.8188484795197253,0.9983900823945304,,0.672467879046509,HIGH,,,,,,,,,,,,0.9996822198431505,2.0424293120204178,13.521435697288762,estimated,0.9996822198431505,2.0424293120204178,13.521435697288762,0.2248095705171605,True,temporal;spatial,flow_3d;spectral;phase;coherence,False,OCCLUSION,0.65,KALMAN_PREDICT,,18.83433813734449,27.052558642839085,,,,0.4201037211765879,0.0005698260045505776,0.00013647876039613038,,,False,,,,,,,,,,,,,,,,,,,,,,False,,,,,,,
0,research_full,307,P1,valid,139.97775352536937,320.0527393877329,119.12276142811446,320.0544128417969,20.85190296617363,-0.9810016252230812,0.2583510754246112,2.971607780637644,3.1399939918429087,0.0427924240447281,0.0002288818359375,0.1427657005754135,0.7909900738266874,20.8572342994246,21.0,20.8572342994246,20.85190296617363,119.12276142811446,320.0544128417969,119.12585055919574,320.0527393877329,-0.9807379318981361,0.2582946948831827,2.9708482057514285,-0.9810016252230812,0.2583510754246112,2.971607780637644,-15.66483898028026,4.391714911493705,47.06844870217664,-0.14276570057539928,,4,primary_icgn_fallback_line_search,,0,0,,4.241200003889389,19.323200001963414,23.791600000549806,71.07130000076722,119.12190246582031,320.0562744140625,0.00031131296418607235,0.0020501871921627755,0.0013667914614418502,cycle_valid,92.1273480663085,0.263429906080102,0.22063748203537392,0.08654767347971436,icgn_high_residual,False,5,0.4903535616204012,28.635634981176857,0.08654767347971436,0.17537983695058992,0.08654767347971436,0.1,icgn_high_residual,True,line_search,20.747876014441278,-0.00021026630294170183,line_search_refined,0.010879264936072882,0.014619102640354058,0.6832850271816754,0.008632299131789978,0.006442664385247099,0.017997342916665104,0.020974481274674446,0.7037710913407365,0.00933343829343316,updated,0,True,filtered,307,measured,0,measurement,insufficient_references,False,0,0,,,,,,,,,,,,-0.9810016252230812,0.2583510754246112,2.971607780637644,-15.66483898028026,4.391714911493705,47.06844870217664,,,,,,,,,,,0.9638181994456828,0.9857358586517573,0.8489226172006933,0.9999099675333127,0.9524114331415289,0.9995444028461861,0.5329966079805701,0.6148558130664687,0.9989013944986025,,0.6832850271816754,HIGH,,,,,,,,,,,,-0.9810016252230812,0.2583510754246112,2.971607780637644,estimated,-0.9810016252230812,0.2583510754246112,2.971607780637644,0.7790881322716117,True,temporal;spatial,flow_3d;spectral;phase;coherence,False,NORMAL,0.05,NONE,,3.99384862606124,3.4991628866827234,,,,0.1427657005754135,0.001673454063961799,0.0002288818359375,,,False,,,,,,,,,,,,,,,,,,,,,,False,,,,,,,
0,research_full,307,P2,valid,238.94024943628165,350.02468114233244,227.85142951197207,350.0245666503906,11.092433786659734,-0.7703292889182156,0.8108656295430908,5.5861209800416445,5.696986737407854,0.025676602588794804,0.000371575792087242,0.0893969040435536,0.794952841758728,11.089396904043546,11.0,11.089396904043546,11.092433786659734,227.85142951197207,350.0245666503906,227.8478156496219,350.02468114233244,-0.7705339849483502,0.8110864462150095,5.5876507651005625,-0.7703292889182156,0.8108656295430908,5.5861209800416445,1.43434274969656,-1.9255780191651528,-15.115367563573123,0.0893969040435465,,4,primary_icgn_fallback_line_search,,0,0,,4.461900000023888,17.013499997119652,21.592299999610987,71.07130000076722,227.85179138183594,350.0506896972656,0.00046004680916666985,0.026125553158389235,0.017417035438926157,cycle_valid,52.85513655274729,0.2885842199403814,0.26290761735158663,0.32452032564639904,icgn_high_residual,False,5,0.7140018479058202,55.463997090530455,0.32452032564639904,0.6589191172327779,0.32452032564639904,0.1,icgn_high_residual,True,line_search,11.129987066350147,0.0003536180900014405,line_search_refined,0.011622231289933208,0.013987403222421075,0.7141291821801897,0.002146473675082916,-0.000425931665574808,-0.010445846070767928,0.01067260357905891,0.7092736581016514,0.0023787120104845874,updated,0,True,filtered,307,measured,0,measurement,insufficient_references,False,0,0,,,,,,,,,,,,-0.7703292889182156,0.8108656295430908,5.5861209800416445,1.43434274969656,-1.9255780191651528,-15.115367563573123,,,,,,,,,,,0.9369345431544425,0.9914411324704018,0.8732127518056785,0.9998613962331243,0.9702010319854821,0.9941943215203579,0.3199982400896949,0.8972842971640127,0.9988812824052112,,0.7141291821801897,HIGH,,,,,,,,,,,,-0.7703292889182156,0.8108656295430908,5.5861209800416445,estimated,-0.7703292889182156,0.8108656295430908,5.5861209800416445,0.8435042091669597,True,temporal;spatial,flow_3d;spectral;phase;coherence,False,NORMAL,0.05,NONE,,4.823487197035671,0.5811825093711604,,,,0.0893969040435536,0.00011449194181523126,0.000371575792087242,,,False,,,,,,,,,,,,,,,,,,,,,,False,,,,,,,
0,research_full,307,P3,valid,347.9867152606041,353.0668715147745,343.40558758342104,353.06976318359375,4.57706963048194,1.0005929224898626,2.0451131153126916,13.537848907240305,13.727965140042727,0.13371916704711276,6.823938019806519e-05,0.42283001506168016,0.7617615338708372,4.57716998493832,5.0,4.57716998493832,4.57706963048194,343.40558758342104,353.06976318359375,343.40964563012216,353.0668715147745,1.0004669158693298,2.045144313442534,13.537552089889823,1.0005929224898626,2.0451131153126916,13.537848907240305,72.71800560303355,150.92038378134288,988.2434195678549,-0.42283001506168016,,4,primary_icgn_fallback_line_search,,0,0,,4.435900002135895,17.196699998748954,21.77509999819449,71.07130000076722,343.41064453125,353.0591735839844,0.00012947511277161539,0.011735090167174504,0.007823393444783002,cycle_valid,59.87166111718763,0.3311158805748267,0.19739671352771396,0.22274592277027322,icgn_high_residual,False,5,0.5186160687443554,34.797886570194194,0.22274592277027322,0.39059138619949846,0.22274592277027322,0.1,icgn_high_residual,True,line_search,4.567743871700176,-0.00020082417937285522,line_search_refined,0.011384120355038727,0.014730687344730209,0.6783921617450435,-0.014891106553534428,0.010880115441466387,0.0003380775176333728,0.018445494377117694,0.703161401911885,0.007942847095540221,updated,0,True,filtered,307,measured,0,measurement,insufficient_references,False,0,0,,,,,,,,,,,,1.0005929224898626,2.0451131153126916,13.537848907240305,72.71800560303355,150.92038378134288,988.2434195678549,,,,,,,,,,,0.9443253574206175,0.9554269443176291,0.8311353176168588,0.999967047584505,0.8590566616461066,0.9973922021850723,0.5060799345291853,0.8503526667569519,0.999318283178188,,0.6783921617450435,HIGH,,,,,,,,,,,,1.0005929224898626,2.0451131153126916,13.537848907240305,estimated,1.0005929224898626,2.0451131153126916,13.537848907240305,0.40207421253870734,True,temporal;spatial,flow_3d;spectral;phase;coherence,False,NORMAL,0.05,NONE,,13.68967525088178,13.643917617997513,,,,0.42283001506168016,0.0028916688192452966,6.823938019806519e-05,,,False,,,,,,,,,,,,,,,,,,,,,,False,,,,,,,
0,research_full,308,P1,valid,139.977392637729,320.05281761700604,119.1333375455384,320.0524597167969,20.844844174422697,-0.9813359103739533,0.25843901381073653,2.9726140707453297,3.141057991575778,0.05239583521757452,0.0007078499183990061,0.15596632971806912,0.785392014684756,20.844033670281917,21.0,20.844033670281917,20.844844174422697,119.1333375455384,320.0524597167969,119.1325484633063,320.05281761700604,-0.9813741925571763,0.25844699641883495,2.972729658546203,-0.9813359103739533,0.25843901381073653,2.9726140707453297,-15.999124131152342,4.479653297619013,48.07473880986235,-0.15596632971808333,,4,primary_icgn_fallback_line_search,,0,0,,5.276400002912851,18.440699997881893,23.909999999887077,74.2047999992792,119.12379455566406,320.0543212890625,0.00036245645605959,0.009722865166285741,0.006481910110857161,cycle_valid,92.39430059437439,0.2620496301139161,0.20965379489634156,0.07829424653747473,icgn_high_residual,False,5,0.48487968950904986,28.396308928712546,0.07829424653747473,0.17499186982505863,0.07829424653747473,0.1,icgn_high_residual,True,line_search,20.74608968837888,-0.0002045170069228196,line_search_refined,0.010910097265856877,0.014736088832173413,0.6779389246549841,-8.21686014091938e-05,-0.0013728076264669653,-0.00271801927962656,0.0030461420293159494,0.7018033879104378,0.00019469020758690377,updated,0,True,filtered,308,measured,0,measurement,insufficient_references,False,0,0,,,,,,,,,,,,-0.9813359103739533,0.25843901381073653,2.9726140707453297,-15.999124131152342,4.479653297619013,48.07473880986235,,,,,,,,,,,0.96392273861169,0.9825347215941418,0.8410077272876734,0.9998216156042569,0.9480112234273103,0.9978393632963809,0.5382098195151905,0.5742556470304789,0.9990168216503964,,0.6779389246549841,HIGH,,,,,,,,,,,,-0.9813359103739533,0.25843901381073653,2.9726140707453297,estimated,-0.9813359103739533,0.25843901381073653,2.9726140707453297,0.8427076302398957,True,temporal;spatial,flow_3d;spectral;phase;coherence,False,NORMAL,0.05,NONE,,1.5909775547118707,3.6110378948717736,,,,0.15596632971806912,0.0003579002091669281,0.0007078499183990061,,,False,,,,,,,,,,,,,,,,,,,,,,False,,,,,,,
0,research_full,308,P2,valid,238.93819893605155,350.0228834485531,227.85731601612582,350.022705078125,11.083358195976935,-0.7709823389426494,0.8115100838385517,5.590695166549292,5.701651938553488,0.02555518703391554,0.00030517578125,0.08000087840542847,0.7936469305842376,11.080000878405416,11.0,11.080000878405416,11.083358195976935,227.85731601612582,350.022705078125,227.85484074007462,350.0228834485531,-0.7712255332619411,0.8117540394837589,5.592389186191135,-0.7709823389426494,0.8115100838385517,5.590695166549292,0.7812927252627277,-1.2811237237042583,-10.541181055925719,0.08000087840541603,,4,primary_icgn_fallback_line_search,,0,0,,4.4236999965505674,18.32970000032219,22.886900002049515,74.2047999992792,227.85923767089844,350.01922607421875,0.00012947511277161539,0.003974446533144015,0.00264963102209601,cycle_valid,52.502911345441454,0.28073994315557055,0.25518475612165503,0.30874675642165167,icgn_high_residual,False,5,0.7135178004887127,55.63738071233215,0.30874675642165167,0.6567696809267123,0.30874675642165167,0.1,icgn_high_residual,True,line_search,11.110069492606861,0.0003037377987527823,line_search_refined,0.011541796067461522,0.013977228615412054,0.7143383863495983,-0.003304342725527931,-0.0006682191404365767,-0.011541414372439718,0.01202370339719644,0.7091069202457146,0.0030350869439480467,updated,0,True,filtered,308,measured,0,measurement,insufficient_references,False,0,0,,,,,,,,,,,,-0.7709823389426494,0.8115100838385517,5.590695166549292,0.7812927252627277,-1.2811237237042583,-10.541181055925719,,,,,,,,,,,0.936511457214215,0.9914816043220281,0.8693756874825147,0.9999275581843298,0.9733330405315238,0.9991167896593013,0.32045923762979733,0.8920366525638559,0.9984470934772877,,0.7143383863495983,HIGH,,,,,,,,,,,,-0.7709823389426494,0.8115100838385517,5.590695166549292,estimated,-0.7709823389426494,0.8115100838385517,5.590695166549292,0.9379320611934968,True,temporal;spatial,flow_3d;spectral;phase;coherence,False,NORMAL,0.05,NONE,,1.6323157346636017,0.31876487356169037,,,,0.08000087840542847,0.00017837042810242565,0.00030517578125,,,False,,,,,,,,,,,,,,,,,,,,,,False,,,,,,,
0,research_full,308,P3,valid,347.98023606577374,353.0603011245565,343.4075857210805,353.0570373535156,4.571677126398515,1.0016025910697393,2.0473524427592866,13.553817424590656,13.744119708240587,0.1341121110984994,0.00020471813331823796,0.4281850863148975,0.768554628659871,4.571814913685104,5.0,4.571814913685104,4.571677126398515,343.4075857210805,353.0570373535156,343.4085589393752,353.0603011245565,1.0015504107257955,2.0472048164942183,13.553408933923134,1.0016025910697393,2.0473524427592866,13.553817424590656,73.72767418291015,153.15971122793792,1004.2119369182068,-0.4281850863148957,,4,primary_icgn_fallback_line_search,,0,0,,4.773200002091471,18.306999998458195,23.257999997440493,74.2047999992792,343.4111633300781,353.0747985839844,0.00026074229390360415,0.018117963293476997,0.01207864219565133,cycle_valid,59.42528177865929,0.3367348823501054,0.202622771251606,0.21683263529035374,icgn_high_residual,False,5,0.5177683879271675,34.231179431579804,0.21683263529035374,0.38782480964428084,0.21683263529035374,0.1,icgn_high_residual,True,line_search,4.557458674311244,-0.00024992117422610263,line_search_refined,0.011421027521512387,0.014742780642857594,0.6778527065424744,-0.00313653932954594,-0.012253490871955819,0.00046298940495770324,0.01265702479668884,0.7023964585066036,0.0037354232059249,updated,0,True,filtered,308,measured,0,measurement,insufficient_references,False,0,0,,,,,,,,,,,,1.0016025910697393,2.0473524427592866,13.553817424590656,73.72767418291015,153.15971122793792,1004.2119369182068,,,,,,,,,,,0.9439071514082346,0.9552959629671669,0.835490684845378,0.9999224232621297,0.8572716378950341,0.9959737859347829,0.5068872495931738,0.8462716034941064,0.9993433760723021,,0.6778527065424744,HIGH,,,,,,,,,,,,1.0016025910697393,2.0473524427592866,13.553817424590656,estimated,1.0016025910697393,2.0473524427592866,13.553817424590656,0.7102158714582297,True,temporal;spatial,flow_3d;spectral;phase;coherence,False,NORMAL,0.05,NONE,,0.6364782344068964,11.583635325389084,,,,0.4281850863148975,0.003263771040849406,0.00020471813331823796,,,False,,,,,,,,,,,,,,,,,,,,,,False,,,,,,,
0,research_full,309,P1,valid,139.98167965007175,320.04296320705805,119.1166944546486,320.0392150878906,20.858414223612783,-0.9806727366309693,0.258214016514565,2.970680150039244,3.139002078453126,0.08724545860223822,0.0001502816448919475,0.13338756988298428,0.7462985471350794,20.86661243011703,21.0,20.86661243011703,20.858414223612783,119.1166944546486,320.0392150878906,119.12326542645897,320.04296320705805,-0.9802780578932092,0.25809094872802535,2.96951301045635,-0.9806727366309693,0.258214016514565,2.970680150039244,-15.335950388168374,4.254656001447477,46.14081810377657,-0.13338756988297007,,4,primary_icgn_fallback_line_search,,0,0,,4.027899998618523,18.014000001130626,22.24989999740501,65.3877000004286,119.12671661376953,320.05596923828125,0.0001223084982484579,0.019522941088807397,0.013015294059204931,cycle_valid,93.41105116206668,0.2792286421970015,0.1919831835947633,0.09138995006029992,icgn_high_residual,False,5,0.49363125234642163,28.103645144983986,0.09138995006029992,0.1742983763813941,0.09138995006029992,0.1,icgn_high_residual,True,line_search,20.77765169427168,-0.00015673471391379457,line_search_refined,0.01093588443087834,0.014748545388818124,0.6761905261832177,0.0062344635400393145,-0.014360259390286956,0.027530104108119957,0.03167005237748002,0.702209389690248,0.021152482174412904,updated,0,True,filtered,309,measured,0,measurement,insufficient_references,False,0,0,,,,,,,,,,,,-0.9806727366309693,0.258214016514565,2.970680150039244,-15.335950388168374,4.254656001447477,46.14081810377657,,,,,,,,,,,0.9643154285080247,0.9709181804659206,0.8263736817507251,0.9999545683094766,0.9555374767056719,0.9956615686469317,0.5298749977653128,0.6352625938482328,0.9972826666901996,,0.6761905261832177,HIGH,,,,,,,,,,,,-0.9806727366309693,0.258214016514565,2.970680150039244,estimated,-0.9806727366309693,0.258214016514565,2.970680150039244,0.9035113448248181,True,temporal;spatial,flow_3d;spectral;phase;coherence,False,NORMAL,0.05,NONE,,3.120527618145062,0.07753673161141705,,,,0.13338756988298428,0.0037481191674260117,0.0001502816448919475,,,False,,,,,,,,,,,,,,,,,,,,,,False,,,,,,,
0,research_full,309,P2,valid,238.95638408451092,350.02108574698053,227.85329507039194,350.0209655761719,11.101124716720697,-0.7695512766418716,0.8101918319672634,5.581747676616226,5.692497439382669,0.034323849692307735,0.000321884494042024,0.10988547160026485,0.7920262324987365,11.109885471600265,11.0,11.109885471600265,11.101124716720697,227.85329507039194,350.0209655761719,227.8552593677902,350.02108574698053,-0.76887081437473,0.809551649350009,5.57734616200841,-0.7695512766418716,0.8101918319672634,5.581747676616226,2.212355026040558,-2.59937559499257,-19.48867098899143,0.10988547160026485,,4,primary_icgn_fallback_line_search,,0,0,,3.9161000022431836,17.155000001366716,21.188100003200816,65.3877000004286,227.845703125,350.0164489746094,0.00040284357964992523,0.00883387369779129,0.005889249131860861,cycle_valid,52.90122088214661,0.2869804162221866,0.2526565665298789,0.3626819518932011,icgn_high_residual,False,5,0.7160524120242076,56.05353706030398,0.3626819518932011,0.6608616906300463,0.3626819518932011,0.1,icgn_high_residual,True,line_search,11.142572943733056,0.00040155679409456556,line_search_refined,0.011551211568392197,0.014014354315845369,0.7111919390937709,0.025405107717489273,-0.0004491975924452163,0.030051558276149137,0.039353747362088395,0.7084758534295318,0.03373848101945476,updated,0,True,filtered,309,measured,0,measurement,insufficient_references,False,0,0,,,,,,,,,,,,-0.7695512766418716,0.8101918319672634,5.581747676616226,2.212355026040558,-2.59937559499257,-19.48867098899143,,,,,,,,,,,0.9369894819486428,0.9885587167692308,0.8680686047817745,0.999879211987718,0.9633715094665783,0.9980369169560463,0.3180453218817071,0.9080921089143443,0.9966895821033224,,0.7111919390937709,HIGH,,,,,,,,,,,,-0.7695512766418716,0.8101918319672634,5.581747676616226,estimated,-0.7695512766418716,0.8101918319672634,5.581747676616226,0.509777776118582,True,temporal;spatial,flow_3d;spectral;phase;coherence,False,NORMAL,0.05,NONE,,13.821413583581442,7.131756060856435,,,,0.10988547160026485,0.00012017080865689422,0.000321884494042024,,,False,,,,,,,,,,,,,,,,,,,,,,False,,,,,,,
0,research_full,309,P3,valid,347.9907365161899,353.0695635768864,343.42529737962894,353.0731201171875,4.56955961202437,1.0023433015443346,2.0485451415204228,13.560098205597557,13.750545175972034,0.13996443374605597,0.000244140625,0.4289594890039439,0.7316428370594288,4.571040510996057,5.0,4.571040510996057,4.56955961202437,343.42529737962894,353.0731201171875,343.4211769041655,353.0695635768864,1.0021660554303276,2.047975111468401,13.555705084285167,1.0023433015443346,2.0485451415204228,13.560098205597557,74.4683846575055,154.35240998907406,1010.4927179251071,-0.428959489003943,,4,primary_icgn_fallback_line_search,,0,0,,4.408300002978649,13.501500001439126,18.087299999024253,65.3877000004286,343.4139404296875,353.0560302734375,0.00048252526903524995,0.02051933408695019,0.013679556057966794,cycle_valid,59.57080974960028,0.3273711194864103,0.18740668574035432,0.24282150862185986,icgn_high_residual,False,3,0.5138682094553473,33.91046797012238,0.24282150862185986,0.3965525661479895,0.24282150862185986,0.1,icgn_high_residual,True,line_search,4.570950840149708,0.0007033114030635544,line_search_refined,0.011428650275607934,0.014738914536109121,0.6784220261208043,0.021036960802177873,0.013357221477008352,0.004977092033199959,0.02541142519586739,0.7024569845586286,0.014967347422780013,updated,0,True,filtered,309,measured,0,measurement,insufficient_references,False,0,0,,,,,,,,,,,,1.0023433015443346,2.0485451415204228,13.560098205597557,74.4683846575055,154.35240998907406,1010.4927179251071,,,,,,,,,,,0.9440441829254185,0.9533451887513147,0.8221337024255605,0.9998788890176608,0.857013503665352,0.9954401479806777,0.5106017052806215,0.8627249557812338,0.9999204262408523,,0.6784220261208043,HIGH,,,,,,,,,,,,1.0023433015443346,2.0485451415204228,13.560098205597557,estimated,1.0023433015443346,2.0485451415204228,13.560098205597557,0.5478839045978413,True,temporal;spatial,flow_3d;spectral;phase;coherence,False,NORMAL,0.05,NONE,,9.747820552709877,8.336137375562409,,,,0.4289594890039439,0.0035565403010764385,0.000244140625,,,False,,,,,,,,,,,,,,,,,,,,,,False,,,,,,,
0,research_full,310,P1,valid,139.98025009783132,320.05241122791955,119.12895559724552,320.05670166015625,20.852896890255547,-0.9809404575343181,0.2583368674226,2.9714661431207685,3.139839670749189,0.05943445983487661,0.00020754197612404823,0.14963125642520936,0.7747629518670966,20.850368743574798,21.0,20.850368743574798,20.852896890255547,119.12895559724552,320.05670166015625,119.12735320757577,320.05241122791955,-0.98106474231884,0.25839295761349007,2.9718264390157274,-0.9809404575343181,0.2583368674226,2.9714661431207685,-15.603671291517184,4.377506909482465,46.926811185301176,-0.14963125642520225,,4,primary_icgn_fallback_line_search,,0,0,,4.9122000054921955,17.90900000196416,22.966500000620726,69.47149999905378,119.12200927734375,320.0511474609375,0.0004444081278052181,0.008893845576538582,0.005929230384359055,cycle_valid,92.77994850365693,0.256978487740714,0.19754402790583742,0.0747623275347775,icgn_high_residual,False,5,0.48668501631437666,28.238424753368314,0.0747623275347775,0.17769344422581754,0.0747623275347775,0.1,icgn_high_residual,True,line_search,20.762708552165854,-0.00017164674880015276,line_search_refined,0.01090109040770178,0.014811052995241871,0.6744927729634522,-0.0035575465223303127,0.016487493047975477,-0.008468127787224944,0.01887333442946305,0.7014515198313757,0.00823668982460479,updated,0,True,filtered,310,measured,0,measurement,insufficient_references,False,0,0,,,,,,,,,,,,-0.9809404575343181,0.2583368674226,2.9714661431207685,-15.603671291517184,4.377506909482465,46.926811185301176,,,,,,,,,,,0.9640726968801675,0.9801885133883744,0.8312612449654909,0.9998913416493451,0.9501229145249303,0.9980235898718803,0.5364904606529746,0.5541426486778716,0.9989948205269334,,0.6744927729634522,HIGH,,,,,,,,,,,,-0.9809404575343181,0.2583368674226,2.9714661431207685,estimated,-0.9809404575343181,0.2583368674226,2.9714661431207685,0.905399882357065,True,temporal;spatial,flow_3d;spectral;phase;coherence,False,NORMAL,0.05,NONE,,2.895771784477238,0.2060049834124129,,,,0.14963125642520936,0.004290432236700781,0.00020754197612404823,,,False,,,,,,,,,,,,,,,,,,,,,,False,,,,,,,
0,research_full,310,P2,valid,238.95225334628842,350.0174707287975,227.8492408508156,350.0167236328125,11.100880504496303,-0.769612992561808,0.8101704609181621,5.581870471471604,5.6926231470518855,0.03133600530202407,0.0005323109216988087,0.09941332398909708,0.7921546900449705,11.099413323989097,11.0,11.099413323989097,11.100880504496303,227.8492408508156,350.0167236328125,227.8513728417921,350.0174707287975,-0.7697537522641977,0.8102694523988334,5.582608313311568,-0.769612992561808,0.8101704609181621,5.581870471471604,2.1506391061041352,-2.620746644093841,-19.36587613361329,0.09941332398909708,,4,primary_icgn_fallback_line_search,,0,0,,4.678900000726571,16.951500001596287,21.77759999904083,69.47149999905378,227.86109924316406,350.03009033203125,0.00032762010232545435,0.017868690973175203,0.01191246064878347,cycle_valid,52.70775306453968,0.28870385967474355,0.2573678543727195,0.34168489390023477,icgn_high_residual,False,5,0.7118042293036926,55.26657132634335,0.34168489390023477,0.6486612798343508,0.34168489390023477,0.1,icgn_high_residual,True,line_search,11.13079662784115,0.00035140108267944266,line_search_refined,0.0115935776898531,0.014008560745974563,0.713696515236921,-0.01341864008054472,-0.002785366624834751,-0.005037606296687258,0.014601220703981146,0.7087544320065732,0.004872855419453819,updated,0,True,filtered,310,measured,0,measurement,insufficient_references,False,0,0,,,,,,,,,,,,-0.769612992561808,0.8101704609181621,5.581870471471604,2.1506391061041352,-2.620746644093841,-19.36587613361329,,,,,,,,,,,0.9367581970483218,0.9895546648993253,0.8704836957413489,0.9998566781626627,0.9668622253369676,0.9960291797837388,0.3220912101869594,0.9024442287955932,0.9997860987886769,,0.713696515236921,HIGH,,,,,,,,,,,,-0.769612992561808,0.8101704609181621,5.581870471471604,estimated,-0.769612992561808,0.8101704609181621,5.581870471471604,0.7471520623999724,True,temporal;spatial,flow_3d;spectral;phase;coherence,False,NORMAL,0.05,NONE,,9.283337375462468,0.6786986518954417,,,,0.09941332398909708,0.0007470959849911196,0.0005323109216988087,,,False,,,,,,,,,,,,,,,,,,,,,,False,,,,,,,
0,research_full,310,P3,valid,347.9886808137803,353.06764678286487,343.41941696218396,353.06597900390625,4.567454928695915,1.0027510111152043,2.0494386013254076,13.5663466991396,13.7568699540321,0.13828617468076673,0.00023834990861359984,0.4315324406995842,0.742979033826642,4.568467559300432,5.0,4.568467559300432,4.567454928695915,343.41941696218396,353.06597900390625,343.4212258850844,353.06764678286487,1.0025077662056174,2.0489403916539,13.563339629989887,1.0027510111152043,2.0494386013254076,13.5663466991396,74.87609422837515,155.24586979405885,1016.7412114671511,-0.4315324406995682,,4,primary_icgn_fallback_line_search,,0,0,,4.054600001836661,16.79399999920861,20.978399999876274,69.47149999905378,343.4117736816406,353.0809326171875,9.1552734375e-05,0.01679375740057261,0.011195838267048406,cycle_valid,59.33684934149512,0.3295338692844509,0.19124769460368415,0.20916024565038602,icgn_high_residual,False,5,0.5167219445863117,34.25432450371083,0.20916024565038602,0.4053153145235165,0.20916024565038602,0.1,icgn_high_residual,True,line_search,4.5592355328028065,-0.0001677708012683421,line_search_refined,0.011417059255105116,0.014737276054496286,0.6784588271460477,-0.002993521908990715,-0.0062697239158637785,0.0034034005756353736,0.007736520334038865,0.7024650545792337,0.0013585083135079557,updated,0,True,filtered,310,measured,0,measurement,insufficient_references,False,0,0,,,,,,,,,,,,1.0027510111152043,2.0494386013254076,13.5663466991396,74.87609422837515,155.24586979405885,1016.7412114671511,,,,,,,,,,,0.9438235536546716,0.9539046084397445,0.8257059599991058,0.9999450162261686,0.8561558531001386,0.9962680539109838,0.5078838622987507,0.840632557923792,0.9998635027261085,,0.6784588271460477,HIGH,,,,,,,,,,,,1.0027510111152043,2.0494386013254076,13.5663466991396,estimated,1.0027510111152043,2.0494386013254076,13.5663466991396,0.8309371769685311,True,temporal;spatial,flow_3d;spectral;phase;coherence,False,NORMAL,0.05,NONE,,0.4488608193504055,5.536525051387624,,,,0.4315324406995842,0.0016677789586196923,0.00023834990861359984,,,False,,,,,,,,,,,,,,,,,,,,,,False,,,,,,,
0,research_full,311,P1,valid,139.9755978626177,320.0626286460769,119.12958835468085,320.0657958984375,20.846370252273168,-0.9812744330274821,0.25847673919768166,2.9723964577778696,3.1408359460229853,0.09341770647401121,0.00018625725351739675,0.15575717792302157,0.764805066542192,20.844242822076964,21.0,20.844242822076964,20.846370252273168,119.12958835468085,320.0657958984375,119.12922761034451,320.0626286460769,-0.9813847861635618,0.25852140837847365,2.9726998300823158,-0.9812744330274821,0.25847673919768166,2.9723964577778696,-15.937646784681125,4.517378684564144,47.85712584240231,-0.15575717792303578,,4,primary_icgn_fallback_line_search,,0,0,,4.7623999998904765,21.183299999393057,26.114199998119147,65.09370000276249,119.12847137451172,320.03826904296875,0.000171449311892502,0.027549508465591184,0.01836633897706079,cycle_valid,93.07196874843642,0.3008660818483454,0.2074483753743342,0.09448368718013021,icgn_high_residual,False,5,0.48008642524845285,27.766075441083338,0.09448368718013021,0.1797362244955418,0.09448368718013021,0.1,icgn_high_residual,True,line_search,20.755910390930026,-0.000176387441840753,line_search_refined,0.010971536451319356,0.01468432878707743,0.6802618225536998,-0.006751705467138436,0.012104220430273926,-0.007177001546420314,0.015607915624354436,0.7035767398903215,0.005621210966354763,updated,0,True,filtered,311,measured,0,measurement,insufficient_references,False,0,0,,,,,,,,,,,,-0.9812744330274821,0.25847673919768166,2.9723964577778696,-15.937646784681125,4.517378684564144,47.85712584240231,,,,,,,,,,,0.9641854214737524,0.9688607645086629,0.8393174529654216,0.9999403822390983,0.9480809406923262,0.9938778870076465,0.5427748330967115,0.6472054136733214,0.9989188263675053,,0.6802618225536998,HIGH,,,,,,,,,,,,-0.9812744330274821,0.25847673919768166,2.9723964577778696,estimated,-0.9812744330274821,0.25847673919768166,2.9723964577778696,0.9267826268760153,True,temporal;spatial,flow_3d;spectral;phase;coherence,False,NORMAL,0.05,NONE,,0.1597125472947413,2.190024826953222,,,,0.15575717792302157,0.0031672523605834613,0.00018625725351739675,,,False,,,,,,,,,,,,,,,,,,,,,,False,,,,,,,
0,research_full,311,P2,valid,238.94534663655736,350.02280539495774,227.85060245913982,350.02557373046875,11.094739756912844,-0.7701138854836441,0.8106767478574156,5.584959940748027,5.695792282544334,0.02789241953055934,0.0001954078470589593,0.09132258968830342,0.7934361046641327,11.0913225896883,11.0,11.0913225896883,11.094739756912844,227.85060245913982,350.02557373046875,227.85060687964452,350.02280539495774,-0.7703882822673568,0.8109565530114444,5.58668063202768,-0.7701138854836441,0.8106767478574156,5.584959940748027,1.6497461842680528,-2.1144597048403657,-16.276406857191006,0.09132258968829987,,4,primary_icgn_fallback_line_search,,0,0,,4.45679999756976,14.733399999386165,19.291800002974924,65.09370000276249,227.8528594970703,350.0160217285156,9.770392352947965e-05,0.009815037520670951,0.006543358347113968,cycle_valid,52.47273076116039,0.28795323043391485,0.26006081090335553,0.3374993512087309,icgn_high_residual,False,5,0.719070072837218,55.89556527223331,0.3374993512087309,0.6490842524026481,0.3374993512087309,0.1,icgn_high_residual,True,line_search,11.119131148748895,0.00035294409045223256,line_search_refined,0.011565327132180305,0.014003367748583895,0.7132612611469261,-0.012791450389158854,0.010349296628248794,-0.011735534090504984,0.02021019307545573,0.7088187722696991,0.009125354904173044,updated,0,True,filtered,311,measured,0,measurement,insufficient_references,False,0,0,,,,,,,,,,,,-0.7701138854836441,0.8106767478574156,5.584959940748027,1.6497461842680528,-2.1144597048403657,-16.276406857191006,,,,,,,,,,,0.9364749406981383,0.9907025268231469,0.8718248504357669,0.9999511480382353,0.9695591367705655,0.997818880550962,0.3151713592026494,0.9012343780396843,0.998805974065914,,0.7132612611469261,HIGH,,,,,,,,,,,,-0.7701138854836441,0.8106767478574156,5.584959940748027,estimated,-0.7701138854836441,0.8106767478574156,5.584959940748027,0.9026041211466778,True,temporal;spatial,flow_3d;spectral;phase;coherence,False,NORMAL,0.05,NONE,,3.0450708550297514,0.16691742867226367,,,,0.09132258968830342,0.0027683355110070806,0.0001954078470589593,,,False,,,,,,,,,,,,,,,,,,,,,,False,,,,,,,
0,research_full,311,P3,valid,347.9888385001878,353.0712839240978,343.4270419852192,353.0721740722656,4.562557525444623,1.003831513629159,2.051734394004839,13.58090867892002,13.77165103669355,0.1374698562009088,0.0002200653834734112,0.4379367606098299,0.7404125958190573,4.562063239390176,5.0,4.562063239390176,4.562557525444623,343.4270419852192,353.0721740722656,343.4262809747432,353.0712839240978,1.0039473126213232,2.051980177558597,13.582380130194244,1.003831513629159,2.051734394004839,13.58090867892002,75.9565967423298,157.54166247349045,1031.30319124757,-0.43793676060982367,,4,primary_icgn_fallback_line_search,,0,0,,3.8170000043464825,12.577599998621736,16.516499999852385,65.09370000276249,343.42431640625,353.0665588378906,0.000152587890625,0.006241765599856633,0.004161177066571088,cycle_valid,59.51508622774672,0.3271961589668333,0.1897263027659245,0.22058609461627626,icgn_high_residual,False,4,0.5086665360284676,34.33327438834854,0.22058609461627626,0.39338611120581546,0.22058609461627626,0.1,icgn_high_residual,True,line_search,4.558042175283878,-0.000741155766987797,line_search_refined,0.01137102732268611,0.01474065168329869,0.6779389998271524,0.001005435764682261,0.0033554737821646086,-0.001660932125673753,0.003876699744085347,0.7024044229105845,0.0003419522708789361,updated,0,True,filtered,311,measured,0,measurement,insufficient_references,False,0,0,,,,,,,,,,,,1.003831513629159,2.051734394004839,13.58090867892002,75.9565967423298,157.54166247349045,1031.30319124757,,,,,,,,,,,0.9439917919201587,0.9541767145996971,0.8243083175744037,0.9999378911209836,0.8540210797967234,0.9986129409778096,0.515555679972888,0.8488874224310521,0.9993262658975944,,0.6779389998271524,HIGH,,,,,,,,,,,,1.003831513629159,2.051734394004839,13.58090867892002,estimated,1.003831513629159,2.051734394004839,13.58090867892002,0.5137550942823176,True,temporal;spatial,flow_3d;spectral;phase;coherence,False,NORMAL,0.05,NONE,,8.457732631780466,11.697075535836865,,,,0.4379367606098299,0.0008901481677980883,0.0002200653834734112,,,False,,,,,,,,,,,,,,,,,,,,,,False,,,,,,,
0,research_full,312,P1,valid,139.97137493379918,320.0626414290534,119.11031150553349,320.0611572265625,20.854889913717834,-0.9808979331806458,0.2583712197830298,2.9711821712673987,3.139560468821629,0.0709337019787794,5.50163458683528e-05,0.8600406673180636,0.7760440496255544,20.860040667318078,21.0,20.860040667318078,20.854889913717834,119.11031150553349,320.0611572265625,119.11648502008134,320.0626414290534,-0.9806616313335507,0.25829885932612817,2.970448528054056,-0.9808979331806458,0.2583712197830298,2.9711821712673987,-15.561146937844828,4.411859269912277,46.64283933193136,-0.13995933268192218,,4,primary_icgn_fallback_line_search,,0,0,,3.9461999986087903,18.124999998690328,22.194599998329068,70.16600000133622,119.1178207397461,320.0690002441406,0.0004370118258520961,0.010858246782540125,0.007238831188360083,cycle_valid,92.64728728646553,0.27763863801664485,0.20670493603786544,0.12777428573573776,icgn_high_residual,False,5,0.47812184261946034,27.214233449181176,0.12777428573573776,0.1789089589285673,0.12777428573573776,0.1,icgn_high_residual,True,line_search,20.77769578559327,-0.00019259103038448615,line_search_refined,0.010909383062158556,0.015415709628561008,0.6475813837596547,-0.0039312603585131,-0.00570493665208005,0.01676172964185696,0.018137163251108732,0.6927075122736607,0.0067451953380223435,updated,0,True,filtered,312,measured,0,measurement,insufficient_references,False,0,0,,,,,,,,,,,,-0.9808979331806458,0.2583712197830298,2.9711821712673987,-15.561146937844828,4.411859269912277,46.64283933193136,,,,,,,,,,,0.9640212527429253,0.9763554326737403,0.8387395387247688,0.9999179953047133,0.7133197775606455,0.9975870562705467,0.5446458641719425,0.7391233052769851,0.998292657290057,,0.6475813837596547,HIGH,,,,,,,,,,,,-0.9808979331806458,0.2583712197830298,2.9711821712673987,estimated,-0.9808979331806458,0.2583712197830298,2.9711821712673987,0.9029084114156212,True,temporal;spatial,flow_3d;spectral;phase;coherence,False,NORMAL,0.05,NONE,,2.272510992866413,0.826356303903194,,,,0.8600406673180636,0.0014842024908716667,5.50163458683528e-05,,,False,,,,,,,,,,,,,,,,,,,,,,False,,,,,,,
0,research_full,312,P2,valid,238.9459936566469,350.0409191614191,227.84580536953328,350.0474853515625,11.098785551408884,-0.7698261426020374,0.8105776653451311,5.582924078348106,5.693743031257114,0.026597922622379876,9.1552734375e-05,0.10065153964641382,0.7932823194354035,11.100651539646414,11.0,11.100651539646414,11.098785551408884,227.84580536953328,350.0474853515625,227.847208105238,350.0409191614191,-0.769691714217248,0.8105126029350831,5.581985604545554,-0.7698261426020374,0.8105776653451311,5.582924078348106,1.9374890658747645,-2.2135422171248864,-18.312269257111602,0.10065153964641382,,4,primary_icgn_fallback_line_search,,0,0,,4.90910000007716,18.35189999837894,23.41350000278908,70.16600000133622,227.8668212890625,350.04034423828125,0.0003479539300315082,0.022196044074435043,0.014797362716290029,cycle_valid,52.04193194093392,0.28654086386714106,0.2599429412447612,0.33472475645432426,icgn_high_residual,False,5,0.7130083973718926,56.49576729692039,0.33472475645432426,0.6621511875804282,0.33472475645432426,0.1,icgn_high_residual,True,line_search,11.12033988040279,0.0003293878674731968,line_search_refined,0.011628203657698058,0.013996018881146108,0.7139610975215135,0.0017240436664280878,0.02443677633181096,0.006410036375545047,0.025322261557580474,0.7088958426744508,0.014722196209201245,updated,0,True,filtered,312,measured,0,measurement,insufficient_references,False,0,0,,,,,,,,,,,,-0.7698261426020374,0.8105776653451311,5.582924078348106,1.9374890658747645,-2.2135422171248864,-18.312269257111602,,,,,,,,,,,0.935949085496738,0.9911340257925401,0.8717667301381082,0.9999267488892656,0.9664494867845287,0.9950675457612367,0.3209443834553404,0.9004156917270566,0.9992613001314901,,0.7139610975215135,HIGH,,,,,,,,,,,,-0.7698261426020374,0.8105776653451311,5.582924078348106,estimated,-0.7698261426020374,0.8105776653451311,5.582924078348106,0.8528145349736858,True,temporal;spatial,flow_3d;spectral;phase;coherence,False,NORMAL,0.05,NONE,,5.220866153795275,0.006436902367283892,,,,0.10065153964641382,0.006566190143416861,9.1552734375e-05,,,False,,,,,,,,,,,,,,,,,,,,,,False,,,,,,,
0,research_full,312,P3,valid,347.997215486933,353.07546765599824,343.42768680709617,353.0762634277344,4.568426046012267,1.0027627059469915,2.04920899467911,13.563462880059136,13.753992723825835,0.1436174141385752,0.0006699981167912483,0.4273205961586717,0.7153124917879974,4.572679403841328,4.0,4.572679403841328,4.568426046012267,343.42768680709617,353.0762634277344,343.4287894409207,353.07546765599824,1.0019128991814292,2.047323832633564,13.550846587523601,1.0027627059469915,2.04920899467911,13.563462880059136,74.88778906016236,155.01626314776118,1013.8573923866865,0.5726794038413283,,4,primary_icgn_fallback_line_search,,0,0,,3.9975999970920384,16.921499998716172,21.053600001323503,70.16600000133622,343.4244689941406,353.07012939453125,0.0005501634441316128,0.006926809045576759,0.004617872697051173,cycle_valid,59.899867496383365,0.3199972148167993,0.17637980067822412,0.19605788566436907,icgn_high_residual,False,4,0.5075310888603821,34.14174381580847,0.19605788566436907,0.3858134504632446,0.19605788566436907,0.1,icgn_high_residual,True,line_search,4.565497424253535,0.0005682209266295694,line_search_refined,0.01136937026380035,0.014840088202604356,0.6729984024604558,0.011865796554957342,0.002996919283305033,0.014225787096227016,0.01876570466519875,0.7010107208627688,0.007575349071335558,updated,0,True,filtered,312,measured,0,measurement,insufficient_references,False,0,0,,,,,,,,,,,,1.0027627059469915,2.04920899467911,13.563462880059136,74.88778906016236,155.01626314776118,1013.8573923866865,,,,,,,,,,,0.9443515741744405,0.9521275286204749,0.8110138847806926,0.9997966397398462,0.8575598012804427,0.998460709100983,0.5166370582282074,0.8299821850042973,0.998735565272499,,0.6729984024604558,HIGH,,,,,,,,,,,,1.0027627059469915,2.04920899467911,13.563462880059136,estimated,1.0027627059469915,2.04920899467911,13.563462880059136,0.23355789492236317,True,temporal;spatial,flow_3d;spectral;phase;coherence,False,OCCLUSION,0.65,KALMAN_PREDICT,,32.440118992081054,15.657655953143957,,,,0.4273205961586717,0.0007957717361364303,0.0006699981167912483,,,False,,,,,,,,,,,,,,,,,,,,,,False,,,,,,,
0,research_full,313,P1,valid,139.96583371372822,320.06819185552393,119.14733498097796,320.06915283203125,20.828448666536183,-0.9821751811926118,0.2587312895803978,2.9749540202163995,3.1435587141264585,0.06992028327160761,0.0003009503707289696,0.18265907765766087,0.7772849459608725,20.817340922342353,21.0,20.817340922342353,20.828448666536183,119.14733498097796,320.06915283203125,119.13738504719203,320.06819185552393,-0.9827059455397746,0.2588748997639572,2.976541400101671,-0.9821751811926118,0.2587312895803978,2.9749540202163995,-16.838394949810876,4.7719290672803005,50.41468828093221,-0.18265907765764666,,4,primary_icgn_fallback_line_search,,0,0,,5.034599998907652,19.342600000527455,24.551599999540485,72.35700000092038,119.12622833251953,320.052490234375,0.0002625221386551857,0.026891128087191237,0.01792741872479416,cycle_valid,92.22006876629045,0.2704432472476851,0.2005229639760775,0.13901929050558756,icgn_high_residual,False,5,0.47346032571559166,27.50869257244869,0.13901929050558756,0.17849759414932512,0.13901929050558756,0.1,icgn_high_residual,True,line_search,20.73151649051514,-0.00018840777118347163,line_search_refined,0.010977872010939076,0.014512820915917275,0.6858193728731852,-0.004423994327368064,0.0036718918641440723,-0.03817185860423322,0.038602400248846265,0.7090069857746424,0.03000378708030168,updated,0,True,filtered,313,measured,0,measurement,insufficient_references,False,0,0,,,,,,,,,,,,-0.9821751811926118,0.2587312895803978,2.9749540202163995,-16.838394949810876,4.7719290672803005,50.41468828093221,,,,,,,,,,,0.9638545776648588,0.9766932389094641,0.8337680000715029,0.9999060879151026,0.9391136407807797,0.9940241937584019,0.549085404080389,0.760225122627902,0.9953173739175231,,0.6858193728731852,HIGH,,,,,,,,,,,,-0.9821751811926118,0.2587312895803978,2.9749540202163995,estimated,-0.9821751811926118,0.2587312895803978,2.9749540202163995,0.7611973887820044,True,temporal;spatial,flow_3d;spectral;phase;coherence,False,NORMAL,0.05,NONE,,5.273822343902475,2.998274232588346,,,,0.18265907765766087,0.0009609765073150811,0.0003009503707289696,,,False,,,,,,,,,,,,,,,,,,,,,,False,,,,,,,
0,research_full,313,P2,valid,238.94707210977825,350.03867491449955,227.85135198430874,350.0356140136719,11.097223604357762,-0.76992279986455,0.8106674144977046,5.583709881366205,5.694539385582143,0.035665958698757015,0.00020754197612404823,0.09618829889438985,0.7908687960175445,11.096188298894383,11.0,11.096188298894383,11.097223604357762,227.85135198430874,350.0356140136719,227.84984850542048,350.03867491449955,-0.7699895576432619,0.8107098511086293,5.584230857145489,-0.76992279986455,0.8106674144977046,5.583709881366205,1.8408318033621418,-2.123793064551349,-17.526466239012883,0.09618829889438274,,4,primary_icgn_fallback_line_search,,0,0,,4.840400000830414,19.16690000143717,24.17090000017197,72.35700000092038,227.8432159423828,350.0552978515625,0.00029627210460603237,0.021299029375179884,0.01419935291678659,cycle_valid,52.446356525693595,0.29772538534035614,0.26205942664159915,0.3198037662174468,icgn_high_residual,False,5,0.7006344879750718,56.032594042896704,0.3198037662174468,0.6591088517074682,0.3198037662174468,0.1,icgn_high_residual,True,line_search,11.115982453291478,0.0002860619260723028,line_search_refined,0.011613083303052805,0.013969318455141494,0.7156221682117858,0.001746326317004332,-0.011417417958682563,-0.0035607812392015603,0.012086614558351682,0.7092476639731508,0.0033436300775703844,updated,0,True,filtered,313,measured,0,measurement,insufficient_references,False,0,0,,,,,,,,,,,,-0.76992279986455,0.8106674144977046,5.583709881366205,1.8408318033621418,-2.123793064551349,-17.526466239012883,,,,,,,,,,,0.9364429952021486,0.9881113471004144,0.8728023877617611,0.999916030986545,0.96793723370187,0.9952668823610711,0.3327290590713602,0.8957694159528168,0.9996753961309269,,0.7156221682117858,HIGH,,,,,,,,,,,,-0.76992279986455,0.8106674144977046,5.583709881366205,estimated,-0.76992279986455,0.8106674144977046,5.583709881366205,0.8758411448098447,True,temporal;spatial,flow_3d;spectral;phase;coherence,False,NORMAL,0.05,NONE,,2.853982585737824,1.170352519893754,,,,0.09618829889438985,0.00306090082767696,0.00020754197612404823,,,False,,,,,,,,,,,,,,,,,,,,,,False,,,,,,,
0,research_full,313,P3,valid,347.99291099214867,353.0664220866254,343.4141146656688,353.0621337890625,4.573688335507948,1.0014956961645851,2.0466132259323526,13.547857341814506,13.738124248970623,0.14701007829148285,9.650505671743304e-05,0.42369718520006927,0.7264964843051924,4.576302814799949,4.0,4.576302814799949,4.573688335507948,343.4141146656688,353.0621337890625,343.4192226566407,353.0664220866254,1.0008579534595325,2.045331195682291,13.54011733991677,1.0014956961645851,2.0466132259323526,13.547857341814506,73.62077927775601,152.4204944010039,998.2518541420565,0.5763028147999494,,4,primary_icgn_fallback_line_search,,0,0,,4.77830000090762,14.743400002771523,19.683799997437745,72.35700000092038,343.43255615234375,353.0837707519531,0.0002516543900128454,0.028429678047982375,0.018953118698654917,cycle_valid,58.9100277262702,0.3288026999578175,0.18179262166633467,0.2317471148664207,icgn_high_residual,False,4,0.5052282704268344,34.617742436529156,0.2317471148664207,0.39460240858183976,0.2317471148664207,0.1,icgn_high_residual,True,line_search,4.554307985768462,-0.000368010385102288,line_search_refined,0.011473462604785269,0.01476393511908789,0.676659630646598,-0.00932711778364137,-0.016040613237350954,0.008791107427683187,0.02053241264404318,0.7025995514776162,0.009579133772700607,updated,0,True,filtered,313,measured,0,measurement,insufficient_references,False,0,0,,,,,,,,,,,,1.0014956961645851,2.0466132259323526,13.547857341814506,73.62077927775601,152.4204944010039,998.2518541420565,,,,,,,,,,,0.9434165376933463,0.9509966405695057,0.8166408898898333,0.9999419734255449,0.8587676049333103,0.993682293767115,0.51883021864111,0.8561650558085838,0.9990158884572347,,0.676659630646598,HIGH,,,,,,,,,,,,1.0014956961645851,2.0466132259323526,13.547857341814506,estimated,1.0014956961645851,2.0466132259323526,13.547857341814506,0.6071392777310347,True,temporal;spatial,flow_3d;spectral;phase;coherence,False,NORMAL,0.05,NONE,,1.8522405523272256,16.609878830950734,,,,0.42369718520006927,0.004288297562879961,9.650505671743304e-05,,,False,,,,,,,,,,,,,,,,,,,,,,False,,,,,,,
0,research_full,314,P1,valid,139.97319165312382,320.06342162949875,119.23014536191405,320.0603332519531,20.7692192564395,-0.9849334972041608,0.2594414928289111,2.9834379583705766,3.152507880015926,0.08232015511198777,0.0001726334885461256,0.25306406308592955,0.7641115093001531,20.74693593691407,21.0,20.74693593691407,20.7692192564395,119.23014536191405,320.0603332519531,119.20397239668432,320.06342162949875,-0.9859688037224317,0.2597022304568664,2.9866423304047323,-0.9849334972041608,0.2594414928289111,2.9834379583705766,-19.596710961359843,5.482132315793587,58.898626435109236,-0.25306406308592955,,4,context_recovery,,0,0,,4.139500000746921,36.56340000088676,40.81749999750173,83.78350000202772,119.15238952636719,320.0794677734375,0.00035589304752647877,0.0800755885025358,0.053383725668357196,cycle_valid,84.70054335389145,0.2788761523867964,0.19655599727480866,0.07296619733480612,icgn_high_residual,False,5,0.4829759821433559,27.828294464549085,0.07296619733480612,0.17968879262152093,0.07296619733480612,0.1,icgn_high_residual,True,line_search,20.74755682700399,-0.00018402183997084598,line_search_refined,0.011267448963078805,0.015072453118697711,0.6567362551661222,0.014601732657979483,-0.011593771437446776,-0.07351279955303625,0.07584034434839908,0.6968783713732526,0.11690082019305474,updated,0,True,filtered,314,measured,0,measurement,insufficient_references,False,0,0,,,,,,,,,,,,-0.9849334972041608,0.2594414928289111,2.9834379583705766,-19.596710961359843,5.482132315793587,58.898626435109236,,,,,,,,,,,0.9606456676504875,0.9725599482960041,0.830413043633925,0.9999119122439879,0.9156453123046902,0.9822054247772143,0.5400228741491848,0.543167459030611,0.9898626417340475,,0.6567362551661222,HIGH,,,,,,,,,,,,-0.9849334972041608,0.2594414928289111,2.9834379583705766,estimated,-0.9849334972041608,0.2594414928289111,2.9834379583705766,0.7710001751192377,True,temporal;spatial,flow_3d;spectral;phase;coherence,False,NORMAL,0.05,NONE,,4.951761356380327,2.9190515179742533,,,,0.25306406308592955,0.0030883775456231888,0.0001726334885461256,,,False,,,,,,,,,,,,,,,,,,,,,,False,,,,,,,
0,research_full,314,P2,valid,238.94067659738735,350.03605834747384,227.83642735484926,350.03387451171875,11.100540822489242,-0.7697620643581247,0.8103967893667379,5.582041279452516,5.692843001300201,0.03175516650988422,9.1552734375e-05,0.10183558460386166,0.7924096224485351,11.101835584603847,11.0,11.101835584603847,11.100540822489242,227.83642735484926,350.03387451171875,227.8401357748981,350.03605834747384,-0.7696984572357625,0.810278600526174,5.581390268588976,-0.7697620643581247,0.8103967893667379,5.582041279452516,2.001567309787511,-2.394418195518111,-19.195068152702,0.10183558460384745,,4,primary_icgn_fallback_line_search,,0,0,,4.183900000498397,15.947899999446236,20.225300002493896,83.78350000202772,227.83685302734375,350.0225830078125,0.0001068115234375,0.0112995246597997,0.007533016439866466,cycle_valid,52.70642220971521,0.2895629452436723,0.25780777873378813,0.2887072159509562,icgn_high_residual,False,5,0.6880423931164317,56.643444336502185,0.2887072159509562,0.6785287405392586,0.2887072159509562,0.1,icgn_high_residual,True,line_search,11.119484723309982,0.0002497686347045223,line_search_refined,0.011564031515809795,0.013925167589017944,0.7177103343447053,-0.009029070202643652,-0.008169345815019824,0.0044609242413162775,0.012967735533099546,0.7097547403709232,0.003842093280793534,updated,0,True,filtered,314,measured,0,measurement,insufficient_references,False,0,0,,,,,,,,,,,,-0.7697620643581247,0.8103967893667379,5.582041279452516,2.001567309787511,-2.394418195518111,-19.195068152702,,,,,,,,,,,0.9367566001716028,0.9894149444967053,0.8707047029494278,0.9999669392903646,0.9660548051320461,0.9974889945200445,0.3447215303653032,0.8845427772785707,0.9994236686120123,,0.7177103343447053,HIGH,,,,,,,,,,,,-0.7697620643581247,0.8103967893667379,5.582041279452516,estimated,-0.7697620643581247,0.8103967893667379,5.582041279452516,0.6767208569817037,True,temporal;spatial,flow_3d;spectral;phase;coherence,False,NORMAL,0.05,NONE,,2.4940377364678104,10.199808534459768,,,,0.10183558460386166,0.002183835755090513,9.1552734375e-05,,,False,,,,,,,,,,,,,,,,,,,,,,False,,,,,,,
0,research_full,314,P3,valid,347.9871430328697,353.0658109211083,343.42636750719805,353.0660095214844,4.563397238842428,1.0036020806644148,2.051212504674043,13.578409647962339,13.769092143039854,0.13847433758526864,6.103515625e-05,0.4414126732136765,0.7333259486845908,4.55858732678635,5.0,4.55858732678635,4.563397238842428,343.42636750719805,353.0660095214844,343.4237457940273,353.0658109211083,1.0046032396348306,2.05338204847848,13.592736664554591,1.0036020806644148,2.051212504674043,13.578409647962339,75.7271637775857,157.01977314269433,1028.804160289889,-0.44141267321364985,,4,primary_icgn_fallback_line_search,,0,0,,4.083700001501711,15.22829999885289,19.417800001974683,83.78350000202772,343.4115905761719,353.0595397949219,3.0517578125e-05,0.01613118260841082,0.010754121738940546,cycle_valid,59.428736669749426,0.32601573251502447,0.18754139492975583,0.24032824417867243,icgn_high_residual,False,5,0.5119548302589656,35.28810711330672,0.24032824417867243,0.39331193292987765,0.24032824417867243,0.1,icgn_high_residual,True,line_search,4.536317508184334,-0.00016421115292812393,line_search_refined,0.011411132597288208,0.01475565045086601,0.6764284351130729,-0.008236798331040518,0.0007475697281620342,-0.016160994155517194,0.018154377966191983,0.7023752369568633,0.006860512440693326,updated,0,True,filtered,314,measured,0,measurement,insufficient_references,False,0,0,,,,,,,,,,,,1.0036020806644148,2.051212504674043,13.578409647962339,75.7271637775857,157.01977314269433,1028.804160289889,,,,,,,,,,,0.943910412367388,0.9538418874715772,0.8222614620851123,0.9999847412109375,0.8528624422621078,0.9964152927536865,0.5124239711819374,0.8613008077879035,0.9981141543554803,,0.6764284351130729,HIGH,,,,,,,,,,,,1.0036020806644148,2.051212504674043,13.578409647962339,estimated,1.0036020806644148,2.051212504674043,13.578409647962339,0.13364343466846323,True,temporal;spatial,flow_3d;spectral;phase;coherence,False,OCCLUSION,0.65,KALMAN_PREDICT,,46.836898875814136,22.492739364082496,,,,0.4414126732136765,0.0001986003760521271,6.103515625e-05,,,False,,,,,,,,,,,,,,,,,,,,,,False,,,,,,,
0,research_full,315,P1,valid,139.97166529853516,320.0662688829382,119.15375660174628,320.06695556640625,20.795790913116385,-0.9836838401979812,0.25912647231881747,2.9796258942140454,3.1484839042932857,0.09039015937181308,3.4119690099032596e-05,0.18270252459785752,0.7179858363847078,20.817297475402157,21.0,20.817297475402157,20.795790913116385,119.15375660174628,320.06695556640625,119.17587438541878,320.0662688829382,-0.9826711202498336,0.25886273626939443,2.976547612320926,-0.9836838401979812,0.25912647231881747,2.9796258942140454,-18.347053955180215,5.167111805699953,55.086562278578114,-0.1827025245978433,,4,primary_icgn_fallback_line_search,,0,0,,3.617800000938587,13.900500001909677,17.610099999728845,58.30920000153128,119.23633575439453,320.0685119628906,0.0003021086158696562,0.08259381830451734,0.055062545536344897,cycle_valid,92.91462415577769,0.2676220768914058,0.17723191751959275,0.11555523430271106,icgn_high_residual,False,5,0.48524844532380623,27.589245776972078,0.11555523430271106,0.17862881548915274,0.11555523430271106,0.1,icgn_high_residual,True,line_search,20.72908354567417,-0.00022708541063038264,line_search_refined,0.011193061888610396,0.014796003904808197,0.6718085853550481,-0.002321141324983955,0.0026077120494392148,0.07246430084031275,0.07254834771005256,0.7032116223246657,0.10561638741714303,updated,0,True,filtered,315,measured,0,measurement,insufficient_references,False,0,0,,,,,,,,,,,,-0.9836838401979812,0.25912647231881747,2.9796258942140454,-18.347053955180215,5.167111805699953,55.086562278578114,,,,,,,,,,,0.9641247719223965,0.9698699468760623,0.8119225148616451,0.9999439619490053,0.9390991584673808,0.9816458181545517,0.5378586235011369,0.7115376595921861,0.9940082452196962,,0.6718085853550481,HIGH,,,,,,,,,,,,-0.9836838401979812,0.25912647231881747,2.9796258942140454,estimated,-0.9836838401979812,0.25912647231881747,2.9796258942140454,0.6338690880996707,True,temporal;spatial,flow_3d;spectral;phase;coherence,False,NORMAL,0.05,NONE,,12.973303522658014,2.4972132696993867,,,,0.18270252459785752,0.0006866834680749889,3.4119690099032596e-05,,,False,,,,,,,,,,,,,,,,,,,,,,False,,,,,,,
0,research_full,315,P2,valid,238.94018382696137,350.0223383371556,227.86589783049408,350.01678466796875,11.082656168368455,-0.7710096206216445,0.8115555687818984,5.591049307496902,5.702009350673991,0.03269412466897389,0.0018310546875,0.07482177399811363,0.7919148748098327,11.074821773998114,11.0,11.074821773998114,11.082656168368455,227.86589783049408,350.01678466796875,227.85752765859291,350.0223383371556,-0.7715492147083857,0.812069312316985,5.595004448817713,-0.7710096206216445,0.8115555687818984,5.591049307496902,0.7540110462677108,-1.2356387803575952,-10.187040108315948,0.07482177399811363,,4,primary_icgn_fallback_line_search,,0,0,,4.377499997644918,13.463899998896522,17.96230000036303,58.30920000153128,227.8412628173828,350.02117919921875,5.50163458683528e-05,0.025023904089878167,0.016682602726585446,cycle_valid,52.919631502890766,0.29405099835963944,0.26135687369066557,0.2800176275443877,icgn_high_residual,False,4,0.7041201286740936,56.74655107334067,0.2800176275443877,0.6522808084629799,0.2800176275443877,0.1,icgn_high_residual,True,line_search,11.093883764480223,0.0009714490623839305,line_search_refined,0.011621252295539588,0.01398390485915109,0.712812544975945,0.0019948322164395904,-0.020677683508665723,-0.026888882105273737,0.0339787864958065,0.7086381523907128,0.02503793308435225,updated,0,True,filtered,315,measured,0,measurement,insufficient_references,False,0,0,,,,,,,,,,,,-0.7710096206216445,0.8115555687818984,5.591049307496902,0.7540110462677108,-1.2356387803575952,-10.187040108315948,,,,,,,,,,,0.9370114031661152,0.9891019584436753,0.8724604680847778,0.9996856548277719,0.9750594086672955,0.9944391324244716,0.32940940126276796,0.8809598751848241,0.9967902811352972,,0.712812544975945,HIGH,,,,,,,,,,,,-0.7710096206216445,0.8115555687818984,5.591049307496902,estimated,-0.7710096206216445,0.8115555687818984,5.591049307496902,0.4538642405370348,True,temporal;spatial,flow_3d;spectral;phase;coherence,False,NORMAL,0.05,NONE,,10.863558824228255,12.904528285052185,,,,0.07482177399811363,0.005553669186838306,0.0018310546875,,,False,,,,,,,,,,,,,,,,,,,,,,False,,,,,,,
0,research_full,315,P3,valid,347.99822830747996,353.0695925747831,343.4141020026949,353.0713195800781,4.580466250023851,1.0001534592266499,2.0436680724761147,13.527809989880412,13.717817948010884,0.13980625317298884,0.00022217132209334522,0.4112333503511634,0.7473097036634935,4.588766649648837,5.0,4.588766649648837,4.580466250023851,343.4141020026949,353.0713195800781,343.4177620574561,353.0695925747831,0.9984660404602923,2.0400166767638424,13.503340184039343,1.0001534592266499,2.0436680724761147,13.527809989880412,72.27854233982079,149.475340944766,978.2045022079622,-0.4112333503511634,,4,primary_icgn_fallback_line_search,,0,0,,3.5170000010111835,15.853799999604234,19.47239999935846,58.30920000153128,343.4298095703125,353.07647705078125,0.00027634843718260527,0.01653260973092136,0.011021739820614239,cycle_valid,59.104159642475544,0.33279968069110105,0.19299342751811221,0.24462843586666722,icgn_high_residual,False,4,0.5289286272397046,35.42522315321579,0.24462843586666722,0.40364167332330547,0.24462843586666722,0.1,icgn_high_residual,True,line_search,4.568227152815868,0.00047007775184313723,line_search_refined,0.01142216567302568,0.014712490181548228,0.677542573838546,0.017433629396805372,0.006488304461015559,0.02793863347399217,0.033564814450821365,0.7029060267850161,0.023825807643136875,updated,0,True,filtered,315,measured,0,measurement,insufficient_references,False,0,0,,,,,,,,,,,,1.0001534592266499,2.0436680724761147,13.527809989880412,72.27854233982079,149.475340944766,978.2045022079622,,,,,,,,,,,0.9436023901955994,0.9533979156090038,0.8272825465509439,0.999916913373454,0.8629222165496122,0.996326086726462,0.4962584502479004,0.8637389262812382,0.9968338465180524,,0.677542573838546,HIGH,,,,,,,,,,,,1.0001534592266499,2.0436680724761147,13.527809989880412,estimated,1.0001534592266499,2.0436680724761147,13.527809989880412,0.023300053743760277,True,temporal;spatial,flow_3d;spectral;phase;coherence,False,OCCLUSION,0.65,KALMAN_PREDICT,,82.24335295146837,47.393966141072525,,,,0.4112333503511634,0.0017270052950379977,0.00022217132209334522,,,False,,,,,,,,,,,,,,,,,,,,,,False,,,,,,,
0,research_full,316,P1,valid,139.96796932319452,320.06620847458555,119.1522345846256,320.0656433105469,20.806585793927066,-0.9831948647427572,0.2589916827845131,2.9780800035663906,3.1468570576767667,0.07205826229848993,0.000685797247570008,0.18542245083654052,0.7496410250043406,20.814577549163463,21.0,20.814577549163463,20.806585793927066,119.1522345846256,320.0656433105469,119.16138352926745,320.06620847458555,-0.9828240584780149,0.25888897495282814,2.9769365700085055,-0.9831948647427572,0.2589916827845131,2.9780800035663906,-17.858078499956243,5.032322271395606,53.54067163092324,-0.18542245083653697,,4,primary_icgn_fallback_line_search,,0,0,,4.780199997185264,20.63540000017383,25.56940000067698,69.80289999773959,119.16029357910156,320.07098388671875,0.0003009503707289696,0.009667944239141248,0.006445296159427499,cycle_valid,92.42302512202673,0.2609539807348709,0.18889571843638098,0.09952990694805373,icgn_high_residual,False,5,0.4886205538229013,27.857298928208827,0.09952990694805373,0.180351976466934,0.09952990694805373,0.1,icgn_high_residual,True,line_search,20.71912808735133,-0.00023252418703518038,line_search_refined,0.01090919068599843,0.014737362916860307,0.6769558646895896,-0.004473335630564179,-0.002184749030277544,0.02690127436609302,0.027358041276904076,0.702922801067358,0.01517567449809664,updated,0,True,filtered,316,measured,0,measurement,insufficient_references,False,0,0,,,,,,,,,,,,-0.9831948647427572,0.2589916827845131,2.9780800035663906,-17.858078499956243,5.032322271395606,53.54067163092324,,,,,,,,,,,0.9639339512104012,0.9759805792338367,0.8235357920801163,0.9998355420636168,0.9381925163878199,0.9978515679468575,0.5346470915972368,0.6650922887858166,0.9976544256627461,,0.6769558646895896,HIGH,,,,,,,,,,,,-0.9831948647427572,0.2589916827845131,2.9780800035663906,estimated,-0.9831948647427572,0.2589916827845131,2.9780800035663906,0.7010986089244118,True,temporal;spatial,flow_3d;spectral;phase;coherence,False,NORMAL,0.05,NONE,,2.397219639276597,8.970406288630771,,,,0.18542245083654052,0.0005651640386759027,0.000685797247570008,,,False,,,,,,,,,,,,,,,,,,,,,,False,,,,,,,
0,research_full,316,P2,valid,238.93488199151338,350.02324388366935,227.86928273316929,350.0248718261719,11.068120896127654,-0.7720798070555396,0.8126311958890717,5.598391784558626,5.709506744230061,0.02499066689374264,0.00014395112521015108,0.06420420530728599,0.7924578445135069,11.064204205307286,11.0,11.064204205307286,11.068120896127654,227.86928273316929,350.0248718261719,227.86676109538573,350.02324388366935,-0.7723682962745073,0.8129365735665127,5.600373596291719,-0.7720798070555396,0.8126311958890717,5.598391784558626,-0.31617538762740427,-0.16001167318424603,-2.8445630465911975,0.06420420530728599,,4,primary_icgn_fallback_line_search,,0,0,,4.810200000065379,16.19109999955981,21.131100002094172,69.80289999773959,227.86907958984375,350.019287109375,0.0001220703125,0.005588410231184477,0.0037256068207896513,cycle_valid,52.469106830984664,0.2866899064143667,0.26169923952062407,0.26144487317661386,icgn_high_residual,False,4,0.7011982472070427,56.6604145105054,0.26144487317661386,0.6583089719870501,0.26144487317661386,0.1,icgn_high_residual,True,line_search,11.087457890899387,0.0008859183525024195,line_search_refined,0.01154839047235197,0.013936499365802968,0.7158872083631469,-0.005224231478962338,0.006096362104699438,-0.013488577471576946,0.01569713182922694,0.7096290673629323,0.005281284293478473,updated,0,True,filtered,316,measured,0,measurement,insufficient_references,False,0,0,,,,,,,,,,,,-0.7720798070555396,0.8126311958890717,5.598391784558626,-0.31617538762740427,-0.16001167318424603,-2.8445630465911975,,,,,,,,,,,0.9364705531567217,0.9916697777020858,0.8726273206051621,0.999955663093715,0.9785985982309047,0.9987581310597368,0.3321921455171021,0.8725033964968375,0.9976961625339454,,0.7158872083631469,HIGH,,,,,,,,,,,,-0.7720798070555396,0.8126311958890717,5.598391784558626,estimated,-0.7720798070555396,0.8126311958890717,5.598391784558626,0.89774843205146,True,temporal;spatial,flow_3d;spectral;phase;coherence,False,NORMAL,0.05,NONE,,1.6770314363866756,1.559161889119082,,,,0.06420420530728599,0.001627942502523183,0.00014395112521015108,,,False,,,,,,,,,,,,,,,,,,,,,,False,,,,,,,
0,research_full,316,P3,valid,347.99331252802097,353.0644945151242,343.42032221873814,353.06243896484375,4.574437943755424,1.001342146940819,2.0462271333133684,13.545637268939124,13.73586621214769,0.13187203415104454,4.31583721365314e-05,0.4296911152225107,0.7681728542343644,4.570308884777505,5.0,4.570308884777505,4.574437943755424,343.42032221873814,353.06243896484375,343.41887458426555,353.0644945151242,1.0021761977886015,2.0480216708129535,13.557875114692447,1.001342146940819,2.0462271333133684,13.545637268939124,73.46723005398992,152.03440178201964,996.0317812666748,-0.4296911152224947,,4,primary_icgn_fallback_line_search,,0,0,,5.063799995696172,13.866400000551948,19.066400000156136,69.80289999773959,343.4101257324219,353.0657043457031,0.00012947511277161539,0.010706588875756092,0.007137725917170728,cycle_valid,59.42464962448635,0.3346285186986571,0.20275648454761258,0.2020701565619287,icgn_high_residual,False,4,0.5237929997870062,34.59916094204003,0.2020701565619287,0.3957945358376864,0.2020701565619287,0.1,icgn_high_residual,True,line_search,4.552995545956299,-0.0009547801031606487,line_search_refined,0.011389932210188365,0.014741919798582578,0.6774769831070426,-0.010096347864475774,-0.007739748272911129,-0.013868086968846782,0.018819239615458252,0.7022618197308746,0.007657994211163754,updated,0,True,filtered,316,measured,0,measurement,insufficient_references,False,0,0,,,,,,,,,,,,1.001342146940819,2.0462271333133684,13.545637268939124,73.46723005398992,152.03440178201964,996.0317812666748,,,,,,,,,,,0.9439065546974666,0.9560426552829852,0.8355991750019428,0.9999712277525153,0.8567696282591631,0.9976207580276097,0.5011495240123749,0.8350407902855381,0.9987311350349705,,0.6774769831070426,HIGH,,,,,,,,,,,,1.001342146940819,2.0462271333133684,13.545637268939124,estimated,1.001342146940819,2.0462271333133684,13.545637268939124,0.2513589388223845,True,temporal;spatial,flow_3d;spectral;phase;coherence,False,OCCLUSION,0.65,KALMAN_PREDICT,,69.32410067308147,10.61231576013903,,,,0.4296911152225107,0.002055550280431362,4.31583721365314e-05,,,False,,,,,,,,,,,,,,,,,,,,,,False,,,,,,,
0,research_full,317,P1,valid,139.97162736282274,320.06093465036724,119.14741445219207,320.0587158203125,20.81963493801055,-0.9825574796168011,0.25879886641101185,2.9762134292881,3.1448755827029755,0.069428846727545,0.00027295752079226077,0.1739800039498789,0.7323184730538121,20.826019996050125,21.0,20.826019996050125,20.81963493801055,119.14741445219207,320.0587158203125,119.15199242481219,320.06093465036724,-0.9822457933872961,0.2587066980734862,2.9753009507882346,-0.9825574796168011,0.25879886641101185,2.9762134292881,-17.220693374000117,4.839505897894336,51.67409735263284,-0.17398000394987534,,4,primary_icgn_fallback_line_search,,0,0,,5.005699997127522,18.130099997506477,23.33329999964917,65.87410000065574,119.15308380126953,320.06793212890625,0.0003973882121499628,0.010820437285867044,0.007213624857244696,cycle_valid,92.30963979493747,0.25117497945846967,0.18174613273092466,0.11499652142634706,icgn_high_residual,False,5,0.494522244542247,27.85880150928459,0.11499652142634706,0.1822270746788949,0.11499652142634706,0.1,icgn_high_residual,True,line_search,20.7159806148551,-0.0002489512346275685,line_search_refined,0.010913281860119249,0.014694021597273127,0.6788976499265572,0.006937516406253508,-0.008518230373567803,0.021506006851133463,0.02414948681163244,0.7031035057428412,0.012225735838519767,updated,0,True,filtered,317,measured,0,measurement,insufficient_references,False,0,0,,,,,,,,,,,,-0.9825574796168011,0.25879886641101185,2.9762134292881,-17.220693374000117,4.839505897894336,51.67409735263284,,,,,,,,,,,0.9638896507370388,0.9768570510908183,0.8165939883701219,0.9998882757111763,0.9420066653500404,0.9975954583809185,0.5290264337692885,0.7101361595995522,0.9975736730358802,,0.6788976499265572,HIGH,,,,,,,,,,,,-0.9825574796168011,0.25879886641101185,2.9762134292881,estimated,-0.9825574796168011,0.25879886641101185,2.9762134292881,0.7535907802761523,True,temporal;spatial,flow_3d;spectral;phase;coherence,False,NORMAL,0.05,NONE,,0.35809291446745756,9.501348871864538,,,,0.1739800039498789,0.002218830054744103,0.00027295752079226077,,,False,,,,,,,,,,,,,,,,,,,,,,False,,,,,,,
0,research_full,317,P2,valid,238.93360532687424,350.0161144093665,227.83127135903817,350.0142517089844,11.090399277849016,-0.7705427089328282,0.8109214110125748,5.58714574137502,5.69802835518508,0.0300210136249794,0.0005501634441316128,0.10287170736808271,0.7915287912069273,11.102871707368083,11.0,11.102871707368083,11.090399277849016,227.83127135903817,350.0142517089844,227.84320604902524,350.0161144093665,-0.7696712892572366,0.8099902689410593,5.580869411853368,-0.7705427089328282,0.8109214110125748,5.58714574137502,1.2209227350840068,-1.869796549681224,-14.090606230197977,0.10287170736808271,,4,primary_icgn_fallback_line_search,,0,0,,4.132199999730801,16.282200002024183,20.566300001519267,65.87410000065574,227.8546600341797,350.0487976074219,0.0002157918643206358,0.04171869153903975,0.0278124610260265,cycle_valid,52.10472266668201,0.29916152528810935,0.26914051166312997,0.30836328243546424,icgn_high_residual,False,5,0.7143163820827785,56.84946709587429,0.30836328243546424,0.6877777135467971,0.30836328243546424,0.1,icgn_high_residual,True,line_search,11.121449162464813,0.00033734239202754706,line_search_refined,0.011706074004537156,0.013994426673600553,0.7114729261112291,0.0019908877272314385,-0.006896326398873498,0.042794325997869365,0.04339213395713742,0.7085494577087765,0.0393289433667718,updated,0,True,filtered,317,measured,0,measurement,insufficient_references,False,0,0,,,,,,,,,,,,-0.7705427089328282,0.8109214110125748,5.58714574137502,1.2209227350840068,-1.869796549681224,-14.090606230197977,,,,,,,,,,,0.9360262724233861,0.9899929954583402,0.8761489560699987,0.9998723407819247,0.9657094308773058,0.9907291796579911,0.3196986837306871,0.8919023916529054,0.9956655694715619,,0.7114729261112291,HIGH,,,,,,,,,,,,-0.7705427089328282,0.8109214110125748,5.58714574137502,estimated,-0.7705427089328282,0.8109214110125748,5.58714574137502,0.6120012785814162,True,temporal;spatial,flow_3d;spectral;phase;coherence,False,NORMAL,0.05,NONE,,18.976025336961563,0.8997129967552837,,,,0.10287170736808271,0.0018627003821052313,0.0005501634441316128,,,False,,,,,,,,,,,,,,,,,,,,,,False,,,,,,,
0,research_full,317,P3,valid,347.99476481458237,353.0701460905186,343.40737900467127,353.0726623535156,4.584082760071236,0.9992734742475395,2.0420702989461543,13.5171375253312,13.706991116247565,0.1315352386703907,0.00013647876039613038,0.41210922928064964,0.7696485823796801,4.58789077071935,5.0,4.58789077071935,4.584082760071236,343.40737900467127,353.0726623535156,343.41068205451114,353.0701460905186,0.9984573109679473,2.0404413645324184,13.50591812055439,0.9992734742475395,2.0420702989461543,13.5171375253312,71.39855736071044,147.8775674148056,967.532037658751,-0.41210922928064964,,4,primary_icgn_fallback_line_search,,0,0,,4.734699999971781,12.352800000371644,17.35280000139028,65.87410000065574,343.42010498046875,353.0603332519531,0.0001100326917367056,0.017718837584234516,0.011812558389489677,cycle_valid,59.456331810760325,0.33477387888224375,0.20323864021185306,0.23874106399071054,icgn_high_residual,False,3,0.5218016299188272,35.45570706898745,0.23874106399071054,0.40719136432258385,0.23874106399071054,0.1,icgn_high_residual,True,line_search,4.573453670289084,-0.0009393265852388222,line_search_refined,0.01141763322952003,0.0146409234576889,0.6818694275790168,0.001896624678124681,0.009451043365572787,0.012857428379495772,0.016069625708194705,0.7038279712148635,0.005510874028321866,updated,0,True,filtered,317,measured,0,measurement,insufficient_references,False,0,0,,,,,,,,,,,,0.9992734742475395,2.0420702989461543,13.5171375253312,71.39855736071044,147.8775674148056,967.532037658751,,,,,,,,,,,0.9439364449198988,0.9561549204432032,0.835989193302085,0.9999589147579778,0.8626302569064501,0.9960624805368368,0.503046066743974,0.8603787183648041,0.9983198097322532,,0.6818694275790168,HIGH,,,,,,,,,,,,0.9992734742475395,2.0420702989461543,13.5171375253312,estimated,0.9992734742475395,2.0420702989461543,13.5171375253312,0.1762004449574976,True,temporal;spatial,flow_3d;spectral;phase;coherence,False,OCCLUSION,0.65,KALMAN_PREDICT,,46.924478413473345,17.635219830304507,,,,0.41210922928064964,0.0025162629970054695,0.00013647876039613038,,,False,,,,,,,,,,,,,,,,,,,,,,False,,,,,,,
0,research_full,318,P1,valid,139.97224285849157,320.0587484120141,119.12955211696207,320.058349609375,20.83676609917377,-0.9817461046530611,0.2585734640499163,2.973766504862755,3.1422878410094577,0.07703139809168646,0.0004587798030115664,0.15717052516521335,0.7742655007977132,20.8428294748348,21.0,20.8428294748348,20.83676609917377,119.12955211696207,320.058349609375,119.1354767593178,320.0587484120141,-0.9814597043300625,0.25849593968489115,2.9729014081411727,-0.9817461046530611,0.2585734640499163,2.973766504862755,-16.409318410260166,4.614103536798808,49.22717292728773,-0.15717052516519914,,4,primary_icgn_fallback_line_search,,0,0,,5.377299999963725,18.60619999933988,24.137600001267856,71.16379999933997,119.13813018798828,320.06640625,0.0004444081278052181,0.011768294723155702,0.007845529815437135,cycle_valid,92.62718704018191,0.2810160894642134,0.20398469137252695,0.09672431494642807,icgn_high_residual,False,5,0.48698359068611347,28.266846374608292,0.09672431494642807,0.1841830688812347,0.09672431494642807,0.1,icgn_high_residual,True,line_search,20.73242057754655,-0.00020692581749018682,line_search_refined,0.010915266431399744,0.014667527080654979,0.6798043571863344,0.0005323586278791481,-0.0015303176498946414,0.02043068428762851,0.020494831989528648,0.703222095957686,0.008508472433979144,updated,0,True,filtered,318,measured,0,measurement,insufficient_references,False,0,0,,,,,,,,,,,,-0.9817461046530611,0.2585734640499163,2.973766504862755,-16.409318410260166,4.614103536798808,49.22717292728773,,,,,,,,,,,0.9640134452977901,0.9743228673027712,0.8365890444569767,0.9998494686781972,0.9476098249449288,0.9973848233948542,0.5362061041084634,0.6553779331309257,0.9971048818577809,,0.6798043571863344,HIGH,,,,,,,,,,,,-0.9817461046530611,0.2585734640499163,2.973766504862755,estimated,-0.9817461046530611,0.2585734640499163,2.973766504862755,0.9457818631838362,True,temporal;spatial,flow_3d;spectral;phase;coherence,False,NORMAL,0.05,NONE,,0.6067459133984894,1.069116813312462,,,,0.15717052516521335,0.00039880263909708447,0.0004587798030115664,,,False,,,,,,,,,,,,,,,,,,,,,,False,,,,,,,
0,research_full,318,P2,valid,238.9341309789909,350.0270969424359,227.85080181225106,350.0325012207031,11.08660876833967,-0.7708004507824008,0.8113178929919781,5.5890559854817,5.6999927076500825,0.03244381448569939,0.000816166924778372,0.08434833423332044,0.793154913315103,11.08434833423332,11.0,11.08434833423332,11.08660876833967,227.85080181225106,350.0325012207031,227.84752221065125,350.0270969424359,-0.7709465738254042,0.8115420269208219,5.590195763156573,-0.7708004507824008,0.8113178929919781,5.5890559854817,0.9631808855113944,-1.4733145702778838,-12.180362123517696,0.08434833423332044,,4,primary_icgn_fallback_line_search,,0,0,,4.304599999159109,17.539799999212846,21.993400001520058,71.16379999933997,227.82794189453125,350.01934814453125,0.00042969139758497477,0.026373836485043017,0.017582557656695346,cycle_valid,51.757859625933634,0.2921619715414362,0.2597181570557368,0.31043463378857544,icgn_high_residual,False,5,0.7070466105077616,57.002701993131396,0.31043463378857544,0.6592289402292971,0.31043463378857544,0.1,icgn_high_residual,True,line_search,11.102954241638116,0.00027092885290278586,line_search_refined,0.011657383607574687,0.013986632141231229,0.714427825034805,0.0037973454529378614,0.020135955705086417,-0.007766435111834724,0.02191333062299041,0.7089483046211732,0.01092203614756277,updated,0,True,filtered,318,measured,0,measurement,insufficient_references,False,0,0,,,,,,,,,,,,-0.7708004507824008,0.8113178929919781,5.5890559854817,0.9631808855113944,-1.4733145702778838,-12.180362123517696,,,,,,,,,,,0.9355975429157208,0.9891853951714336,0.8716557451692535,0.9997923569462728,0.9718838885888932,0.9941391474477682,0.3266222757068936,0.8926236646777134,0.9992439180221723,,0.714427825034805,HIGH,,,,,,,,,,,,-0.7708004507824008,0.8113178929919781,5.5890559854817,estimated,-0.7708004507824008,0.8113178929919781,5.5890559854817,0.5768966948917154,True,temporal;spatial,flow_3d;spectral;phase;coherence,False,NORMAL,0.05,NONE,,13.444169957976579,4.401324544887955,,,,0.08434833423332044,0.005404278267235441,0.000816166924778372,,,False,,,,,,,,,,,,,,,,,,,,,,False,,,,,,,
0,research_full,318,P3,valid,348.00324724494055,353.07259439975763,343.4061544754263,353.0731201171875,4.59630386231025,0.9968386275490008,2.0367047536868754,13.481196838069318,13.670571373934399,0.1297105968577058,0.000152587890625,0.4000204422232194,0.7685276854530839,4.599979557776781,5.0,4.599979557776781,4.59630386231025,343.4061544754263,353.0731201171875,343.4069433826303,353.07259439975763,0.9961176184145234,2.035091043873721,13.470424448001337,0.9968386275490008,2.0367047536868754,13.481196838069318,68.96371066217166,142.51202215552672,931.591350396868,-0.4000204422232194,,4,primary_icgn_fallback_line_search,,0,0,,4.784599997947225,16.355100000509992,21.317400001862552,71.16379999933997,343.4134216308594,353.08551025390625,0.0001220703125,0.01436408841512417,0.009576058943416113,cycle_valid,58.99696398495995,0.34215837258214105,0.21244777572443524,0.24414162428406655,icgn_high_residual,False,4,0.5177489276973958,35.038183641056825,0.24414162428406655,0.3960743692193197,0.24414162428406655,0.1,icgn_high_residual,True,line_search,4.583519303123939,0.0007044425550771672,line_search_refined,0.011414831625055896,0.01461163230339182,0.6830276402662568,0.01085081260532661,0.0019760580949537143,0.012406916737198515,0.016600497664658237,0.703738201489591,0.005956235839527058,updated,0,True,filtered,318,measured,0,measurement,insufficient_references,False,0,0,,,,,,,,,,,,0.9968386275490008,2.0367047536868754,13.481196838069318,68.96371066217166,142.51202215552672,931.591350396868,,,,,,,,,,,0.943499917484176,0.9567631343807648,0.8430986946336883,0.9999542236328125,0.8666598525922602,0.9968079803521946,0.5069057831453374,0.8634672255045336,0.9980148732623926,,0.6830276402662568,HIGH,,,,,,,,,,,,0.9968386275490008,2.0367047536868754,13.481196838069318,estimated,0.9968386275490008,2.0367047536868754,13.481196838069318,0.3542909254424886,True,temporal;spatial,flow_3d;spectral;phase;coherence,False,NORMAL,0.05,NONE,,7.54736430047536,33.95575066888256,,,,0.4000204422232194,0.0005257174298662903,0.000152587890625,,,False,,,,,,,,,,,,,,,,,,,,,,False,,,,,,,
0,research_full,319,P1,valid,139.97389259303753,320.0593223189575,119.1199923446587,320.0600280761719,20.851324448404075,-0.9810511290717048,0.25839624132567834,2.971690227578101,3.1400911999601684,0.08227426904448246,0.0005072256317362189,0.1456423690727604,0.7496000211514977,20.854357630927247,21.0,20.854357630927247,20.851324448404075,119.1199923446587,320.0600280761719,119.12256814463346,320.0593223189575,-0.9809057994085774,0.2583627318080302,2.971258007174956,-0.9810511290717048,0.25839624132567834,2.971690227578101,-15.714342828903828,4.436880812560828,47.15089564263364,-0.1456423690727533,,4,primary_icgn_fallback_line_search,,0,0,,4.565700000966899,18.356000000494532,23.075799999787705,69.44499999735854,119.12877655029297,320.0519714355469,7.514082244597375e-05,0.011919384496925842,0.007946256331283895,cycle_valid,92.46254546598631,0.27432464236454757,0.1920503733200651,0.10674074136476917,icgn_high_residual,False,5,0.48245332908593197,28.09515583604118,0.10674074136476917,0.17531480174833594,0.10674074136476917,0.1,icgn_high_residual,True,line_search,20.75607438894064,-0.0001499780153630153,line_search_refined,0.010915804572769226,0.014634805000441542,0.6818016874166556,0.0017551739661030297,0.002708294606520667,0.010230950898584723,0.01072790061550937,0.7035287772136051,0.002369095109558395,updated,0,True,filtered,319,measured,0,measurement,insufficient_references,False,0,0,,,,,,,,,,,,-0.9810511290717048,0.25839624132567834,2.971690227578101,-15.714342828903828,4.436880812560828,47.15089564263364,,,,,,,,,,,0.9639493665620579,0.9725752436518392,0.8264344257338097,0.9999029389243029,0.9514525436424132,0.9973512478895721,0.5405206389657791,0.687716865115054,0.9978034744314752,,0.6818016874166556,HIGH,,,,,,,,,,,,-0.9810511290717048,0.25839624132567834,2.971690227578101,estimated,-0.9810511290717048,0.25839624132567834,2.971690227578101,0.9587553792270979,True,temporal;spatial,flow_3d;spectral;phase;coherence,False,NORMAL,0.05,NONE,,0.3914708118484436,0.8760216460147507,,,,0.1456423690727604,0.0007057572143480684,0.0005072256317362189,,,False,,,,,,,,,,,,,,,,,,,,,,False,,,,,,,
0,research_full,319,P2,valid,238.9254994650446,350.0217884024385,227.82835384298767,350.0194396972656,11.092164840203955,-0.7705080145141913,0.8108539019105251,5.586256424065492,5.697142045454641,0.029075725308084766,0.0014655588893219829,0.09446720193421498,0.7914276139913512,11.094467201934215,11.0,11.094467201934215,11.092164840203955,227.82835384298767,350.0194396972656,227.83333462484063,350.0217884024385,-0.7703771728109712,0.8106601508889241,5.585097145050818,-0.7705080145141913,0.8108539019105251,5.586256424065492,1.2556171537209115,-1.9373056517308918,-14.979923539725881,0.09446720193421498,,4,primary_icgn_fallback_line_search,,0,0,,4.364499996881932,17.697199997201096,22.19630000035977,69.44499999735854,227.84814453125,350.0352783203125,0.00017059844685718417,0.02534824100244118,0.016898827334960786,cycle_valid,51.541646815606526,0.2940709461575334,0.2649952208494486,0.31599836856086577,icgn_high_residual,False,5,0.7142855100349219,55.378970755310064,0.31599836856086577,0.6836765016639317,0.31599836856086577,0.1,icgn_high_residual,True,line_search,11.113464523609471,0.0003127965317869449,line_search_refined,0.011661716628201056,0.013975693080151863,0.7148254990819107,-0.009968969950165274,-0.008741784416713472,0.007914515624142027,0.015441460883620467,0.7090963187643686,0.00535409898257792,updated,0,True,filtered,319,measured,0,measurement,insufficient_references,False,0,0,,,,,,,,,,,,-0.7705080145141913,0.8108539019105251,5.586256424065492,1.2556171537209115,-1.9373056517308918,-14.979923539725881,,,,,,,,,,,0.9353273801037335,0.9903080915639717,0.8742115679426877,0.9997273071106368,0.968510932688595,0.9943670575550131,0.31972808568102673,0.894514223332413,0.9990181781035161,,0.7148254990819107,HIGH,,,,,,,,,,,,-0.7705080145141913,0.8108539019105251,5.586256424065492,estimated,-0.7705080145141913,0.8108539019105251,5.586256424065492,0.8626083517124806,True,temporal;spatial,flow_3d;spectral;phase;coherence,False,NORMAL,0.05,NONE,,4.819271512706108,0.0,,,,0.09446720193421498,0.002348705172892096,0.0014655588893219829,,,False,,,,,,,,,,,,,,,,,,,,,,False,,,,,,,
0,research_full,319,P3,valid,348.0016505107072,353.07137726550934,343.3912909506758,353.0704040527344,4.606849451727721,0.9945150372802393,2.0320107118871467,13.450336883082707,13.63927014033433,0.1345895200198708,0.0001100326917367056,0.39135198583204556,0.7654103608801345,4.608648014167972,5.0,4.608648014167972,4.606849451727721,343.3912909506758,353.0704040527344,343.39480105897945,353.07137726550934,0.9940822215056845,2.0311922870396266,13.445087779516488,0.9945150372802393,2.0320107118871467,13.450336883082707,66.64012039341016,137.81798035579794,900.7313954102578,-0.3913519858320278,,4,primary_icgn_fallback_line_search,,0,0,,5.123200000525685,15.353899998444831,20.707899999251822,69.44499999735854,343.402099609375,353.06756591796875,6.823938019806519e-05,0.01117506652435399,0.007450044349569327,cycle_valid,59.777272554454896,0.34062810257131276,0.20603858255144197,0.22478857468678498,icgn_high_residual,False,4,0.5179215994277598,35.455235125225144,0.22478857468678498,0.39751373267202883,0.22478857468678498,0.1,icgn_high_residual,True,line_search,4.58854397987333,0.0005424440315756164,line_search_refined,0.011383892900191568,0.014634430451982325,0.6822665044161424,-0.00644605839659107,-0.0036653334938705484,0.0060600249530375905,0.009576546397579338,0.7032087401968289,0.0020272760653767814,updated,0,True,filtered,319,measured,0,measurement,insufficient_references,False,0,0,,,,,,,,,,,,0.9945150372802393,2.0320107118871467,13.450336883082707,66.64012039341016,137.81798035579794,900.7313954102578,,,,,,,,,,,0.9442374469277302,0.9551368266600431,0.8382180030528459,0.9999702879880109,0.8695493380559848,0.9975166518834769,0.506741333878324,0.8517125108347735,0.9984581708595129,,0.6822665044161424,HIGH,,,,,,,,,,,,0.9945150372802393,2.0320107118871467,13.450336883082707,estimated,0.9945150372802393,2.0320107118871467,13.450336883082707,0.43006137193491917,True,temporal;spatial,flow_3d;spectral;phase;coherence,False,NORMAL,0.05,NONE,,5.126122837227156,28.497765021965908,,,,0.39135198583204556,0.0009732127749657593,0.0001100326917367056,,,False,,,,,,,,,,,,,,,,,,,,,,False,,,,,,,
0,research_full,320,P1,valid,139.97437792776103,320.06246383701716,119.12581045721947,320.0638427734375,20.852164844178066,-0.981008788857799,0.258403960025158,2.971570460833136,3.13996526319464,0.08263142525835225,0.00031121945357881486,0.15153677557884748,0.7511161216681105,20.848463224421156,21.0,20.848463224421156,20.852164844178066,119.12581045721947,320.0638427734375,119.12221308358296,320.06246383701716,-0.9811835676089061,0.2584577999252667,2.9720980596210396,-0.981008788857799,0.258403960025158,2.971570460833136,-15.672002614998014,4.444599512040459,47.03112889766858,-0.15153677557884393,,4,primary_icgn_fallback_line_search,,0,0,,4.590000000462169,18.619499998749234,23.343799999565817,71.22180000078515,119.11266326904297,320.056884765625,0.00014813605230301619,0.014874892593468048,0.009916595062312033,cycle_valid,92.39193796064104,0.2758670256537778,0.19323560039542553,0.1327636487468253,icgn_high_residual,False,5,0.48602002009838724,28.082680215722363,0.1327636487468253,0.1788248602867892,0.1327636487468253,0.1,icgn_high_residual,True,line_search,20.74776436131927,-0.0001838148382593148,line_search_refined,0.010927672762727268,0.014556024490267959,0.6867551037858567,-0.0003997169031606518,0.00528733533144532,-0.01252525574284391,0.013601386691564455,0.7044675308107157,0.003856201223252394,updated,0,True,filtered,320,measured,0,measurement,insufficient_references,False,0,0,,,,,,,,,,,,-0.981008788857799,0.258403960025158,2.971570460833136,-15.672002614998014,4.444599512040459,47.03112889766858,,,,,,,,,,,0.9639218160490006,0.9724561915805493,0.8274990050222525,0.9999234407490197,0.9494877414737175,0.9966944683125627,0.5371237903824884,0.748927257965781,0.9996424109523444,,0.6867551037858567,HIGH,,,,,,,,,,,,-0.981008788857799,0.258403960025158,2.971570460833136,estimated,-0.981008788857799,0.258403960025158,2.971570460833136,0.8629422945143619,True,temporal;spatial,flow_3d;spectral;phase;coherence,False,NORMAL,0.05,NONE,,2.07076549733881,2.3527837431212797,,,,0.15153677557884748,0.0013789364203375953,0.00031121945357881486,,,False,,,,,,,,,,,,,,,,,,,,,,False,,,,,,,
0,research_full,320,P2,valid,238.92389171555288,350.0196626093619,227.83941240088424,350.0192565917969,11.087768467357755,-0.7708309781449184,0.811152335267018,5.58847141133971,5.699400075730624,0.029197564668972678,0.0014366779942065477,0.08525495751420387,0.7930337957232452,11.085254957514204,11.0,11.085254957514204,11.087768467357755,227.83941240088424,350.0192565917969,227.83612324819512,350.0196626093619,-0.7709973375537199,0.8113318504826196,5.589738561076603,-0.7708309781449184,0.811152335267018,5.58847141133971,0.9326535229937649,-1.6388722952379586,-12.764936265507565,0.08525495751420387,,4,primary_icgn_fallback_line_search,,0,0,,4.712099998869235,17.667400003119837,22.516599998198217,71.22180000078515,227.83404541015625,350.01544189453125,0.00031751484493725,0.00658456564267716,0.00438971042845144,cycle_valid,51.64619989699423,0.29247173940499593,0.26327417473602327,0.3538032247942246,icgn_high_residual,False,5,0.7106149858696595,54.84593023350445,0.3538032247942246,0.6748375073287516,0.3538032247942246,0.1,icgn_high_residual,True,line_search,11.105975054335893,0.0002898016376862459,line_search_refined,0.01158410993077865,0.01392813790577775,0.7173511953534762,0.002901089667886936,-0.0015186027558229398,-0.00865942266927,0.009257865658788776,0.7097370183268288,0.0018101790579382456,updated,0,True,filtered,320,measured,0,measurement,insufficient_references,False,0,0,,,,,,,,,,,,-0.7708309781449184,0.811152335267018,5.58847141133971,0.9326535229937649,-1.6388722952379586,-12.764936265507565,,,,,,,,,,,0.9354583039994908,0.9902674784436758,0.8733892780529817,0.9997076345268093,0.9715816808285987,0.9985367631905162,0.3232238229812766,0.905785671250678,0.9991366375757732,,0.7173511953534762,HIGH,,,,,,,,,,,,-0.7708309781449184,0.811152335267018,5.58847141133971,estimated,-0.7708309781449184,0.811152335267018,5.58847141133971,0.8436331003146316,True,temporal;spatial,flow_3d;spectral;phase;coherence,False,NORMAL,0.05,NONE,,5.109374387128789,0.36530384463287646,,,,0.08525495751420387,0.000406017565012462,0.0014366779942065477,,,False,,,,,,,,,,,,,,,,,,,,,,False,,,,,,,
0,research_full,320,P3,valid,348.00419586325967,353.0722977331859,343.4196800810062,353.0724182128906,4.593744055738579,0.9974189576245363,2.037831909219925,13.488709066839869,13.678189783634084,0.1321214429382327,0.00019301011343486607,0.415132961865595,0.7225710897094161,4.584867038134409,5.0,4.584867038134409,4.593744055738579,343.4196800810062,353.0724182128906,343.4104518075211,353.0722977331859,0.999359337141028,2.041780632328646,13.514825311181946,0.9974189576245363,2.037831909219925,13.488709066839869,69.54404073770715,143.63917768857615,939.1035791674192,-0.41513296186559057,,4,primary_icgn_fallback_line_search,,0,0,,5.2864999997837,15.865599998505786,21.283399997628294,71.22180000078515,343.39300537109375,353.07012939453125,0.0001258271950064227,0.026772725643771082,0.017848483762514054,cycle_valid,59.41996572724392,0.31558795899021935,0.18346651605198666,0.1814468021120896,icgn_high_residual,False,4,0.5137337036717867,35.16841775149022,0.1814468021120896,0.38683880915623087,0.1814468021120896,0.1,icgn_high_residual,True,line_search,4.5727167503204145,0.0006710811322212331,line_search_refined,0.01145503389664143,0.014838482424125197,0.672074098649783,0.0013159602563064254,0.0004513703875659303,-0.029630828469350945,0.029663470505034435,0.7004127774101182,0.017771534245684478,updated,0,True,filtered,320,measured,0,measurement,insufficient_references,False,0,0,,,,,,,,,,,,0.9974189576245363,2.037831909219925,13.488709066839869,69.54404073770715,143.63917768857615,939.1035791674192,,,,,,,,,,,0.9439021330198276,0.9559595190205891,0.8183138043353476,0.9999468604485932,0.8616223460448017,0.9940505054124953,0.5107298060268697,0.8162914256667829,0.9972559700524589,,0.672074098649783,HIGH,,,,,,,,,,,,0.9974189576245363,2.037831909219925,13.488709066839869,estimated,0.9974189576245363,2.037831909219925,13.488709066839869,0.047957616129488685,True,temporal;spatial,flow_3d;spectral;phase;coherence,False,OCCLUSION,0.65,KALMAN_PREDICT,,70.22098088363803,36.688314492308436,,,,0.415132961865595,0.00012047970471940062,0.00019301011343486607,,,False,,,,,,,,,,,,,,,,,,,,,,False,,,,,,,
0,research_full,321,P1,valid,139.97553978311575,320.06246893994035,119.12069694802399,320.0622863769531,20.856206760809293,-0.980811965229908,0.2583539109870874,2.970994572791544,3.1393546480156216,0.0898313381747037,0.0001100326917367056,0.14498894021147635,0.721977803439073,20.85501105978851,21.0,20.85501105978851,20.856206760809293,119.12069694802399,320.0622863769531,119.11933302230645,320.06246893994035,-0.9808672282400062,0.25836766984464254,2.9711649117682652,-0.980811965229908,0.2583539109870874,2.970994572791544,-15.475178987107041,4.39455047396986,46.45524085607677,-0.14498894021149056,,4,primary_icgn_fallback_line_search,,0,0,,4.286700004740851,19.494699998176657,23.8948000005621,68.66409999929601,119.12519073486328,320.06622314453125,9.281559323426336e-05,0.005974299885439164,0.0039828665902927754,cycle_valid,92.62564811735774,0.2728853133345254,0.18305397515982172,0.08420057217283226,icgn_high_residual,False,5,0.48108688908297426,28.256345349578652,0.08420057217283226,0.17446804671577873,0.08420057217283226,0.1,icgn_high_residual,True,line_search,20.754876328534912,-0.00015544914623320105,line_search_refined,0.010888603103330357,0.014798737631707966,0.6754929448765675,0.0006469080506690261,-0.0007020459449904592,-0.003993399297023359,0.00410592212302725,0.7005806502555737,0.0003444219661393945,updated,0,True,filtered,321,measured,0,measurement,insufficient_references,False,0,0,,,,,,,,,,,,-0.980811965229908,0.2583539109870874,2.970994572791544,-15.475178987107041,4.39455047396986,46.45524085607677,,,,,,,,,,,0.9640128474015106,0.9700562206084321,0.8179043459491634,0.9999661919525048,0.9516703532628412,0.9986723778032357,0.5418220103971674,0.6041198714788723,0.9996442863298093,,0.6754929448765675,HIGH,,,,,,,,,,,,-0.980811965229908,0.2583539109870874,2.970994572791544,estimated,-0.980811965229908,0.2583539109870874,2.970994572791544,0.9648404504499644,True,temporal;spatial,flow_3d;spectral;phase;coherence,False,NORMAL,0.05,NONE,,0.48502461167901956,0.5889311598266431,,,,0.14498894021147635,0.00018256298722008069,0.0001100326917367056,,,False,,,,,,,,,,,,,,,,,,,,,,False,,,,,,,
0,research_full,321,P2,valid,238.92309662752382,350.0347973765035,227.84383414172837,350.0408630371094,11.08225527353014,-0.771223085676854,0.811720236798093,5.591251560806613,5.702259973635967,0.029797264013543524,0.001385528245009482,0.08008553600600976,0.791648440140338,11.080085536005997,11.0,11.080085536005997,11.08225527353014,227.84383414172837,350.0408630371094,227.84084135399368,350.0347973765035,-0.7713651686074879,0.8119450789603568,5.592346457437057,-0.771223085676854,0.811720236798093,5.591251560806613,0.5405459910581278,-1.0709707641629596,-9.984786798604262,0.08008553600599733,,4,primary_icgn_fallback_line_search,,0,0,,4.81710000167368,15.520299999479903,20.649000001867535,68.66409999929601,227.84373474121094,350.022216796875,0.00042203726479783654,0.018646505177670424,0.012431003451780283,cycle_valid,51.62153229822956,0.28771357845767326,0.2579163144441297,0.3219800095981828,icgn_high_residual,False,4,0.7078478072168811,56.24176176088836,0.3219800095981828,0.6647402559108647,0.3219800095981828,0.1,icgn_high_residual,True,line_search,11.092601786022872,0.0009896712819111874,line_search_refined,0.011633364749746746,0.013963563806888827,0.7154621186980941,0.0030637094666587927,0.02257872190727994,-0.007454983266367066,0.023974189749899594,0.708954742536883,0.013147744807017442,updated,0,True,filtered,321,measured,0,measurement,insufficient_references,False,0,0,,,,,,,,,,,,-0.771223085676854,0.811720236798093,5.591251560806613,0.5405459910581278,-1.0709707641629596,-9.984786798604262,,,,,,,,,,,0.9354274624380405,0.9900675786621521,0.8707591126789536,0.9996987390816988,0.9733048213313301,0.99585633218274,0.3258592312220179,0.8964739041565596,0.9990400945852702,,0.7154621186980941,HIGH,,,,,,,,,,,,-0.771223085676854,0.811720236798093,5.591251560806613,estimated,-0.771223085676854,0.811720236798093,5.591251560806613,0.8776997688490682,True,temporal;spatial,flow_3d;spectral;phase;coherence,False,NORMAL,0.05,NONE,,0.6299224398502685,3.4124552252489297,,,,0.08008553600600976,0.006065660605884204,0.001385528245009482,,,False,,,,,,,,,,,,,,,,,,,,,,False,,,,,,,
0,research_full,321,P3,valid,347.99472877465234,353.0727512967144,343.3891645194603,353.0726623535156,4.599453920573832,0.9959330058101116,2.0353139679647576,13.471963882106266,13.661193078974842,0.13582697610882433,6.103515625e-05,0.3985639335227802,0.7671904551372055,4.601436066477246,5.0,4.601436066477246,4.599453920573832,343.3891645194603,353.0726623535156,343.39527485407854,353.0727512967144,0.9953960115192667,2.034434895821359,13.466160607295082,0.9959330058101116,2.0353139679647576,13.471963882106266,68.05808892328247,141.1212364334089,922.3583944338163,-0.39856393352275443,,4,primary_icgn_fallback_line_search,,0,0,,4.850999997870531,14.79250000193133,19.79100000244216,68.66409999929601,343.41497802734375,353.0669860839844,0.00013647876039613038,0.02643023316282615,0.0176201554418841,cycle_valid,59.4962483298757,0.34057885104097285,0.20475187493214853,0.21150275313530084,icgn_high_residual,False,4,0.5135845294380045,35.68725835918997,0.21150275313530084,0.39148587666276713,0.21150275313530084,0.1,icgn_high_residual,True,line_search,4.579230863396982,-0.0001917406742751562,line_search_refined,0.011451331100224945,0.014688514058618284,0.6801497801377646,-0.015493278669339361,-0.000333807841457201,0.006687430460808663,0.016878235623695267,0.7036012688237108,0.006490335115272106,updated,0,True,filtered,321,measured,0,measurement,insufficient_references,False,0,0,,,,,,,,,,,,0.9959330058101116,2.0353139679647576,13.471963882106266,68.05808892328247,141.1212364334089,922.3583944338163,,,,,,,,,,,0.9439740584170663,0.9547243412970585,0.8372013279762177,0.9999670810138923,0.8671453554924066,0.9941266148527053,0.5108718767257099,0.8423976386160344,0.9990389607519691,,0.6801497801377646,HIGH,,,,,,,,,,,,0.9959330058101116,2.0353139679647576,13.471963882106266,estimated,0.9959330058101116,2.0353139679647576,13.471963882106266,0.1796487638348801,True,temporal;spatial,flow_3d;spectral;phase;coherence,False,OCCLUSION,0.65,KALMAN_PREDICT,,55.91722918122454,16.393082163639765,,,,0.3985639335227802,8.894319876162626e-05,6.103515625e-05,,,False,,,,,,,,,,,,,,,,,,,,,,False,,,,,,,
0,research_full,322,P1,valid,139.97914545665347,320.0663766070377,119.11766194620442,320.067626953125,20.862363983636904,-0.9805016912199089,0.2583002054836622,2.9701177270218775,3.1384234696751183,0.0852607659551313,9.770392352947965e-05,0.1375441483528448,0.6992019588268751,20.862455851647145,21.0,20.862455851647145,20.862363983636904,119.11766194620442,320.067626953125,119.11678147301657,320.0663766070377,-0.98049176402134,0.25830628144991596,2.970104648082001,-0.9805016912199089,0.2583002054836622,2.9701177270218775,-15.164904977107984,4.34084497054471,45.578395086410154,-0.13754414835285544,,4,primary_icgn_fallback_line_search,,0,0,,4.748900002596201,18.261799999891082,23.150500001065666,68.5258999983489,119.1207275390625,320.07196044921875,3.0517578125e-05,0.0053082057200195655,0.003538803813346377,cycle_valid,92.68451747767622,0.25898276864218167,0.17372200268705038,0.06680242071500085,icgn_high_residual,False,5,0.4794243238840362,28.29783440178432,0.06680242071500085,0.17483083628533805,0.06680242071500085,0.1,icgn_high_residual,True,line_search,20.76921557492344,-0.00011717148045254532,line_search_refined,0.01088501701163996,0.014978513083473356,0.6671017096852847,0.0037366908440219504,0.004805058950068997,0.00030547596371732766,0.006094650567657236,0.6992627206261869,0.00088761635088911,updated,0,True,filtered,322,measured,0,measurement,insufficient_references,False,0,0,,,,,,,,,,,,-0.9805016912199089,0.2583002054836622,2.9701177270218775,-15.164904977107984,4.34084497054471,45.578395086410154,,,,,,,,,,,0.9640357049478496,0.9715797446816229,0.8081225589289268,0.9999786297497243,0.9541519505490518,0.9988203987288845,0.5434054058247273,0.5010160862950861,0.9992191686528482,,0.6671017096852847,HIGH,,,,,,,,,,,,-0.9805016912199089,0.2583002054836622,2.9701177270218775,estimated,-0.9805016912199089,0.2583002054836622,2.9701177270218775,0.9751376921043469,True,temporal;spatial,flow_3d;spectral;phase;coherence,False,NORMAL,0.05,NONE,,0.3216518506517159,0.43385583629006114,,,,0.1375441483528448,0.0012503460873176664,9.770392352947965e-05,,,False,,,,,,,,,,,,,,,,,,,,,,False,,,,,,,
0,research_full,322,P2,valid,238.9233368355367,350.0251008665628,227.83782103721373,350.0200500488281,11.084670436658742,-0.77105244095471,0.8114380913834376,5.590033321194569,5.701002207938162,0.030756132486386416,0.0001643421855987981,0.08644959266908359,0.7914716904340697,11.086449592669071,11.0,11.086449592669071,11.084670436658742,227.83782103721373,350.0200500488281,227.83866639887796,350.0251008665628,-0.7709185647164952,0.811253038354862,5.589136231346443,-0.77105244095471,0.8114380913834376,5.590033321194569,0.7111907132021367,-1.353116178818392,-11.203026410648853,0.08644959266907115,,4,primary_icgn_fallback_line_search,,0,0,,5.186200000025565,17.85089999975753,23.177099999884376,68.5258999983489,227.84228515625,350.0495910644531,0.0003740738029591739,0.02987641148007056,0.019917607653380374,cycle_valid,52.117330183512635,0.2951808003419447,0.2644246678555583,0.3510584074110867,icgn_high_residual,False,5,0.7085815503837717,56.435469137177535,0.3510584074110867,0.6793528743235143,0.3510584074110867,0.1,icgn_high_residual,True,line_search,11.103804642383594,0.0002739129238233755,line_search_refined,0.011657195771969971,0.013941325211252105,0.7169159548167499,0.0034740570117435254,-0.01879089206227036,0.006123390449767285,0.020066454774499674,0.7094491973157833,0.009201437355938877,updated,0,True,filtered,322,measured,0,measurement,insufficient_references,False,0,0,,,,,,,,,,,,-0.77105244095471,0.8114380913834376,5.590033321194569,0.7111907132021367,-1.353116178818392,-11.203026410648853,,,,,,,,,,,0.9360417480788792,0.9897479558378712,0.8739401523932645,0.999910264001907,0.9711834691103055,0.9933607974488732,0.3251604282059316,0.9050490384800833,0.999475847523563,,0.7169159548167499,HIGH,,,,,,,,,,,,-0.77105244095471,0.8114380913834376,5.590033321194569,estimated,-0.77105244095471,0.8114380913834376,5.590033321194569,0.8797530456428044,True,temporal;spatial,flow_3d;spectral;phase;coherence,False,NORMAL,0.05,NONE,,4.126304052788796,0.0,,,,0.08644959266908359,0.005050817734684188,0.0001643421855987981,,,False,,,,,,,,,,,,,,,,,,,,,,False,,,,,,,
0,research_full,322,P3,valid,347.9982045270132,353.072468521928,343.3800054253886,353.0721435546875,4.6147444990420485,0.9927237149564402,2.0285627464968394,13.427325631623908,13.61593334327016,0.1104362676715459,0.00013647876039613038,0.37988335507611737,0.7770005235632589,4.62011664492389,5.0,4.62011664492389,4.6147444990420485,343.3800054253886,353.0721435546875,343.3834600279711,353.072468521928,0.9916193564714446,2.026195523277354,13.41171270285179,0.9927237149564402,2.0285627464968394,13.427325631623908,64.84879806961108,134.37001496549072,877.7201439514588,-0.37988335507611026,,4,primary_icgn_fallback_line_search,,0,0,,4.4337999970593955,14.123400000244146,18.70019999842043,68.5258999983489,343.3868408203125,353.0710754394531,0.00048252526903524995,0.006918344738399815,0.0046122298255998765,cycle_valid,59.50888525553357,0.3375512489994813,0.2271149813279354,0.194166934689427,icgn_high_residual,False,4,0.5156515211149931,35.3378082213261,0.194166934689427,0.3821627401157392,0.194166934689427,0.1,icgn_high_residual,True,line_search,4.603021293959724,0.0006553902837341763,line_search_refined,0.011375105461649933,0.014608181547273766,0.6827821032284196,0.007232262544789592,-0.0012256559746788298,0.018153782535938134,0.019579777180733306,0.7040756728683623,0.007930221461883859,updated,0,True,filtered,322,measured,0,measurement,insufficient_references,False,0,0,,,,,,,,,,,,0.9927237149564402,2.0285627464968394,13.427325631623908,64.84879806961108,134.37001496549072,877.7201439514588,,,,,,,,,,,0.9439859557271176,0.9631879107761514,0.8532314639112127,0.9998968326617614,0.8733722149746276,0.9984625900581334,0.5089033132238161,0.8283264172313864,0.9974204921190171,,0.6827821032284196,HIGH,,,,,,,,,,,,0.9927237149564402,2.0285627464968394,13.427325631623908,estimated,0.9927237149564402,2.0285627464968394,13.427325631623908,0.10252277353993863,True,temporal;spatial,flow_3d;spectral;phase;coherence,False,OCCLUSION,0.65,KALMAN_PREDICT,,28.26506104129619,44.02919773806585,,,,0.37988335507611737,0.00032496724048769465,0.00013647876039613038,,,False,,,,,,,,,,,,,,,,,,,,,,False,,,,,,,
0,research_full,323,P1,valid,139.9746063444479,320.0657602920022,119.12966788334086,320.06500244140625,20.850328164491568,-0.9810938861826202,0.2584457512091027,2.971832222809223,3.140243012945043,0.08302497661973308,0.0005181251908652484,0.15728629154398988,0.732142167512583,20.84271370845601,21.0,20.84271370845601,20.850328164491568,119.12966788334086,320.06500244140625,119.12427817995632,320.0657602920022,-0.9814651556372909,0.2585357927691955,2.972917920483823,-0.9810938861826202,0.2584457512091027,2.971832222809223,-15.75709993981922,4.486390695985165,47.292890873755766,-0.15728629154398988,,4,primary_icgn_fallback_line_search,,0,0,,4.384800002299016,17.38350000232458,21.887899998546345,68.25810000009369,119.11795806884766,320.0537109375,0.0006766116130165756,0.016267077670253233,0.010844718446835488,cycle_valid,92.45919248206101,0.2688338054651318,0.18580882884539873,0.0878839274775056,icgn_high_residual,False,5,0.4766181615661681,27.876748134265736,0.0878839274775056,0.1771220355244476,0.0878839274775056,0.1,icgn_high_residual,True,line_search,20.748471942538654,-0.0001796417462986707,line_search_refined,0.01093628857378472,0.014767359540374937,0.6755078503188985,-0.008518737828381973,-0.0029018644104326086,-0.025662211281019864,0.027194462654682932,0.7032813753977274,0.01516618481105266,updated,0,True,filtered,323,measured,0,measurement,insufficient_references,False,0,0,,,,,,,,,,,,-0.9810938861826202,0.2584457512091027,2.971832222809223,-15.75709993981922,4.486390695985165,47.292890873755766,,,,,,,,,,,0.9639480592048209,0.9723250077934223,0.8206041470662938,0.9998008771993531,0.9475712361520033,0.9963850938510548,0.5460779413655541,0.620711837874278,0.997546729800495,,0.6755078503188985,HIGH,,,,,,,,,,,,-0.9810938861826202,0.2584457512091027,2.971832222809223,estimated,-0.9810938861826202,0.2584457512091027,2.971832222809223,0.8645251847251947,True,temporal;spatial,flow_3d;spectral;phase;coherence,False,NORMAL,0.05,NONE,,2.7512183417550804,1.6367237976920705,,,,0.15728629154398988,0.0007578505959600079,0.0005181251908652484,,,False,,,,,,,,,,,,,,,,,,,,,,False,,,,,,,
0,research_full,323,P2,valid,238.92417526700805,350.027020152758,227.81911234749825,350.02789306640625,11.099575927648756,-0.7700079121197292,0.8103692323686971,5.5825265306787815,5.693348131216752,0.03652681531022631,0.00010235906665911898,0.10590596304862743,0.7889824610111142,11.105905963048615,11.0,11.105905963048615,11.099575927648756,227.81911234749825,350.02789306640625,227.8245993393593,350.027020152758,-0.7695598942490138,0.8099168060795578,5.57934465693724,-0.7700079121197292,0.8103692323686971,5.5825265306787815,1.755719548182988,-2.4219751935589118,-18.70981692643614,0.10590596304861499,,4,primary_icgn_fallback_line_search,,0,0,,4.346199999417877,18.072900002152892,22.635099998296937,68.25810000009369,227.8343963623047,350.020263671875,0.0003479539300315082,0.017082411115441003,0.011388274076960669,cycle_valid,51.963227739312266,0.29770147946658737,0.26117466415636104,0.3637380094839215,icgn_high_residual,False,5,0.7102020680536626,55.45129441168172,0.3637380094839215,0.6927930382992624,0.3637380094839215,0.1,icgn_high_residual,True,line_search,11.116354689918273,0.00030915069177668493,line_search_refined,0.011610131454502008,0.013952402237038496,0.7148224815842052,0.003147626340393117,0.0032591507622896643,0.021766516820283854,0.022233103016847867,0.7091847330409385,0.010348802965487559,updated,0,True,filtered,323,measured,0,measurement,insufficient_references,False,0,0,,,,,,,,,,,,-0.7700079121197292,0.8103692323686971,5.5825265306787815,1.755719548182988,-2.4219751935589118,-18.70981692643614,,,,,,,,,,,0.9358520731226337,0.9878243948965912,0.8723714896274273,0.9999249478338849,0.9646980123171242,0.9962039086410132,0.32361707804413076,0.9083589493970473,0.9973490791140873,,0.7148224815842052,HIGH,,,,,,,,,,,,-0.7700079121197292,0.8103692323686971,5.5825265306787815,estimated,-0.7700079121197292,0.8103692323686971,5.5825265306787815,0.5953500815286537,True,temporal;spatial,flow_3d;spectral;phase;coherence,False,NORMAL,0.05,NONE,,6.397535791240089,9.300908555475944,,,,0.10590596304862743,0.0008729136482656941,0.00010235906665911898,,,False,,,,,,,,,,,,,,,,,,,,,,False,,,,,,,
0,research_full,323,P3,valid,348.0017593923622,353.06931498513546,343.4007335578674,353.06805419921875,4.608004298283416,0.9942686383148576,2.0314475890553627,13.446965993166623,13.635844082915987,0.13780517736644773,0.0001643421855987981,0.3976512824767724,0.7371114772759682,4.60234871752324,5.0,4.60234871752324,4.608004298283416,343.4007335578674,353.06805419921875,343.3937550940788,353.06931498513546,0.9955250372620177,2.0339109552571877,13.463490252152939,0.9942686383148576,2.0314475890553627,13.446965993166623,66.39372142802846,137.254857524014,897.3605054941736,-0.39765128247675996,,4,primary_icgn_fallback_line_search,,0,0,,4.707200001575984,15.275800000381423,20.314599998528138,68.25810000009369,343.3834228515625,353.0705261230469,0.0001100326917367056,0.017486307791711394,0.011657538527807597,cycle_valid,59.707254323386124,0.3283894779112544,0.19058430054480666,0.23675236172406294,icgn_high_residual,False,4,0.5130324949553857,35.44801838275778,0.23675236172406294,0.39042013842716383,0.23675236172406294,0.1,icgn_high_residual,True,line_search,4.594962136259376,0.0007270497375641894,line_search_refined,0.011411187794744896,0.01470316826052934,0.6790725028996156,0.004969381358648661,-0.004736114907416322,-0.01899310504442564,0.020195632565793094,0.7022297961840869,0.008405078739660711,updated,0,True,filtered,323,measured,0,measurement,insufficient_references,False,0,0,,,,,,,,,,,,0.9942686383148576,2.0314475890553627,13.446965993166623,66.39372142802846,137.254857524014,897.3605054941736,,,,,,,,,,,0.9441720546170261,0.9540649408778508,0.8250992697822105,0.9999542708537774,0.8674495725077426,0.9961141538240641,0.5113976238520135,0.8592059099618037,0.9984517271231848,,0.6790725028996156,HIGH,,,,,,,,,,,,0.9942686383148576,2.0314475890553627,13.446965993166623,estimated,0.9942686383148576,2.0314475890553627,13.446965993166623,0.15567721017045819,True,temporal;spatial,flow_3d;spectral;phase;coherence,False,OCCLUSION,0.65,KALMAN_PREDICT,,65.17051669709213,18.140860092574304,,,,0.3976512824767724,0.0012607859167133029,0.0001643421855987981,,,False,,,,,,,,,,,,,,,,,,,,,,False,,,,,,,
0,research_full,324,P1,valid,139.97889716194567,320.07844501566257,119.1430111988879,320.0826416015625,20.841404236427504,-0.9814891943457661,0.25862966677949395,2.97310470985827,3.141585898704252,0.09958177903065311,6.103515625e-05,0.1624814137316548,0.6900303009445531,20.837518586268352,21.0,20.837518586268352,20.841404236427504,119.1430111988879,320.0826416015625,119.13749292551816,320.07844501566257,-0.9816627862459294,0.25870213399362524,2.9736591158323407,-0.9814891943457661,0.25862966677949395,2.97310470985827,-16.152408102965143,4.670306266376434,48.565377922802796,-0.1624814137316477,,4,primary_icgn_fallback_line_search,,0,0,,4.757300004712306,18.561000000772765,23.446799998055212,65.73139999818522,119.12396240234375,320.0717468261719,0.000334651384036988,0.021944310893549892,0.014629540595699929,cycle_valid,91.92869768817317,0.2724350925265083,0.1728533134958552,0.10831614239991125,icgn_high_residual,False,5,0.48167592554027205,27.20182952944189,0.10831614239991125,0.17456437672143565,0.10831614239991125,0.1,icgn_high_residual,True,line_search,20.749624990472636,-0.00016620040310593419,line_search_refined,0.010959995351282932,0.014757406025536476,0.6765417189354848,0.0062487850503032405,0.016062226154872405,-0.013058034142250818,0.021623012725227455,0.702432225492512,0.010519266170693367,updated,0,True,filtered,324,measured,0,measurement,insufficient_references,False,0,0,,,,,,,,,,,,-0.9814891943457661,0.25862966677949395,2.97310470985827,-16.152408102965143,4.670306266376434,48.565377922802796,,,,,,,,,,,0.9637400135413625,0.966806073656449,0.8071582623486554,0.9999340522432855,0.9458395287561151,0.9951234864681,0.541261023294979,0.6922588582386531,0.9984000839545328,,0.6765417189354848,HIGH,,,,,,,,,,,,-0.9814891943457661,0.25862966677949395,2.97310470985827,estimated,-0.9814891943457661,0.25862966677949395,2.97310470985827,0.9711418654340106,True,temporal;spatial,flow_3d;spectral;phase;coherence,False,NORMAL,0.05,NONE,,0.4853950778248555,0.3932280700115598,,,,0.1624814137316548,0.004196585899933325,6.103515625e-05,,,False,,,,,,,,,,,,,,,,,,,,,,False,,,,,,,
0,research_full,324,P2,valid,238.92189135167206,350.03336031938437,227.83909492681434,350.03558349609375,11.088577524087857,-0.7707964483528867,0.8112418291781149,5.588063659272638,5.699008328673084,0.036514906980690695,0.0018500927835702896,0.08221549799034733,0.789643267190161,11.082215497990337,11.0,11.082215497990337,11.088577524087857,227.83909492681434,350.03558349609375,227.8333138275842,350.03336031938437,-0.7712452526820872,0.8117316877900324,5.5912716285493005,-0.7707964483528867,0.8112418291781149,5.588063659272638,0.9671833150254328,-1.5493783841410425,-13.172688332579341,0.08221549799033667,,4,primary_icgn_fallback_line_search,,0,0,,4.217999998218147,15.55229999939911,19.881300002452917,65.73139999818522,227.8304901123047,350.0096740722656,0.00015930643712636083,0.02730093543911894,0.018200623626079295,cycle_valid,50.69910002411525,0.29267634943981496,0.25616144245912426,0.3096316206512461,icgn_high_residual,False,4,0.7113307839802896,54.41327381822623,0.3096316206512461,0.649748416689581,0.3096316206512461,0.1,icgn_high_residual,True,line_search,11.090175274987246,0.0009923831103251473,line_search_refined,0.011697188018047333,0.014026915782276848,0.7113697085269167,-0.0021550238454324244,0.008247163439023097,-0.02179765469374395,0.02340507600312461,0.7081325405459394,0.011560999369859019,updated,0,True,filtered,324,measured,0,measurement,insufficient_references,False,0,0,,,,,,,,,,,,-0.7707964483528867,0.8112418291781149,5.588063659272638,0.9671833150254328,-1.5493783841410425,-13.172688332579341,,,,,,,,,,,0.9342526133255261,0.9878283643397697,0.8698737287964314,0.9996651001298839,0.9725948340032176,0.9939331254579735,0.3225421104949623,0.8923451898639307,0.9978322991569889,,0.7113697085269167,HIGH,,,,,,,,,,,,-0.7707964483528867,0.8112418291781149,5.588063659272638,estimated,-0.7707964483528867,0.8112418291781149,5.588063659272638,0.580699334945584,True,temporal;spatial,flow_3d;spectral;phase;coherence,False,NORMAL,0.05,NONE,,13.314398371693084,4.319889970208156,,,,0.08221549799034733,0.0022231767093785493,0.0018500927835702896,,,False,,,,,,,,,,,,,,,,,,,,,,False,,,,,,,
0,research_full,324,P3,valid,348.00313745671224,353.07442862024146,343.3846807946601,353.0765686035156,4.6161236871463895,0.9925557308558078,2.0280077665289653,13.423313865683618,13.611882217996547,0.10973231888472564,0.00020471813331823796,0.3814459313788632,0.7774042978247335,4.618554068621137,5.0,4.618554068621137,4.6161236871463895,343.3846807946601,353.0765686035156,343.38701376956584,353.07442862024146,0.9920359652821287,2.0269963529096975,13.416250232160191,0.9925557308558078,2.0280077665289653,13.423313865683618,64.68081396897874,133.8150349976166,873.7083780111678,-0.3814459313788632,,4,primary_icgn_fallback_line_search,,0,0,,4.629099999874597,14.40069999807747,19.138700001349207,65.73139999818522,343.385009765625,353.079345703125,0.00012947511277161539,0.0027965164287284358,0.0018643442858189572,cycle_valid,59.74124131798326,0.32146696539536235,0.21173464651063673,0.221808393418299,icgn_high_residual,False,4,0.5038221430627015,35.23277770295103,0.221808393418299,0.3805239158360311,0.221808393418299,0.1,icgn_high_residual,True,line_search,4.609029781505016,0.000610075827356911,line_search_refined,0.011351965464161996,0.014582755590562959,0.6848377466361044,0.00036755636796215185,0.008075066062303904,0.008221778918390044,0.011529936607678499,0.704397126355324,0.0028956544424839675,updated,0,True,filtered,324,measured,0,measurement,insufficient_references,False,0,0,,,,,,,,,,,,0.9925557308558078,2.0280077665289653,13.423313865683618,64.68081396897874,133.8150349976166,873.7083780111678,,,,,,,,,,,0.9442038153243071,0.9634225603717581,0.8425702459060767,0.9999443011256517,0.8728513562070456,0.999378551904727,0.5201693875593318,0.8497201444019685,0.9986821478386191,,0.6848377466361044,HIGH,,,,,,,,,,,,0.9925557308558078,2.0280077665289653,13.423313865683618,estimated,0.9925557308558078,2.0280077665289653,13.423313865683618,0.12000014708086593,True,temporal;spatial,flow_3d;spectral;phase;coherence,False,OCCLUSION,0.65,KALMAN_PREDICT,,43.87316327909051,25.203617786515487,,,,0.3814459313788632,0.002139983274162205,0.00020471813331823796,,,False,,,,,,,,,,,,,,,,,,,,,,False,,,,,,,
0,research_full,325,P1,valid,139.97146235154062,320.0714378215062,119.14325624418932,320.0672912597656,20.829187817040854,-0.9821078033066073,0.25874086443662736,2.974848450148823,3.143438542996824,0.08385156907642324,0.0004315837286412716,0.17484193754870603,0.7141493046883924,20.82515806245131,21.0,20.82515806245131,20.829187817040854,119.14325624418932,320.0672912597656,119.14227453449976,320.0714378215062,-0.9823154612691175,0.25876696702248064,2.9754240956809825,-0.9821078033066073,0.25874086443662736,2.974848450148823,-16.771017063806347,4.781503923509844,50.30911821335549,-0.17484193754868826,,4,primary_icgn_fallback_line_search,,0,0,,4.963999999745283,19.635200002085185,24.7272000015073,70.87809999939054,119.14266204833984,320.0872802734375,0.0001100326917367056,0.01999784329076355,0.0133318955271757,cycle_valid,92.39958377480231,0.26181876909151985,0.1779672000150966,0.11658145764421032,icgn_high_residual,False,5,0.488351887531796,27.547189976722006,0.11658145764421032,0.17641067428085866,0.11658145764421032,0.1,icgn_high_residual,True,line_search,20.746478633748644,-0.00022663656396503237,line_search_refined,0.010948504221171437,0.014714190765840192,0.6782372913036071,-0.011682601053962571,-0.01589301606452409,-0.013563078886758007,0.02393800818576368,0.7028879192410258,0.012986129814061319,updated,0,True,filtered,325,measured,0,measurement,insufficient_references,False,0,0,,,,,,,,,,,,-0.9821078033066073,0.25874086443662736,2.974848450148823,-16.771017063806347,4.781503923509844,50.30911821335549,,,,,,,,,,,0.9639248014205628,0.9720494769745256,0.8126995686255347,0.9999097305966037,0.9417193541504313,0.9955560348242748,0.5349029642554324,0.7140768866086593,0.9979712888748,,0.6782372913036071,HIGH,,,,,,,,,,,,-0.9821078033066073,0.25874086443662736,2.974848450148823,estimated,-0.9821078033066073,0.25874086443662736,2.974848450148823,0.9259026289157031,True,temporal;spatial,flow_3d;spectral;phase;coherence,False,NORMAL,0.05,NONE,,0.5265270731775835,1.810528259268608,,,,0.17484193754870603,0.0041465617405833655,0.0004315837286412716,,,False,,,,,,,,,,,,,,,,,,,,,,False,,,,,,,
0,research_full,325,P2,valid,238.9262568729093,350.0247599184172,227.81625722240028,350.020751953125,11.105068155101574,-0.7696045290544592,0.8099439518326342,5.579765583601316,5.690525837230961,0.031056633277031658,0.00030517578125,0.11205698658410235,0.7919672959028197,11.112056986584102,11.0,11.112056986584102,11.105068155101574,227.81625722240028,350.020751953125,227.82118871780773,350.0247599184172,-0.7690982093748181,0.8093911331851876,5.576256238623794,-0.7696045290544592,0.8099439518326342,5.579765583601316,2.159102613452979,-2.847255729621745,-21.4707640039018,0.11205698658410235,,4,primary_icgn_fallback_line_search,,0,0,,4.812600000150269,17.76350000000093,22.72369999991497,70.87809999939054,227.83465576171875,350.0485534667969,3.0517578125e-05,0.03333812249513584,0.022225414996757228,cycle_valid,51.461290916667814,0.29680580689673797,0.2657491736197063,0.33749946508631606,icgn_high_residual,False,5,0.7126085323993323,56.26018723519951,0.33749946508631606,0.6762389318503328,0.33749946508631606,0.1,icgn_high_residual,True,line_search,11.12186332428526,0.00032913729689880157,line_search_refined,0.011689597478039883,0.014000721596370705,0.712155700711401,0.00764941551216225,-0.014902082479409273,0.024009976830056345,0.02927566578714595,0.7089196906770607,0.018440909269125245,updated,0,True,filtered,325,measured,0,measurement,insufficient_references,False,0,0,,,,,,,,,,,,-0.7696045290544592,0.8099439518326342,5.579765583601316,2.159102613452979,-2.847255729621745,-21.4707640039018,,,,,,,,,,,0.9352263949473972,0.9896477889076561,0.8745684403104328,0.9999440511067709,0.9626476711386326,0.9925915283344142,0.32132520723873104,0.9012344113647461,0.9970693698928623,,0.712155700711401,HIGH,,,,,,,,,,,,-0.7696045290544592,0.8099439518326342,5.579765583601316,estimated,-0.7696045290544592,0.8099439518326342,5.579765583601316,0.44906535837635136,True,temporal;spatial,flow_3d;spectral;phase;coherence,False,NORMAL,0.05,NONE,,14.143763262616323,10.140195273029715,,,,0.11205698658410235,0.004007965292203153,0.00030517578125,,,False,,,,,,,,,,,,,,,,,,,,,,False,,,,,,,
0,research_full,325,P3,valid,348.0010181354119,353.071752543504,343.40662533425603,353.07037353515625,4.6012351146317245,0.9957119835629208,2.0344999480438566,13.46674872108599,13.65591276735731,0.11968645698668001,0.0002460405812598765,0.4068084397248013,0.7727364002692799,4.593191560275199,5.0,4.593191560275199,4.6012351146317245,343.40662533425603,353.07037353515625,343.3997830207802,353.071752543504,0.9974241883466427,2.0380266105131017,13.490331566243277,0.9957119835629208,2.0344999480438566,13.46674872108599,67.83706667609168,140.3072165125079,917.1432334135403,-0.4068084397248013,,4,primary_icgn_fallback_line_search,,0,0,,4.419900000357302,15.138499999011401,19.79589999973541,70.87809999939054,343.3975524902344,353.0786437988281,0.0006415953394025564,0.01227655325584899,0.00818436883723266,cycle_valid,60.065358387271615,0.3279375717661676,0.2082511147794876,0.20403887592214673,icgn_high_residual,False,4,0.5069517390151593,35.915182818942085,0.20403887592214673,0.398419436628022,0.20403887592214673,0.1,icgn_high_residual,True,line_search,4.588804018305376,0.0005343888414123457,line_search_refined,0.01138542689775054,0.014616964082011186,0.6821783121859096,-0.004517336046660603,-0.005185840923388696,-0.02711330362412312,0.02797195925306342,0.7033355113034186,0.01602487395132314,updated,0,True,filtered,325,measured,0,measurement,insufficient_references,False,0,0,,,,,,,,,,,,0.9957119835629208,2.0344999480438566,13.46674872108599,67.83706667609168,140.3072165125079,917.1432334135403,,,,,,,,,,,0.9445048956198404,0.9601045143377733,0.8399368312211474,0.9998520606798896,0.8643971867583996,0.9972718770542558,0.5171888199855625,0.836632439858902,0.9971375886748455,,0.6821783121859096,HIGH,,,,,,,,,,,,0.9957119835629208,2.0344999480438566,13.46674872108599,estimated,0.9957119835629208,2.0344999480438566,13.46674872108599,0.03533269391494596,True,temporal;spatial,flow_3d;spectral;phase;coherence,False,OCCLUSION,0.65,KALMAN_PREDICT,,67.99276945133832,42.22232395309958,,,,0.4068084397248013,0.001379008347726085,0.0002460405812598765,,,False,,,,,,,,,,,,,,,,,,,,,,False,,,,,,,
0,research_full,326,P1,valid,139.9735382609929,320.0775752295274,119.13019848851309,320.0794372558594,20.838346339238868,-0.9816641736542078,0.25866259536391256,2.973540994407236,3.1420561633263286,0.09395738076704024,0.0001220703125,0.1553449728880878,0.7189264544105566,20.84465502711192,21.0,20.84465502711192,20.838346339238868,119.13019848851309,320.0794372558594,119.13519192175404,320.0775752295274,-0.9813594761563059,0.25859506189372383,2.9726410446605476,-0.9816641736542078,0.25866259536391256,2.973540994407236,-16.327387411406825,4.703234850795046,49.001662471768626,-0.1553449728880807,,4,primary_icgn_fallback_line_search,,0,0,,4.766699999890989,22.275499999523163,27.228200000536162,72.76790000105393,119.14702606201172,320.0727844238281,0.000158757422468625,0.018094955205466876,0.012063303470311251,cycle_valid,92.4767080623452,0.27583487931663214,0.1818774985495919,0.10059857144968375,icgn_high_residual,False,5,0.4807983222746843,27.594152467871773,0.10059857144968375,0.17622470153349115,0.10059857144968375,0.1,icgn_high_residual,True,line_search,20.760220583686113,-0.00016418502203410096,line_search_refined,0.01093886665627768,0.014732677869712336,0.677452174943182,0.00504325530874894,0.007139814568802194,0.02119865678963251,0.022930207715385766,0.7024015278111654,0.01089922055044112,updated,0,True,filtered,326,measured,0,measurement,insufficient_references,False,0,0,,,,,,,,,,,,-0.9816641736542078,0.25866259536391256,2.973540994407236,-16.327387411406825,4.703234850795046,49.001662471768626,,,,,,,,,,,0.9639548876341263,0.9686808730776533,0.8167264581976618,0.9999531953775053,0.9482183423706374,0.9959788988432295,0.542096835928872,0.6686500329678575,0.9980684665573907,,0.677452174943182,HIGH,,,,,,,,,,,,-0.9816641736542078,0.25866259536391256,2.973540994407236,estimated,-0.9816641736542078,0.25866259536391256,2.973540994407236,0.7938159604144904,True,temporal;spatial,flow_3d;spectral;phase;coherence,False,NORMAL,0.05,NONE,,3.2363630420154244,3.694239985379026,,,,0.1553449728880878,0.0018620263319917285,0.0001220703125,,,False,,,,,,,,,,,,,,,,,,,,,,False,,,,,,,
0,research_full,326,P2,valid,238.93009266881066,350.03028430813146,227.83485121842963,350.03277587890625,11.100382209775336,-0.7698878216581809,0.8103457629833133,5.582121040914754,5.692930952413335,0.03515822285767355,0.0001726334885461256,0.09642319563287494,0.7922757275281859,11.096423195632875,11.0,11.096423195632875,11.100382209775336,227.83485121842963,350.03277587890625,227.8297104590353,350.03028430813146,-0.7701496866101344,0.8106619054598849,5.584112646295722,-0.7698878216581809,0.8103457629833133,5.582121040914754,1.8758100097312491,-2.4454445789426904,-19.115306690463463,0.09642319563287494,,4,primary_icgn_fallback_line_search,,0,0,,4.467599999770755,17.599700000573648,22.224899999855552,72.76790000105393,227.8167266845703,350.0226745605469,0.0002813581668306142,0.020749346018974574,0.01383289734598305,cycle_valid,51.680331224516344,0.2958907256119271,0.2607325027542535,0.30057922868438885,icgn_high_residual,False,5,0.7116359222935378,55.769967956426996,0.30057922868438885,0.6651514205881025,0.30057922868438885,0.1,icgn_high_residual,True,line_search,11.11591674788366,0.0003180327873335829,line_search_refined,0.011633245037241263,0.014010237002450347,0.7129929090786745,0.004409346403548398,0.009296587921767241,-0.01358979517830683,0.01704556879901534,0.708677423720088,0.006279235418923579,updated,0,True,filtered,326,measured,0,measurement,insufficient_references,False,0,0,,,,,,,,,,,,-0.7698878216581809,0.8103457629833133,5.582121040914754,1.8758100097312491,-2.4454445789426904,-19.115306690463463,,,,,,,,,,,0.9355009293796466,0.9882805923807755,0.8721550517054225,0.9999243347241039,0.9678589347890417,0.9953890342180056,0.32225150257758306,0.8891030046246686,0.9989199637258762,,0.7129929090786745,HIGH,,,,,,,,,,,,-0.7698878216581809,0.8103457629833133,5.582121040914754,estimated,-0.7698878216581809,0.8103457629833133,5.582121040914754,0.7182888428141259,True,temporal;spatial,flow_3d;spectral;phase;coherence,False,NORMAL,0.05,NONE,,10.888661818498774,0.7269222561211564,,,,0.09642319563287494,0.002491570774793672,0.0001726334885461256,,,False,,,,,,,,,,,,,,,,,,,,,,False,,,,,,,
0,research_full,326,P3,valid,347.9994914381,353.07046075517076,343.4085853557185,353.0700378417969,4.5929820341443826,0.997461161092836,2.038121868332513,13.490946978399364,13.680442971338568,0.12754662486139826,0.0,0.40968398853104215,0.7701421083615831,4.590316011468958,5.0,4.590316011468958,4.5929820341443826,343.4085853557185,353.0700378417969,343.4065094039556,353.07046075517076,0.9980250077508694,2.0392945061448358,13.498782423816955,0.997461161092836,2.038121868332513,13.490946978399364,69.5862442060069,143.92913680116413,941.3414907269147,-0.40968398853104215,,4,primary_icgn_fallback_line_search,,0,0,,4.454699999769218,14.81209999838029,19.407600000704406,72.76790000105393,343.406005859375,353.06146240234375,0.00023834990861359984,0.008954996549436415,0.005969997699624276,cycle_valid,59.93274467515668,0.3332648312535704,0.20571820639217217,0.23658906790452455,icgn_high_residual,False,4,0.5092629657342919,36.28442669183359,0.23658906790452455,0.39856606260518884,0.23658906790452455,0.1,icgn_high_residual,True,line_search,4.587357519120847,0.0005684668449960999,line_search_refined,0.011371841309016832,0.014606309849534635,0.683701806567057,-0.0022223743224003556,-0.0015928116483223675,-0.008994787678011207,0.00940118088052762,0.7036036012343085,0.0018163294863442717,updated,0,True,filtered,326,measured,0,measurement,insufficient_references,False,0,0,,,,,,,,,,,,0.997461161092836,2.038121868332513,13.490946978399364,69.5862442060069,143.92913680116413,941.3414907269147,,,,,,,,,,,0.9443821011134992,0.9574844583795339,0.8379660511438247,0.9999602750152311,0.8634386704896526,0.9980100007667919,0.5149876516816267,0.8591087338541568,0.9986360431405029,,0.683701806567057,HIGH,,,,,,,,,,,,0.997461161092836,2.038121868332513,13.490946978399364,estimated,0.997461161092836,2.038121868332513,13.490946978399364,0.25070938597177583,True,temporal;spatial,flow_3d;spectral;phase;coherence,False,OCCLUSION,0.65,KALMAN_PREDICT,,19.50038374234712,22.11744718447687,,,,0.40968398853104215,0.00042291337388178363,0.0,,,False,,,,,,,,,,,,,,,,,,,,,,False,,,,,,,
0,research_full,327,P1,valid,139.97508997052594,320.0732648289089,119.12430280435167,320.0708312988281,20.847311332935227,-0.9812330689626607,0.2585264771127697,2.9722622790925843,3.140700133841317,0.09718858606568585,0.00015560972678940743,0.14851850259384491,0.7617533042174727,20.851481497406144,21.0,20.851481497406144,20.847311332935227,119.12430280435167,320.0708312988281,119.12777863759072,320.0732648289089,-0.9810328207657818,0.2584607267417688,2.971667845428192,-0.9812330689626607,0.2585264771127697,2.9722622790925843,-15.896282719859766,4.5671165996521985,47.722947157117005,-0.14851850259385557,,4,primary_icgn_fallback_line_search,,0,0,,5.495800000062445,21.60390000062762,27.307699998345925,73.6704999981157,119.12405395507812,320.0812072753906,0.0002157918643206358,0.010378960236290242,0.006919306824193495,cycle_valid,92.233958316503,0.31029631525272516,0.2131077291870393,0.10776037163542915,icgn_high_residual,False,5,0.48875299328788924,27.640471991329072,0.10776037163542915,0.1791485071280942,0.10776037163542915,0.1,icgn_high_residual,True,line_search,20.757047509524362,-0.00018077100826389576,line_search_refined,0.010910732349243071,0.014603318173934161,0.6836524689182638,0.0026668040076742727,-0.009346760558003098,0.014103598948594254,0.017128493215889683,0.7043191254858113,0.0062818736306026884,updated,0,True,filtered,327,measured,0,measurement,insufficient_references,False,0,0,,,,,,,,,,,,-0.9812330689626607,0.2585264771127697,2.9722622790925843,-15.896282719859766,4.5671165996521985,47.722947157117005,,,,,,,,,,,0.9638600208190684,0.9676038046447714,0.8435845876614005,0.999938099734815,0.9504938324687183,0.9976935643919355,0.5345209587734387,0.6906716928732817,0.9983594524009041,,0.6836524689182638,HIGH,,,,,,,,,,,,-0.9812330689626607,0.2585264771127697,2.9722622790925843,estimated,-0.9812330689626607,0.2585264771127697,2.9722622790925843,0.770781794262384,True,temporal;spatial,flow_3d;spectral;phase;coherence,False,NORMAL,0.05,NONE,,0.06579828439704757,9.078678320233916,,,,0.14851850259384491,0.002433530080793389,0.00015560972678940743,,,False,,,,,,,,,,,,,,,,,,,,,,False,,,,,,,
0,research_full,327,P2,valid,238.92521176264134,350.0283848008402,227.84480601572156,350.02734375,11.085060659733955,-0.77100494055113,0.811445182527416,5.589836537427651,5.700803839614406,0.029426564856348078,0.0005223767948336899,0.07801502920031567,0.7920229146657897,11.078015029200307,11.0,11.078015029200307,11.085060659733955,227.84480601572156,350.02734375,227.84015110290738,350.0283848008402,-0.7715212747357237,0.8119499520357508,5.593391680012527,-0.77100494055113,0.811445182527416,5.589836537427651,0.758691116782173,-1.3460250348399372,-11.39981017756675,0.07801502920030678,,4,primary_icgn_fallback_line_search,,0,0,,4.976400003215531,16.869999999471474,21.985200000926852,73.6704999981157,227.83950805664062,350.03204345703125,3.0517578125e-05,0.007082063018840998,0.004721375345893998,cycle_valid,51.61728888644662,0.2946745447424194,0.2652479798860713,0.30506412593256366,icgn_high_residual,False,5,0.7246042071171234,55.64991679445986,0.30506412593256366,0.6677685903559083,0.30506412593256366,0.1,icgn_high_residual,True,line_search,11.093821979030762,0.00029263861230664203,line_search_refined,0.011580961028259527,0.013989137219577747,0.7128445390571224,-0.008938668549717477,-0.003892391112401583,-0.024213972473138057,0.02610300685636616,0.7090262433616074,0.014390525461549415,updated,0,True,filtered,327,measured,0,measurement,insufficient_references,False,0,0,,,,,,,,,,,,-0.77100494055113,0.811445182527416,5.589836537427651,0.758691116782173,-1.3460250348399372,-11.39981017756675,,,,,,,,,,,0.935422153986693,0.990191145047884,0.8743314337487109,0.9999078509378402,0.9739949902665614,0.9984262082180353,0.30990075512654913,0.8907333557119008,0.9972080073096735,,0.7128445390571224,HIGH,,,,,,,,,,,,-0.77100494055113,0.811445182527416,5.589836537427651,estimated,-0.77100494055113,0.811445182527416,5.589836537427651,0.7981995569546321,True,temporal;spatial,flow_3d;spectral;phase;coherence,False,NORMAL,0.05,NONE,,5.469181288904759,1.5482235844960996,,,,0.07801502920031567,0.0010410508401719198,0.0005223767948336899,,,False,,,,,,,,,,,,,,,,,,,,,,False,,,,,,,
0,research_full,327,P3,valid,348.0069374570881,353.0701274663378,343.4262306775752,353.0701904296875,4.585201423887992,0.9993492012008466,2.0415716007404026,13.513839713248851,13.703670209920855,0.11333356408722091,6.823938019806519e-05,0.5835654650029491,0.7768085932692221,4.583565465002949,5.0,4.583565465002949,4.585201423887992,343.4262306775752,353.0701904296875,343.4217360332001,353.0701274663378,0.9997809523719153,2.042301928553004,13.518663051394393,0.9993492012008466,2.0415716007404026,13.513839713248851,71.47428431401748,147.37886920905385,964.2342255764014,-0.41643453499705085,,4,primary_icgn_fallback_line_search,,0,0,,4.736700000648852,15.538400002697017,20.484399999986636,73.6704999981157,343.40850830078125,353.0664978027344,3.0517578125e-05,0.018102986854131514,0.012068657902754342,cycle_valid,59.74351412800693,0.3272453177882564,0.2139117537010355,0.24200785828818455,icgn_high_residual,False,4,0.5147934693493104,36.518347919161506,0.24200785828818455,0.4004390272371496,0.24200785828818455,0.1,icgn_high_residual,True,line_search,4.580563596461406,0.0009290747026540932,line_search_refined,0.011411963221002512,0.014807470198383887,0.6745403556124306,0.010736133518946644,0.00023646635196428178,-0.005466003466805702,0.012049799714990823,0.7007029185075272,0.0032945904582813534,updated,0,True,filtered,327,measured,0,measurement,insufficient_references,False,0,0,,,,,,,,,,,,0.9993492012008466,2.0415716007404026,13.513839713248851,71.47428431401748,147.37886920905385,964.2342255764014,,,,,,,,,,,0.9442059379669012,0.9622221453042596,0.8441725021808749,0.9999835405069462,0.8054781783323502,0.9959771140324152,0.5097205053816092,0.8622634257866132,0.9988236213338336,,0.6745403556124306,HIGH,,,,,,,,,,,,0.9993492012008466,2.0415716007404026,13.513839713248851,estimated,0.9993492012008466,2.0415716007404026,13.513839713248851,0.6365306730052668,True,temporal;spatial,flow_3d;spectral;phase;coherence,False,NORMAL,0.05,NONE,,1.324130048594318,15.427092885281489,,,,0.5835654650029491,6.296334970556927e-05,6.823938019806519e-05,,,False,,,,,,,,,,,,,,,,,,,,,,False,,,,,,,
0,research_full,328,P1,valid,139.9751557765143,320.0793117062614,119.11929903463513,320.0813293457031,20.853927387121754,-0.9809213861171378,0.25847935719411164,2.971319308114984,3.1397064790541096,0.09497555464375415,0.00015560972678940743,0.1442013783851337,0.7149412810072507,20.85579862161487,21.0,20.85579862161487,20.853927387121754,119.11929903463513,320.0813293457031,119.12122838939254,320.0793117062614,-0.9808337108029722,0.25846780949329,2.971052713903931,-0.9809213861171378,0.25847935719411164,2.971319308114984,-15.584599874336803,4.5199966809941206,46.77997617951668,-0.14420137838513014,,4,primary_icgn_fallback_line_search,,0,0,,4.625499997928273,19.80840000032913,24.582500001997687,71.2734000007913,119.12692260742188,320.07501220703125,0.00017859954095911235,0.009900762750134013,0.006600508500089342,cycle_valid,92.21872450524916,0.2763831510978668,0.18140759645411267,0.10143403601006738,icgn_high_residual,False,5,0.4856522360723687,27.450441957741056,0.10143403601006738,0.17356809109342097,0.10143403601006738,0.1,icgn_high_residual,True,line_search,20.76374941559847,-0.00016981935534961563,line_search_refined,0.010908776878680028,0.014723246004078434,0.6784778650071694,-0.00022311205168534798,0.007745313632995021,0.0062782703528441175,0.009972779997797363,0.7019506348161518,0.002231657637917798,updated,0,True,filtered,328,measured,0,measurement,insufficient_references,False,0,0,,,,,,,,,,,,-0.9809213861171378,0.25847935719411164,2.971319308114984,-15.584599874336803,4.5199966809941206,46.77997617951668,,,,,,,,,,,0.9638540507774688,0.9683414817854152,0.8162517227233919,0.9999442984553752,0.9519328738716221,0.9977998304999702,0.5374740608834583,0.6713792071723836,0.9989396514822476,,0.6784778650071694,HIGH,,,,,,,,,,,,-0.9809213861171378,0.25847935719411164,2.971319308114984,estimated,-0.9809213861171378,0.25847935719411164,2.971319308114984,0.8444903513208774,True,temporal;spatial,flow_3d;spectral;phase;coherence,False,NORMAL,0.05,NONE,,0.36729625692984474,5.070536925651648,,,,0.1442013783851337,0.0020176394417035226,0.00015560972678940743,,,False,,,,,,,,,,,,,,,,,,,,,,False,,,,,,,
0,research_full,328,P2,valid,238.93571505641444,350.0272912841991,227.83649466178252,350.0268859863281,11.096863536692874,-0.7700709620968076,0.810570250520936,5.583891059892168,5.694723240548039,0.03148200339883292,0.00023688010696787387,0.10323312142060814,0.7921216418920469,11.103233121420608,11.0,11.103233121420608,11.096863536692874,227.83649466178252,350.0268859863281,227.83885151972157,350.0272912841991,-0.7695856984093262,0.8101008578083636,5.580687752636751,-0.7700709620968076,0.810570250520936,5.583891059892168,1.692669571104588,-2.220957041319971,-17.34528771304955,0.10323312142060814,,4,primary_icgn_fallback_line_search,,0,0,,4.241800001182128,17.274400001042522,21.683800001483178,71.2734000007913,227.83816528320312,350.02301025390625,0.00010235906665911898,0.004220459422497044,0.0028136396149980292,cycle_valid,51.665854902470045,0.2946810800410012,0.26319907664216824,0.27600427604801964,icgn_high_residual,False,5,0.7114157130625488,56.13339740026387,0.27600427604801964,0.6544200158181136,0.27600427604801964,0.1,icgn_high_residual,True,line_search,11.117503900185092,0.0003084079292740841,line_search_refined,0.01156698945829921,0.014020117624757798,0.7116424034575104,0.01499799784576794,-0.0015148443728776328,0.02184829656656362,0.026543977767399793,0.7084630965014289,0.015182126865642765,updated,0,True,filtered,328,measured,0,measurement,insufficient_references,False,0,0,,,,,,,,,,,,-0.7700709620968076,0.810570250520936,5.583891059892168,1.692669571104588,-2.220957041319971,-17.34528771304955,,,,,,,,,,,0.9354828573024546,0.9895059988670557,0.873353152455578,0.9999434601377288,0.965588959526464,0.999062120128334,0.32246122565471536,0.8792289242376304,0.9977310203239641,,0.7116424034575104,HIGH,,,,,,,,,,,,-0.7700709620968076,0.810570250520936,5.583891059892168,estimated,-0.7700709620968076,0.810570250520936,5.583891059892168,0.676899258823478,True,temporal;spatial,flow_3d;spectral;phase;coherence,False,NORMAL,0.05,NONE,,13.9544715530098,0.6222956087995044,,,,0.10323312142060814,0.0004052978709978561,0.00023688010696787387,,,False,,,,,,,,,,,,,,,,,,,,,,False,,,,,,,
0,research_full,328,P3,valid,348.00555516940295,353.06848578358967,343.41332029100744,353.06805419921875,4.587709480059182,0.9987666025711845,2.040412424061742,13.506451828458715,13.696169485704859,0.12967104491446924,9.1552734375e-05,0.4090478300699578,0.7700908621953539,4.590952169930042,5.0,4.590952169930042,4.587709480059182,343.41332029100744,353.06805419921875,343.4178456893438,353.06848578358967,0.9980275239675834,2.0389599216031535,13.496911926295878,0.9987666025711845,2.040412424061742,13.506451828458715,70.89168568435544,146.21969253039336,956.8463407862655,-0.4090478300699578,,4,primary_icgn_fallback_line_search,,0,0,,4.364100001112092,15.901300001132768,20.484500000748085,71.2734000007913,343.4262390136719,353.0773010253906,0.00015560972678940743,0.01588701323514041,0.010591342156760273,cycle_valid,59.934430168957284,0.33365913503755057,0.20398809012308133,0.1905622887162894,icgn_high_residual,False,4,0.5131348841973834,36.220802266244334,0.1905622887162894,0.39440101163495517,0.1905622887162894,0.1,icgn_high_residual,True,line_search,4.582183778025681,0.0009053242403011946,line_search_refined,0.011399575900049704,0.014700311849115019,0.6797688547748852,-0.004825371196375272,-0.0016235604957728356,0.010927582154410587,0.012055380857012979,0.7032564180218336,0.0030149069415665165,updated,0,True,filtered,328,measured,0,measurement,insufficient_references,False,0,0,,,,,,,,,,,,0.9987666025711845,2.040412424061742,13.506451828458715,70.89168568435544,146.21969253039336,956.8463407862655,,,,,,,,,,,0.9443836652165283,0.9567763183618436,0.8365917671310084,0.9999588062564726,0.863650723310014,0.9964695526144133,0.5113001102882062,0.8250790670185524,0.999281415050659,,0.6797688547748852,HIGH,,,,,,,,,,,,0.9987666025711845,2.040412424061742,13.506451828458715,estimated,0.9987666025711845,2.040412424061742,13.506451828458715,0.5102668555030325,True,temporal;spatial,flow_3d;spectral;phase;coherence,False,NORMAL,0.05,NONE,,30.728846781155116,1.7207768823409508,,,,0.4090478300699578,0.0004315843709150613,9.1552734375e-05,,,False,,,,,,,,,,,,,,,,,,,,,,False,,,,,,,
0,research_full,329,P1,valid,139.97335237440493,320.0832538253083,119.11988248458357,320.0838623046875,20.854181047960058,-0.9809198627994333,0.2584989647400962,2.971283166329083,3.1396734139901783,0.0833683984679528,0.00036906087188981473,0.14722623458357376,0.7534141317315314,20.852773765416426,21.0,20.852773765416426,20.854181047960058,119.11988248458357,320.0838623046875,119.11917132644487,320.0832538253083,-0.9809900796218558,0.2585199219720681,2.9714836880908018,-0.9809198627994333,0.2584989647400962,2.971283166329083,-15.583076556632381,4.539604226978689,46.743834393615735,-0.14722623458357376,,4,primary_icgn_fallback_line_search,,0,0,,5.1514000006136484,17.900899998494424,23.23450000039884,64.26849999843398,119.1171646118164,320.0867004394531,0.0001726334885461256,0.003929610836500317,0.002619740557666878,cycle_valid,91.99289787074432,0.27742526144317214,0.19405686297521935,0.13282268472963318,icgn_high_residual,False,5,0.4853931124098665,27.522837710247614,0.13282268472963318,0.1802796576278601,0.13282268472963318,0.1,icgn_high_residual,True,line_search,20.763743956888867,-0.0002070458796848484,line_search_refined,0.010888059265597723,0.014535406088080167,0.6878760742044093,-0.0026758093278829165,0.002338913543610488,-0.004773381794599629,0.005951104593324249,0.7051812312136834,0.0007639343683265086,updated,0,True,filtered,329,measured,0,measurement,insufficient_references,False,0,0,,,,,,,,,,,,-0.9809198627994333,0.2584989647400962,2.971283166329083,-15.583076556632381,4.539604226978689,46.743834393615735,,,,,,,,,,,0.9637653187312691,0.9722105338440157,0.828229041620703,0.999909717606594,0.9509245884721421,0.9991267531474444,0.5377208453239366,0.7490388528045122,0.9998558076835455,,0.6878760742044093,HIGH,,,,,,,,,,,,-0.9809198627994333,0.2584989647400962,2.971283166329083,estimated,-0.9809198627994333,0.2584989647400962,2.971283166329083,0.7726742457970538,True,temporal;spatial,flow_3d;spectral;phase;coherence,False,NORMAL,0.05,NONE,,0.9607240343370554,7.478793289646683,,,,0.14722623458357376,0.0006084793791956145,0.00036906087188981473,,,False,,,,,,,,,,,,,,,,,,,,,,False,,,,,,,
0,research_full,329,P2,valid,238.93575203096955,350.03566953716603,227.85885775344096,350.03887939453125,11.082265398730605,-0.7710849381711136,0.811728967201493,5.5912464524157865,5.702237524842373,0.031461574471934615,0.0002899169921875,0.07575833542622945,0.7926083486257506,11.075758335426228,11.0,11.075758335426228,11.082265398730605,227.85885775344096,350.03887939453125,227.85348663223894,350.03566953716603,-0.771550298467276,0.8122407428728683,5.594531337614109,-0.7710849381711136,0.811728967201493,5.5912464524157865,0.6786934967986102,-1.0622403607629671,-9.989895189431053,0.07575833542622767,,4,primary_icgn_fallback_line_search,,0,0,,4.542999995464925,14.48299999901792,19.13540000168723,64.26849999843398,227.83843994140625,350.02838134765625,0.00028790225042030215,0.02295857217847761,0.015305714785651741,cycle_valid,51.72420465748066,0.2927407822164928,0.2612792077445582,0.3507132287142611,icgn_high_residual,False,4,0.7016467423555376,56.639382245368395,0.3507132287142611,0.6427122396386593,0.3507132287142611,0.1,icgn_high_residual,True,line_search,11.091331594648116,0.0009367770548345334,line_search_refined,0.01164138805632717,0.013951913499767233,0.7148591673237316,-0.0042242007717447905,0.011936419938251674,-0.022409140581610032,0.025738911684619902,0.7096245935590217,0.014154842390142306,updated,0,True,filtered,329,measured,0,measurement,insufficient_references,False,0,0,,,,,,,,,,,,-0.7710849381711136,0.811728967201493,5.5912464524157865,0.6786934967986102,-1.0622403607629671,-9.989895189431053,,,,,,,,,,,0.9355556386916576,0.9895128085093551,0.8724225566164379,0.9999036967928987,0.9747472215245901,0.9948980950714494,0.33176500728044045,0.904955585919768,0.9973653267016332,,0.7148591673237316,HIGH,,,,,,,,,,,,-0.7710849381711136,0.811728967201493,5.5912464524157865,estimated,-0.7710849381711136,0.811728967201493,5.5912464524157865,0.669262248772087,True,temporal;spatial,flow_3d;spectral;phase;coherence,False,NORMAL,0.05,NONE,,13.5957124917003,1.015499392010497,,,,0.07575833542622945,0.003209857365220614,0.0002899169921875,,,False,,,,,,,,,,,,,,,,,,,,,,False,,,,,,,
0,research_full,329,P3,valid,348.00635671419707,353.068975776057,343.4261991786918,353.0694580078125,4.581542080958549,1.0001321394213751,2.043171977945385,13.524633409548144,13.714609906608015,0.1304339975612441,8.63167442730628e-05,0.4199125575980247,0.7686431153313188,4.580087442401994,5.0,4.580087442401994,4.581542080958549,343.4261991786918,353.0694580078125,343.4248146332385,353.068975776057,1.0004479400533404,2.0438335629489375,13.52892884134245,1.0001321394213751,2.043171977945385,13.524633409548144,72.25722253454603,148.97924641403648,975.0279218756948,-0.41991255759800605,,4,primary_icgn_fallback_line_search,,0,0,,4.432800000358839,13.873799998691538,18.431000000418862,64.26849999843398,343.4188232421875,353.0659484863281,0.004526899661868811,0.008168303395710877,0.005445535597140585,cycle_valid,59.64180354877938,0.33075413359198835,0.20032013603074425,0.21414376956573886,icgn_high_residual,False,4,0.5098393839625971,35.94763761165837,0.21414376956573886,0.3995205059809812,0.21414376956573886,0.1,icgn_high_residual,True,line_search,4.572170111346305,0.0008480769992888882,line_search_refined,0.011397080355740453,0.014665606034719876,0.6812181485404206,-0.0002636671403593027,0.0018139968407240303,-0.00490271970931655,0.005234191957425995,0.7032996698157951,0.0005646615961003921,updated,0,True,filtered,329,measured,0,measurement,insufficient_references,False,0,0,,,,,,,,,,,,1.0001321394213751,2.043171977945385,13.524633409548144,72.25722253454603,148.97924641403648,975.0279218756948,,,,,,,,,,,0.9441107891613791,0.9565220008129186,0.8335996870119063,0.9992311305989764,0.8600291474673251,0.9981848214676198,0.5144386819403837,0.8443413347914355,0.9990476990195093,,0.6812181485404206,HIGH,,,,,,,,,,,,1.0001321394213751,2.043171977945385,13.524633409548144,estimated,1.0001321394213751,2.043171977945385,13.524633409548144,0.32838935431357974,True,temporal;spatial,flow_3d;spectral;phase;coherence,False,NORMAL,0.05,NONE,,25.94126570609189,11.028579760335921,,,,0.4199125575980247,0.0004822317554840083,8.63167442730628e-05,,,False,,,,,,,,,,,,,,,,,,,,,,False,,,,,,,
0,research_full,330,P1,valid,139.97613339955527,320.0787389491922,119.11657474052683,320.076171875,20.859520000691194,-0.9806527519889956,0.2584067519264683,2.9705226723016405,3.138862662825957,0.08856885860564533,0.00030517578125,0.13929507744089165,0.7371485390650518,20.860704922559115,21.0,20.860704922559115,20.859520000691194,119.11657474052683,320.076171875,119.11661339886408,320.0787389491922,-0.9805904358383665,0.25837726300819214,2.970353941796769,-0.9806527519889956,0.2584067519264683,2.9705226723016405,-15.31596574619465,4.447391413350765,45.98334036617313,-0.13929507744088454,,4,primary_icgn_fallback_line_search,,0,0,,5.2374999977473635,19.85239999703481,25.245799999538576,67.98179999896092,119.11827087402344,320.0794677734375,7.514082244597375e-05,0.003706725691042139,0.0024711504606947593,cycle_valid,92.23982307031878,0.2774969249797741,0.18892806637412873,0.1058660869427963,icgn_high_residual,False,5,0.491405605247742,27.762926117313743,0.1058660869427963,0.18247391984101954,0.1058660869427963,0.1,icgn_high_residual,True,line_search,20.744869759117524,-0.00022666663412532727,line_search_refined,0.010884032838036363,0.014668553324157037,0.6811747730068084,0.004405165363067454,-0.009865433221364128,0.003981123374877882,0.011514408271690008,0.7023649466883065,0.0031123592353341045,updated,0,True,filtered,330,measured,0,measurement,insufficient_references,False,0,0,,,,,,,,,,,,-0.9806527519889956,0.2584067519264683,2.9705226723016405,-15.31596574619465,4.447391413350765,45.98334036617313,,,,,,,,,,,0.9638623186560953,0.9704770471314516,0.8235660059775115,0.999936613899384,0.9535683075197028,0.9991762831797684,0.5319946616688171,0.6851368148579566,0.9991848480920934,,0.6811747730068084,HIGH,,,,,,,,,,,,-0.9806527519889956,0.2584067519264683,2.9705226723016405,estimated,-0.9806527519889956,0.2584067519264683,2.9705226723016405,0.9056110058037015,True,temporal;spatial,flow_3d;spectral;phase;coherence,False,NORMAL,0.05,NONE,,0.7795682644560542,2.229835217712116,,,,0.13929507744089165,0.002567074192199925,0.00030517578125,,,False,,,,,,,,,,,,,,,,,,,,,,False,,,,,,,
0,research_full,330,P2,valid,238.93311444020688,350.0382919258223,227.8589846640549,350.038330078125,11.074158834983542,-0.771678058095214,0.8123516743585968,5.595339385925902,5.706419640358783,0.02363997693436105,9.650505671743304e-05,0.07239656153103624,0.7941047881930328,11.072396561531026,11.0,11.072396561531026,11.074158834983542,227.8589846640549,350.038330078125,227.85895560522334,350.0382919258223,-0.771819717935699,0.812481382296273,5.596229935501403,-0.771678058095214,0.8123516743585968,5.595339385925902,0.08557357269822763,-0.4395332036591926,-5.896961679315638,0.07239656153102558,,4,primary_icgn_fallback_line_search,,0,0,,4.371400002128212,16.221100002439925,20.81449999968754,67.98179999896092,227.8553924560547,350.0403137207031,0.0003286843711975962,0.004103510228395944,0.002735673485597296,cycle_valid,51.323546384640515,0.2886584677156819,0.26501849078132084,0.287944471945678,icgn_high_residual,False,4,0.7039991922416827,56.500878967995476,0.287944471945678,0.6319489200622782,0.287944471945678,0.1,icgn_high_residual,True,line_search,11.087578494490085,0.0009213249636575853,line_search_refined,0.011577278727586977,0.013965470013890377,0.7151690239813547,-0.0064817239520778,0.00014267863389250124,-0.006057544367372714,0.00887282065333214,0.7090779124939894,0.001735226864472889,updated,0,True,filtered,330,measured,0,measurement,insufficient_references,False,0,0,,,,,,,,,,,,-0.771678058095214,0.8123516743585968,5.595339385925902,0.08557357269822763,-0.4395332036591926,-5.896961679315638,,,,,,,,,,,0.9350525525194242,0.9921200076885464,0.8742226127880328,0.9999291350953475,0.975867812822988,0.9990881088381343,0.3295245788174449,0.8842369394762272,0.9987671559274859,,0.7151690239813547,HIGH,,,,,,,,,,,,-0.771678058095214,0.8123516743585968,5.595339385925902,estimated,-0.771678058095214,0.8123516743585968,5.595339385925902,0.8157499789843212,True,temporal;spatial,flow_3d;spectral;phase;coherence,False,NORMAL,0.05,NONE,,3.3328763738225144,2.7816093416443084,,,,0.07239656153103624,3.815230269310632e-05,9.650505671743304e-05,,,False,,,,,,,,,,,,,,,,,,,,,,False,,,,,,,
0,research_full,330,P3,valid,348.0066422164087,353.07534185758544,343.42393520159715,353.0777893066406,4.581063442118448,1.000244136244219,2.0435527083303686,13.526046490796576,13.716068302360034,0.13446585194990107,9.1552734375e-05,0.41752651019089626,0.7435545363280748,4.582473489809129,5.0,4.582473489809129,4.581063442118448,343.42393520159715,353.0777893066406,343.4255787742903,353.07534185758544,0.9999302231293049,2.042988179848352,13.521884465492818,1.000244136244219,2.0435527083303686,13.526046490796576,72.36921935738982,149.3599767990199,976.4410031241262,-0.4175265101908714,,4,primary_icgn_fallback_line_search,,0,0,,4.429300002811942,13.95549999870127,18.57870000094408,67.98179999896092,343.4237976074219,353.068603515625,0.00035589304752647877,0.009186821470987969,0.006124547647325312,cycle_valid,59.755128346483076,0.32535011722556173,0.19088426527566066,0.25631945119019556,icgn_high_residual,False,4,0.5053984663487595,36.24787017837446,0.25631945119019556,0.3996564774126683,0.25631945119019556,0.1,icgn_high_residual,True,line_search,4.579790422401029,0.0008024537776676695,line_search_refined,0.011377781739629618,0.014643992391676306,0.6827943868908801,-0.0008794704862111757,0.009217253776796497,0.004753622723385753,0.010408081692525054,0.7033740848335255,0.002458472647808119,updated,0,True,filtered,330,measured,0,measurement,insufficient_references,False,0,0,,,,,,,,,,,,1.000244136244219,2.0435527083303686,13.526046490796576,72.36921935738982,149.3599767990199,976.4410031241262,,,,,,,,,,,0.9442167822984934,0.955178049350033,0.8253741172160217,0.9999254257030165,0.8608244966030346,0.9979584841175583,0.5186681272868956,0.869953945443652,0.9998835806709336,,0.6827943868908801,HIGH,,,,,,,,,,,,1.000244136244219,2.0435527083303686,13.526046490796576,estimated,1.000244136244219,2.0435527083303686,13.526046490796576,0.6611646993998646,True,temporal;spatial,flow_3d;spectral;phase;coherence,False,NORMAL,0.05,NONE,,16.982719180258105,0.0,,,,0.41752651019089626,0.00244744905518246,9.1552734375e-05,,,False,,,,,,,,,,,,,,,,,,,,,,False,,,,,,,
0,research_full,331,P1,valid,139.97743053569744,320.0797357703421,119.1186383533671,320.0799560546875,20.86025189283754,-0.9806108611858007,0.25840343698506024,2.970418450059955,3.1387506695782377,0.07844734058118386,0.0001678466796875,0.8590380382344733,0.7713553772287921,20.859038038234456,21.0,20.859038038234456,20.86025189283754,119.1186383533671,320.0799560546875,119.1171786428599,320.0797357703421,-0.9806665074860098,0.2584197453677919,2.970591308276239,-0.9806108611858007,0.25840343698506024,2.970418450059955,-15.274074942999704,4.444076471942726,45.879118124487746,-0.14096196176554443,,4,primary_icgn_fallback_line_search,,0,0,,4.8773999988043215,20.343999996839557,25.337899998703506,71.0094999994908,119.12163543701172,320.0724792480469,0.000185787896043621,0.008055131775093134,0.005370087850062089,cycle_valid,92.60714217181517,0.2812900399117166,0.20284269933053273,0.1023920784152088,icgn_high_residual,False,5,0.48958045376654835,27.862405839941683,0.1023920784152088,0.18110130623062232,0.1023920784152088,0.1,icgn_high_residual,True,line_search,20.758765888740122,-0.00017822420541687784,line_search_refined,0.010897852956275536,0.015569976095957267,0.6422230518178208,0.0009438315598799818,0.0008456633086666443,-0.003920192955170876,0.004119936559077319,0.6903584550647769,0.00034400982471974724,updated,0,True,filtered,331,measured,0,measurement,insufficient_references,False,0,0,,,,,,,,,,,,-0.9806108611858007,0.25840343698506024,2.970418450059955,-15.274074942999704,4.444076471942726,45.879118124487746,,,,,,,,,,,0.9640056559876455,0.9738508864729387,0.8356690507307015,0.9999410609040448,0.7136539872551755,0.998209970716646,0.5337329011747158,0.6744539826785841,0.9999397565076197,,0.6422230518178208,HIGH,,,,,,,,,,,,-0.9806108611858007,0.25840343698506024,2.970418450059955,estimated,-0.9806108611858007,0.25840343698506024,2.970418450059955,0.9695617928193104,True,temporal;spatial,flow_3d;spectral;phase;coherence,False,NORMAL,0.05,NONE,,0.6995137883764104,0.23146924460502305,,,,0.8590380382344733,0.000220284345402888,0.0001678466796875,,,False,,,,,,,,,,,,,,,,,,,,,,False,,,,,,,
0,research_full,331,P2,valid,238.92872859836683,350.03459849667115,227.8535092137289,350.0323181152344,11.072122798332646,-0.7718676365366239,0.8124609076292642,5.596368304794619,5.707469717630414,0.024346709980347703,0.0005627163336612284,0.07341644545078907,0.7939409893839813,11.073416445450787,11.0,11.073416445450787,11.072122798332646,227.8535092137289,350.0323181152344,227.85660580003417,350.03459849667115,-0.7717970597398505,0.8123412065618718,5.595714511472096,-0.7718676365366239,0.8124609076292642,5.596368304794619,-0.10400486871176007,-0.3302999329918288,-4.868042810598716,0.0734164454507873,,4,primary_icgn_fallback_line_search,,0,0,,4.116200001590187,16.36290000169538,20.627699999749893,71.0094999994908,227.85162353515625,350.0362548828125,0.000152587890625,0.004365079912615759,0.0029100532750771725,cycle_valid,51.96085647709182,0.2893644133274784,0.2650177033471307,0.31421796057938817,icgn_high_residual,False,4,0.7037906366330758,57.172006115206194,0.31421796057938817,0.6327261135422048,0.31421796057938817,0.1,icgn_high_residual,True,line_search,11.067475795682961,0.0007096503991742538,line_search_refined,0.011560657344049586,0.01394876020232615,0.7168430678500893,-0.006740904691724836,-0.008525985810138081,0.004451080854982692,0.01174497130159062,0.7093633748099218,0.0031458631917741825,updated,0,True,filtered,331,measured,0,measurement,insufficient_references,False,0,0,,,,,,,,,,,,-0.7718676365366239,0.8124609076292642,5.596368304794619,-0.10400486871176007,-0.3302999329918288,-4.868042810598716,,,,,,,,,,,0.9358491456967628,0.9918844300065508,0.8742222390718102,0.9998807826292856,0.9755278515164036,0.999029982241641,0.3297232032065943,0.8939165244664251,0.999907205614071,,0.7168430678500893,HIGH,,,,,,,,,,,,-0.7718676365366239,0.8124609076292642,5.596368304794619,estimated,-0.7718676365366239,0.8124609076292642,5.596368304794619,0.8692037896874256,True,temporal;spatial,flow_3d;spectral;phase;coherence,False,NORMAL,0.05,NONE,,3.132840066618616,1.1387167672974847,,,,0.07341644545078907,0.0022803814367762243,0.0005627163336612284,,,False,,,,,,,,,,,,,,,,,,,,,,False,,,,,,,
0,research_full,331,P3,valid,348.0044216887462,353.0813197503257,343.4079066283373,353.08282470703125,4.59036389101769,0.9981593390731414,2.0395690436364586,13.498641625478038,13.688297545094038,0.12886964510551072,6.823938019806519e-05,0.40454969474353675,0.7700758084462694,4.595450305256488,5.0,4.595450305256488,4.59036389101769,343.4079066283373,353.08282470703125,343.4140577977285,353.0813197503257,0.997026652766788,2.0373509890761032,13.48370083003744,0.9981593390731414,2.0395690436364586,13.498641625478038,70.28442218631226,145.37631210510992,949.0361378055887,-0.4045496947435119,,4,primary_icgn_fallback_line_search,,0,0,,4.802599996764911,16.765200001827907,21.737800001574215,71.0094999994908,343.4211730957031,353.0849609375,0.0004766998172271997,0.013437359747527309,0.008958239831684872,cycle_valid,59.8525520179488,0.32908695396764487,0.20021730886213415,0.20461767269230877,icgn_high_residual,False,4,0.5059323471327879,35.69930154318166,0.20461767269230877,0.39966266001403017,0.20461767269230877,0.1,icgn_high_residual,True,line_search,4.590868343209864,0.000612306480746971,line_search_refined,0.01139309216215859,0.014645142379628103,0.6815934132350451,-0.004004255176255356,0.005659733755862817,0.017139203239426415,0.018488345880207504,0.7032292477226979,0.007074466356006933,updated,0,True,filtered,331,measured,0,measurement,insufficient_references,False,0,0,,,,,,,,,,,,0.9981593390731414,2.0395690436364586,13.498641625478038,70.28442218631226,145.37631210510992,949.0361378055887,,,,,,,,,,,0.9443075822007769,0.9570434516314964,0.8335142275022484,0.9999091768004291,0.8651501017521545,0.997013920056105,0.5181596693973449,0.8370945534921712,0.9982032581843927,,0.6815934132350451,HIGH,,,,,,,,,,,,0.9981593390731414,2.0395690436364586,13.498641625478038,estimated,0.9981593390731414,2.0395690436364586,13.498641625478038,0.1503573928440149,True,temporal;spatial,flow_3d;spectral;phase;coherence,False,OCCLUSION,0.65,KALMAN_PREDICT,,29.22923010606139,27.65429714520394,,,,0.40454969474353675,0.0015049567055598345,6.823938019806519e-05,,,False,,,,,,,,,,,,,,,,,,,,,,False,,,,,,,
0,research_full,332,P1,valid,139.9735971664726,320.07792795690165,119.10622654421516,320.07708740234375,20.864839464511558,-0.9804173659940811,0.2583361932841401,2.96976534139048,3.1380665995525696,0.08875564142296219,9.770392352947965e-05,0.8657278014879672,0.7636814941070326,20.865727801487967,21.0,20.865727801487967,20.864839464511558,119.10622654421516,320.07708740234375,119.10875770196103,320.07792795690165,-0.9803851018694162,0.2583203463878631,2.969638906674705,-0.9804173659940811,0.2583361932841401,2.96976534139048,-15.080579751280187,4.376832771022576,45.22600945501276,-0.13427219851203276,,4,primary_icgn_fallback_line_search,,0,0,,4.412199999933364,17.631200000323588,22.26709999740706,67.52050000068266,119.11479187011719,320.0792236328125,0.00034332275390625,0.008827700064203393,0.005885133376135596,cycle_valid,92.32403373134174,0.2879077522543431,0.19915211083138093,0.09375662828388086,icgn_high_residual,False,5,0.48528804875590287,27.640266246581263,0.09375662828388086,0.17787888014782652,0.09375662828388086,0.1,icgn_high_residual,True,line_search,20.75978110141171,-0.00019230534582265302,line_search_refined,0.010904029199656566,0.015640016472374715,0.638948013509242,-0.0063060403819577004,-0.00322650594875995,0.002903968010436131,0.0076556852170070935,0.6940954675752037,0.0013637422537079833,updated,0,True,filtered,332,measured,0,measurement,insufficient_references,False,0,0,,,,,,,,,,,,-0.9804173659940811,0.2583361932841401,2.96976534139048,-15.080579751280187,4.376832771022576,45.22600945501276,,,,,,,,,,,0.9638952805828094,0.9704147861923459,0.8326237507893844,0.9999264955537607,0.7114240661706777,0.9980382888746214,0.5378209059467591,0.6444695810475922,0.9993157456275646,,0.638948013509242,HIGH,,,,,,,,,,,,-0.9804173659940811,0.2583361932841401,2.96976534139048,estimated,-0.9804173659940811,0.2583361932841401,2.96976534139048,0.8836608959429249,True,temporal;spatial,flow_3d;spectral;phase;coherence,False,NORMAL,0.05,NONE,,0.5730157829625537,3.257377703607573,,,,0.8657278014879672,0.0008405545578966667,9.770392352947965e-05,,,False,,,,,,,,,,,,,,,,,,,,,,False,,,,,,,
0,research_full,332,P2,valid,238.9351694981005,350.04154729297073,227.85323529960093,350.0439147949219,11.079810769318884,-0.7712620928424753,0.8119726472198715,5.5924851412594885,5.70351074785497,0.028633168463815764,0.0002200653834734112,0.08469194649282663,0.792816173809619,11.084691946492827,11.0,11.084691946492827,11.079810769318884,227.85323529960093,350.0439147949219,227.8553587287816,350.04154729297073,-0.7708925215577191,0.811640799057969,5.590022473740274,-0.7712620928424753,0.8119726472198715,5.5924851412594885,0.5015388254369091,-0.8185603423844778,-8.751206345729123,0.08469194649282663,,4,primary_icgn_fallback_line_search,,0,0,,4.577300001983531,15.470900001673726,20.155499998509185,67.52050000068266,227.85044860839844,350.0260009765625,0.00026995554799214005,0.01812927290518577,0.012086181936790513,cycle_valid,51.81428669768626,0.2837457280495056,0.25511255958568985,0.3095447570019227,icgn_high_residual,False,4,0.7024571523300743,57.41859579818076,0.3095447570019227,0.6343101605876109,0.3095447570019227,0.1,icgn_high_residual,True,line_search,11.081709696140749,0.0008429554885785015,line_search_refined,0.011618942904498568,0.013999867960440376,0.7131710762566453,0.010267996784307343,0.008814983269189725,0.016746539281522033,0.021530960635935435,0.7085262159610608,0.010072091003264207,updated,0,True,filtered,332,measured,0,measurement,insufficient_references,False,0,0,,,,,,,,,,,,-0.7712620928424753,0.8119726472198715,5.5924851412594885,0.5015388254369091,-0.8185603423844778,-8.751206345729123,,,,,,,,,,,0.935667678824146,0.9904556105120614,0.8693387209651001,0.9999183298447557,0.9717693511690578,0.9959712726877364,0.330993188257072,0.8923149800494722,0.998430090079819,,0.7131710762566453,HIGH,,,,,,,,,,,,-0.7712620928424753,0.8119726472198715,5.5924851412594885,estimated,-0.7712620928424753,0.8119726472198715,5.5924851412594885,0.8444367893361885,True,temporal;spatial,flow_3d;spectral;phase;coherence,False,NORMAL,0.05,NONE,,5.011763307495035,0.4120485024292293,,,,0.08469194649282663,0.0023675019511415485,0.0002200653834734112,,,False,,,,,,,,,,,,,,,,,,,,,,False,,,,,,,
0,research_full,332,P3,valid,348.0046049106508,353.0758067169776,343.4033443757011,353.0726623535156,4.598461742981259,0.9964063845418543,2.0358330843985466,13.474870632545622,13.664171419977428,0.14402398879124803,0.000152587890625,0.39858363351362414,0.7050182488674275,4.601416366486389,5.0,4.601416366486389,4.598461742981259,343.4033443757011,353.0726623535156,343.40614316766954,353.0758067169776,0.9957706563386939,2.034443605824031,13.466218259813287,0.9964063845418543,2.0358330843985466,13.474870632545622,68.53146765502515,141.6403528671979,925.2651448731726,-0.3985836335136108,,4,primary_icgn_fallback_line_search,,0,0,,4.7174000028462615,16.463100000692066,21.47569999942789,67.52050000068266,343.406494140625,353.07843017578125,0.000244140625,0.00657181807139533,0.004381212047596886,cycle_valid,59.68139574456399,0.3227305293820381,0.17870654059079008,0.25012577374181605,icgn_high_residual,False,4,0.5055048631668122,36.11120583498044,0.25012577374181605,0.40526162974178936,0.25012577374181605,0.1,icgn_high_residual,True,line_search,4.5932893105922865,0.0006195551344030563,line_search_refined,0.011368722139268704,0.014663238307710259,0.6810360532401657,0.0005871448725542905,-0.011847389322383606,0.009947187897522802,0.015480695072448135,0.7029689661471343,0.0052891468094618185,updated,0,True,filtered,332,measured,0,measurement,insufficient_references,False,0,0,,,,,,,,,,,,0.9964063845418543,2.0358330843985466,13.474870632545622,68.53146765502515,141.6403528671979,925.2651448731726,,,,,,,,,,,0.9441478656497918,0.9519920037362507,0.8134744636478559,0.9999338785807291,0.8671387888287919,0.9985395959841343,0.5185667969839884,0.8667337122653319,0.9986193944803,,0.6810360532401657,HIGH,,,,,,,,,,,,0.9964063845418543,2.0358330843985466,13.474870632545622,estimated,0.9964063845418543,2.0358330843985466,13.474870632545622,0.5214748991394775,True,temporal;spatial,flow_3d;spectral;phase;coherence,False,NORMAL,0.05,NONE,,3.6573906065853925,20.245048094298646,,,,0.39858363351362414,0.0031443634619563454,0.000152587890625,,,False,,,,,,,,,,,,,,,,,,,,,,False,,,,,,,
0,research_full,333,P1,valid,139.97699800433736,320.08919587071625,119.11281859525494,320.09326171875,20.86637858801929,-0.9803254333516707,0.2583821318643154,2.969546288734548,3.137834355456007,0.10634331052714362,4.31583721365314e-05,0.8656359945888141,0.7199474775912531,20.865635994588807,21.0,20.865635994588807,20.86637858801929,119.11281859525494,320.09326171875,119.11061941631807,320.08919587071625,-0.9803519205178135,0.2584147802842597,2.9696519728155946,-0.9803254333516707,0.2583821318643154,2.969546288734548,-14.988647108869714,4.4227713511978965,45.00695679908073,-0.13436400541119298,,4,primary_icgn_fallback_line_search,,0,0,,4.363900003227172,19.58129999911762,24.074600001767976,66.75639999957639,119.10493469238281,320.06951904296875,0.00042785872938111424,0.0250174054959868,0.016678270330657868,cycle_valid,92.6285010402972,0.29281408562451294,0.1864707750973693,0.08086646326556644,icgn_high_residual,False,5,0.4805802112172249,27.847632943382777,0.08086646326556644,0.1765227729275228,0.08086646326556644,0.1,icgn_high_residual,True,line_search,20.757810854213506,-0.00017941692612883072,line_search_refined,0.010966089768477428,0.015799978937693148,0.6328492225464246,0.005568667048606812,0.015544129658678685,-0.00241710039217935,0.01668749213782368,0.6927750982596995,0.006616495894898025,updated,0,True,filtered,333,measured,0,measurement,insufficient_references,False,0,0,,,,,,,,,,,,-0.9803254333516707,0.2583821318643154,2.969546288734548,-14.988647108869714,4.4227713511978965,45.00695679908073,,,,,,,,,,,0.9640139557922545,0.9645522298242855,0.8212409782930988,0.9999214971497471,0.7114546684703953,0.9944405765564474,0.5423045607455002,0.5877978090390046,0.9999004386968994,,0.6328492225464246,HIGH,,,,,,,,,,,,-0.9803254333516707,0.2583821318643154,2.969546288734548,estimated,-0.9803254333516707,0.2583821318643154,2.969546288734548,0.9466313057416474,True,temporal;spatial,flow_3d;spectral;phase;coherence,False,NORMAL,0.05,NONE,,0.45992369265874733,1.1944348960673778,,,,0.8656359945888141,0.004065848033746988,4.31583721365314e-05,,,False,,,,,,,,,,,,,,,,,,,,,,False,,,,,,,
0,research_full,333,P2,valid,238.927311228623,350.0390179166934,227.86456760692627,350.0371398925781,11.065219589018948,-0.7723645950961321,0.8130158446579321,5.599859686189606,5.711039339422765,0.030815754649386844,0.00020528600725810975,0.05936732959716551,0.7898911466953185,11.059367329597157,11.0,11.059367329597157,11.065219589018948,227.86456760692627,350.0371398925781,227.86209163960407,350.0390179166934,-0.7728100492943173,0.8134256279983018,5.602822950780837,-0.7723645950961321,0.8130158446579321,5.599859686189606,-0.6009634282199139,0.22463709567610568,-1.3766614156116574,0.059367329597156626,,4,primary_icgn_fallback_line_search,,0,0,,4.5739999986835755,15.120500000193715,19.804199997452088,66.75639999957639,227.86021423339844,350.04046630859375,0.00018310546875,0.00547876852785885,0.0036525123519059,cycle_valid,52.00458124229502,0.29486594606433203,0.2640501914149452,0.25310352941872444,icgn_high_residual,False,4,0.7104832439229907,56.75400318494909,0.25310352941872444,0.6257357265196697,0.25310352941872444,0.1,icgn_high_residual,True,line_search,11.057060150342636,0.0006513767196073872,line_search_refined,0.011562183042180253,0.014011257989876623,0.711890276438513,-0.012631921027633553,-0.007026362533963493,-0.020084742007211887,0.0247453442247894,0.7086216283141324,0.013218995530677017,updated,0,True,filtered,333,measured,0,measurement,insufficient_references,False,0,0,,,,,,,,,,,,-0.7723645950961321,0.8130158446579321,5.599859686189606,-0.6009634282199139,0.22463709567610568,-1.3766614156116574,,,,,,,,,,,0.9359030828879678,0.9897280817835378,0.8737613740981871,0.999935268087332,0.9802108901342782,0.9987824958826981,0.3233492915019136,0.8683015862722799,0.9974478323664592,,0.711890276438513,HIGH,,,,,,,,,,,,-0.7723645950961321,0.8130158446579321,5.599859686189606,estimated,-0.7723645950961321,0.8130158446579321,5.599859686189606,0.5325204432149363,True,temporal;spatial,flow_3d;spectral;phase;coherence,False,NORMAL,0.05,NONE,,11.489072372775292,7.658802094876964,,,,0.05936732959716551,0.0018780241152853705,0.00020528600725810975,,,False,,,,,,,,,,,,,,,,,,,,,,False,,,,,,,
0,research_full,333,P3,valid,348.00926549948855,353.0776865063198,343.3990448064918,353.0782470703125,4.608930128514579,0.9942649272092839,2.031258131554472,13.444264800636738,13.633151813580183,0.13692688581673834,0.000152587890625,0.3880584783668386,0.7358892772707183,4.611941521633161,5.0,4.611941521633161,4.608930128514579,343.3990448064918,353.0782470703125,343.40033537097395,353.0776865063198,0.9936606248512496,2.029946439202615,13.435486292428184,0.9942649272092839,2.031258131554472,13.444264800636738,66.39001032245484,137.0654000231233,894.6593129642881,-0.3880584783668386,,4,primary_icgn_fallback_line_search,,0,0,,4.206499997962965,15.062599999509985,19.480999999359483,66.75639999957639,343.400634765625,353.0772705078125,0.00013647876039613038,0.0018659164937378722,0.0012439443291585816,cycle_valid,59.583937530500194,0.32641837125272954,0.1894914854359912,0.21795128055430152,icgn_high_residual,False,4,0.5127277595565053,35.91279484347697,0.21795128055430152,0.39677640243034007,0.21795128055430152,0.1,icgn_high_residual,True,line_search,4.613490244425876,0.0005774827925128639,line_search_refined,0.011351552726980496,0.014673968537188537,0.6803315980318231,0.006487621600001603,0.0021133580591481405,0.010136322092541228,0.012218860089006385,0.702910672027899,0.0031680243448910803,updated,0,True,filtered,333,measured,0,measurement,insufficient_references,False,0,0,,,,,,,,,,,,0.9942649272092839,2.031258131554472,13.444264800636738,66.39001032245484,137.0654000231233,894.6593129642881,,,,,,,,,,,0.9440565113437318,0.9543577047277538,0.8240906009225777,0.9999518222248298,0.8706471738777205,0.9995853518902805,0.5116878480414235,0.8470606217657506,0.9983164464374171,,0.6803315980318231,HIGH,,,,,,,,,,,,0.9942649272092839,2.031258131554472,13.444264800636738,estimated,0.9942649272092839,2.031258131554472,13.444264800636738,0.38005472683851865,True,temporal;spatial,flow_3d;spectral;phase;coherence,False,NORMAL,0.05,NONE,,6.897091309533521,30.753673253423813,,,,0.3880584783668386,0.0005605639926784534,0.000152587890625,,,False,,,,,,,,,,,,,,,,,,,,,,False,,,,,,,
0,research_full,334,P1,valid,139.976213428223,320.09148900682453,119.0993842520577,320.0910339355469,20.87413154305991,-0.9799658500552672,0.25829938696710125,2.968443356197206,3.1366714203967008,0.09003943024556756,0.0002750817220658064,0.8763237557548145,0.7647483763261276,20.8763237557548,21.0,20.8763237557548,20.87413154305991,119.0993842520577,320.0910339355469,119.10208188516307,320.09148900682453,-0.9798658582065005,0.2582696394572988,2.968131641391206,-0.9799658500552672,0.25829938696710125,2.968443356197206,-14.629063812466203,4.340026453983736,43.90402426173878,-0.12367624424519974,,4,primary_icgn_fallback_line_search,,0,0,,4.6598000008089,18.59419999891543,23.538599998573773,69.13720000011381,119.11367797851562,320.104736328125,0.00019301011343486607,0.019800661060150142,0.013200440706766762,cycle_valid,92.47821918243321,0.3042065012643628,0.21416707101879529,0.12508351255056113,icgn_high_residual,False,5,0.4795079944867043,27.680888140081226,0.12508351255056113,0.17789209985220517,0.12508351255056113,0.1,icgn_high_residual,True,line_search,20.75778823880808,-0.00017907907964744734,line_search_refined,0.010946611664504717,0.01546272951193347,0.6459128872739544,-0.0019375929369687128,-0.0017445731812699705,0.007263405776214427,0.007717179889321135,0.6981839150347653,0.0011917485186910522,updated,0,True,filtered,334,measured,0,measurement,insufficient_references,False,0,0,,,,,,,,,,,,-0.9799658500552672,0.25829938696710125,2.968443356197206,-14.629063812466203,4.340026453983736,43.90402426173878,,,,,,,,,,,0.9639554766213911,0.9699868565848108,0.8443582705092512,0.9999219846940832,0.7078920814150618,0.9955998530977445,0.543325719536472,0.7335113744918271,0.998757626418913,,0.6459128872739544,HIGH,,,,,,,,,,,,-0.9799658500552672,0.25829938696710125,2.968443356197206,estimated,-0.9799658500552672,0.25829938696710125,2.968443356197206,0.8295885605106472,True,temporal;spatial,flow_3d;spectral;phase;coherence,False,NORMAL,0.05,NONE,,0.9324376411841956,4.939087064373461,,,,0.8763237557548145,0.00045507127765631594,0.0002750817220658064,,,False,,,,,,,,,,,,,,,,,,,,,,False,,,,,,,
0,research_full,334,P2,valid,238.93537709461822,350.04222790014563,227.85463001371525,350.0430603027344,11.077289193149493,-0.7714354033146434,0.8121648754203852,5.59375818532415,5.704809812976658,0.03262190294873586,0.00020754197612404823,0.08428905366757178,0.7897597852107907,11.084289053667572,11.0,11.084289053667572,11.077289193149493,227.85463001371525,350.0430603027344,227.85808790146874,350.04222790014563,-0.7709097724141869,0.8116610222150435,5.59022566042521,-0.7714354033146434,0.8121648754203852,5.59375818532415,0.32822835326873356,-0.6263321418708001,-7.4781622810675685,0.08428905366757178,,4,primary_icgn_fallback_line_search,,0,0,,4.839399996853899,15.666499999497319,20.690299999841955,69.13720000011381,227.85501098632812,350.04156494140625,0.00018874079978559166,0.0015431285213524883,0.0010287523475683254,cycle_valid,51.98439474142931,0.29404761861819423,0.2614257156694584,0.26550550858225325,icgn_high_residual,False,4,0.707861860868995,56.81145778117728,0.26550550858225325,0.625433817358881,0.26550550858225325,0.1,icgn_high_residual,True,line_search,11.079210057643785,0.0008645424550470683,line_search_refined,0.011547077299063544,0.014030178726830695,0.711052350122706,0.013249293668962991,0.003113729856863756,0.024007311024249134,0.027596921548661578,0.7084279655057034,0.016266172753525328,updated,0,True,filtered,334,measured,0,measurement,insufficient_references,False,0,0,,,,,,,,,,,,-0.7714354033146434,0.8121648754203852,5.59375818532415,0.32822835326873356,-0.6263321418708001,-7.4781622810675685,,,,,,,,,,,0.9358781928708922,0.9891260323504214,0.8724940534332156,0.9999339528706818,0.971903648777476,0.9996570825508105,0.32584584679143325,0.8744533267451711,0.9976191556354561,,0.711052350122706,HIGH,,,,,,,,,,,,-0.7714354033146434,0.8121648754203852,5.59375818532415,estimated,-0.7714354033146434,0.8121648754203852,5.59375818532415,0.6807751630210546,True,temporal;spatial,flow_3d;spectral;phase;coherence,False,NORMAL,0.05,NONE,,13.759340766614653,0.5818985003251361,,,,0.08428905366757178,0.0008324025887418429,0.00020754197612404823,,,False,,,,,,,,,,,,,,,,,,,,,,False,,,,,,,
0,research_full,334,P3,valid,348.01051424607357,353.07988930737315,343.4009634334349,353.08038330078125,4.610981990961308,0.9938550799621833,2.030411731016019,13.438282174349675,13.62709607784646,0.13514373000042448,0.00017794652376323938,0.39052642171617435,0.7565601843668204,4.609473578283844,5.0,4.609473578283844,4.610981990961308,343.4009634334349,353.08038330078125,343.39953225511226,353.07988930737315,0.9941782942745186,2.0310890653755895,13.442679742716402,0.9938550799621833,2.030411731016019,13.438282174349675,65.98016307535414,136.2189994846701,888.6766866772256,-0.3905264217161557,,4,primary_icgn_fallback_line_search,,0,0,,5.695200001355261,15.175200001976918,21.014799996919464,69.13720000011381,343.4076843261719,353.0837097167969,0.0001643421855987981,0.007499029449908997,0.004999352966605998,cycle_valid,59.60337224915277,0.33205688189847027,0.19691315189804579,0.20650483706656783,icgn_high_residual,False,4,0.5075457021367838,35.879772245946874,0.20650483706656783,0.39269262233995295,0.20650483706656783,0.1,icgn_high_residual,True,line_search,4.610538986744273,0.0007092460433591746,line_search_refined,0.011373913496701676,0.014666200163464758,0.6817935524820289,-0.00029063414530128284,0.0018589053055961813,-0.005080283320931578,0.0054174971862036275,0.7030849300768299,0.0006052148401427961,updated,0,True,filtered,334,measured,0,measurement,insufficient_references,False,0,0,,,,,,,,,,,,0.9938550799621833,2.030411731016019,13.438282174349675,65.98016307535414,136.2189994846701,888.6766866772256,,,,,,,,,,,0.9440747526935321,0.9549520899998585,0.8307206348990235,0.999942951881773,0.8698245260946086,0.9983335490111314,0.5166231408221107,0.8385832806299439,0.999932071086115,,0.6817935524820289,HIGH,,,,,,,,,,,,0.9938550799621833,2.030411731016019,13.438282174349675,estimated,0.9938550799621833,2.030411731016019,13.438282174349675,0.5696635446207396,True,temporal;spatial,flow_3d;spectral;phase;coherence,False,NORMAL,0.05,NONE,,24.964030741816373,0.7694305435041997,,,,0.39052642171617435,0.0004939934080994135,0.00017794652376323938,,,False,,,,,,,,,,,,,,,,,,,,,,False,,,,,,,
0,research_full,335,P1,valid,139.9713763753879,320.09066967351697,119.12123731469164,320.0892639160156,20.85762817850536,-0.9807691490372964,0.2584990355382,2.970792103736839,3.139161607611605,0.09844411644449975,0.00013647876039613038,0.8483671774958452,0.7030998416779003,20.848367177495856,21.0,20.848367177495856,20.85762817850536,119.12123731469164,320.0892639160156,119.11374819688254,320.09066967351697,-0.9812150431567987,0.25860574728717417,2.972111751862638,-0.9807691490372964,0.2584990355382,2.970792103736839,-15.432362794495447,4.539675025082457,46.252771801371665,-0.15163282250414412,,4,primary_icgn_fallback_line_search,,0,0,,4.605599999194965,17.83419999992475,22.568299998965813,68.72139999904903,119.09808349609375,320.0861511230469,0.00031121945357881486,0.02336212309980243,0.015574748733201619,cycle_valid,92.38722360132904,0.27687716098648607,0.17843304454198633,0.08029142761524775,icgn_high_residual,False,5,0.48389108444447965,27.746875174150617,0.08029142761524775,0.18286272979601223,0.08029142761524775,0.1,icgn_high_residual,True,line_search,20.732021494533978,-0.00024683408112275866,line_search_refined,0.01096160758246032,0.015811806793733136,0.630405271011864,-0.0067835063819927655,-0.005381824817732195,-0.03005484233354494,0.03127736473709925,0.6918632642711038,0.019389871720575533,updated,0,True,filtered,335,measured,0,measurement,insufficient_references,False,0,0,,,,,,,,,,,,-0.9807691490372964,0.2584990355382,2.970792103736839,-15.432362794495447,4.539675025082457,46.252771801371665,,,,,,,,,,,0.9639199750420319,0.9671852945185001,0.8131885637052513,0.9999253836310041,0.7172109408347183,0.9948084170889328,0.5391513481481145,0.5848456762649072,0.996784634699057,,0.630405271011864,HIGH,,,,,,,,,,,,-0.9807691490372964,0.2584990355382,2.970792103736839,estimated,-0.9807691490372964,0.2584990355382,2.970792103736839,0.8587203969130885,True,temporal;spatial,flow_3d;spectral;phase;coherence,False,NORMAL,0.05,NONE,,3.6532364580226795,1.030611133101388,,,,0.8483671774958452,0.001405757501345306,0.00013647876039613038,,,False,,,,,,,,,,,,,,,,,,,,,,False,,,,,,,
0,research_full,335,P2,valid,238.93547904048512,350.0406928867118,227.85140146757712,350.0395202636719,11.08188748399569,-0.7711141986141674,0.8118112063001655,5.591437125207219,5.702440150244846,0.028107619058794938,0.00024651328567415476,0.08355031464944318,0.792677495735736,11.083550314649433,11.0,11.083550314649433,11.08188748399569,227.85140146757712,350.0395202636719,227.85359155648942,350.0406928867118,-0.7710042363219143,0.8116766790924731,5.590598259249442,-0.7711141986141674,0.8118112063001655,5.591437125207219,0.6494330537447635,-0.9800012620905241,-9.799222397998797,0.08355031464943252,,4,primary_icgn_fallback_line_search,,0,0,,7.821499995770864,16.0580999981903,24.17540000169538,68.72139999904903,227.8566436767578,350.0402526855469,0.0001406790834153071,0.005293127515668065,0.003528751677112043,cycle_valid,52.621200854012756,0.290465591022697,0.26235797196390204,0.30519981521526235,icgn_high_residual,False,4,0.6927368078315829,56.2838318608948,0.30519981521526235,0.6259229409969962,0.30519981521526235,0.1,icgn_high_residual,True,line_search,11.085313954645258,0.000817363418262617,line_search_refined,0.011543408250355679,0.013951040813495975,0.7162316269828647,-0.0019719048396495964,-0.004385518879928441,0.005727982183163505,0.007478700718271915,0.7097004493779753,0.0012182872731693016,updated,0,True,filtered,335,measured,0,measurement,insufficient_references,False,0,0,,,,,,,,,,,,-0.7711141986141674,0.8118112063001655,5.591437125207219,0.6494330537447635,-0.9800012620905241,-9.799222397998797,,,,,,,,,,,0.9366541758980185,0.9906307936470684,0.8729471298935041,0.9999354679384851,0.9721498951168522,0.9988237494409626,0.3402506592080162,0.8907819347471662,0.9992176659954569,,0.7162316269828647,HIGH,,,,,,,,,,,,-0.7711141986141674,0.8118112063001655,5.591437125207219,estimated,-0.7711141986141674,0.8118112063001655,5.591437125207219,0.7519448859736386,True,temporal;spatial,flow_3d;spectral;phase;coherence,False,NORMAL,0.05,NONE,,3.8611770162059766,4.703411509496843,,,,0.08355031464944318,0.0011726230399062842,0.00024651328567415476,,,False,,,,,,,,,,,,,,,,,,,,,,False,,,,,,,
0,research_full,335,P3,valid,348.0076646049184,353.0824100454031,343.3990363719676,353.0828552246094,4.609582600688939,0.9940823921132554,2.031093946648807,13.44236180649453,13.631237411149655,0.13750960467733037,0.0002157918643206358,0.39290233876451364,0.7136021716337978,4.607097661235486,5.0,4.607097661235486,4.609582600688939,343.3990363719676,353.0828552246094,343.3980820042294,353.0824100454031,0.9945785869491012,2.0322010919097946,13.449612239990135,0.9940823921132554,2.031093946648807,13.44236180649453,66.20747522642634,136.90121511745846,892.7563188220802,-0.39290233876451364,,4,primary_icgn_fallback_line_search,,0,0,,4.312399996706517,13.536000002204673,17.96680000188644,68.72139999904903,343.39923095703125,353.08148193359375,6.823938019806519e-05,0.0013870081328484335,0.0009246720885656224,cycle_valid,59.67987935186858,0.3184401439127529,0.18093053923542252,0.23527629076697248,icgn_high_residual,False,4,0.5038772407058496,35.88061054388488,0.23527629076697248,0.3952081005013904,0.23527629076697248,0.1,icgn_high_residual,True,line_search,4.605429303864491,0.0006824774644680708,line_search_refined,0.011347453472384092,0.014674036417583188,0.6811449475773843,-0.0057721351246868835,0.0016788723506238057,-0.008365042720853033,0.010300975487255054,0.7029376254997494,0.002260982400688791,updated,0,True,filtered,335,measured,0,measurement,insufficient_references,False,0,0,,,,,,,,,,,,0.9940823921132554,2.031093946648807,13.44236180649453,66.20747522642634,136.90121511745846,892.7563188220802,,,,,,,,,,,0.9441464465154122,0.9541634651075566,0.815767236011159,0.9999526614592469,0.8690325537451621,0.9996917759704781,0.5201169136134765,0.8583225992526885,0.9995145766403329,,0.6811449475773843,HIGH,,,,,,,,,,,,0.9940823921132554,2.031093946648807,13.44236180649453,estimated,0.9940823921132554,2.031093946648807,13.44236180649453,0.6969005172088178,True,temporal;spatial,flow_3d;spectral;phase;coherence,False,NORMAL,0.05,NONE,,10.19763130576646,1.7968952350147964,,,,0.39290233876451364,0.00044517920628095453,0.0002157918643206358,,,False,,,,,,,,,,,,,,,,,,,,,,False,,,,,,,
0,research_full,336,P1,valid,139.9675270239276,320.09473493902027,119.1372400761669,320.09552001953125,20.83713451807034,-0.9817559857817902,0.2587767550352155,2.97371392605095,3.142257904525707,0.11559991042347871,0.00012302029062993824,0.17055001269034875,0.696103595711152,20.82944998730965,21.0,20.82944998730965,20.83713451807034,119.1372400761669,320.09552001953125,119.13039250585726,320.09473493902027,-0.9821230175050905,0.258876760970263,2.974811007162172,-0.9817559857817902,0.2587767550352155,2.97371392605095,-16.419199538989293,4.817394522098006,49.17459411548286,-0.17055001269034875,,4,primary_icgn_fallback_line_search,,0,0,,4.471300002478529,18.912100000306964,23.55589999933727,65.10519999937969,119.11384582519531,320.0985107421875,6.823938019806519e-05,0.023584643319932225,0.015723095546621484,cycle_valid,92.5123930027449,0.2939643758667208,0.17836446544324208,0.06253686842688787,icgn_high_residual,False,5,0.48174612559103985,27.64864761124747,0.06253686842688787,0.17666014452180914,0.06253686842688787,0.1,icgn_high_residual,True,line_search,20.720174052158224,-0.0002259662188759023,line_search_refined,0.010960043878803387,0.01512236138029845,0.6589473012652334,-0.0032055795857104386,0.0030068781099998887,-0.025860840951473563,0.026231663141442863,0.7028507009842504,0.013601541418609697,updated,0,True,filtered,336,measured,0,measurement,insufficient_references,False,0,0,,,,,,,,,,,,-0.9817559857817902,0.2587767550352155,2.97371392605095,-16.419199538989293,4.817394522098006,49.17459411548286,,,,,,,,,,,0.9639687913679367,0.9614666965255071,0.8131167368427404,0.9999681233881953,0.9431499957698838,0.9947589681511262,0.5411941661037716,0.46698109176503644,0.9964839220305254,,0.6589473012652334,HIGH,,,,,,,,,,,,-0.9817559857817902,0.2587767550352155,2.97371392605095,estimated,-0.9817559857817902,0.2587767550352155,2.97371392605095,0.8909295315693628,True,temporal;spatial,flow_3d;spectral;phase;coherence,False,NORMAL,0.05,NONE,,0.6067914607728743,2.9492672906327546,,,,0.17055001269034875,0.0007850805109796966,0.00012302029062993824,,,False,,,,,,,,,,,,,,,,,,,,,,False,,,,,,,
0,research_full,336,P2,valid,238.93849770668072,350.04514133538925,227.85830210667308,350.0465393066406,11.081727508480364,-0.7710925448501663,0.8118712399114411,5.591517843040682,5.702524915505514,0.027587535931919368,0.0005806365516036749,0.08090687770193483,0.7927393696485473,11.080906877701935,11.0,11.080906877701935,11.081727508480364,227.85830210667308,350.0465393066406,227.85677019820037,350.04514133538925,-0.7711419247745256,0.8119465499473395,5.591931940162045,-0.7710925448501663,0.8118712399114411,5.591517843040682,0.6710868177458584,-0.9199676508149235,-9.71850456453538,0.08090687770193483,,4,primary_icgn_fallback_line_search,,0,0,,5.00359999932698,14.86559999830206,20.00179999959073,65.10519999937969,227.85958862304688,350.0407409667969,6.823938019806519e-05,0.005939349234020761,0.003959566156013841,cycle_valid,52.35811208233588,0.2891724189235048,0.26158488299158544,0.32838372132909516,icgn_high_residual,False,4,0.6995553014006508,56.356471075601306,0.32838372132909516,0.6231113161469534,0.32838372132909516,0.1,icgn_high_residual,True,line_search,11.085440216806171,0.0008708158448875671,line_search_refined,0.011554940749532004,0.013962344018842514,0.7161243344069069,0.0026578998477191362,0.0052239337828723365,-0.0028212255658939256,0.006504861986390932,0.7091225925530903,0.0009614425673199181,updated,0,True,filtered,336,measured,0,measurement,insufficient_references,False,0,0,,,,,,,,,,,,-0.7710925448501663,0.8118712399114411,5.591517843040682,0.6710868177458584,-0.9199676508149235,-9.71850456453538,,,,,,,,,,,0.9363358761276287,0.9908041546893602,0.872571637351056,0.9998918540113664,0.9730310407660218,0.998680144614662,0.333756855808904,0.8984927352719541,0.9998774317253855,,0.7161243344069069,HIGH,,,,,,,,,,,,-0.7710925448501663,0.8118712399114411,5.591517843040682,estimated,-0.7710925448501663,0.8118712399114411,5.591517843040682,0.9163122784732429,True,temporal;spatial,flow_3d;spectral;phase;coherence,False,NORMAL,0.05,NONE,,2.4554873317921717,0.24762538458003291,,,,0.08090687770193483,0.001397971251378749,0.0005806365516036749,,,False,,,,,,,,,,,,,,,,,,,,,,False,,,,,,,
0,research_full,336,P3,valid,348.00638299968085,353.0919926884914,343.39616605782055,353.0948486328125,4.610475469559124,0.9938564204926765,2.0309507611587807,13.439758546488477,13.62863240999316,0.1336390249426753,0.00015560972678940743,0.39024564766431524,0.7247543324939232,4.609754352335685,5.0,4.609754352335685,4.610475469559124,343.39616605782055,353.0948486328125,343.39590753012175,353.0919926884914,0.9939998143919362,2.031343035685,13.441860966840192,0.9938564204926765,2.0309507611587807,13.439758546488477,65.98150360584742,136.758029627432,890.1530588160274,-0.39024564766431524,,4,primary_icgn_fallback_line_search,,0,0,,4.2665999972086865,13.54899999932968,17.910799997480353,65.10519999937969,343.3943786621094,353.0982971191406,0.00022217132209334522,0.003884178340858658,0.0025894522272391055,cycle_valid,58.94895160123061,0.3181953800502771,0.1845563551076018,0.21158919443355903,icgn_high_residual,False,4,0.49243081288419377,35.13060493283977,0.21158919443355903,0.3859658920911324,0.21158919443355903,0.1,icgn_high_residual,True,line_search,4.598138253567264,0.0005386505317917229,line_search_refined,0.011374532027237004,0.014678544977320825,0.6812518085543466,-0.0017405140736741487,0.010745620080513163,-0.0024272660022761627,0.011152997821267214,0.7029096840794794,0.002888065407018735,updated,0,True,filtered,336,measured,0,measurement,insufficient_references,False,0,0,,,,,,,,,,,,0.9938564204926765,2.0309507611587807,13.439758546488477,65.98150360584742,136.758029627432,890.1530588160274,,,,,,,,,,,0.9434538996404518,0.9554536583524416,0.8193866945741369,0.9999370364918528,0.8699181174452283,0.999136849257587,0.5310182734436248,0.8424620244782854,0.9999785312746132,,0.6812518085543466,HIGH,,,,,,,,,,,,0.9938564204926765,2.0309507611587807,13.439758546488477,estimated,0.9938564204926765,2.0309507611587807,13.439758546488477,0.7367045886450281,True,temporal;spatial,flow_3d;spectral;phase;coherence,False,NORMAL,0.05,NONE,,6.748911074523465,2.691660276881593,,,,0.39024564766431524,0.0028559443210838253,0.00015560972678940743,,,False,,,,,,,,,,,,,,,,,,,,,,False,,,,,,,
0,research_full,337,P1,valid,139.9662173138884,320.10244282536206,119.13370127031118,320.104248046875,20.831680210887495,-0.9820206035513128,0.25888904330777196,2.9744925261956525,3.143086666151268,0.10605623929150684,7.62939453125e-05,0.8328514640638218,0.7363958461445167,20.832851464063815,21.0,20.832851464063815,20.831680210887495,119.13370127031118,320.104248046875,119.1345371030009,320.10244282536206,-0.9819634550962155,0.2588849175241831,2.9743252959043374,-0.9820206035513128,0.25888904330777196,2.9744925261956525,-16.683817308511873,4.929682794654444,49.953194260185185,-0.16714853593618528,,4,primary_icgn_fallback_line_search,,0,0,,5.00109999848064,16.231200002948754,21.353699998144293,59.31389999750536,119.1342544555664,320.0920104980469,0.00011444091796875,0.012250045520215233,0.008166697013476823,cycle_valid,92.65460610815768,0.29725942517080967,0.19120318587930282,0.08921811077485241,icgn_high_residual,False,5,0.4830377661289884,27.801929160834582,0.08921811077485241,0.1762810031092282,0.08921811077485241,0.1,icgn_high_residual,True,line_search,20.725983099432572,-0.0002297527848054794,line_search_refined,0.010913375583176985,0.01567180908498784,0.6377468970687096,0.00128872100992794,0.006935852114736463,0.003803462209454267,0.00801455994909706,0.6920560500352332,0.0014711500766651628,updated,0,True,filtered,337,measured,0,measurement,insufficient_references,False,0,0,,,,,,,,,,,,-0.9820206035513128,0.25888904330777196,2.9744925261956525,-16.683817308511873,4.929682794654444,49.953194260185185,,,,,,,,,,,0.9640240947175118,0.9646479202361644,0.8256653874252126,0.9999682108561198,0.7223828453120593,0.9972777676621744,0.5399640322581063,0.6263837796627174,0.999464761540421,,0.6377468970687096,HIGH,,,,,,,,,,,,-0.9820206035513128,0.25888904330777196,2.9744925261956525,estimated,-0.9820206035513128,0.25888904330777196,2.9744925261956525,0.9268055323499661,True,temporal;spatial,flow_3d;spectral;phase;coherence,False,NORMAL,0.05,NONE,,2.267679211282093,0.09152465985880553,,,,0.8328514640638218,0.001805221512938715,7.62939453125e-05,,,False,,,,,,,,,,,,,,,,,,,,,,False,,,,,,,
0,research_full,337,P2,valid,238.93427349281353,350.0517827979519,227.87234174658008,350.05352783203125,11.06650762120615,-0.7721989787668951,0.8130600469031848,5.599207917829928,5.710384156058873,0.027186926507101205,0.0001983642578125,0.05975664209180387,0.7924963834463074,11.059756642091804,11.0,11.059756642091804,11.06650762120615,227.87234174658008,350.05352783203125,227.8677658716074,350.0517827979519,-0.7726940068629898,0.8135753367346613,5.602625726822786,-0.7721989787668951,0.8130600469031848,5.599207917829928,-0.4353470989829633,0.2688393409288059,-2.0284297752892755,0.05975664209180387,,4,primary_icgn_fallback_line_search,,0,0,,3.8399999975808896,13.078300002234755,17.01869999669725,59.31389999750536,227.8572540283203,350.05322265625,0.0002915187506005168,0.015090804304061345,0.010060536202707563,cycle_valid,52.31315524152948,0.2889481076112351,0.26176118110413393,0.2873870041899262,icgn_high_residual,False,4,0.7025140076853168,57.189670164862804,0.2873870041899262,0.6060117771711419,0.2873870041899262,0.1,icgn_high_residual,True,line_search,11.064238896890155,0.0006753434704451765,line_search_refined,0.011592064684263978,0.013998945520552444,0.7123803775286084,-0.00811084866057854,0.006507140073949813,-0.023167734208056956,0.025394342800552742,0.7086042573814648,0.013674082430706646,updated,0,True,filtered,337,measured,0,measurement,insufficient_references,False,0,0,,,,,,,,,,,,-0.7721989787668951,0.8130600469031848,5.599207917829928,-0.4353470989829633,0.2688393409288059,-2.0284297752892755,,,,,,,,,,,0.9362811644997638,0.9909376911642996,0.8726574613060267,0.9999183528319312,0.980081119302732,0.9966464879324308,0.33093904029969823,0.8840123845290365,0.9972574094933572,,0.7123803775286084,HIGH,,,,,,,,,,,,-0.7721989787668951,0.8130600469031848,5.599207917829928,estimated,-0.7721989787668951,0.8130600469031848,5.599207917829928,0.6105733094500865,True,temporal;spatial,flow_3d;spectral;phase;coherence,False,NORMAL,0.05,NONE,,7.774897069439774,7.0349350836322495,,,,0.05975664209180387,0.0017450340793629948,0.0001983642578125,,,False,,,,,,,,,,,,,,,,,,,,,,False,,,,,,,
0,research_full,337,P3,valid,348.0081500173302,353.0945788999713,343.39667968511054,353.0939636230469,4.61234226377532,0.9935002780632952,2.0301962429988256,13.434318953742144,13.623129792322828,0.1387519994454195,6.103515625e-05,0.6122619652800836,0.7346134049103008,4.612261965280072,5.0,4.612261965280072,4.61234226377532,343.39667968511054,353.0939636230469,343.3958077535549,353.0945788999713,0.9935382325243475,2.030215532499061,13.434552842364425,0.9935002780632952,2.0301962429988256,13.434318953742144,65.62536117646611,136.00351146747693,884.7134660696945,-0.38773803471992796,,4,primary_icgn_fallback_line_search,,0,0,,4.444199996214593,13.019900001381757,17.588899998372653,59.31389999750536,343.3958435058594,353.0955505371094,0.00012947511277161539,0.0017937368764234841,0.0011958245842823227,cycle_valid,59.14483004781695,0.32823771092610415,0.18948571148068466,0.23296052190732158,icgn_high_residual,False,4,0.5043113162056438,35.39670381720401,0.23296052190732158,0.38441209647340796,0.23296052190732158,0.1,icgn_high_residual,True,line_search,4.608894160661081,0.0006596716178104149,line_search_refined,0.011360739382853549,0.014974360723076226,0.6676590282925651,0.00298286973162476,-0.0023183606219845387,-0.0002665545251341328,0.003787262748249874,0.6987539595988856,0.0003348383127848946,updated,0,True,filtered,337,measured,0,measurement,insufficient_references,False,0,0,,,,,,,,,,,,0.9935002780632952,2.0301962429988256,13.434318953742144,65.62536117646611,136.00351146747693,884.7134660696945,,,,,,,,,,,0.9436411714998856,0.9537493335181935,0.8240852406608443,0.9999682482884964,0.7959126782399721,0.9996013918052392,0.5197035083755772,0.8569142399732677,0.9997767129671424,,0.6676590282925651,HIGH,,,,,,,,,,,,0.9935002780632952,2.0301962429988256,13.434318953742144,estimated,0.9935002780632952,2.0301962429988256,13.434318953742144,0.7409817510069381,True,temporal;spatial,flow_3d;spectral;phase;coherence,False,NORMAL,0.05,NONE,,2.9043855609031977,6.278317945243961,,,,0.6122619652800836,0.0006152769244067713,6.103515625e-05,,,False,,,,,,,,,,,,,,,,,,,,,,False,,,,,,,
0,research_full,338,P1,valid,139.9731667628323,320.10094218595265,119.14769976335786,320.0989074707031,20.82733229598322,-0.9821854504205934,0.2589344170320382,2.975113481400261,3.14372955556791,0.09949778470338985,0.0001100326917367056,0.8286033372280635,0.6997703148338793,20.828603337228078,21.0,20.828603337228078,20.82733229598322,119.14769976335786,320.0989074707031,119.1458344668491,320.10094218595265,-0.9821073903892337,0.2589068582711404,2.9749319285672753,-0.9821854504205934,0.2589344170320382,2.975113481400261,-16.848664177792404,4.9750565189206615,50.57414946479355,-0.17139666277192234,,4,primary_icgn_fallback_line_search,,0,0,,5.132799997227266,23.295300001336727,28.575399999681395,80.23659999889787,119.1383285522461,320.1070861816406,0.00070953369140625,0.012438284057720217,0.008292189371813478,cycle_valid,92.64602737053453,0.2755739822997598,0.17607619759636997,0.1091815103614002,icgn_high_residual,False,5,0.4842928671888298,28.04091162584122,0.1091815103614002,0.17805797851037566,0.1091815103614002,0.1,icgn_high_residual,True,line_search,20.732657588722006,-0.0001936677645550048,line_search_refined,0.010917352645126688,0.015613243630252129,0.6402356156208079,0.012033953408433717,-0.007807089170682957,0.0041712794222554805,0.014938749879888899,0.6952874367330933,0.005251731657496692,updated,0,True,filtered,338,measured,0,measurement,insufficient_references,False,0,0,,,,,,,,,,,,-0.9821854504205934,0.2589344170320382,2.975113481400261,-16.848664177792404,4.9750565189206615,50.57414946479355,,,,,,,,,,,0.9640207634591629,0.9668340717655367,0.8106880215022286,0.9998634056028095,0.7237988875906456,0.9972359368760622,0.5387686979154,0.6946980013099551,0.9996154647452129,,0.6402356156208079,HIGH,,,,,,,,,,,,-0.9821854504205934,0.2589344170320382,2.975113481400261,estimated,-0.9821854504205934,0.2589344170320382,2.975113481400261,0.9072771283217622,True,temporal;spatial,flow_3d;spectral;phase;coherence,False,NORMAL,0.05,NONE,,0.19820120192642496,2.836916386544732,,,,0.8286033372280635,0.0020347152495219234,0.0001100326917367056,,,False,,,,,,,,,,,,,,,,,,,,,,False,,,,,,,
0,research_full,338,P2,valid,238.9284291947831,350.0495825716299,227.8677335088871,350.0475158691406,11.059741682001306,-0.7727349821655324,0.8135335028162978,5.602633305280793,5.713882748736493,0.02195737841156497,0.00017059844685718417,0.0586428338863243,0.7928449194608641,11.05864283388632,11.0,11.05864283388632,11.059741682001306,227.8677335088871,350.0475158691406,227.86868751278178,350.0495825716299,-0.7728341078425153,0.8135918468347626,5.603190014014308,-0.7727349821655324,0.8135335028162978,5.602633305280793,-0.9713504976202048,0.7422952540417915,1.3969576755750168,0.058642833886320744,,4,primary_icgn_fallback_line_search,,0,0,,4.702200003521284,20.34559999810881,25.178399999276735,80.23659999889787,227.8768310546875,350.05950927734375,3.0517578125e-05,0.015053477336380504,0.010035651557587002,cycle_valid,52.088006679663465,0.2891417643960022,0.2671843859844372,0.2601372610122498,icgn_high_residual,False,4,0.6958508637419579,57.00980292527442,0.2601372610122498,0.6111164651898494,0.2601372610122498,0.1,icgn_high_residual,True,line_search,11.063891644194253,0.0006450369833074172,line_search_refined,0.011597081679244612,0.013972926442385068,0.7149664666075669,-0.0076588854405770235,-0.007710559519580329,-0.003778567104317787,0.01150603422812161,0.709189201978525,0.0030269750785800126,updated,0,True,filtered,338,measured,0,measurement,insufficient_references,False,0,0,,,,,,,,,,,,-0.7727349821655324,0.8135335028162978,5.602633305280793,-0.9713504976202048,0.7422952540417915,1.3969576755750168,,,,,,,,,,,0.9360057420927426,0.9926808738628117,0.8752422106908788,0.9999664806625029,0.9804523887045585,0.9966547828141377,0.33728489167432574,0.8718625190269699,0.9990173846679492,,0.7149664666075669,HIGH,,,,,,,,,,,,-0.7727349821655324,0.8135335028162978,5.602633305280793,estimated,-0.7727349821655324,0.8135335028162978,5.602633305280793,0.8616192869279846,True,temporal;spatial,flow_3d;spectral;phase;coherence,False,NORMAL,0.05,NONE,,4.361728583465905,0.37115652935665366,,,,0.0586428338863243,0.0020667024892873087,0.00017059844685718417,,,False,,,,,,,,,,,,,,,,,,,,,,False,,,,,,,
0,research_full,338,P3,valid,348.0070618638239,353.0956773621776,343.39959762395796,353.0947265625,4.609146299807451,0.9941607524672695,2.031632657093614,13.443634257817177,13.63257821958382,0.13941678430318824,3.0517578125e-05,0.39303634466108406,0.7193721554137464,4.606963655338937,5.0,4.606963655338937,4.609146299807451,343.39959762395796,353.0947265625,343.39791556401644,353.0956773621776,0.9946186788354427,2.032570345296783,13.450003458042046,0.9941607524672695,2.031632657093614,13.443634257817177,66.28583558044043,137.43992556226513,894.0287701447271,-0.39303634466106274,,4,primary_icgn_fallback_line_search,,0,0,,5.5412000001524575,16.981199998554075,22.723000001860783,80.23659999889787,343.3978271484375,353.0956115722656,0.00022217132209334522,0.0019793498563408117,0.0013195665708938744,cycle_valid,59.11666779491297,0.32305346230634685,0.1836366780031586,0.2179663700832945,icgn_high_residual,False,4,0.5074244062688509,35.570377887931066,0.2179663700832945,0.38971007369844324,0.2179663700832945,0.1,icgn_high_residual,True,line_search,4.597579455492432,0.0007466548360931542,line_search_refined,0.011362437091006133,0.014715510420129228,0.6790983604204438,-0.0018854960389944608,-0.003581271352288695,-0.007372059036287126,0.008409985389184109,0.703930142478566,0.0014761893275417413,updated,0,True,filtered,338,measured,0,measurement,insufficient_references,False,0,0,,,,,,,,,,,,0.9941607524672695,2.031632657093614,13.443634257817177,66.28583558044043,137.43992556226513,894.0287701447271,,,,,,,,,,,0.9436143230383467,0.9535277385656039,0.818482158924918,0.999957885183297,0.868987885112972,0.9995601444763688,0.5167386606963325,0.8470712095604693,0.9993278999059715,,0.6790983604204438,HIGH,,,,,,,,,,,,0.9941607524672695,2.031632657093614,13.443634257817177,estimated,0.9941607524672695,2.031632657093614,13.443634257817177,0.5191420259929799,True,temporal;spatial,flow_3d;spectral;phase;coherence,False,NORMAL,0.05,NONE,,14.951276672576098,6.0249117423747345,,,,0.39303634466108406,0.0009507996775823813,3.0517578125e-05,,,False,,,,,,,,,,,,,,,,,,,,,,False,,,,,,,
0,research_full,339,P1,valid,139.96992251110325,320.1047473750721,119.14947987964604,320.1052551269531,20.81955777727252,-0.9825709768936104,0.2590531071259463,2.9762244596292433,3.1449111706120814,0.114573717919426,0.0001100326917367056,0.18105031421634976,0.6890965244931098,20.818949685783657,21.0,20.818949685783657,20.81955777727252,119.14947987964604,320.1052551269531,119.15036473383073,320.1047473750721,-0.9826083073523889,0.2590636090952195,2.976311390852488,-0.9825709768936104,0.2590531071259463,2.9762244596292433,-17.234190650809445,5.093746612828798,51.68512769377598,-0.18105031421634266,,4,primary_icgn_fallback_line_search,,0,0,,4.288399995857617,15.931300000374904,20.37170000039623,63.28109999958542,119.14252471923828,320.094970703125,0.00023353924916591495,0.01241545930580589,0.008276972870537259,cycle_valid,92.44962336200909,0.2892091715552503,0.17463545363582428,0.08043662318517052,icgn_high_residual,False,5,0.48360363094927244,27.99790965815783,0.08043662318517052,0.17759592432603125,0.08043662318517052,0.1,icgn_high_residual,True,line_search,20.735848249473808,-0.00021448879951079663,line_search_refined,0.010916715834499012,0.014957301127512295,0.6678696336907011,-0.005728709249126496,0.0019483380731344369,-0.0020564699419551857,0.00639086844884307,0.7043032448678708,0.0009576715552927674,updated,0,True,filtered,339,measured,0,measurement,insufficient_references,False,0,0,,,,,,,,,,,,-0.9825709768936104,0.2590531071259463,2.9762244596292433,-17.234190650809445,5.093746612828798,51.68512769377598,,,,,,,,,,,0.9639443276011969,0.9618087606935246,0.8091261960881956,0.9999427380098496,0.9396498952612168,0.9972410090431543,0.5394251133816452,0.5855950683484343,0.9989527225033146,,0.6678696336907011,HIGH,,,,,,,,,,,,-0.9825709768936104,0.2590531071259463,2.9762244596292433,estimated,-0.9825709768936104,0.2590531071259463,2.9762244596292433,0.9455706868625846,True,temporal;spatial,flow_3d;spectral;phase;coherence,False,NORMAL,0.05,NONE,,0.5423996146566024,1.1426030233550364,,,,0.18105031421634976,0.0005077518810026049,0.0001100326917367056,,,False,,,,,,,,,,,,,,,,,,,,,,False,,,,,,,
0,research_full,339,P2,valid,238.93137453023874,350.05177991713265,227.85676356960448,350.052001953125,11.070128736419115,-0.7719779056151943,0.8127940580511551,5.5973763784274,5.708520507919572,0.026610267947961674,0.00018625725351739675,0.07644871066895931,0.7923654091535521,11.07644871066896,11.0,11.07644871066896,11.070128736419115,227.85676356960448,350.052001953125,227.86124579381962,350.05177991713265,-0.7715174630616045,0.8123327085833038,5.59418264047922,-0.7719779056151943,0.8127940580511551,5.5973763784274,-0.21427394728212867,0.0028504888991420785,-3.8599691778173906,0.07644871066895931,,4,primary_icgn_fallback_line_search,,0,0,,5.3952000016579404,15.77529999849503,21.358899997721892,63.28109999958542,227.8612060546875,350.06268310546875,0.00021847261814400554,0.011568175703335242,0.007712117135556828,cycle_valid,52.0220343369376,0.2899110883746099,0.2633008204266482,0.27129434630324684,icgn_high_residual,False,4,0.7068297699644465,57.078952363916876,0.27129434630324684,0.6085725401128282,0.27129434630324684,0.1,icgn_high_residual,True,line_search,11.082658037022382,0.0008962867222645093,line_search_refined,0.01158610626329227,0.014034761359136554,0.7110301165984819,0.006862275157033082,0.0008290964741490825,0.021655413165461823,0.022731809005469342,0.7081572999066622,0.010855979862667203,updated,0,True,filtered,339,measured,0,measurement,insufficient_references,False,0,0,,,,,,,,,,,,-0.7719779056151943,0.8127940580511551,5.5973763784274,-0.21427394728212867,0.0028504888991420785,-3.8599691778173906,,,,,,,,,,,0.9359245870366407,0.9911299106840128,0.8734020908885868,0.9999325450213897,0.9745170964436802,0.9974292942881477,0.326828790510051,0.877132222666837,0.9979138005618732,,0.7110301165984819,HIGH,,,,,,,,,,,,-0.7719779056151943,0.8127940580511551,5.5973763784274,estimated,-0.7719779056151943,0.8127940580511551,5.5973763784274,0.6027386394807848,True,temporal;spatial,flow_3d;spectral;phase;coherence,False,NORMAL,0.05,NONE,,8.861476484629266,6.425465786575107,,,,0.07644871066895931,0.00022203599235126603,0.00018625725351739675,,,False,,,,,,,,,,,,,,,,,,,,,,False,,,,,,,
0,research_full,339,P3,valid,348.003874277641,353.09661454859713,343.4104769175211,353.0959167480469,4.5974571061103635,0.9966049919617996,2.036822688222657,13.477815162870877,13.667237092323154,0.1236025648296153,0.0002625221386551857,0.592300182088259,0.7714516344385699,4.592300182088259,5.0,4.592300182088259,4.5974571061103635,343.4104769175211,353.0959167480469,343.4064171715306,353.09661454859713,0.997695374104961,2.0390916500906093,13.492950076971221,0.9966049919617996,2.036822688222657,13.477815162870877,68.73007507497053,142.62995669130828,928.2096751984277,-0.40769981791174104,,4,primary_icgn_fallback_line_search,,0,0,,4.694599996582838,12.651000000914792,17.571699998370605,63.28109999958542,343.4053649902344,353.0909423828125,8.63167442730628e-05,0.007132749124282927,0.004755166082855284,cycle_valid,58.916255790455395,0.3305828798499676,0.2069803150203523,0.21401714443853856,icgn_high_residual,False,4,0.5098268799664214,35.49552713913192,0.21401714443853856,0.382278280699082,0.21401714443853856,0.1,icgn_high_residual,True,line_search,4.598270272309207,0.0006931985271418568,line_search_refined,0.01138813473114685,0.01492011146478622,0.6688264046869768,-0.004125825611708933,-0.002624007498525316,-0.017181947750416704,0.017864131124367626,0.6998638281867989,0.006496978262502589,updated,0,True,filtered,339,measured,0,measurement,insufficient_references,False,0,0,,,,,,,,,,,,0.9966049919617996,2.036822688222657,13.477815162870877,68.73007507497053,142.62995669130828,928.2096751984277,,,,,,,,,,,0.9434225191568718,0.9587991450567949,0.8389540892811199,0.9999418601861786,0.8025666059705804,0.9984149446390482,0.51445059050817,0.8442492379721196,0.997896450852191,,0.6688264046869768,HIGH,,,,,,,,,,,,0.9966049919617996,2.036822688222657,13.477815162870877,estimated,0.9966049919617996,2.036822688222657,13.477815162870877,0.14671050892484,True,temporal;spatial,flow_3d;spectral;phase;coherence,False,OCCLUSION,0.65,KALMAN_PREDICT,,25.21050516686228,33.49903101415051,,,,0.592300182088259,0.0006978005502560336,0.0002625221386551857,,,False,,,,,,,,,,,,,,,,,,,,,,False,,,,,,,
0,research_full,340,P1,valid,139.9663409870054,320.1066070782777,119.14129303961775,320.10626220703125,20.820491114311963,-0.9825476342667772,0.259052244813093,2.976091042001839,3.1447775453010243,0.1209462537026441,8.217109279939905e-05,0.8239321801088124,0.6755283235082541,20.82393218010881,21.0,20.82393218010881,20.820491114311963,119.14129303961775,320.10626220703125,119.14584987269343,320.1066070782777,-0.9823917213701595,0.25900744425330235,2.9755992556761655,-0.9825476342667772,0.259052244813093,2.976091042001839,-17.21084802397621,5.092884299975509,51.551710066371825,-0.17606781989119114,,4,primary_icgn_fallback_line_search,,0,0,,5.049700001109159,16.70870000089053,21.871499997359933,61.6440000012517,119.14604949951172,320.1037902832031,9.437039989279583e-05,0.005360440106463702,0.003573626737642468,cycle_valid,92.23931584308467,0.2913984739363295,0.1704522202336854,0.11229654683275189,icgn_high_residual,False,5,0.48113686648819476,27.640522472467328,0.11229654683275189,0.17916849054887304,0.11229654683275189,0.1,icgn_high_residual,True,line_search,20.73056336589495,-0.00022094003593248624,line_search_refined,0.010889633589480092,0.01562973918499906,0.6394561913565251,-0.004289250891361007,-0.0013257597075266858,0.011160723936619377,0.012029840846851264,0.6916807712127617,0.002938630100322359,updated,0,True,filtered,340,measured,0,measurement,insufficient_references,False,0,0,,,,,,,,,,,,-0.9825476342667772,0.259052244813093,2.976091042001839,-17.21084802397621,5.092884299975509,51.551710066371825,,,,,,,,,,,0.9638621199337176,0.9596845820991187,0.8044417767768924,0.9999705764178847,0.7253559399637293,0.9988087910874525,0.5417744128683859,0.7031668891566354,0.9994533491135337,,0.6394561913565251,HIGH,,,,,,,,,,,,-0.9825476342667772,0.259052244813093,2.976091042001839,estimated,-0.9825476342667772,0.259052244813093,2.976091042001839,0.9481509949431016,True,temporal;spatial,flow_3d;spectral;phase;coherence,False,NORMAL,0.05,NONE,,1.3152899931833757,0.2991607236094751,,,,0.8239321801088124,0.00034487124645465883,8.217109279939905e-05,,,False,,,,,,,,,,,,,,,,,,,,,,False,,,,,,,
0,research_full,340,P2,valid,238.92369661254367,350.0537625552268,227.86117840777482,350.0538330078125,11.0628499059408,-0.7725693621449341,0.8133504080414342,5.601059186576141,5.712290811672248,0.028341616678568094,0.0002813581668306142,0.05987261761580953,0.7910706397561003,11.059872617615799,11.0,11.059872617615799,11.0628499059408,227.86117840777482,350.0538330078125,227.86084670660287,350.0537625552268,-0.7728061261027053,0.8135701265036142,5.6025669768283795,-0.7725693621449341,0.8133504080414342,5.601059186576141,-0.8057304770219265,0.5592004791782346,-0.17716102907616715,0.05987261761579887,,4,primary_icgn_fallback_line_search,,0,0,,4.1128999982902315,13.532400000258349,17.748800000845222,61.6440000012517,227.85882568359375,350.0569152832031,9.1552734375e-05,0.003877593668220366,0.0025850624454802442,cycle_valid,51.927381741462746,0.2916094693888001,0.263267852710232,0.2701067268889689,icgn_high_residual,False,4,0.6999500257699672,56.4752387385244,0.2701067268889689,0.6154728088992473,0.2701067268889689,0.1,icgn_high_residual,True,line_search,11.079979395524937,0.0008087378639199644,line_search_refined,0.011557987941371703,0.013978009994235499,0.7144928405341157,-0.009894082358641754,0.00026348165653189426,-0.010242087050164272,0.0142429854821964,0.7093084338750815,0.004447874630388467,updated,0,True,filtered,340,measured,0,measurement,insufficient_references,False,0,0,,,,,,,,,,,,-0.7725693621449341,0.8133504080414342,5.601059186576141,-0.8057304770219265,0.5592004791782346,-0.17716102907616715,,,,,,,,,,,0.9358077911586336,0.9905527944404773,0.8733862376656296,0.9999378481831324,0.9800424607947301,0.9991383125181732,0.33338092783812645,0.876591991183413,0.9987188065795579,,0.7144928405341157,HIGH,,,,,,,,,,,,-0.7725693621449341,0.8133504080414342,5.601059186576141,estimated,-0.7725693621449341,0.8133504080414342,5.601059186576141,0.658287034278473,True,temporal;spatial,flow_3d;spectral;phase;coherence,False,NORMAL,0.05,NONE,,9.133262693287582,3.869585552180389,,,,0.05987261761580953,7.045258570315127e-05,0.0002813581668306142,,,False,,,,,,,,,,,,,,,,,,,,,,False,,,,,,,
0,research_full,340,P3,valid,348.00204457723714,353.09862175373513,343.4013729375241,353.0985412597656,4.598508809593045,0.9963291738650233,2.0364093911128887,13.474732714683292,13.6641156597514,0.12679568078663106,0.00018563118646852672,0.3995724004147405,0.7703451503919176,4.6004275995852595,5.0,4.6004275995852595,4.598508809593045,343.4013729375241,353.0985412597656,343.4035357676441,353.09862175373513,0.9959072307787469,2.035557920251791,13.469112545314028,0.9963291738650233,2.0364093911128887,13.474732714683292,68.45425697819418,142.21665958153994,925.1272270108419,-0.3995724004147405,,4,primary_icgn_fallback_line_search,,0,0,,4.222800002025906,14.544199999363627,18.91059999979916,61.6440000012517,343.4080505371094,353.10272216796875,0.0002460405812598765,0.007878472543838404,0.005252315029225602,cycle_valid,59.07841051428349,0.33014862542594053,0.20335294463930947,0.24116255170077977,icgn_high_residual,False,4,0.5075779602372757,34.93792232632846,0.24116255170077977,0.3677022993087572,0.24116255170077977,0.1,icgn_high_residual,True,line_search,4.597713704175065,0.000530684720416934,line_search_refined,0.011387804821363048,0.014702544441418457,0.679901877682642,-0.0009182346722127477,-0.0003028696729643343,0.006479352889996015,0.006551099054750651,0.7038608600594671,0.0008674216632455001,updated,0,True,filtered,340,measured,0,measurement,insufficient_references,False,0,0,,,,,,,,,,,,0.9963291738650233,2.0364093911128887,13.474732714683292,68.45425697819418,142.21665958153994,925.1272270108419,,,,,,,,,,,0.9435778094854561,0.957734773071123,0.8360813835646332,0.9999280547053786,0.8668091998617532,0.9982492283235914,0.5165924188216422,0.8617806409069209,0.99962875724329,,0.679901877682642,HIGH,,,,,,,,,,,,0.9963291738650233,2.0364093911128887,13.474732714683292,estimated,0.9963291738650233,2.0364093911128887,13.474732714683292,0.45025615043217365,True,temporal;spatial,flow_3d;spectral;phase;coherence,False,NORMAL,0.05,NONE,,37.78033212448745,2.9777313019446416,,,,0.3995724004147405,8.049396950582377e-05,0.00018563118646852672,,,False,,,,,,,,,,,,,,,,,,,,,,False,,,,,,,
0,research_full,341,P1,valid,139.96398447492055,320.10772319267386,119.24705108895799,320.1072082519531,20.746218236413878,-0.9860788930542829,0.2599861446100896,2.986745651148301,3.156040868456818,0.07509257114980468,0.00017059844685718417,0.28339752450487055,0.7318787398133539,20.71660247549513,21.0,20.71660247549513,20.746218236413878,119.24705108895799,320.1072082519531,119.21776623850667,320.10772319267386,-0.987490480909334,0.26035482042436087,2.9910154026789466,-0.9860788930542829,0.2599861446100896,2.986745651148301,-20.742106811481918,6.026784096972104,62.206319212833705,-0.28339752450487055,,4,context_recovery,,0,0,,4.136300001846394,35.63099999882979,39.900800002214964,81.62889999948675,119.13878631591797,320.1106872558594,8.217109279939905e-05,0.10832065615378572,0.07221377076919049,cycle_valid,84.67357032221513,0.2580627927983366,0.18297022164853194,0.08498478462327096,icgn_high_residual,False,5,0.47697283785511674,27.241616923196084,0.08498478462327096,0.18109928177999,0.08498478462327096,0.1,icgn_high_residual,True,line_search,20.71290508563556,-0.0002304196172760291,line_search_refined,0.011379351323408868,0.015062087670128954,0.6553526291250275,-0.0012308195393870847,-0.0019153189853682306,-0.09956418964127067,0.09959021649980063,0.7025460557108545,0.19589009654262277,updated,0,True,filtered,341,measured,0,measurement,insufficient_references,False,0,0,,,,,,,,,,,,-0.9860788930542829,0.2599861446100896,2.986745651148301,-20.742106811481918,6.026784096972104,62.206319212833705,,,,,,,,,,,0.9606331312043566,0.9749691429500651,0.8178209927658969,0.9999578717433906,0.9055341584983765,0.9759287430769366,0.5457401544236984,0.6077729268704197,0.987097875473067,,0.6553526291250275,HIGH,,,,,,,,,,,,-0.9860788930542829,0.2599861446100896,2.986745651148301,estimated,-0.9860788930542829,0.2599861446100896,2.986745651148301,0.6138299175544809,True,temporal;spatial,flow_3d;spectral;phase;coherence,False,NORMAL,0.05,NONE,,11.396951043612072,4.118559290762778,,,,0.28339752450487055,0.0005149407207341028,0.00017059844685718417,,,False,,,,,,,,,,,,,,,,,,,,,,False,,,,,,,
0,research_full,341,P2,valid,238.91441971072106,350.07252558110173,227.86662925772166,350.0787658691406,11.049798248450035,-0.7735829426125512,0.8145154836530639,5.6076749730769455,5.719080751824126,0.02857523198909459,0.0003040292067453265,0.04540382333303228,0.7900577893611814,11.045403823333025,11.0,11.045403823333025,11.049798248450035,227.86662925772166,350.0787658691406,227.86462146227103,350.07252558110173,-0.7739167196521802,0.8149075377330608,5.609905992254139,-0.7735829426125512,0.8145154836530639,5.6076749730769455,-1.819310944639052,1.7242760908079413,6.43862547172791,0.04540382333302517,,4,primary_icgn_fallback_line_search,,0,0,,4.862699996010633,15.243500001815846,20.309700001234887,81.62889999948675,227.85586547851562,350.05792236328125,0.00018563118646852672,0.02345870156905468,0.015639134379369788,cycle_valid,50.64202920418871,0.28534556368499536,0.2567703316959008,0.28667876406688325,icgn_high_residual,False,4,0.6971797871953562,57.145485535976746,0.28667876406688325,0.6083937014538224,0.28667876406688325,0.1,icgn_high_residual,True,line_search,11.04856091090269,0.0005014300050147735,line_search_refined,0.011675998638152038,0.01398811485605901,0.7133353036288852,-0.008853957111568889,0.023150320906040633,-0.015095333266339495,0.02902066506832707,0.7088884995465655,0.018924842659289856,updated,0,True,filtered,341,measured,0,measurement,insufficient_references,False,0,0,,,,,,,,,,,,-0.7735829426125512,0.8145154836530639,5.6076749730769455,-1.819310944639052,1.7242760908079413,6.43862547172791,,,,,,,,,,,0.9341785195870937,0.9904749226703018,0.8701823021640569,0.9999183899344644,0.9848653922223226,0.9947869552068768,0.3360192502901369,0.8837258370293638,0.9978216158042572,,0.7133353036288852,HIGH,,,,,,,,,,,,-0.7735829426125512,0.8145154836530639,5.6076749730769455,estimated,-0.7735829426125512,0.8145154836530639,5.6076749730769455,0.8543134122101028,True,temporal;spatial,flow_3d;spectral;phase;coherence,False,NORMAL,0.05,NONE,,3.0250781005926397,1.7267233306446257,,,,0.04540382333303228,0.006240288038895869,0.0003040292067453265,,,False,,,,,,,,,,,,,,,,,,,,,,False,,,,,,,
0,research_full,341,P3,valid,348.000849328448,353.10354658084157,343.38365558360437,353.10455322265625,4.610974504534023,0.9936044150889528,2.0310325415815975,13.43830399288765,13.627191828249423,0.1167481753168684,0.00017794652376323938,0.61725994373941,0.7748059370655659,4.61725994373941,5.0,4.61725994373941,4.610974504534023,343.38365558360437,353.10455322265625,343.389874823914,353.10354658084157,0.9922535549127364,2.028293953249197,13.420010536638705,0.9936044150889528,2.0310325415815975,13.43830399288765,65.72949820212371,136.83981005024881,888.698505215201,-0.38274005626059004,,4,primary_icgn_fallback_line_search,,0,0,,4.238500001520151,13.432100000500213,17.800900001020636,81.62889999948675,343.4007568359375,353.1003723144531,0.00013647876039613038,0.017604909109804737,0.011736606073203157,cycle_valid,58.47442036975998,0.31679818854017217,0.20005001322330376,0.18315310188058428,icgn_high_residual,False,4,0.5027756442674527,34.85056901430553,0.18315310188058428,0.3668444879428883,0.18315310188058428,0.1,icgn_high_residual,True,line_search,4.601992812281542,0.0005898563981945329,line_search_refined,0.011440111352487825,0.01505646644823371,0.6626115472917963,0.0002482550176523546,0.003775046073201338,0.020802976140097407,0.021144181698378502,0.6978586543070687,0.009017976004051428,updated,0,True,filtered,341,measured,0,measurement,insufficient_references,False,0,0,,,,,,,,,,,,0.9936044150889528,2.0310325415815975,13.43830399288765,65.72949820212371,136.83981005024881,888.698505215201,,,,,,,,,,,0.9429950170988413,0.9610839415610438,0.8333750005998483,0.9999475957859735,0.7942466854201967,0.996087797975599,0.5211660530786164,0.8180029003545534,0.9976588530011155,,0.6626115472917963,HIGH,,,,,,,,,,,,0.9936044150889528,2.0310325415815975,13.43830399288765,estimated,0.9936044150889528,2.0310325415815975,13.43830399288765,0.08001860002158279,True,temporal;spatial,flow_3d;spectral;phase;coherence,False,OCCLUSION,0.65,KALMAN_PREDICT,,33.8024869889076,43.504657814619634,,,,0.61725994373941,0.0010066418146834621,0.00017794652376323938,,,False,,,,,,,,,,,,,,,,,,,,,,False,,,,,,,
0,research_full,342,P1,lr_failed,139.9705352783203,320.09930419921875,,,,,,,,,8.217109279939905e-05,,0.0,,,,,,,,,,,,,,,,,,,,0,,,0,0,,5.43150000157766,54.85480000061216,60.4570000032254,102.92630000185454,,,,,,not_used,,,,,not_attempted,False,0,,,,,,,,False,none,,,not_attempted,,,,,,,,,,not_used,0,True,measured,,not_enabled,,measurement,insufficient_references,False,0,0,,,,,,,,,,,,,,,,,,,,,,,,,,,,,,,,,,,,,,,HIGH,,,,,,,,,,,,,,,,,,,,,,,,,,,,,,,,,,,,,,False,,,,,,,,,,,,,,,,,,,,,,,,,,,,,
0,research_full,342,P2,valid,238.91484606500674,350.0730699352254,227.8759687953785,350.070556640625,11.041759356515989,-0.7741414980335429,0.8151144207508304,5.611757609879133,5.723244713440963,0.024397823954131752,0.0001068115234375,0.04084028665275774,0.7913972226647307,11.040840286652758,11.0,11.040840286652758,11.041759356515989,227.8759687953785,350.070556640625,227.87308670849075,350.0730699352254,-0.774184540536196,0.8151548752885337,5.612224747992275,-0.7741414980335429,0.8151144207508304,5.611757609879133,-2.377866365630754,2.3232131885744245,10.521262273915255,0.04084028665275774,,4,primary_icgn_fallback_line_search,,0,0,,4.856799998378847,15.336000000388594,20.485299999563722,102.92630000185454,227.86769104003906,350.081787109375,0.0007483031949959695,0.013951511093937915,0.00930100739595861,cycle_valid,51.03772655728096,0.28730116458453436,0.2629033406304026,0.3247004848135781,icgn_high_residual,False,4,0.7001724409809091,56.90976913441611,0.3247004848135781,0.6060783367311069,0.3247004848135781,0.1,icgn_high_residual,True,line_search,11.047642841381233,0.0005069529503209945,line_search_refined,0.011627549555831765,0.013944088024885028,0.7163472287850327,0.007323098441162301,-0.009375926719258132,-0.003164455059811999,0.012310546228718773,0.7095645708787165,0.0034714985686347074,updated,0,True,filtered,342,measured,0,measurement,insufficient_references,False,0,0,,,,,,,,,,,,-0.7741414980335429,0.8151144207508304,5.611757609879133,-2.377866365630754,2.3232131885744245,10.521262273915255,,,,,,,,,,,0.9346888359223398,0.9918673920152894,0.8732106893225281,0.999857480880261,0.9863865711157475,0.9968996642013471,0.3331691038277055,0.8973412886880314,0.998880881456095,,0.7163472287850327,HIGH,,,,,,,,,,,,-0.7741414980335429,0.8151144207508304,5.611757609879133,estimated,-0.7741414980335429,0.8151144207508304,5.611757609879133,0.7850072945365207,True,temporal;spatial,flow_3d;spectral;phase;coherence,False,NORMAL,0.05,NONE,,2.635224469666989,4.697468696680416,,,,0.04084028665275774,0.002513294600419158,0.0001068115234375,,,False,,,,,,,,,,,,,,,,,,,,,,False,,,,,,,
0,research_full,342,P3,valid,348.00151151274366,353.10344239037596,343.38981007265477,353.102294921875,4.61276188253303,0.9932366858274275,2.030242827496048,13.433096845952146,13.621912344652717,0.12148430192854955,6.823938019806519e-05,0.6124177105483568,0.7576919842404884,4.612417710548349,5.0,4.612417710548349,4.61276188253303,343.38981007265477,353.102294921875,343.3887496302106,353.10344239037596,0.9933294903215519,2.030364378875656,13.434099204344646,0.9932366858274275,2.030242827496048,13.433096845952146,65.36176894059842,136.0500959646993,883.4913582796968,-0.3875822894516512,,4,primary_icgn_fallback_line_search,,0,0,,4.912500000500586,13.87290000275243,18.899099999543978,102.92630000185454,343.38525390625,353.1083984375,6.103515625e-05,0.0076165317102049445,0.005077687806803296,cycle_valid,58.36826811751437,0.3165213522306145,0.19503705030206497,0.20304745337882954,icgn_high_residual,False,4,0.5004037061245022,34.88578972248971,0.20304745337882954,0.36917667951962585,0.20304745337882954,0.1,icgn_high_residual,True,line_search,4.598897949782643,0.0006222288021671345,line_search_refined,0.011401720238627703,0.015018571033205174,0.6657222004070189,0.0026958692602647716,-0.004318794692892425,-0.0011476422757619176,0.005218886994456988,0.7001051704438919,0.0006303010321937133,updated,0,True,filtered,342,measured,0,measurement,insufficient_references,False,0,0,,,,,,,,,,,,0.9932366858274275,2.030242827496048,13.433096845952146,65.36176894059842,136.0500959646993,883.4913582796968,,,,,,,,,,,0.9428913442039732,0.9595052326904835,0.8290923017872343,0.9999784542439253,0.7958607631505478,0.9983074373977322,0.5234250417861883,0.8358347628662809,0.9998196155194464,,0.6657222004070189,HIGH,,,,,,,,,,,,0.9932366858274275,2.030242827496048,13.433096845952146,estimated,0.9932366858274275,2.030242827496048,13.433096845952146,0.42620537781480305,True,temporal;spatial,flow_3d;spectral;phase;coherence,False,NORMAL,0.05,NONE,,31.64465415322264,4.697468696680416,,,,0.6124177105483568,0.001147468500960258,6.823938019806519e-05,,,False,,,,,,,,,,,,,,,,,,,,,,False,,,,,,,
0,research_full,343,P1,valid,139.96390997351847,320.10495726761724,119.17343446065055,320.1032409667969,20.769678024628146,-0.9849655279299192,0.2596764565648869,2.983372059109814,3.1524748684773827,0.10671937757598332,3.4119690099032596e-05,0.20892640400992946,0.7036684418614154,20.791073595990074,21.0,20.791073595990074,20.769678024628146,119.17343446065055,320.1032409667969,119.19423194889032,320.10495726761724,-0.9839484623989649,0.2593992945128485,2.9803019458953535,-0.9849655279299192,0.2596764565648869,2.983372059109814,-19.628741687118257,5.717096051769399,58.83272717434673,-0.2089264040099259,,32,primary_icgn_fallback_line_search,recaptured,1,1,1.0,7.470600001397543,26.109699996595737,33.80660000038915,72.18309999734629,119.25218200683594,320.1109619140625,9.187007526634261e-05,0.07912514806872463,0.05275009871248309,cycle_valid,92.03467866911325,0.28368150627185,0.1769621286958667,0.07876578406761368,icgn_high_residual,False,5,0.4749468981655737,27.264619484936418,0.07876578406761368,0.18277299174527506,0.07876578406761368,0.1,icgn_high_residual,True,line_search,20.710332880621692,-0.00023764060804043653,line_search_refined,0.011186368106298418,0.015032174924606461,0.6615202221097203,0.002277586857417191,-0.006535921257523114,0.07143016502931587,0.07176471378534803,0.7004686835996045,0.10279243372346561,updated,0,True,filtered,343,measured,0,measurement,insufficient_references,False,0,0,,,,,,,,,,,,-0.9849655279299192,0.2596764565648869,2.983372059109814,-19.628741687118257,5.717096051769399,58.83272717434673,,,,,,,,,,,0.9637817681168045,0.9644268741413389,0.8116357800452255,0.9999790017057725,0.9303578653300235,0.9824166337625057,0.5476696207946916,0.5768043989161649,0.9944087694917833,,0.6615202221097203,HIGH,,,,,,,,,,,,-0.9849655279299192,0.2596764565648869,2.983372059109814,estimated,-0.9849655279299192,0.2596764565648869,2.983372059109814,0.5025206904293325,True,temporal;spatial,flow_3d;spectral;phase;coherence,False,NORMAL,0.05,NONE,,14.829344910999238,6.86039436167656,,,,0.20892640400992946,0.0017163008203624486,3.4119690099032596e-05,,,False,,,,,,,,,,,,,,,,,,,,,,False,,,,,,,
0,research_full,343,P2,valid,238.91532198860943,350.08423431673134,227.91315628292094,350.0864562988281,11.012781346988922,-0.7761733007005204,0.8173812518845749,5.626523867408357,5.738321003060794,0.025686830935404352,0.0001406790834153071,0.003515470008750299,0.7898502245304013,11.003515470008747,11.0,11.003515470008747,11.012781346988922,227.91315628292094,350.0864562988281,227.9025406416205,350.08423431673134,-0.7768121393934322,0.8180938593579125,5.631261869379047,-0.7761733007005204,0.8173812518845749,5.626523867408357,-4.409669032608199,4.590044322318909,25.287519803139702,0.003515470008746746,,4,primary_icgn_fallback_line_search,,0,0,,3.7768999973195605,13.116300000547199,17.029099999490427,72.18309999734629,227.8813018798828,350.06927490234375,0.00022217132209334522,0.03619258733592532,0.024128391557283548,cycle_valid,50.67432722180489,0.28056539363295213,0.2548785626975478,0.31616244045080116,icgn_high_residual,False,4,0.7164615858618874,57.2182529222858,0.31616244045080116,0.5749304426284875,0.31616244045080116,0.1,icgn_high_residual,True,line_search,11.032043760922695,0.0003922460683123532,line_search_refined,0.011725293276670172,0.014037411093082364,0.7089846667046614,0.005000340176536611,0.008231560268313842,-0.03172795243074056,0.033157577592147845,0.7079585579812734,0.02307865376874553,updated,0,True,filtered,343,measured,0,measurement,insufficient_references,False,0,0,,,,,,,,,,,,-0.7761733007005204,0.8173812518845749,5.626523867408357,-4.409669032608199,4.590044322318909,25.287519803139702,,,,,,,,,,,0.9342204718625446,0.9914377230215319,0.8692187644949629,0.9999395249324152,0.9988281766637499,0.9919572028142388,0.3176556325124883,0.89456896497318,0.9952309225225316,,0.7089846667046614,HIGH,,,,,,,,,,,,-0.7761733007005204,0.8173812518845749,5.626523867408357,estimated,-0.7761733007005204,0.8173812518845749,5.626523867408357,0.4700854854886729,True,temporal;spatial,flow_3d;spectral;phase;coherence,False,NORMAL,0.05,NONE,,10.912931769337412,11.743793792416547,,,,0.003515470008750299,0.0022219820967848136,0.0001406790834153071,,,False,,,,,,,,,,,,,,,,,,,,,,False,,,,,,,
0,research_full,343,P3,valid,348.0028897938276,353.10484117867156,343.39350035332035,353.1046142578125,4.611600649190507,0.9935227614778871,2.0307905637728387,13.436479393821635,13.625350501622952,0.0955251685081746,8.63167442730628e-05,0.3898687615234735,0.7846834502929498,4.610131238476551,5.0,4.610131238476551,4.611600649190507,343.39350035332035,353.1046142578125,343.3912891446371,353.10484117867156,0.993858798393113,2.0314319237532192,13.440762071636605,0.9935227614778871,2.0307905637728387,13.436479393821635,65.64784459105799,136.59783224149004,886.8739061491855,-0.3898687615234486,,4,primary_icgn_fallback_line_search,,0,0,,3.731000000698259,13.842899999872316,17.692499997792765,72.18309999734629,343.3851318359375,353.1028747558594,0.0002625221386551857,0.008547394353366593,0.0056982629022443955,cycle_valid,57.79756069241187,0.3073442325881006,0.211819064079926,0.18923165176558118,icgn_high_residual,False,4,0.5030434803656355,33.45984305814477,0.18923165176558118,0.3519299342177982,0.18923165176558118,0.1,icgn_high_residual,True,line_search,4.594702745862535,0.0005303033895049581,line_search_refined,0.011420075231114693,0.0147377712122944,0.6783055654425072,0.002786526949137169,-0.000852416850989357,-0.004964979925027535,0.005756941252266236,0.7040449838380317,0.0006929653822893682,updated,0,True,filtered,343,measured,0,measurement,insufficient_references,False,0,0,,,,,,,,,,,,0.9935227614778871,2.0307905637728387,13.436479393821635,65.64784459105799,136.59783224149004,886.8739061491855,,,,,,,,,,,0.9423274391963923,0.9681582771639418,0.8426329873653128,0.9999418601861786,0.8700437461588422,0.9981005790325852,0.520910971080347,0.8238490600154649,0.9996712235517659,,0.6783055654425072,HIGH,,,,,,,,,,,,0.9935227614778871,2.0307905637728387,13.436479393821635,estimated,0.9935227614778871,2.0307905637728387,13.436479393821635,0.779618185002753,True,temporal;spatial,flow_3d;spectral;phase;coherence,False,NORMAL,0.05,NONE,,8.7177457623861,0.0,,,,0.3898687615234735,0.0002269208590632843,8.63167442730628e-05,,,False,,,,,,,,,,,,,,,,,,,,,,False,,,,,,,
0,research_full,344,P1,valid,139.96669961701926,320.10475606816664,119.1587848845429,320.1045227050781,20.794406262948304,-0.9837780827199508,0.2593664906453085,2.9798243004317113,3.148720875840401,0.10973849267084244,0.00012302029062993824,0.19069101247259823,0.7090712738487114,20.809308987527416,21.0,20.809308987527416,20.794406262948304,119.1587848845429,320.1045227050781,119.17229335407096,320.10475606816664,-0.9830654793598154,0.25917939387613603,2.977690279505303,-0.9837780827199508,0.2593664906453085,2.9798243004317113,-18.44129647714987,5.407130132190963,55.28496849624398,-0.19069101247258402,,4,primary_icgn_fallback_line_search,,1,1,1.0,4.743600002257153,18.20430000225315,23.10080000097514,63.52170000172919,119.17150115966797,320.1065368652344,0.00020142178982496262,0.01287480074376127,0.008583200495840847,cycle_valid,91.97878181894565,0.2903629927457612,0.18062450007491876,0.0986850938393846,icgn_high_residual,False,5,0.4731576862087097,27.227497924602147,0.0986850938393846,0.1826158495850402,0.0986850938393846,0.1,icgn_high_residual,True,line_search,20.71906207403779,-0.0002294153624431554,line_search_refined,0.01092288722694805,0.014787284061158213,0.6729149015471674,0.005384891161412497,-0.00090129480372525,0.05025658769327279,0.05055228967826382,0.7034672415471483,0.05135553969561299,updated,0,True,filtered,344,measured,0,measurement,insufficient_references,False,0,0,,,,,,,,,,,,-0.9837780827199508,0.2593664906453085,2.9798243004317113,-18.44129647714987,5.407130132190963,55.28496849624398,,,,,,,,,,,0.9637597577678862,0.9634205024430526,0.8154550832278707,0.9999459263199242,0.9364363291758006,0.997138933168053,0.5493736321821812,0.6622252456122182,0.9950583798164276,,0.6729149015471674,HIGH,,,,,,,,,,,,-0.9837780827199508,0.2593664906453085,2.9798243004317113,estimated,-0.9837780827199508,0.2593664906453085,2.9798243004317113,0.8953601050934439,True,temporal;spatial,flow_3d;spectral;phase;coherence,False,NORMAL,0.05,NONE,,0.18926688736371636,3.286176151420947,,,,0.19069101247259823,0.00023336308851185095,0.00012302029062993824,,,False,,,,,,,,,,,,,,,,,,,,,,False,,,,,,,
0,research_full,344,P2,valid,238.91096906204564,350.08201835619974,227.8908990767796,350.0785827636719,11.013311474243462,-0.7761835100492768,0.8173176902057497,5.626253033912237,5.738047773380972,0.020561491552341445,0.00018374015053268522,0.019196138064160095,0.7899274392482664,11.019196138064146,11.0,11.019196138064146,11.013311474243462,227.8908990767796,350.0785827636719,227.89765758780217,350.08201835619974,-0.7757785436163519,0.8168436864143489,5.623248403877536,-0.7761835100492768,0.8173176902057497,5.626253033912237,-4.419878381364595,4.526482643493757,25.016686307019143,0.019196138064145885,,4,primary_icgn_fallback_line_search,,0,0,,4.013400000985712,14.53870000113966,18.667199998162687,63.52170000172919,227.91567993164062,350.0811462402344,0.0020026252605021,0.02491309253645909,0.016608728357639393,cycle_valid,50.539922079375614,0.2833095848109937,0.2627480932586523,0.24621141123009055,icgn_high_residual,False,4,0.7155684546827368,56.99959530487069,0.24621141123009055,0.5812822037477104,0.24621141123009055,0.1,icgn_high_residual,True,line_search,11.03432418524524,0.0004182113862197307,line_search_refined,0.011693491267662176,0.014060323201742123,0.7106511409259073,-0.003250305198719161,-0.01277880644340712,0.020159643350355694,0.024088868757507577,0.7080968289758814,0.012434766407501283,updated,0,True,filtered,344,measured,0,measurement,insufficient_references,False,0,0,,,,,,,,,,,,-0.7761835100492768,0.8173176902057497,5.626253033912237,-4.419878381364595,4.526482643493757,25.016686307019143,,,,,,,,,,,0.9340455387307848,0.9931461694825529,0.8731357745743197,0.9996356057648276,0.9936012873119466,0.9944637572141202,0.3185062336354888,0.8646149942165657,0.9991984725105045,,0.7106511409259073,HIGH,,,,,,,,,,,,-0.7761835100492768,0.8173176902057497,5.626253033912237,estimated,-0.7761835100492768,0.8173176902057497,5.626253033912237,0.6413242475138032,True,temporal;spatial,flow_3d;spectral;phase;coherence,False,NORMAL,0.05,NONE,,15.35029891271388,1.1976545587247074,,,,0.019196138064160095,0.003435592527864628,0.00018374015053268522,,,False,,,,,,,,,,,,,,,,,,,,,,False,,,,,,,
0,research_full,344,P3,valid,348.00645761330117,353.1092782770462,343.4078445721927,353.1102294921875,4.603759474781234,0.9953082154680006,2.034365429748255,13.459364555166552,13.648581441835141,0.10188477968566094,6.103515625e-05,0.4000931073489422,0.7817052464609436,4.599906892651058,5.0,4.599906892651058,4.603759474781234,343.4078445721927,353.1102294921875,343.40269813851995,353.1092782770462,0.9961756747600071,2.036094170437981,13.470637241457572,0.9953082154680006,2.034365429748255,13.459364555166552,67.43329858117153,140.17269821690627,909.759067494102,-0.4000931073489422,,4,primary_icgn_fallback_line_search,,0,0,,4.293599999073194,14.035199998033931,18.48270000118646,63.52170000172919,343.39794921875,353.1025085449219,0.0002460405812598765,0.01255113725660975,0.008367424837739832,cycle_valid,57.60649765277234,0.3017766017193433,0.19989182203368233,0.19094122010389067,icgn_high_residual,False,4,0.4964660093243221,33.37659212033608,0.19094122010389067,0.34599976928921283,0.19094122010389067,0.1,icgn_high_residual,True,line_search,4.583450555704189,0.0005993014922392984,line_search_refined,0.011440472158619715,0.014804808272981263,0.6744696248762732,0.004855611567052165,0.0035697536315524303,-0.012912592529446876,0.014249742120880638,0.7016414696436318,0.004206128145601747,updated,0,True,filtered,344,measured,0,measurement,insufficient_references,False,0,0,,,,,,,,,,,,0.9953082154680006,2.034365429748255,13.459364555166552,67.43329858117153,140.17269821690627,909.759067494102,,,,,,,,,,,0.9421361570455947,0.9660384067714464,0.8332431362413787,0.999948820710415,0.8666356308836859,0.9972108583874201,0.5271752292149312,0.8254262054301489,0.9985393482242817,,0.6744696248762732,HIGH,,,,,,,,,,,,0.9953082154680006,2.034365429748255,13.459364555166552,estimated,0.9953082154680006,2.034365429748255,13.459364555166552,0.23836409862719654,True,temporal;spatial,flow_3d;spectral;phase;coherence,False,OCCLUSION,0.65,KALMAN_PREDICT,,19.793018516377646,23.44772627301935,,,,0.4000931073489422,0.0009512151412991443,6.103515625e-05,,,False,,,,,,,,,,,,,,,,,,,,,,False,,,,,,,
0,research_full,345,P1,valid,139.96154572091802,320.0974914242969,119.1908455411044,320.0948181152344,20.776685415811976,-0.9846470227398083,0.2595456258705094,2.982365851688048,3.151412344428107,0.06564737357430792,0.00012302029062993824,0.23117452059659627,0.7714777769717536,20.768825479403418,21.0,20.768825479403418,20.776685415811976,119.1908455411044,320.0948181152344,119.18486030510604,320.0974914242969,-0.9850305253171409,0.25962835843006055,2.983494524369349,-0.9846470227398083,0.2595456258705094,2.982365851688048,-19.31023649700736,5.5862653573918735,57.82651975258047,-0.23117452059658206,,4,primary_icgn_fallback_line_search,,1,1,1.0,4.992100002709776,18.810199999279575,24.07379999931436,61.67190000269329,119.15382385253906,320.1046447753906,0.0004425048828125,0.03830363786972289,0.02553575857981526,cycle_valid,91.3751875657204,0.2613041536731701,0.1956567800988622,0.07836812934930436,icgn_high_residual,False,6,0.4798521433189866,26.66109656777588,0.07836812934930436,0.17757700966028317,0.07836812934930436,0.1,icgn_high_residual,True,line_search,20.69115757948166,-0.00011697383319842587,line_search_refined,0.011031553376077828,0.01491265030942467,0.6684308209778964,-0.0071421561212901,-0.010184662349786322,-0.026236544847655807,0.029036081463983586,0.7004202933657369,0.017510181478929066,updated,0,True,filtered,345,measured,0,measurement,insufficient_references,False,0,0,,,,,,,,,,,,-0.9846470227398083,0.2595456258705094,2.982365851688048,-19.31023649700736,5.5862653573918735,57.82651975258047,,,,,,,,,,,0.9635203667195115,0.9781175421418974,0.8296336405184092,0.9999057458044263,0.9229418264678012,0.9914880804733949,0.5429979587438223,0.5746570243528568,0.9968075089285013,,0.6684308209778964,HIGH,,,,,,,,,,,,-0.9846470227398083,0.2595456258705094,2.982365851688048,estimated,-0.9846470227398083,0.2595456258705094,2.982365851688048,0.7874941881044036,True,temporal;spatial,flow_3d;spectral;phase;coherence,False,NORMAL,0.05,NONE,,6.445745544227368,1.1808639514931656,,,,0.23117452059659627,0.0026733090625157274,0.00012302029062993824,,,False,,,,,,,,,,,,,,,,,,,,,,False,,,,,,,
0,research_full,345,P2,valid,238.9139407831837,350.08486029889065,227.89336518791274,350.08441162109375,11.017278168189058,-0.7758715861176411,0.8170544674146019,5.624227340859441,5.735981860373839,0.013942831999401998,0.000371575792087242,0.022680954665402098,0.7957118945121766,11.022680954665402,11.0,11.022680954665402,11.017278168189058,227.89336518791274,350.08441162109375,227.89666261499465,350.08486029889065,-0.7754683026250215,0.8166490875628729,5.6214706159263645,-0.7758715861176411,0.8170544674146019,5.624227340859441,-4.10795444972889,4.26325985234588,22.990993254223824,0.022680954665402098,,4,primary_icgn_fallback_line_search,,0,0,,3.7960000008752104,13.63620000120136,17.539399999805028,61.67190000269329,227.88320922851562,350.07586669921875,5.50163458683528e-05,0.013272497923360443,0.008848331948906963,cycle_valid,49.21026756392962,0.2680604276458488,0.2541175956464468,0.26372477630832164,icgn_high_residual,False,4,0.7131256090560713,57.62087252994186,0.26372477630832164,0.5729512476158473,0.26372477630832164,0.1,icgn_high_residual,True,line_search,11.030579733342654,0.00036529349494939667,line_search_refined,0.011680899949486947,0.014057047003823302,0.7105542865760752,0.007833051582139205,-0.0016693189468242053,0.018522541012295335,0.020179887224334097,0.7083128889952177,0.008595032326187014,updated,0,True,filtered,345,measured,0,measurement,insufficient_references,False,0,0,,,,,,,,,,,,-0.7758715861176411,0.8170544674146019,5.624227340859441,-4.10795444972889,4.26325985234588,22.990993254223824,,,,,,,,,,,0.9322634584540114,0.9953523893335327,0.8688271339552971,0.9999289013103407,0.9924396817781993,0.997050556017031,0.3208327532799321,0.8736056058139824,0.9988295005168023,,0.7105542865760752,HIGH,,,,,,,,,,,,-0.7758715861176411,0.8170544674146019,5.624227340859441,estimated,-0.7758715861176411,0.8170544674146019,5.624227340859441,0.8118259322159418,True,temporal;spatial,flow_3d;spectral;phase;coherence,False,NORMAL,0.05,NONE,,1.7953179311095924,4.588616479280823,,,,0.022680954665402098,0.00044867779689639065,0.000371575792087242,,,False,,,,,,,,,,,,,,,,,,,,,,False,,,,,,,
0,research_full,345,P3,valid,348.00881795047735,353.11100299726905,343.41730440358964,353.11065673828125,4.594987444310652,0.997270127109555,2.0382942977948924,13.485059066288398,13.674648418593263,0.12453187329568849,0.00015560972678940743,0.40805757741776905,0.7017777486237091,4.591942422582231,5.0,4.591942422582231,4.594987444310652,343.41730440358964,353.11065673828125,343.4138305061667,353.11100299726905,0.9979426807971636,2.039636861536585,13.494001316449019,0.997270127109555,2.0382942977948924,13.485059066288398,69.39521022272588,144.10156626354365,935.4535786159488,-0.40805757741776905,,4,primary_icgn_fallback_line_search,,0,0,,3.8707999992766418,13.01209999655839,16.99430000007851,61.67190000269329,343.4099426269531,353.1121520996094,0.0001100326917367056,0.0075121142661426586,0.005008076177428439,cycle_valid,57.35701643389834,0.29792601710577693,0.17339414381008844,0.22150779136984594,icgn_high_residual,False,4,0.4952310854958128,33.622841750214974,0.22150779136984594,0.3234444959793615,0.22150779136984594,0.1,icgn_high_residual,True,line_search,4.575793936106212,0.0005376357125043512,line_search_refined,0.011426149357380913,0.014957193816602873,0.6675877648844419,0.001611764654342096,-0.001301281478333749,-0.01013989175015606,0.010349324784338537,0.6996987932958574,0.002164234760245831,updated,0,True,filtered,345,measured,0,measurement,insufficient_references,False,0,0,,,,,,,,,,,,0.997270127109555,2.0382942977948924,13.485059066288398,69.39521022272588,144.10156626354365,935.4535786159488,,,,,,,,,,,0.941884471324012,0.9584893755681039,0.8077597512760178,0.999955726263579,0.8639808075274104,0.9983306412741905,0.5283513471468448,0.8495162037994524,0.9985239588969306,,0.6675877648844419,HIGH,,,,,,,,,,,,0.997270127109555,2.0382942977948924,13.485059066288398,estimated,0.997270127109555,2.0382942977948924,13.485059066288398,0.5181187132470864,True,temporal;spatial,flow_3d;spectral;phase;coherence,False,NORMAL,0.05,NONE,,2.8370585010386087,23.51260313553067,,,,0.40805757741776905,0.00034625898780404896,0.00015560972678940743,,,False,,,,,,,,,,,,,,,,,,,,,,False,,,,,,,
0,research_full,346,P1,valid,139.96227575865524,320.10100587431,119.17705980974348,320.10302734375,20.781716721463688,-0.9844044091939506,0.25950314327130586,2.98164381344808,3.1506497349723577,0.07523656761152492,0.00018310546875,0.21395556169659358,0.7462304625768854,20.786044438303392,21.0,20.786044438303392,20.781716721463688,119.17705980974348,320.10302734375,119.18055903719156,320.10100587431,-0.984194656018243,0.2594608189036823,2.981023026256955,-0.9844044091939506,0.25950314327130586,2.98164381344808,-19.06762295114961,5.5437827581883425,57.104481512612715,-0.2139555616966078,,4,primary_icgn_fallback_line_search,,1,1,1.0,4.193600001599407,18.365599997196114,22.68270000058692,62.1181999995315,119.18938446044922,320.0988464355469,0.000167325692018494,0.013014492246006214,0.008676328164004142,cycle_valid,91.09452537769386,0.26167817680490313,0.1864416091933782,0.09901133673198002,icgn_high_residual,False,5,0.4762039562254695,26.674890324432262,0.09901133673198002,0.1768738807064677,0.09901133673198002,0.1,icgn_high_residual,True,line_search,20.69725672612291,-0.0007481819216978774,line_search_refined,0.010932018773093634,0.014758448800295865,0.6767857650519628,0.003184265612389936,0.007769436385444806,0.014576961250398313,0.016822350862270605,0.7031125510068211,0.005952487168268286,updated,0,True,filtered,346,measured,0,measurement,insufficient_references,False,0,0,,,,,,,,,,,,-0.9844044091939506,0.25950314327130586,2.98164381344808,-19.06762295114961,5.5437827581883425,57.104481512612715,,,,,,,,,,,0.9634079729872597,0.9749211441294917,0.8212130142110079,0.9999415948065385,0.9286814794344688,0.9971078906119987,0.54647242264241,0.6633382152635166,0.9988308062288459,,0.6767857650519628,HIGH,,,,,,,,,,,,-0.9844044091939506,0.25950314327130586,2.98164381344808,estimated,-0.9844044091939506,0.25950314327130586,2.98164381344808,0.870049085995606,True,temporal;spatial,flow_3d;spectral;phase;coherence,False,NORMAL,0.05,NONE,,3.4548056660157904,0.8355596401437424,,,,0.21395556169659358,0.002021469440023793,0.00018310546875,,,False,,,,,,,,,,,,,,,,,,,,,,False,,,,,,,
0,research_full,346,P2,valid,238.90996847662223,350.08832832793115,227.90052827967156,350.0882568359375,11.009480576545965,-0.776464532211927,0.8176710688917026,5.628210764764595,5.74005571046986,0.014422129739628281,0.00016504904488101602,0.008300455680000596,0.7942501386492706,11.008300455679995,11.0,11.008300455679995,11.009480576545965,227.90052827967156,350.0882568359375,227.90048790007626,350.08832832793115,-0.7765602326276269,0.8177579438878273,5.6288141248371435,-0.776464532211927,0.8176710688917026,5.628210764764595,-4.700900544014841,4.879861329446622,26.974417159377317,0.008300455679995267,,4,primary_icgn_fallback_line_search,,0,0,,4.341499996371567,13.919299999543,18.394699996861164,62.1181999995315,227.89004516601562,350.0802001953125,0.00011108566104667261,0.013221389113239623,0.008814259408826415,cycle_valid,48.71088542186505,0.2693285638545354,0.2549064341149071,0.24719886968271315,icgn_high_residual,False,4,0.7169385473552187,57.929414025587555,0.24719886968271315,0.5702581667305209,0.24719886968271315,0.1,icgn_high_residual,True,line_search,11.021432070814113,0.0002696150292453445,line_search_refined,0.011696609605742508,0.014068341204021706,0.7100186161944528,-0.004234922187464463,-0.0002656418943161043,-0.00404345952770413,0.00586128795590832,0.7081407992625058,0.000753468075686281,updated,0,True,filtered,346,measured,0,measurement,insufficient_references,False,0,0,,,,,,,,,,,,-0.776464532211927,0.8176710688917026,5.628210764764595,-4.700900544014841,4.879861329446622,26.974417159377317,,,,,,,,,,,0.9315690260100038,0.9951926234201239,0.8692330640884989,0.999953977549012,0.9972331814399998,0.9970619135303912,0.3172013834712203,0.8651558019819523,0.9988784153830894,,0.7100186161944528,HIGH,,,,,,,,,,,,-0.776464532211927,0.8176710688917026,5.628210764764595,estimated,-0.776464532211927,0.8176710688917026,5.628210764764595,0.6962943076750936,True,temporal;spatial,flow_3d;spectral;phase;coherence,False,NORMAL,0.05,NONE,,6.1402253314624495,4.751396196784112,,,,0.008300455680000596,7.149199365130698e-05,0.00016504904488101602,,,False,,,,,,,,,,,,,,,,,,,,,,False,,,,,,,
0,research_full,346,P3,valid,348.01497099175856,353.1132372908954,343.4146241171724,353.1131896972656,4.598725314806557,0.996620577748109,2.0366960364087636,13.474098332396094,13.663554046872042,0.11380550503582391,6.823938019806519e-05,0.39799203709430486,0.7201847921554418,4.602007962905695,5.0,4.602007962905695,4.598725314806557,343.4146241171724,353.1131896972656,343.41624567695203,353.1132372908954,0.9959531235695641,2.03524200054039,13.464487153181505,0.996620577748109,2.0366960364087636,13.474098332396094,68.74566086127987,142.5033048774149,924.4928447236447,-0.39799203709430486,,4,primary_icgn_fallback_line_search,,0,0,,4.116100000828737,13.464600000588689,17.69639999838546,62.1181999995315,343.414306640625,353.10992431640625,6.823938019806519e-05,0.003280777882596761,0.0021871852550645076,cycle_valid,57.34265822365499,0.2921394634191711,0.17833395838334715,0.1847112566095321,icgn_high_residual,False,4,0.49392900147798796,33.551497406558596,0.1847112566095321,0.3223311350068617,0.1847112566095321,0.1,icgn_high_residual,True,line_search,4.588223368076557,0.0003097242124238935,line_search_refined,0.01140892743511759,0.014947740892624923,0.6684105827764076,0.006247721320391975,-0.00017901018992461104,0.010966008033279628,0.012622178834548758,0.7006524079522594,0.003318613254454857,updated,0,True,filtered,346,measured,0,measurement,insufficient_references,False,0,0,,,,,,,,,,,,0.996620577748109,2.0366960364087636,13.474098332396094,68.74566086127987,142.5033048774149,924.4928447236447,,,,,,,,,,,0.9418699195922824,0.9620648316547253,0.8130847672787035,0.9999772535399339,0.8673359876352317,0.9992709382483118,0.5295914271638209,0.8195381594755868,0.9991228201230165,,0.6684105827764076,HIGH,,,,,,,,,,,,0.996620577748109,2.0366960364087636,13.474098332396094,estimated,0.996620577748109,2.0366960364087636,13.474098332396094,0.2926607090947043,True,temporal;spatial,flow_3d;spectral;phase;coherence,False,OCCLUSION,0.65,KALMAN_PREDICT,,37.1614837618768,10.356376790407525,,,,0.39799203709430486,4.75936298016677e-05,6.823938019806519e-05,,,False,,,,,,,,,,,,,,,,,,,,,,False,,,,,,,
0,research_full,347,P1,valid,139.95630882897441,320.1013743931472,119.19516197870625,320.10162353515625,20.765442912010737,-0.9852104684401325,0.2597086509938899,2.9839805179182055,3.1531298707538977,0.07778506732722186,0.00013647876039613038,0.2406636876906454,0.7786927353015616,20.75933631230937,21.0,20.75933631230937,20.765442912010737,119.19516197870625,320.10162353515625,119.19086591696367,320.1013743931472,-0.9855107766249779,0.25978649177695295,2.984858290418514,-0.9852104684401325,0.2597086509938899,2.9839805179182055,-19.873682197331544,5.749290480772384,59.441185982738176,-0.24066368769063118,,4,primary_icgn_fallback_line_search,,1,1,1.0,4.6624999995401595,24.30150000145659,29.10899999915273,73.93479999882402,119.17491912841797,320.10443115234375,9.187007526634261e-05,0.020436626484462154,0.013624417656308103,cycle_valid,90.84053162351626,0.2846842035692057,0.20689913624198386,0.08142221138406901,icgn_high_residual,False,6,0.47325868279911903,26.418896658399763,0.08142221138406901,0.17494189149530337,0.08142221138406901,0.1,icgn_high_residual,True,line_search,20.686281244164345,-0.0001266207155161718,line_search_refined,0.010963552404874257,0.014841192782681348,0.6719179333881163,-0.006929466552008989,0.000953540471357428,-0.020437467571721157,0.021601315396778082,0.7012056567214807,0.009575270553003766,updated,0,True,filtered,347,measured,0,measurement,insufficient_references,False,0,0,,,,,,,,,,,,-0.9852104684401325,0.2597086509938899,2.9839805179182055,-19.873682197331544,5.749290480772384,59.441185982738176,,,,,,,,,,,0.9633056602184127,0.9740716442242594,0.8388909014373673,0.999961941860723,0.9197787707697849,0.9954585274478973,0.5492774449532198,0.5906112992178532,0.9972063583553877,,0.6719179333881163,HIGH,,,,,,,,,,,,-0.9852104684401325,0.2597086509938899,2.9839805179182055,estimated,-0.9852104684401325,0.2597086509938899,2.9839805179182055,0.8186114657725686,True,temporal;spatial,flow_3d;spectral;phase;coherence,False,NORMAL,0.05,NONE,,3.243011068592382,2.7651656286722073,,,,0.2406636876906454,0.00024914200906778206,0.00013647876039613038,,,False,,,,,,,,,,,,,,,,,,,,,,False,,,,,,,
0,research_full,347,P2,valid,238.9065937257711,350.0794571381388,227.853876447432,350.07476806640625,11.037853420761863,-0.7745054258294367,0.8154725098754221,5.613743427579039,5.725292074618431,0.017670077712933843,0.0006141543854027987,0.0521599295211459,0.7934068082659698,11.052159929521146,11.0,11.052159929521146,11.037853420761863,227.853876447432,350.07476806640625,227.86874030500923,350.0794571381388,-0.7735089339796487,0.8143658545439015,5.606476696909995,-0.7745054258294367,0.8154725098754221,5.613743427579039,-2.7417941615245356,2.6813023131661007,12.507079973821611,0.0521599295211459,,4,primary_icgn_fallback_line_search,,0,0,,4.308599996875273,15.853699998842785,20.307399998273468,73.93479999882402,227.91192626953125,350.1141052246094,0.0006372257485054433,0.07012270574681113,0.04674847049787409,cycle_valid,48.09950015509235,0.2590790839385269,0.24140900622559308,0.26432234075070554,icgn_high_residual,False,4,0.734785212648438,57.720539041145464,0.26432234075070554,0.5647093319581703,0.26432234075070554,0.1,icgn_high_residual,True,line_search,11.055533608734576,0.0007595795887834358,line_search_refined,0.011949966670673856,0.014271419673915245,0.6969729074006302,-0.0020395093488616567,-0.017158743909647,0.04853429645679874,0.051518540580041364,0.7052288834140815,0.05548170509809644,updated,0,True,filtered,347,measured,0,measurement,insufficient_references,False,0,0,,,,,,,,,,,,-0.7745054258294367,0.8154725098754221,5.613743427579039,-2.7417941615245356,2.6813023131661007,12.507079973821611,,,,,,,,,,,0.9306992105409555,0.9941099740956887,0.8619217490909025,0.9997914366443487,0.9826133568262847,0.9844171765007086,0.30020455938243995,0.8738913508458541,0.9946792862863263,,0.6969729074006302,HIGH,,,,,,,,,,,,-0.7745054258294367,0.8154725098754221,5.613743427579039,estimated,-0.7745054258294367,0.8154725098754221,5.613743427579039,0.30366099859066675,True,temporal;spatial,flow_3d;spectral;phase;coherence,False,NORMAL,0.05,NONE,,18.837958628104698,16.975139258656792,,,,0.0521599295211459,0.0046890717325709375,0.0006141543854027987,,,False,,,,,,,,,,,,,,,,,,,,,,False,,,,,,,
0,research_full,347,P3,valid,348.0049967504106,353.1127710639455,343.4260945281808,353.11175537109375,4.581074904645005,1.0001984023806236,2.0445309675198673,13.526012646628923,13.716177377025934,0.12546861240424032,0.00026074229390360415,0.4258503875557835,0.6984240976155207,4.574149612444244,5.0,4.574149612444244,4.581074904645005,343.4260945281808,353.11175537109375,343.4239218457656,353.1127710639455,1.0015876555353926,2.0475996751122794,13.546491117563553,1.0001984023806236,2.0445309675198673,13.526012646628923,72.32348549379452,150.3382359885186,976.4071589564729,-0.425850387555756,,4,primary_icgn_fallback_line_search,,0,0,,4.54389999867999,15.664900001866044,20.324200002505677,73.93479999882402,343.4105224609375,353.1167297363281,0.0005501634441316128,0.016347280743729292,0.010898187162486195,cycle_valid,57.22727854563566,0.29757728999832866,0.17210867759408835,0.20271767437774477,icgn_high_residual,False,4,0.48753795667792005,33.26310025754406,0.20271767437774477,0.31417708328902133,0.20271767437774477,0.1,icgn_high_residual,True,line_search,4.560331167850229,0.0002293539540172055,line_search_refined,0.011467378378479061,0.014996467381615659,0.6647783944614954,-0.017801541050971537,-0.0038044145871936053,-0.023084368150384726,0.029398239522855328,0.7000007903337078,0.018374988106703745,updated,0,True,filtered,347,measured,0,measurement,insufficient_references,False,0,0,,,,,,,,,,,,1.0001984023806236,2.0445309675198673,13.526012646628923,72.32348549379452,150.3382359885186,976.4071589564729,,,,,,,,,,,0.9417527197160847,0.9581771291985866,0.8063239239339883,0.9998648490436608,0.8580498708147388,0.996367270945838,0.535678136497219,0.8355677005685261,0.9969327508544644,,0.6647783944614954,HIGH,,,,,,,,,,,,1.0001984023806236,2.0445309675198673,13.526012646628923,estimated,1.0001984023806236,2.0445309675198673,13.526012646628923,0.024762435825200695,True,temporal;spatial,flow_3d;spectral;phase;coherence,False,OCCLUSION,0.65,KALMAN_PREDICT,,63.71912968891311,50.187326485848274,,,,0.4258503875557835,0.0010156928517517372,0.00026074229390360415,,,False,,,,,,,,,,,,,,,,,,,,,,False,,,,,,,
0,research_full,348,P1,valid,139.96110240772583,320.1073006210422,119.1834406639214,320.10943603515625,20.773914528860313,-0.9847809263358126,0.2596370764485563,2.9827636485795312,3.15183817281742,0.0945581764789606,4.31583721365314e-05,0.21974132310108985,0.7598332766889885,20.78025867689891,21.0,20.78025867689891,20.773914528860313,119.1834406639214,320.10943603515625,119.18718787886552,320.1073006210422,-0.984465234522141,0.2595701782455254,2.981853020158347,-0.9847809263358126,0.2596370764485563,2.9827636485795312,-19.444140093011654,5.67771593543881,58.22431664406391,-0.21974132310108985,,4,primary_icgn_fallback_line_search,,1,1,1.0,4.1612000022723805,20.634299999073846,24.928800001362106,67.95039999997243,119.20132446289062,320.0906677246094,0.00015560972678940743,0.025924500889226557,0.017283000592817704,cycle_valid,90.73624439771096,0.28985500280649534,0.19529682632753476,0.09666763989157888,icgn_high_residual,False,6,0.46670760551701695,26.199964140758546,0.09666763989157888,0.1728274044430626,0.09666763989157888,0.1,icgn_high_residual,True,line_search,20.680796838869025,-0.00013148471633679434,line_search_refined,0.010986368185529234,0.014757758405323309,0.6763559314457599,0.009929469672641744,0.008164834792523834,0.021340940025702082,0.02491374352339955,0.7027240585018061,0.013108263184855001,updated,0,True,filtered,348,measured,0,measurement,insufficient_references,False,0,0,,,,,,,,,,,,-0.9847809263358126,0.2596370764485563,2.9827636485795312,-19.444140093011654,5.67771593543881,58.22431664406391,,,,,,,,,,,0.9632634857717626,0.9684806078403465,0.8293196363701805,0.9999668719835123,0.9267528922996368,0.994238999802394,0.5555165661742696,0.6551758854284686,0.9981497432283938,,0.6763559314457599,HIGH,,,,,,,,,,,,-0.9847809263358126,0.2596370764485563,2.9827636485795312,estimated,-0.9847809263358126,0.2596370764485563,2.9827636485795312,0.8888180485936735,True,temporal;spatial,flow_3d;spectral;phase;coherence,False,NORMAL,0.05,NONE,,3.7724490844997627,0.0,,,,0.21974132310108985,0.0021354141140363936,4.31583721365314e-05,,,False,,,,,,,,,,,,,,,,,,,,,,False,,,,,,,
0,research_full,348,P2,valid,238.90487754411882,350.0789085918071,227.8610071353261,350.0788879394531,11.043789588996265,-0.7741078233263173,0.8150282055099006,5.610725973729313,5.722216340736554,0.023072613802000305,7.62939453125e-05,0.04411371428327726,0.7939767612307526,11.044113714283277,11.0,11.044113714283277,11.043789588996265,227.8610071353261,350.0788879394531,227.86108795512254,350.0789085918071,-0.7740824530992424,0.8150040607995952,5.610561308803397,-0.7741078233263173,0.8150282055099006,5.610725973729313,-2.344191658405159,2.2369979476446478,9.489626124095096,0.04411371428327726,,4,primary_icgn_fallback_line_search,,0,0,,3.9487999965786003,14.57500000105938,18.64729999942938,67.95039999997243,227.84254455566406,350.0698547363281,0.0001502816448919475,0.02055396814424819,0.013702645429498792,cycle_valid,47.82982863592964,0.27377446552103973,0.2507018517190394,0.29358394666182946,icgn_high_residual,False,4,0.7341946922837082,55.644857534188816,0.29358394666182946,0.5775902421269563,0.29358394666182946,0.1,icgn_high_residual,True,line_search,11.066994754909542,0.0009005816381699977,line_search_refined,0.01175594516748244,0.014153712653431114,0.7059757350447411,0.0009059495132817119,-7.689916890285531e-05,0.0011101162128319686,0.0014349271789138684,0.7080258055280427,4.430704165946254e-05,updated,0,True,filtered,348,measured,0,measurement,insufficient_references,False,0,0,,,,,,,,,,,,-0.7741078233263173,0.8150282055099006,5.610725973729313,-2.344191658405159,2.2369979476446478,9.489626124095096,,,,,,,,,,,0.930308482626899,0.9923091287326665,0.8670399396543355,0.9999622374016326,0.985295428572241,0.9954324515235004,0.3007669597298017,0.8864606402620202,0.9992177694118084,,0.7059757350447411,HIGH,,,,,,,,,,,,-0.7741078233263173,0.8150282055099006,5.610725973729313,estimated,-0.7741078233263173,0.8150282055099006,5.610725973729313,0.671690060491166,True,temporal;spatial,flow_3d;spectral;phase;coherence,False,NORMAL,0.05,NONE,,11.688264719328613,1.8390356816614681,,,,0.04411371428327726,2.0652353953209968e-05,7.62939453125e-05,,,False,,,,,,,,,,,,,,,,,,,,,,False,,,,,,,
0,research_full,348,P3,valid,348.0090599461893,353.11477268016415,343.4572812083179,353.114990234375,4.559919420746768,1.0049460124043408,2.054069283527943,13.588765804382366,13.779828489343831,0.12360338410330629,0.00017794652376323938,0.44629488019290875,0.7281219997902509,4.5537051198070975,4.0,4.5537051198070975,4.559919420746768,343.4572812083179,353.114990234375,343.44914052544254,353.11477268016415,1.0063683470038922,2.0568781586577845,13.607309973994893,1.0049460124043408,2.054069283527943,13.588765804382366,77.07109551751168,159.87655199659434,1039.1603167099158,0.5537051198070975,,4,primary_icgn_fallback_line_search,,0,0,,4.016700000647688,16.538699997909134,20.686199997726362,67.95039999997243,343.4292907714844,353.1073913574219,0.00022217132209334522,0.029003577108363324,0.019335718072242217,cycle_valid,57.61369530551194,0.30066079673888013,0.17705741263557384,0.1909594399503833,icgn_high_residual,False,5,0.4815791111472379,32.61236895246627,0.1909594399503833,0.31542456694932514,0.1909594399503833,0.1,icgn_high_residual,True,line_search,4.555742640450013,0.00017424897377030967,line_search_refined,0.011506573634882744,0.015009429515907242,0.66397235254973,0.007206620217687032,0.0008138731708413616,-0.020718601534197134,0.02195126907568277,0.7000617570923704,0.009799938972452293,updated,0,True,filtered,348,measured,0,measurement,insufficient_references,False,0,0,,,,,,,,,,,,1.0049460124043408,2.054069283527943,13.588765804382366,77.07109551751168,159.87655199659434,1039.1603167099158,,,,,,,,,,,0.9421433859491664,0.9587988719655646,0.8117371487747805,0.9999333136923573,0.851235039935697,0.993554760642586,0.5413532274788211,0.82544286188735,0.9965846226106287,,0.66397235254973,HIGH,,,,,,,,,,,,1.0049460124043408,2.054069283527943,13.588765804382366,estimated,1.0049460124043408,2.054069283527943,13.588765804382366,0.24624385302658125,True,temporal;spatial,flow_3d;spectral;phase;coherence,False,OCCLUSION,0.65,KALMAN_PREDICT,,11.034058493277318,64.83178289366431,,,,0.44629488019290875,0.00021755421084890258,0.00017794652376323938,,,False,,,,,,,,,,,,,,,,,,,,,,False,,,,,,,
0,research_full,349,P1,valid,139.96159283759715,320.1063265256051,119.18489444508305,320.1053161621094,20.775498986714577,-0.9847029801448186,0.2596116318542064,2.9825361660389955,3.151596443111123,0.07562104885507338,0.0001911920844577253,0.22308719410648337,0.766251480852493,20.77691280589352,21.0,20.77691280589352,20.775498986714577,119.18489444508305,320.1053161621094,119.18609385088257,320.1063265256051,-0.9846347313954034,0.2595881129995344,2.9823332115927386,-0.9847029801448186,0.2596116318542064,2.9825361660389955,-19.36619390201766,5.652271341088866,57.99683410352819,-0.2230871941064798,,4,primary_icgn_fallback_line_search,,1,1,1.0,5.086400004074676,21.231599999737227,26.503900000534486,69.59949999873061,119.1696548461914,320.11138916015625,0.0007849382818676531,0.016405080909748997,0.010936720606499332,cycle_valid,90.16589829429716,0.270768798379855,0.19514774952478164,0.08110146297590214,icgn_high_residual,False,6,0.47101876382865815,25.473097384800067,0.08110146297590214,0.15852835683196742,0.08110146297590214,0.1,icgn_high_residual,True,line_search,20.69596484650589,-0.00020469101615474327,line_search_refined,0.010957754377404065,0.01484644951378668,0.6733093219800229,0.0008218600573854928,-0.003872787243494713,0.004729666418612055,0.006167955854142249,0.7010742293835523,0.0008235767531670678,updated,0,True,filtered,349,measured,0,measurement,insufficient_references,False,0,0,,,,,,,,,,,,-0.9847029801448186,0.2596116318542064,2.9825361660389955,-19.36619390201766,5.652271341088866,57.99683410352819,,,,,,,,,,,0.9630311082527732,0.9747929837149756,0.8291892506344257,0.9998373116056124,0.9256376019645055,0.9963544264645002,0.5514107011155636,0.5889922066727977,0.9996252855938351,,0.6733093219800229,HIGH,,,,,,,,,,,,-0.9847029801448186,0.2596116318542064,2.9825361660389955,estimated,-0.9847029801448186,0.2596116318542064,2.9825361660389955,0.9596387092084468,True,temporal;spatial,flow_3d;spectral;phase;coherence,False,NORMAL,0.05,NONE,,1.0510156492537048,0.19708820910900243,,,,0.22308719410648337,0.0010103634957090435,0.0001911920844577253,,,False,,,,,,,,,,,,,,,,,,,,,,False,,,,,,,
0,research_full,349,P2,valid,238.9122345385841,350.073671115065,227.87411920056266,350.0719299316406,11.043849622693703,-0.774023437407635,0.8149666960550349,5.610695474162856,5.722166259479599,0.01725134187219344,0.00037531659472733736,0.041621766234214874,0.7951103653907776,11.041621766234211,11.0,11.041621766234211,11.043849622693703,227.87411920056266,350.0719299316406,227.8683849158904,350.073671115065,-0.7741413898785524,0.8151121514571611,5.611827538312397,-0.774023437407635,0.8149666960550349,5.610695474162856,-2.259805739722842,2.175488492778932,9.459126557638697,0.04162176623421132,,4,primary_icgn_fallback_line_search,,0,0,,4.100400001334492,18.11670000097365,22.34880000105477,69.59949999873061,227.8677520751953,350.0693359375,0.0004967901622876525,0.006875252071387526,0.0045835013809250175,cycle_valid,46.99930172254626,0.2635120080218928,0.24626066614969935,0.2536439856408001,icgn_high_residual,False,5,0.7430188386091402,56.20332882213252,0.2536439856408001,0.5310028714349475,0.2536439856408001,0.1,icgn_high_residual,True,line_search,11.078231541483424,0.00031585472448567465,line_search_refined,0.01173401449047545,0.014276868635353886,0.7002439291136217,0.013025265576374068,-0.006467942630877133,-0.007570397378904303,0.016395204838181018,0.705714726983881,0.006033385283808722,updated,0,True,filtered,349,measured,0,measurement,insufficient_references,False,0,0,,,,,,,,,,,,-0.774023437407635,0.8149666960550349,5.610695474162856,-2.259805739722842,2.175488492778932,9.459126557638697,,,,,,,,,,,0.9290769604831324,0.9942495527092688,0.8646420727495704,0.9998546488738308,0.9861260779219284,0.9984721662063584,0.29236301084843797,0.8685822048998292,0.9997290588659236,,0.7002439291136217,HIGH,,,,,,,,,,,,-0.774023437407635,0.8149666960550349,5.610695474162856,estimated,-0.774023437407635,0.8149666960550349,5.610695474162856,0.9074113508684818,True,temporal;spatial,flow_3d;spectral;phase;coherence,False,NORMAL,0.05,NONE,,3.027628190966829,0.03606486051575075,,,,0.041621766234214874,0.001741183424371684,0.00037531659472733736,,,False,,,,,,,,,,,,,,,,,,,,,,False,,,,,,,
0,research_full,349,P3,valid,348.0168785079504,353.1149561754682,343.47207926557996,353.11444091796875,4.5478075463755525,1.007829337139962,2.0595446063023353,13.624955863571152,13.816543208864182,0.10244828244304738,0.0002157918643206358,0.4525480155799748,0.7469781413008104,4.547451984420025,5.0,4.547451984420025,4.5478075463755525,343.47207926557996,353.11444091796875,343.46907096157486,353.1149561754682,1.0079783490244731,2.0596920032113726,13.626021188937408,1.007829337139962,2.0595446063023353,13.624955863571152,79.95442025313292,165.35187477098657,1075.3503758987026,-0.4525480155799748,,4,primary_icgn_fallback_line_search,,0,0,,4.8650000026100315,12.087299997801892,17.20489999934216,69.59949999873061,343.4533996582031,353.1165771484375,0.0,0.018801361981741635,0.01253424132116109,cycle_valid,57.12245798818159,0.2873822461095803,0.18493396366653292,0.16467094449644223,icgn_high_residual,False,3,0.48411011697675466,31.92017962759118,0.16467094449644223,0.2887613702000029,0.16467094449644223,0.1,icgn_high_residual,True,line_search,4.57504223629427,0.00023847106766426647,line_search_refined,0.011476784365015648,0.015000493310446035,0.6656066327396032,0.00995238215551808,-0.0019331090045398014,-0.0011863052669571772,0.010207553143595085,0.7002778581270827,0.002415299536152897,updated,0,True,filtered,349,measured,0,measurement,insufficient_references,False,0,0,,,,,,,,,,,,1.007829337139962,2.0595446063023353,13.624955863571152,79.95442025313292,165.35187477098657,1075.3503758987026,,,,,,,,,,,0.9416458350930385,0.9658505725189842,0.8197554809702833,0.9999640346892799,0.8491506614733417,0.995821919559613,0.5389427457364242,0.7975761089166916,0.9984427841798927,,0.6656066327396032,HIGH,,,,,,,,,,,,1.007829337139962,2.0595446063023353,13.624955863571152,estimated,1.007829337139962,2.0595446063023353,13.624955863571152,0.1261673633540384,True,temporal;spatial,flow_3d;spectral;phase;coherence,False,OCCLUSION,0.65,KALMAN_PREDICT,,26.936623377994806,36.74263704047516,,,,0.4525480155799748,0.0005152574994440329,0.0002157918643206358,,,False,,,,,,,,,,,,,,,,,,,,,,False,,,,,,,
0,research_full,350,P1,valid,139.95931304917266,320.1036356111457,119.18204335652587,320.10235595703125,20.77595983652819,-0.9846943447073427,0.25959028434733,2.9824700077845976,3.151529377232712,0.08253380081872687,0.0001220703125,0.22356252156492928,0.738904057546657,20.776437478435074,21.0,20.776437478435074,20.77595983652819,119.18204335652587,320.10235595703125,119.18335321264448,320.1036356111457,-0.9846765280012515,0.2595769034317279,2.982401442003615,-0.9846943447073427,0.25959028434733,2.9824700077845976,-19.35755846454179,5.630923834212487,57.93067584913025,-0.22356252156492573,,4,primary_icgn_fallback_line_search,,1,1,1.0,4.854399998293957,20.41050000116229,25.40890000091167,74.12059999842313,119.1902084350586,320.10638427734375,0.00020528600725810975,0.009104717018430547,0.006069811345620364,cycle_valid,90.48208884119276,0.26771042572210335,0.1851766249033765,0.10599754219802192,icgn_high_residual,False,6,0.46759384824436956,25.66425534885957,0.10599754219802192,0.15811623805111627,0.10599754219802192,0.1,icgn_high_residual,True,line_search,20.705008993844842,-0.00010866182183021476,line_search_refined,0.010922208535890801,0.014721233164564506,0.6792112347099273,-0.0031955750795304994,-0.00491367575904178,0.0016096049041784966,0.0060783828031365904,0.703255186633469,0.0008714006408141716,updated,0,True,filtered,350,measured,0,measurement,insufficient_references,False,0,0,,,,,,,,,,,,-0.9846943447073427,0.25959028434733,2.9824700077845976,-19.35755846454179,5.630923834212487,57.93067584913025,,,,,,,,,,,0.9631602964075714,0.9724887330604244,0.8199916790214403,0.9999454406133736,0.9254791594783569,0.9979767295514599,0.5546725254815528,0.6855272995758632,0.9998826954156588,,0.6792112347099273,HIGH,,,,,,,,,,,,-0.9846943447073427,0.25959028434733,2.9824700077845976,estimated,-0.9846943447073427,0.25959028434733,2.9824700077845976,0.9754933359559671,True,temporal;spatial,flow_3d;spectral;phase;coherence,False,NORMAL,0.05,NONE,,0.17563112473871645,0.5713370296567126,,,,0.22356252156492928,0.0012796541144552975,0.0001220703125,,,False,,,,,,,,,,,,,,,,,,,,,,False,,,,,,,
0,research_full,350,P2,valid,238.91481928286981,350.07262383830897,227.8713469414148,350.072998046875,11.045092992750366,-0.7739081380512666,0.8148635413526607,5.610063866013046,5.721516667625204,0.015665537396584835,6.823938019806519e-05,0.0440735908117631,0.7951529498100282,11.044073590811763,11.0,11.044073590811763,11.045092992750366,227.8713469414148,350.072998046875,227.86972629011944,350.07262383830897,-0.7739730197549833,0.8149428338751126,5.610581692151533,-0.7739081380512666,0.8148635413526607,5.610063866013046,-2.1445063833543943,2.0723337904047234,8.827518407828805,0.0440735908117631,,4,primary_icgn_fallback_line_search,,0,0,,4.276799998478964,21.295099999406375,25.773599998501595,74.12059999842313,227.87928771972656,350.0842590332031,0.00037778986734338105,0.013779178976948712,0.009186119317965808,cycle_valid,47.00279082637759,0.25838803064466304,0.2427224932480782,0.2022651565661948,icgn_high_residual,False,5,0.7383731604577941,56.4864961424297,0.2022651565661948,0.5335877605465041,0.2022651565661948,0.1,icgn_high_residual,True,line_search,11.073989193198834,0.0002856270423591332,line_search_refined,0.01175937345659837,0.01432670256686063,0.6979777794020667,0.002228169461034213,0.0013867791948882768,-0.0034624628930330914,0.004344714601454456,0.7055847325744112,0.00040442322163157594,updated,0,True,filtered,350,measured,0,measurement,insufficient_references,False,0,0,,,,,,,,,,,,-0.7739081380512666,0.8148635413526607,5.610063866013046,-2.1445063833543943,2.0723337904047234,8.827518407828805,,,,,,,,,,,0.9290822252311305,0.9947781542011384,0.8626689562748332,0.9999256617920764,0.9853088030627456,0.9969379602273447,0.2967874662306723,0.8351998243334391,0.9999720043771272,,0.6979777794020667,HIGH,,,,,,,,,,,,-0.7739081380512666,0.8148635413526607,5.610063866013046,estimated,-0.7739081380512666,0.8148635413526607,5.610063866013046,0.9767448489347974,True,temporal;spatial,flow_3d;spectral;phase;coherence,False,NORMAL,0.05,NONE,,0.6033419397412491,0.10666391889265014,,,,0.0440735908117631,0.0003742085660292105,6.823938019806519e-05,,,False,,,,,,,,,,,,,,,,,,,,,,False,,,,,,,
0,research_full,350,P3,valid,348.01617759475283,353.12074488083545,343.45445117679395,353.1224365234375,4.553145289718673,1.0066293106813609,2.0572831797298776,13.608983055142371,13.800367257644794,0.10469663609285158,0.0009465370094403625,0.43958911624708463,0.7433853174087393,4.560410883752915,5.0,4.560410883752915,4.553145289718673,343.45445117679395,353.1224365234375,343.4630323050342,353.12074488083545,1.0049908410089055,2.054050185571773,13.587301380263073,1.0066293106813609,2.0572831797298776,13.608983055142371,78.75439379453175,163.09044819852892,1059.3775674699214,-0.43958911624708463,,4,primary_icgn_fallback_line_search,,0,0,,4.369499998574611,14.610800000809832,19.107899999653455,74.12059999842313,343.4641418457031,353.1116027832031,6.823938019806519e-05,0.014535439153087797,0.009690292768725198,cycle_valid,56.80454411838704,0.28826879083380996,0.1835721547409584,0.13342131124163822,icgn_high_residual,False,4,0.4892868778278932,32.421580908859845,0.13342131124163822,0.2877793356519031,0.13342131124163822,0.1,icgn_high_residual,True,line_search,4.57958733415684,0.000178747923055877,line_search_refined,0.011471553672807786,0.01507917422210168,0.6621223473117224,-0.004934257597653868,0.00634495121744294,0.024149610516831288,0.025452092096847047,0.6991423928274565,0.013137502848985867,updated,0,True,filtered,350,measured,0,measurement,insufficient_references,False,0,0,,,,,,,,,,,,1.0066293106813609,2.0572831797298776,13.608983055142371,78.75439379453175,163.09044819852892,1059.3775674699214,,,,,,,,,,,0.9413192485730315,0.9651011213023828,0.818418357727671,0.9998308706017269,0.8534702945843051,0.996769902410425,0.5340124973067684,0.7501648498045143,0.9984258231460378,,0.6621223473117224,HIGH,,,,,,,,,,,,1.0066293106813609,2.0572831797298776,13.608983055142371,estimated,1.0066293106813609,2.0572831797298776,13.608983055142371,0.1921531970446846,True,temporal;spatial,flow_3d;spectral;phase;coherence,False,OCCLUSION,0.65,KALMAN_PREDICT,,52.8913585145951,15.539350920928056,,,,0.43958911624708463,0.001691642602054344,0.0009465370094403625,,,False,,,,,,,,,,,,,,,,,,,,,,False,,,,,,,
