frame,time_s,X_gt_mm,Y_gt_mm,Z_gt_mm,point_id,displacement_mm,trajectory_kind,left_x_px,left_y_px,right_x_px,right_y_px,X_estimated_mm,Y_estimated_mm,Z_estimated_mm,error_x_mm,error_y_mm,error_z_mm,rmse_3d_mm,displacement_error_x_mm,displacement_error_y_mm,displacement_error_z_mm,displacement_error_3d_mm
0,0.0,-225.0,0.0,2000.0,P1,0.0,impact_decay,230.0001375353265,240.03340076649218,182.11068833767243,239.9910192270758,-225.51905941275885,0.030595457735641707,2004.6169220650088,-0.5190594127588497,0.030595457735641707,4.616922065008794,6.467357759764401,0.0,0.0,0.0,0.0
1,0.03333333333333333,-225.0,3.0951989033307656,2000.0,P1,3.0951989033307656,impact_decay,229.9693504560102,241.13850836674894,181.97883691829435,241.14520680484918,-225.12111561097643,2.8552082527616514,2000.3953475260698,-0.12111561097643175,-0.23999065056911428,0.3953475260698269,6.467357759764401,0.39794380178241795,-0.27058610830475605,-4.221574538938967,4.248913708137917
2,0.06666666666666667,-225.0,5.3794019608939925,2000.0,P1,5.3794019608939925,impact_decay,229.94916626084864,242.04089132902632,182.04498482392137,242.1240807224142,-225.57738992077358,5.216628669261294,2004.000445969446,-0.5773899207735838,-0.16277329163269805,4.000445969445991,6.467357759764401,-0.05833050801473405,-0.19336874936833937,-0.6164760955628026,0.6487192750318819
3,0.1,-225.0,6.548655436850133,2000.0,P1,6.548655436850133,impact_decay,230.00672425919097,242.76930279441714,182.06773995080266,242.81530671320584,-225.26954409704274,6.989646872831945,2002.5455624311776,-0.26954409704273985,0.4409914359818119,2.5455624311775864,6.467357759764401,0.24951531571610985,0.4103959782461706,-2.0713596338312072,2.1263145309203186
4,0.13333333333333333,-225.0,6.5139652827792665,2000.0,P1,6.5139652827792665,impact_decay,229.94496963827754,242.5362149103952,181.99638036973968,242.43817679357835,-225.3789744156435,6.2246567011516625,2002.1444384773213,-0.378974415643512,-0.289308581627604,2.1444384773212732,6.467357759764401,0.14008499711533773,-0.3199040393632453,-2.4724835876875204,2.497025729182997
5,0.16666666666666666,-225.0,5.395690101016403,2000.0,P1,5.395690101016403,impact_decay,230.0547660061226,242.19817722093316,181.90375399454632,241.99525020040426,-224.1578860284068,5.225345297973819,1993.7276847600945,0.8421139715931929,-0.17034480304258448,-6.272315239905538,6.467357759764401,1.3611733843520426,-0.2009402607782258,-10.889237304914332,10.975821566215805
6,0.2,-225.0,3.483536197970117,2000.0,P1,3.483536197970117,impact_decay,230.01178567132783,241.2893849892451,181.86615906789723,241.53934818252574,-224.29009599862886,3.5252217420564906,1993.9507577579443,0.7099040013711431,0.04168554408637348,-6.049242242055698,6.467357759764401,1.2289634141299928,0.01109008635073172,-10.666164307064491,10.736737637130837
7,0.23333333333333334,-225.0,1.1721031378604367,2000.0,P1,1.1721031378604367,impact_decay,229.99672954682532,240.54657851553327,182.0253413107002,240.29888058681115,-225.1424092941905,1.0574543224844246,2001.193045578086,-0.14240929419048598,-0.11464881537601213,1.1930455780859575,6.467357759764401,0.3766501185683637,-0.1452442731116539,-3.423876486922836,3.447592117462905
8,0.26666666666666666,-225.0,-1.114938993282463,2000.0,P1,-1.114938993282463,impact_decay,229.84971224479634,239.50286140522397,182.0730782977762,239.69493859746566,-226.42941801732007,-1.0074381372635717,2009.3505386280067,-1.4294180173200743,0.10750085601889126,9.350538628006689,6.467357759764401,-0.9103586045612246,0.0769053982832495,4.733616562997895,4.820974278573965
9,0.3,-225.0,-2.9983073917582983,2000.0,P1,-2.9983073917582983,impact_decay,229.78743683567185,238.65650234101116,181.95976480131003,238.72509896987285,-226.34402287764925,-3.2847913357528324,2007.2062171096961,-1.3440228776492518,-0.28648394399453414,7.2062171096961265,6.467357759764401,-0.8249634648904021,-0.3170794017301759,2.589295044687333,2.735973847434935
10,0.3333333333333333,-225.0,-4.202167675882202,2000.0,P1,-4.202167675882202,impact_decay,229.79408776294773,238.2928489421476,181.96228002503952,238.35095290483548,-226.30776593505573,-4.209999578850419,2007.032663233516,-1.307765935055727,-0.007831902968217008,7.032663233515905,6.467357759764401,-0.7887065222968772,-0.038427360703858326,2.415741168507111,2.541523171955039
11,0.36666666666666664,-225.0,-4.59031375161574,2000.0,P1,-4.59031375161574,impact_decay,229.85829517548245,238.19420277666362,182.0715508379772,238.29605036005384,-226.35994518417414,-4.406762141625085,2008.9253365112102,-1.359945184174137,0.18355160999065578,8.925336511210162,6.467357759764401,-0.8408857714152873,0.15295615225501447,4.308414446201368,4.392370602000471
12,0.4,-225.0,-4.175607061806627,2000.0,P1,-4.175607061806627,impact_decay,230.01752530426194,238.30885766031278,182.13555918448293,238.4622893545486,-225.5107382410063,-4.046015716953238,2004.930270326628,-0.510738241006294,0.12959134485338897,4.930270326628033,6.467357759764401,0.008321171752555756,0.09899588711774765,0.31334826161923957,0.3287195774902444
13,0.43333333333333335,-225.0,-3.103644941298207,2000.0,P1,-3.103644941298207,impact_decay,229.71861771017862,238.69831432677526,182.1522674450737,238.83248742635482,-227.76114312719338,-3.1146366900131723,2018.2335200240454,-2.761143127193378,-0.010991748714965333,18.233520024045447,6.467357759764401,-2.2420837144345285,-0.041587206450607095,13.616597959036653,13.800014813626616
14,0.4666666666666667,-225.0,-1.6158355157191546,2000.0,P1,-1.6158355157191546,impact_decay,229.99457742945552,239.36633412347058,181.8288394382755,239.33902354772167,-224.2392866122108,-1.6127343434156058,1993.1180151500614,0.7607133877891954,0.0031011723035487826,-6.88198484993859,6.467357759764401,1.279772800548045,-0.02749428543209298,-11.498906914947383,11.569936672055677
15,0.5,-225.0,-9.255714989416848e-16,2000.0,P1,-9.255714989416848e-16,impact_decay,229.8289256206763,239.94658555991575,182.03509738028788,239.95716518137385,-226.40013002916996,-0.12083057031480773,2008.6275477408344,-1.4001300291699579,-0.1208305703148068,8.627547740834416,6.467357759764401,-0.8810706164111082,-0.15142602805044852,4.010625675825622,4.109055071992333
16,0.5333333333333333,-225.0,1.4620684360141214,2000.0,P1,1.4620684360141214,impact_decay,229.89059824120923,240.49439662190122,182.10188206083976,240.54455422799305,-226.26948652056734,1.3044303397266572,2008.8424219006272,-1.269486520567341,-0.15763809628746417,8.842421900627187,6.467357759764401,-0.7504271078084912,-0.18823355402310593,4.225499835618393,4.295744589219086
17,0.5666666666666667,-225.0,2.541049560075749,2000.0,P1,2.541049560075749,impact_decay,230.11861207195636,240.9261347026188,181.89649833555163,241.17789736115935,-223.66850447027284,2.6179262715305485,1990.7880702685184,1.3314955297271638,0.07687671145479946,-9.211929731481632,6.467357759764401,1.8505549424860135,0.0462812537191577,-13.828851796490426,13.952198305604092
18,0.6,-225.0,3.0933657937936014,2000.0,P1,3.0933657937936014,impact_decay,229.99636396284987,241.3362241106215,182.07446154550175,241.26185963580727,-225.37578669164327,3.252897287124496,2003.2593850952271,-0.3757866916432704,0.15953149333089467,3.259385095227117,6.467357759764401,0.14327272111557932,0.1289360355952529,-1.3575369697816768,1.3711521426212703
19,0.6333333333333333,-225.0,3.0769793253010915,2000.0,P1,3.0769793253010915,impact_decay,229.93475148803438,241.21830307249596,182.10360922619356,241.34958666949916,-225.95802075039066,3.221194019533927,2007.0606275272864,-0.9580207503906593,0.1442146942328355,7.060627527286442,6.467357759764401,-0.43896133763180956,0.11361923649719374,2.4437054622776486,2.485416016123524
20,0.6666666666666666,-225.0,2.5487435326759376,2000.0,P1,2.5487435326759376,impact_decay,230.0123502666691,241.0266284322184,182.03812896280485,240.74472251315407,-225.09004999629997,2.215378787059132,2001.0749196218205,-0.09004999629996746,-0.3333647456168056,1.074919621820527,6.467357759764401,0.42900941645888224,-0.3639602033524474,-3.5420024431882666,3.5864045249506358
21,0.7,-225.0,1.645505985183686,2000.0,P1,1.645505985183686,impact_decay,229.8630345947949,240.66671513062073,181.92446680317127,240.60715529553124,-225.63118658223937,1.594378588847158,2002.5629658196667,-0.6311865822393656,-0.051127396336527964,2.562965819666715,6.467357759764401,-0.11212716948051593,-0.08172285407216973,-2.0539562453420785,2.05863726401548
22,0.7333333333333333,-225.0,0.5536623186880649,2000.0,P1,0.5536623186880649,impact_decay,230.15192107702165,240.0484888939091,181.88996299475053,240.24367773986728,-223.40101409140973,0.3632260260459809,1989.144433163028,1.5989859085902651,-0.190436292642084,-10.855566836972002,6.467357759764401,2.118045321349115,-0.2210317503777257,-15.472488901980796,15.6183508681257
23,0.7666666666666666,-225.0,-0.5266598887733728,2000.0,P1,-0.5266598887733728,impact_decay,230.09608190545515,239.80268023023294,182.1332922505988,239.73512195193103,-224.93416997156493,-0.5781955032552453,2001.551647108415,0.06583002843507302,-0.051535614481872494,1.5516471084149543,6.467357759764401,0.5848894411939227,-0.08213107221751426,-3.0652749565938393,3.1216584904446387
24,0.8,-225.0,-1.4163001267027695,2000.0,P1,-1.4163001267027695,impact_decay,229.92828142966113,239.65713331836574,181.8731218503764,239.66022113421548,-224.92082688512124,-0.8523274754350979,1997.7043223201877,0.07917311487875622,0.5639726512676716,-2.295677679812343,6.467357759764401,0.5982325276376059,0.53337719353203,-6.9125997448211365,6.958908579641281
25,0.8333333333333334,-225.0,-1.9849634590961978,2000.0,P1,-1.9849634590961978,impact_decay,230.08522322663654,239.0719300408731,181.9495277412583,239.06816494708494,-224.15326306897418,-2.318327378469179,1994.3619601616049,0.8467369310258164,-0.3333639193729814,-5.638039838395116,6.467357759764401,1.365796343784666,-0.36395937710862314,-10.25496190340391,10.351913336245932
26,0.8666666666666667,-225.0,-2.1683106828504015,2000.0,P1,-2.1683106828504015,impact_decay,230.008331167648,239.19715158241,182.0265731243426,239.18026848632343,-225.0647059860533,-2.0289960163398524,2000.7603713258559,-0.06470598605329769,0.13931466651054913,0.7603713258558855,6.467357759764401,0.454353426705552,0.10871920877490737,-3.856550739152908,3.884744587019404
27,0.9,-225.0,-1.9724171133866337,2000.0,P1,-1.9724171133866337,impact_decay,229.97889351673894,239.2873848436444,181.92117300359658,239.29940855093722,-224.78246296552203,-1.7643865635357738,1997.5978676267396,0.2175370344779708,0.2080305498508599,-2.4021323732604287,6.467357759764401,0.7365964472368205,0.17743509211521813,-7.019054438269222,7.059828804254584
28,0.9333333333333333,-225.0,-1.4660580618531234,2000.0,P1,-1.4660580618531234,impact_decay,229.99256313752323,239.48817732045106,181.9455160304617,239.3103877259233,-224.7982723305912,-1.5003232400254156,1998.0417146405339,0.20172766940879683,-0.03426517817229224,-1.9582853594661174,6.467357759764401,0.7207870821676465,-0.064860635907934,-6.575207424474911,6.614914481289998
29,0.9666666666666667,-225.0,-0.7632666523567587,2000.0,P1,-0.7632666523567587,impact_decay,230.16083171510562,239.61915200290335,182.0199670661091,239.78086793044727,-223.94073924936208,-0.7477806221384902,1994.1478890006244,1.0592607506379181,0.015486030218268554,-5.8521109993755545,6.467357759764401,1.5783201633967678,-0.015109427517373208,-10.469033064384348,10.58734981646292
30,1.0,-225.0,-8.744180365408348e-16,2000.0,P1,-8.744180365408348e-16,impact_decay,230.0227115870843,239.94820063821848,181.92913324890245,240.0369650609173,-224.50554047027288,-0.018506796446303847,1996.1085119644683,0.4944595297271235,-0.018506796446302973,-3.8914880355316654,6.467357759764401,1.0135189424859732,-0.04910225418194468,-8.508410100540459,8.568703175925895
31,1.0333333333333332,-225.0,0.6906322269914357,2000.0,P1,0.6906322269914357,impact_decay,230.01422904094446,240.14352050745714,181.9895473169481,240.59203417273397,-224.84890983389081,0.9189711515976922,1998.972704622951,0.15109016610918502,0.2283389246062565,-1.0272953770490858,6.467357759764401,0.6701495788680347,0.19774346687061473,-5.6442174420578795,5.687301070804798
32,1.0666666666666667,-225.0,1.2003068210370529,2000.0,P1,1.2003068210370529,impact_decay,229.9352321125373,240.45818735180973,181.92078061934018,240.6348778179814,-225.09416558807882,1.3659202990020052,1999.3981260077378,-0.09416558807882325,0.1656134779649523,-0.601873992262199,6.467357759764401,0.42489382468002646,0.13501802022931053,-5.218796057270993,5.237804589274511
33,1.1,-225.0,1.4612025363812562,2000.0,P1,1.4612025363812562,impact_decay,230.10048485568686,240.7125207274523,181.99414750703403,240.57030859169373,-224.25199869178027,1.5999921473043681,1995.5791292790082,0.7480013082197274,0.13878961092311193,-4.420870720991843,6.467357759764401,1.2670607209785771,0.10819415318747017,-9.037792786000637,9.126820217804
34,1.1333333333333333,-225.0,1.45346211674785,2000.0,P1,1.45346211674785,impact_decay,229.85202509429476,240.4925411292917,182.08068461231926,240.68133603060053,-226.44869786520908,1.4743700617507989,2009.5731878664797,-1.448697865209084,0.02090794500294879,9.573187866479657,6.467357759764401,-0.9296384524502344,-0.009687512732692971,4.956265801470863,5.042706832149439
35,1.1666666666666667,-225.0,1.2039411963510873,2000.0,P1,1.2039411963510873,impact_decay,230.07232600138758,240.25881717468394,182.14165665508636,240.51832085957471,-225.14441461966976,0.9728278041511611,2002.893151012008,-0.1444146196697602,-0.23111339219992622,2.8931510120080475,6.467357759764401,0.3746447930890895,-0.261708849935568,-1.7237710530007462,1.7833218683924295
36,1.2,-225.0,0.7772819897359252,2000.0,P1,0.7772819897359252,impact_decay,229.94821603484186,240.30003578693837,181.93287364295279,240.2508021340547,-225.05752527442124,0.6883273920373929,1999.3609449483165,-0.05752527442123778,-0.08895459769853231,-0.6390550516834992,6.467357759764401,0.4615341383376119,-0.11955005543417407,-5.255977116692293,5.2775563879316705
37,1.2333333333333334,-225.0,0.2615315608612764,2000.0,P1,0.2615315608612764,impact_decay,230.14053854689743,240.181690323626,182.05698095898825,240.1695592042845,-224.25826870588884,0.43829892665005765,1996.524484380245,0.7417312941111618,0.17676736578878127,-3.475515619755015,6.467357759764401,1.2607907068700115,0.14617190805313957,-8.092437684763809,8.191367841515794
38,1.2666666666666666,-225.0,-0.24877651612684398,2000.0,P1,-0.24877651612684398,impact_decay,229.96341642746165,239.8592813558455,182.15630684697024,239.9472713406579,-225.99965380830562,-0.24278477567180023,2008.069551207615,-0.9996538083056237,0.005991740455043748,8.06955120761495,6.467357759764401,-0.48059439554677397,-0.02460371728059796,3.452629142606156,3.4860040608565437
39,1.3,-225.0,-0.6690128084972493,2000.0,P1,-0.6690128084972493,impact_decay,229.9720273038392,239.90273064185806,182.1185304154352,239.90197503360508,-225.75898160058819,-0.24486527075649,2006.1229845742484,-0.7589816005881858,0.4241475377407593,6.1229845742484486,6.467357759764401,-0.23992218782933605,0.3935520800051176,1.506062509239655,1.5750143420383242
40,1.3333333333333333,-225.0,-0.9376303464901501,2000.0,P1,-0.9376303464901501,impact_decay,229.95214535661708,239.5909953618131,182.01842526101504,239.45885735492797,-225.43092742701361,-1.1893264012955815,2002.7655320231918,-0.4309274270136143,-0.25169605480543145,2.7655320231917813,6.467357759764401,0.0881319857452354,-0.2822915125410732,-1.8513900418170124,1.8748602166303823
41,1.3666666666666667,-225.0,-1.02423744252956,2000.0,P1,-1.02423744252956,impact_decay,230.03942065612864,239.5768024767439,181.86815281351383,239.42955377541227,-224.10184582058588,-1.2376387398885715,1992.8892740043575,0.8981541794141208,-0.2134012973590116,-7.110725995642497,6.467357759764401,1.4172135921729705,-0.24399675509465335,-11.72764806065129,11.815488048186351
42,1.4,-225.0,-0.9317038724178276,2000.0,P1,-0.9317038724178276,impact_decay,229.977942952769,239.50276195785364,182.1779452142141,239.5325752898951,-225.99680707330774,-1.2108738068616363,2008.3682984473162,-0.9968070733077354,-0.27916993444380866,8.368298447316192,6.467357759764401,-0.47774766054888573,-0.3097653921794504,3.7513763823073987,3.794340810613323
43,1.4333333333333333,-225.0,-0.6925167927957344,2000.0,P1,-0.6925167927957344,impact_decay,229.99871186071326,239.67339939447604,182.1377240738886,239.78848010142408,-225.65674872095374,-0.6746043599233671,2005.8090374548965,-0.6567487209537433,0.017912432872367323,5.809037454896497,6.467357759764401,-0.13768930819489356,-0.012683024863274439,1.1921153898877037,1.2001076233063361
44,1.4666666666666666,-225.0,-0.3605416373959383,2000.0,P1,-0.3605416373959383,impact_decay,230.1303770489006,239.9288008594098,182.19177291836593,239.96793264345087,-224.96180242107457,-0.12924844096150598,2002.56144194769,0.03819757892543407,0.23129319643443233,2.5614419476899,6.467357759764401,0.5572569916842838,0.20069773869879062,-2.0554801173188935,2.13911510905634
45,1.5,-225.0,-6.195687503630411e-16,2000.0,P1,-6.195687503630411e-16,impact_decay,229.99730066200436,240.07472727014482,181.9885546568526,239.97763591576754,-224.96576238806034,0.06544205942518717,1999.6356767674597,0.03423761193965902,0.0654420594251878,-0.3643232325403005,6.467357759764401,0.5532970246985087,0.034846601689546085,-4.981245297549094,5.01200125673812
46,1.5333333333333332,-225.0,0.32623156427579425,2000.0,P1,0.32623156427579425,impact_decay,229.96200142894435,240.24812392862842,182.0095220405644,240.15008739582268,-225.31806898956182,0.4982574455587788,2001.9820155475459,-0.31806898956182295,0.17202588128298457,1.9820155475458705,6.467357759764401,0.20099042319702676,0.14143042354734287,-2.634906517462923,2.6463431505929633
47,1.5666666666666667,-225.0,0.5669847952847995,2000.0,P1,0.5669847952847995,impact_decay,229.99939631076447,240.29201804815497,181.940661053637,240.223145963544,-224.72652470886192,0.6431680069175986,1997.5557022926785,0.2734752911380838,0.07618321163279906,-2.444297707321539,6.467357759764401,0.7925347038969335,0.04558775389715741,-7.0612197723303325,7.105702933090802
48,1.6,-225.0,0.6902232049668405,2000.0,P1,0.6902232049668405,impact_decay,229.85567374758807,240.3148492897735,182.17992745280958,240.0857844334811,-226.89357286869176,0.5041982053686986,2013.6026136516568,-1.8935728686917628,-0.1860249995981419,13.602613651656839,6.467357759764401,-1.374513455932913,-0.2166204573337836,8.985691586648045,9.092791922915293
49,1.6333333333333333,-225.0,0.6865668896278401,2000.0,P1,0.6865668896278401,impact_decay,229.81125304168367,240.04707006197822,182.02889985256797,240.1732263495233,-226.49889125023057,0.27662482475928857,2009.1099708844497,-1.498891250230571,-0.4099420648685515,9.109970884449694,6.467357759764401,-0.9798318374717212,-0.4405375226041932,4.493048819440901,4.619700361757754
50,1.6666666666666667,-225.0,0.5687015526232563,2000.0,P1,0.5687015526232563,impact_decay,229.96595845019303,240.12686565577835,182.02091138157326,240.32137935128236,-225.3431074544898,0.5609485011403083,2002.2924395987172,-0.34310745448979674,-0.007753051482948026,2.2924395987172375,6.467357759764401,0.17595195826905297,-0.03834850921858968,-2.324482466291556,2.3314477124471136
51,1.7,-225.0,0.3671620139992359,2000.0,P1,0.3671620139992359,impact_decay,230.01834166015558,240.397836226088,181.99355898601502,240.23328737052466,-224.83807417052384,0.7884974291541474,1998.9679996770892,0.16192582947616074,0.4213354151549115,-1.0320003229107897,6.467357759764401,0.6809852422350104,0.39073995741926987,-5.648922387919583,5.703222138335923
52,1.7333333333333334,-225.0,0.12353876183701712,2000.0,P1,0.12353876183701712,impact_decay,229.90701052139502,239.97965649106413,181.82225055125986,240.1731806500484,-224.83547056712004,0.1907096781040176,1996.4746679843877,0.16452943287995936,0.06717091626700047,-3.525332015612321,6.467357759764401,0.6835888456388091,0.03657545853135877,-8.142254080621115,8.170981152067343
53,1.7666666666666666,-225.0,-0.11751370532575564,2000.0,P1,-0.11751370532575564,impact_decay,230.02296485931237,240.00811507954012,181.93256810071105,240.02258185555968,-224.51975757418188,0.03829904161403042,1996.2405490411952,0.48024242581811905,0.15581274693978606,-3.7594509588047913,6.467357759764401,0.9993018385769687,0.12521728920414435,-8.376373023813585,8.436700099456594
54,1.8,-225.0,-0.31601927408943026,2000.0,P1,-0.31601927408943026,impact_decay,229.98027720224957,239.85056857951048,182.02039831724844,239.58451765073556,-225.23760868207165,-0.7067330312877077,2001.6733167582338,-0.2376086820716523,-0.39071375719827744,1.6733167582337956,6.467357759764401,0.2814507306871974,-0.4213092149339191,-2.943605306774998,2.9868927283159206
55,1.8333333333333333,-225.0,-0.4429052145169153,2000.0,P1,-0.4429052145169153,impact_decay,230.07853774596626,239.88096535511468,181.9154694614522,239.8474914992088,-224.04252639144661,-0.33827971004012286,1993.2284959053895,0.9574736085533857,0.10462550447679242,-6.771504094610464,6.467357759764401,1.4765330213122354,0.07403004674115071,-11.388426159619257,11.483983655680905
56,1.8666666666666667,-225.0,-0.48381550991596145,2000.0,P1,-0.48381550991596145,impact_decay,229.88443152863923,239.79762105548497,182.17373980768986,239.83859136678666,-226.65502986756022,-0.4574918942462941,2012.1276127429342,-1.6550298675602164,0.026323615669667344,12.127612742934161,6.467357759764401,-1.1359704548013667,-0.004271842065974363,7.510690677925368,7.596112267620278
57,1.9,-225.0,-0.4401057463894635,2000.0,P1,-0.4401057463894635,impact_decay,230.00394518961593,239.7060627366377,182.02881127523446,239.66601481868702,-225.10675290550682,-0.7853098827927069,2001.0366285612824,-0.10675290550682348,-0.3452041364032434,1.0366285612824413,6.467357759764401,0.4123065072520262,-0.37579959413888503,-3.5802935037263524,3.6234960416291937
58,1.9333333333333333,-225.0,-0.3271217701281847,2000.0,P1,-0.3271217701281847,impact_decay,230.029050894616,239.77322884171357,182.16000706496004,240.07118864203957,-225.54275494418755,-0.1950102143121893,2005.4716927123536,-0.5427549441875499,0.13211155581599543,5.471692712353615,6.467357759764401,-0.02369553142870018,0.10151609808035372,0.8547706473448216,0.8611038589748822
59,1.9666666666666666,-225.0,-0.1703078103763204,2000.0,P1,-0.1703078103763204,impact_decay,230.10868036187836,239.953426523998,182.00319478694425,239.90730729093173,-224.23551656176394,-0.17370100388401086,1995.6144116831047,0.7644834382360557,-0.003393193507690462,-4.385588316895337,6.467357759764401,1.2835428509949054,-0.03398865124333217,-9.00251038190413,9.093614828826055
60,2.0,-225.0,-3.9021807306006414e-16,2000.0,P1,-3.9021807306006414e-16,impact_decay,230.00998476865055,239.93392102131918,181.8189847388249,240.0987582966892,-224.08338631940111,0.0406872481705495,1992.0732854299938,0.9166136805988856,0.04068724817054989,-7.926714570006197,6.467357759764401,1.4356730933577353,0.010091790434908184,-12.543636635014991,12.625532824657967
61,2.033333333333333,-225.0,0.1541008794122656,2000.0,P1,0.1541008794122656,impact_decay,229.9867390185505,239.83828552612798,182.30212401332201,240.14181603090373,-226.52156326448764,-0.025037567789378053,2013.2282261052198,-1.5215632644876393,-0.17913844720164365,13.228226105219846,6.467357759764401,-1.0025038517287896,-0.20973390493728536,8.611304040211053,8.67199859066908
62,2.0666666666666664,-225.0,0.2678246532052499,2000.0,P1,0.2678246532052499,impact_decay,229.87350479928295,240.14769658407852,182.14128634849982,240.1677370632056,-226.58028025483497,0.3965040692706402,2011.2201605534763,-1.5802802548349746,0.1286794160653903,11.220160553476262,6.467357759764401,-1.0612208420761249,0.09808395832974859,6.603238488467468,6.688689608145719
63,2.1,-225.0,0.3260383559520413,2000.0,P1,0.3260383559520413,impact_decay,229.762018969991,240.22506905259894,181.88987187593574,240.279859885712,-226.19745412023983,0.6328468285839949,2005.341440617485,-1.1974541202398257,0.3068084726319536,5.341440617484977,6.467357759764401,-0.678394707480976,0.27621301489631195,0.7245185524761837,1.0302621713032531
64,2.1333333333333333,-225.0,0.3243112348796236,2000.0,P1,0.3243112348796236,impact_decay,229.80478047928955,240.2143304306093,181.86197033007355,240.10617144147506,-225.75703406246703,0.4011052476575536,2002.3857869614042,-0.757034062467028,0.07679401277793002,2.3857869614041647,6.467357759764401,-0.23797464970817828,0.046198555042288314,-2.231135103604629,2.2442660472699227
65,2.1666666666666665,-225.0,0.2686355919511109,2000.0,P1,0.2686355919511109,impact_decay,229.90547055798538,240.19454808770323,182.0311765728735,240.20616653775483,-225.8277383609748,0.5022085033969048,2005.2515040465562,-0.8277383609747915,0.2335729114457939,5.251504046556192,6.467357759764401,-0.3086789482159418,0.2029774537101522,0.6345819815473988,0.7342866137217675
66,2.2,-225.0,0.17343505485026636,2000.0,P1,0.17343505485026636,impact_decay,230.01464079009477,239.89755065210568,182.04650861127845,240.1126234339354,-225.11287646361478,0.012726057623935055,2001.3288419986,-0.1128764636147821,-0.1607089972263313,1.3288419985999553,6.467357759764401,0.4061829491440676,-0.19130445496197301,-3.2880800664088383,3.318591946259561
67,2.2333333333333334,-225.0,0.05835557905884507,2000.0,P1,0.05835557905884507,impact_decay,230.13965907590108,240.18452999179334,181.91486304574693,239.8791861251305,-223.60370637991122,0.07927390015115009,1990.6774267422918,1.3962936200887839,0.020918321092305014,-9.3225732577082,6.467357759764401,1.9153530328476336,-0.009677136643336692,-13.939495322716994,14.070472655154878
68,2.2666666666666666,-225.0,-0.05550954388455054,2000.0,P1,-0.05550954388455054,impact_decay,229.99264278784653,239.94717141221014,182.00687374767693,239.89839399248717,-225.0851270806078,-0.19310049508238478,2000.59313939796,-0.08512708060780483,-0.13759095119783424,0.5931393979599306,6.467357759764401,0.4339323321510449,-0.16818640893347594,-4.023782667048863,4.05060623717967
69,2.3,-225.0,-0.14927693510134132,2000.0,P1,-0.14927693510134132,impact_decay,229.98212632983666,239.83126388185195,181.85378512178198,239.79875210765172,-224.44457038329773,-0.4612467439241738,1994.6667127256962,0.5554296167022699,-0.3119698088228325,-5.333287274303757,6.467357759764401,1.0744890294611196,-0.3425652665584742,-9.95020933931255,10.013917491792474
70,2.3333333333333335,-225.0,-0.2092136093723753,2000.0,P1,-0.2092136093723753,impact_decay,230.1228257336999,239.8556173930618,181.94520197070204,239.70918994299964,-223.86453670319094,-0.5419852375133358,1992.6263577167565,1.135463296809064,-0.3327716281409605,-7.373642283243498,6.467357759764401,1.6545227095679138,-0.36336708587660227,-11.990564348252292,12.109628996181234
71,2.3666666666666667,-225.0,-0.2285382645816389,2000.0,P1,-0.2285382645816389,impact_decay,229.99427673787125,239.81989145997392,181.84934841914432,239.72577082787137,-224.33696300786332,-0.5662125611702434,1993.9795234698588,0.6630369921366821,-0.33767429658860454,-6.020476530141195,6.467357759764401,1.1820964048955318,-0.3682697543242462,-10.637398595149989,10.709212080938352
72,2.4,-225.0,-0.20789123426350214,2000.0,P1,-0.20789123426350214,impact_decay,229.9300028995071,239.7739894915119,182.02037722752792,239.96245752984214,-225.59976942853496,-0.3300626863227323,2003.772803456345,-0.5997694285349553,-0.12217145205923013,3.7728034563449455,6.467357759764401,-0.08071001577610559,-0.15276690979487184,-0.8441186086638481,0.8616194408597362
73,2.433333333333333,-225.0,-0.15452138288198936,2000.0,P1,-0.15452138288198936,impact_decay,230.14054462189472,239.92096393243835,182.22440518170507,239.77076252537643,-225.0418191237945,-0.38601635089749586,2003.50037075119,-0.041819123794510915,-0.2314949680155065,3.5003707511900757,6.467357759764401,0.4772402889643388,-0.2620904257511482,-1.116551313818718,1.2422304621411797
74,2.466666666666667,-225.0,-0.08044771329233225,2000.0,P1,-0.08044771329233225,impact_decay,230.1079933200207,239.96931064990662,181.9240187501288,240.06985396986138,-223.87196446441087,0.048768854176267064,1992.3636904932973,1.1280355355891345,0.1292165674685993,-7.636309506702673,6.467357759764401,1.6470949483479842,0.0986211097329576,-12.253231571711467,12.363831600363419
75,2.5,-225.0,-2.304074574857799e-16,2000.0,P1,-2.304074574857799e-16,impact_decay,229.92236332541202,239.96347547756938,181.97576395181517,239.96344051902736,-225.4449020821076,-0.09145675108318022,2002.2275042276567,-0.4449020821076033,-0.09145675108317998,2.227504227656709,6.467357759764401,0.07415733065124641,-0.12205220881882169,-2.3894178373520845,2.393682028345282
76,2.533333333333333,-225.0,0.07279210118233068,2000.0,P1,0.07279210118233068,impact_decay,229.93736426439847,240.0300066948138,182.19109098208753,239.9912818816383,-226.35308645883248,0.026752131692022584,2010.6281309508292,-1.353086458832479,-0.04603996949030809,10.628130950829245,6.467357759764401,-0.8340270460736292,-0.07663542722594979,6.0112088858204515,6.069275605148868
77,2.5666666666666664,-225.0,0.1265114081736216,2000.0,P1,0.1265114081736216,impact_decay,229.95804389183905,240.01707229603073,181.87073348384664,239.90336619964202,-224.69618181730635,-0.09927131153918589,1996.3687088827808,0.3038181826936466,-0.2257827197128075,-3.6312911172192344,6.467357759764401,0.8228775954524963,-0.2563781774484492,-8.248213182228028,8.293122331573898
78,2.6,-225.0,0.1540096142624136,2000.0,P1,0.1540096142624136,impact_decay,229.8458706647106,239.97139572862847,182.03753176621774,240.0957308944438,-226.28888896362463,0.08424466508814081,2008.017939352761,-1.288888963624629,-0.0697649491742728,8.017939352761005,6.467357759764401,-0.7698295508657793,-0.1003604069099145,3.401017287752211,3.4884994396231077
79,2.6333333333333333,-225.0,0.15319378003526923,2000.0,P1,0.15319378003526923,impact_decay,230.18492925589072,239.98623135699938,181.84663901275712,239.95110686116163,-222.96627506685044,-0.0777790629305781,1986.003222019403,2.033724933149557,-0.23097284296584733,-13.996777980597017,6.467357759764401,2.5527843459084067,-0.26156830070148906,-18.61370004560581,18.789756658361295
80,2.6666666666666665,-225.0,0.12689446851348815,2000.0,P1,0.12689446851348815,impact_decay,229.88214873181067,240.0884720179173,182.0597826903292,240.1152981746313,-226.13147496965738,0.2556588596744656,2007.428909250448,-1.1314749696573756,0.12876439116097746,7.428909250447987,6.467357759764401,-0.6124155568985259,0.09816893342533575,2.811987185439193,2.8795766850173368
81,2.7,-225.0,0.08192491898406953,2000.0,P1,0.08192491898406953,impact_decay,230.1573378150527,239.87020510852938,181.92808558482162,240.10233585379575,-223.53904003694223,-0.03416064620815579,1990.4933830559253,1.4609599630577748,-0.11608556519222532,-9.506616944074722,6.467357759764401,1.9800193758166245,-0.14668102292786703,-14.123539009083515,14.262410251854355
82,2.7333333333333334,-225.0,0.02756522371323244,2000.0,P1,0.02756522371323244,impact_decay,229.97668654862582,239.94036046568775,182.06393528652134,239.81167148950647,-225.46812126049994,-0.310524500234427,2003.6420321429416,-0.4681212604999416,-0.33808972394765946,3.6420321429416163,6.467357759764401,0.050938152258908076,-0.36868518168330117,-0.9748899220671774,1.0435199177287167
83,2.7666666666666666,-225.0,-0.026220851888971178,2000.0,P1,-0.026220851888971178,impact_decay,229.80311203728516,240.0716789632635,181.96511021203415,240.03592411129173,-226.25582535538862,0.1349593261040979,2006.7727855602932,-1.2558253553886232,0.16118017799306905,6.772785560293187,6.467357759764401,-0.7367659426297735,0.13058472025742734,2.155863495284393,2.2820218740589864
84,2.8,-225.0,-0.07051343123756512,2000.0,P1,-0.07051343123756512,impact_decay,229.99737889022262,239.9797820685188,181.9359281886854,239.73265477459236,-224.71889294308392,-0.3589943934312265,1997.4430040788695,0.28110705691608473,-0.28848096219366137,-2.556995921130465,6.467357759764401,0.8001664696749344,-0.31907641992930313,-7.173917986139259,7.22545330154443
85,2.8333333333333335,-225.0,-0.09882551144573415,2000.0,P1,-0.09882551144573415,impact_decay,229.91588902036793,240.01131621059926,181.96835799220844,240.04455636697378,-225.45672555553145,0.06991714879355897,2002.1886027322585,-0.4567255555314489,0.16874266023929313,2.1886027322584596,6.467357759764401,0.06233385722740081,0.13814720250365142,-2.428319332750334,2.4330443771385384
86,2.8666666666666667,-225.0,-0.10795383220984267,2000.0,P1,-0.10795383220984267,impact_decay,229.93970472332305,239.940841402696,182.17669471609491,239.71188151939148,-226.26791512285288,-0.43625028409574107,2009.9237318926955,-1.2679151228528838,-0.3282964518858984,9.923731892695514,6.467357759764401,-0.7488557100940341,-0.3588919096215401,5.30680982768672,5.371388910194884
87,2.9,-225.0,-0.09820086567412524,2000.0,P1,-0.09820086567412524,impact_decay,229.87609267659423,239.8247552317578,182.29217820878665,239.8347019809258,-227.27993277043498,-0.42940072230800097,2017.4884955886687,-2.279932770434982,-0.33119985663387574,17.488495588668684,6.467357759764401,-1.7608733576761324,-0.36179531436951745,12.87157352365989,12.996498597939972
88,2.933333333333333,-225.0,-0.07299073295674001,2000.0,P1,-0.07299073295674001,impact_decay,230.14931700072836,239.91410767726438,182.10699259597993,240.108791245988,-224.42883433306667,0.028598439134400112,1998.238146035426,0.5711656669333252,0.10158917209114013,-1.761853964573902,6.467357759764401,1.0902250796921749,0.07099371435549842,-6.378776029582696,6.47166241915063
89,2.966666666666667,-225.0,-0.0380008090037962,2000.0,P1,-0.0380008090037962,impact_decay,230.03261085522564,239.98102179094204,182.1099046753079,240.00152753094784,-225.28124073205373,-0.02184853007849518,2003.2257714755306,-0.2812407320537318,0.016152278925301022,3.225771475530564,6.467357759764401,0.2378186807051179,-0.014443178810340684,-1.3911505894782294,1.411405786055908
90,3.0,-225.0,-1.3060413170205567e-16,2000.0,P1,-1.3060413170205567e-16,impact_decay,229.9506784669338,239.94320823702046,181.87014955779804,240.07005140209185,-224.7462582971712,0.016546789068665198,1996.6502950284212,0.2537417028287905,0.01654678906866533,-3.3497049715788307,6.467357759764401,0.7728011155876402,-0.014048668666976379,-7.966627036587624,8.00403431210997
91,3.033333333333333,-225.0,0.03438455390227239,2000.0,P1,0.03438455390227239,impact_decay,230.07044537529558,239.98000399736375,181.92003449984836,239.73170795255987,-224.1216187070562,-0.35923442059835736,1993.7526343387267,0.8783812929438,-0.39361897450062977,-6.247365661273307,6.467357759764401,1.3974407057026497,-0.4242144322362715,-10.8642877262821,10.962004662009415
92,3.0666666666666664,-225.0,0.05975975776138506,2000.0,P1,0.05975975776138506,impact_decay,229.9830680853964,240.02638834872718,182.3162804823223,240.10307211591,-226.61548038944306,0.16295681653806593,2013.9809215128125,-1.6154803894430643,0.10319705877668087,13.980921512812529,6.467357759764401,-1.0964209766842146,0.07260160104103916,9.363999447803735,9.428249869888662
93,3.1,-225.0,0.07274899057810973,2000.0,P1,0.07274899057810973,impact_decay,230.13153762900888,240.10518303616698,182.20326720238168,239.9271770678614,-225.00741517359847,0.04051067015658996,2002.9932969752263,-0.007415173598474212,-0.032238320421519764,2.993296975226258,6.467357759764401,0.5116442391603755,-0.06283377815716147,-1.6236250897825357,1.7034923960249573
94,3.1333333333333333,-225.0,0.07236361777662542,2000.0,P1,0.07236361777662542,impact_decay,230.04277601034246,239.96593624982506,182.1640718035161,240.20669822275823,-225.462832532452,0.21633980343585724,2005.0669636127097,-0.46283253245201195,0.14397618565923181,5.066963612709742,6.467357759764401,0.056226880306837757,0.11338072792359011,0.4500415477009483,0.4674976429786438
95,3.1666666666666665,-225.0,0.059940702653619636,2000.0,P1,0.059940702653619636,impact_decay,229.84549119996436,240.13013695476297,182.17380392055873,240.02160534093065,-226.9385028644725,0.19098417654218092,2013.7739427382924,-1.9385028644724969,0.13104347388856127,13.773942738292362,6.467357759764401,-1.4194434517136472,0.10044801615291957,9.157020673283569,9.266927059576139
96,3.2,-225.0,0.03869859156409185,2000.0,P1,0.03869859156409185,impact_decay,230.1080520744389,239.9997477593534,181.86556065649143,239.99565526215423,-223.60026264011242,-0.005717339661445728,1989.946977875126,1.399737359887581,-0.044415931225537574,-10.053022124873905,6.467357759764401,1.9187967726464308,-0.07501138896117929,-14.669944189882699,14.795089398089672
97,3.2333333333333334,-225.0,0.013020889700954493,2000.0,P1,0.013020889700954493,impact_decay,230.06058445528672,240.09257634533202,181.75372292614404,239.8149175858177,-223.42026289259675,-0.11489806489135414,1987.2955433505615,1.579737107403247,-0.12791895459230862,-12.704456649438498,6.467357759764401,2.0987965201620966,-0.15851441232795033,-17.32137871444729,17.448788904140823
98,3.2666666666666666,-225.0,-0.012385853416726024,2000.0,P1,-0.012385853416726024,impact_decay,230.09292924689998,240.09805946260954,182.01027906822102,239.884203940521,-224.3813421825286,-0.02213263822177475,1996.5622938102413,0.6186578174713873,-0.009746784805048727,-3.437706189758728,6.467357759764401,1.137717230230237,-0.04034224254069043,-8.054628254767522,8.134682803588305
99,3.3,-225.0,-0.03330818643562921,2000.0,P1,-0.03330818643562921,impact_decay,229.94906039806864,240.15605585409145,181.98161428262586,239.97449018274256,-225.2801518126366,0.1632933023939364,2001.357427955832,-0.2801518126366034,0.19660148882956563,1.3574279558320086,6.467357759764401,0.23890760012224632,0.16600603109392392,-3.259494109176785,3.272451174809777
100,3.3333333333333335,-225.0,-0.046681866164489126,2000.0,P1,-0.046681866164489126,impact_decay,229.86062665906968,240.07767082243112,182.21586184632423,240.12640631450284,-227.02861270775597,0.2569983988340308,2014.9118315531318,-2.0286127077559684,0.3036802649985199,14.911831553131833,6.467357759764401,-1.5095532949971187,0.2730848072628782,10.29490948812304,10.408577608445846
101,3.3666666666666667,-225.0,-0.0509937795761453,2000.0,P1,-0.0509937795761453,impact_decay,230.05522328524904,240.07727607438375,181.9949830925743,240.11476156498807,-224.5800935679096,0.2397461674293939,1997.4931421459623,0.4199064320903858,0.2907399470055392,-2.506857854037662,6.467357759764401,0.9389658448492355,0.26014448926989747,-7.123779919046456,7.19010238787324
102,3.4,-225.0,-0.04638680439466998,2000.0,P1,-0.04638680439466998,impact_decay,230.21007951524774,240.14741132761048,181.9128254202761,239.94377904587748,-223.09325127447477,0.113286416065021,1987.6907602371148,1.9067487255252331,0.15967322045969098,-12.309239762885227,6.467357759764401,2.425808138284083,0.12907776272404928,-16.92616182789402,17.099595329031963
103,3.433333333333333,-225.0,-0.03447838090881526,2000.0,P1,-0.03447838090881526,impact_decay,229.87196532946308,239.7974094253789,182.10176617160977,239.84738677481494,-226.40400105683642,-0.44614065802724934,2009.6211035619701,-1.404001056836421,-0.41166227711843406,9.62110356197013,6.467357759764401,-0.8849416440775713,-0.44225773485407577,5.004181496961337,5.101033823843083
104,3.466666666666667,-225.0,-0.017950311150492938,2000.0,P1,-0.017950311150492938,impact_decay,230.09133097330601,239.87933803754456,181.96880900635543,239.845144818992,-224.19939500522773,-0.3435195822544988,1994.9079191590442,0.8006049947722715,-0.32556927110400585,-5.092080840955759,6.467357759764401,1.3196644075311212,-0.35616472883964756,-9.709002905964553,9.804749098809312
105,3.5,-225.0,-7.197519404347244e-17,2000.0,P1,-7.197519404347244e-17,impact_decay,229.99861303538484,240.0938843860579,182.0131338144692,240.18252081019187,-225.07155913270915,0.3456110532399917,2000.6052382909618,-0.07155913270915448,0.34561105323999175,0.6052382909617791,6.467357759764401,0.4475002800496952,0.31501559550435004,-4.011683774047015,4.048839096458097
106,3.533333333333333,-225.0,0.016242113194354004,2000.0,P1,0.016242113194354004,impact_decay,229.81621786907576,239.77059385892616,181.91591301151522,240.03175094065708,-225.92873947733105,-0.24758325749616938,2004.1628084530294,-0.9287394773310496,-0.26382537069052336,4.162808453029356,6.467357759764401,-0.40968006457219985,-0.29442082842616507,-0.45411361197943734,0.678778721015945
107,3.5666666666666664,-225.0,0.028228510766383556,2000.0,P1,0.028228510766383556,impact_decay,230.02899051179867,240.0162538976274,181.89967636151206,239.88276792527913,-224.32319585335944,-0.12588358944857284,1994.6264384121025,0.6768041466405634,-0.1541121002149564,-5.373561587897484,6.467357759764401,1.1958635593994131,-0.1847075579505981,-9.990483652906278,10.063496914773268
108,3.6,-225.0,0.03436418989477024,2000.0,P1,0.03436418989477024,impact_decay,229.9725183811656,240.01805399352227,181.86182782312775,240.17639190318,-224.55089022577368,0.24249816832530705,1995.398576923107,0.44910977422631504,0.2081339784305368,-4.60142307689307,6.467357759764401,0.9681691869851647,0.1775385206948951,-9.218345141901864,9.27074747019806
109,3.6333333333333333,-225.0,0.034182152673012965,2000.0,P1,0.034182152673012965,impact_decay,229.90379143031137,239.8444590421579,182.26412831523788,240.06767878912754,-226.94422090560374,-0.11065843590614081,2015.1277465283067,-1.9442209056037427,-0.14484058857915377,15.127746528306716,6.467357759764401,-1.425161492844893,-0.1754360463147955,10.510824463297922,10.608453892311381
110,3.6666666666666665,-225.0,0.028313983081364503,2000.0,P1,0.028313983081364503,impact_decay,229.98136742123256,239.90268525885688,181.91991601146017,240.09013487379067,-224.75885421321348,-0.008963359537017249,1997.442899826749,0.2411457867865181,-0.037277342618381754,-2.5571001732510013,6.467357759764401,0.7602051995453678,-0.06787280035402346,-7.174022238259795,7.214507172183682
111,3.6999999999999997,-225.0,0.0182799202930626,2000.0,P1,0.0182799202930626,impact_decay,229.81625320216688,240.06384883064572,181.962621493431,240.0969110272247,-226.1489725154398,0.2015644611955283,2006.1173358139945,-1.1489725154397945,0.18328454090246568,6.117335813994487,6.467357759764401,-0.6299131026809448,0.15268908316682397,1.500413748985693,1.6344252479672363
112,3.7333333333333334,-225.0,0.006150632781660863,2000.0,P1,0.006150632781660863,impact_decay,229.99313542465615,240.04791152524786,182.0325340778017,240.0337321278577,-225.2020085350481,0.10213840215870681,2001.6429596798469,-0.20200853504809402,0.09598776937704595,1.6429596798468538,6.467357759764401,0.3170508777107557,0.06539231164140424,-2.97396238516194,2.9915296558511772
113,3.7666666666666666,-225.0,-0.005850662881214383,2000.0,P1,-0.005850662881214383,impact_decay,229.88939346305875,239.92408652526063,182.06789552749356,239.93287037660704,-226.11740018807276,-0.1794712892666312,2007.465348327591,-1.1174001880727644,-0.1736206263854168,7.465348327591073,6.467357759764401,-0.5983407753139147,-0.20421608412105852,2.8484262625822794,2.9177470873578897
114,3.8,-225.0,-0.015733673204653187,2000.0,P1,-0.015733673204653187,impact_decay,229.88830359393444,239.89457695639618,181.9547903029803,239.8012654234515,-225.59172143845927,-0.3807243877595903,2002.774147379136,-0.5917214384592739,-0.3649907145549371,2.7741473791359113,6.467357759764401,-0.07266202570042424,-0.3955861722905788,-1.8427746858728824,1.886156603408185
115,3.8333333333333335,-225.0,-0.02205095219563714,2000.0,P1,-0.02205095219563714,impact_decay,230.02184726937148,239.90364039578265,181.9505974945865,239.83215799004148,-224.61197702346246,-0.3297625310975826,1997.0356742973424,0.3880229765375418,-0.30771157890194545,-2.964325702657561,6.467357759764401,0.9070823892963915,-0.33830703663758716,-7.581247767666355,7.642811513229686
116,3.8666666666666667,-225.0,-0.024087755869618917,2000.0,P1,-0.024087755869618917,impact_decay,230.0398094213149,240.02835076490183,181.98382415019404,239.88329850264287,-224.63847763751266,-0.11030975895103215,1997.6700586889185,0.36152236248733516,-0.08622200308141323,-2.329941311081484,6.467357759764401,0.8805817752461849,-0.11681746081705494,-6.946863376090278,7.003426400563646
117,3.9,-225.0,-0.021911574884582015,2000.0,P1,-0.021911574884582015,impact_decay,230.22641988160223,239.83551682080238,182.01131835227505,240.0419090650072,-223.43270647016786,-0.15253410630732556,1991.0775427025394,1.567293529832142,-0.13062253142274355,-8.922457297460596,6.467357759764401,2.0863529425909917,-0.16121798915838526,-13.53937936246939,13.70013333372885
118,3.933333333333333,-225.0,-0.016286433933988678,2000.0,P1,-0.016286433933988678,impact_decay,230.09927050371115,239.98348036812888,181.84122546973586,239.9025580594557,-223.5500358124246,-0.14169024919539722,1989.3056346537098,1.4499641875754037,-0.12540381526140854,-10.69436534629017,6.467357759764401,1.9690236003342534,-0.15599927299705024,-15.311287411298963,15.438164136426682
119,3.966666666666667,-225.0,-0.00847912659878695,2000.0,P1,-0.00847912659878695,impact_decay,229.99843142848604,239.83450864616543,181.89453452317557,240.0800688515221,-224.51797808021567,-0.10654751556044721,1995.6804860131576,0.48202191978433007,-0.09806838896166026,-4.319513986842367,6.467357759764401,1.0010813325431798,-0.128663846697302,-8.93643605185116,8.993253445146452
120,4.0,-225.0,-3.885562776363508e-17,2000.0,P1,-3.885562776363508e-17,impact_decay,229.94854876759615,240.08309198008763,182.19077707437307,240.09520468786485,-226.27048474607005,0.22400124002341898,2010.1440376480166,-1.2704847460700535,0.224001240023419,10.144037648016592,6.467357759764401,-0.7514253333112038,0.1934057822877773,5.527115583007799,5.581312793249617
121,4.033333333333333,-225.0,0.007672231018846348,2000.0,P1,0.007672231018846348,impact_decay,229.9907786376748,240.01213104651322,181.96093377625198,240.16686158614246,-224.88324015997839,0.22360177221524075,1998.7573059980098,0.11675984002161499,0.2159295411963944,-1.2426940019902304,6.467357759764401,0.6358192527804647,0.1853340834607527,-5.859616066999024,5.896924223468678
122,4.066666666666666,-225.0,0.013334204319729214,2000.0,P1,0.013334204319729214,impact_decay,229.96749688699921,240.1344185036792,181.83071760880296,240.1729670080864,-224.44169658028548,0.3831401068497362,1994.3170616175732,0.5583034197145196,0.369805902530007,-5.682938382426755,6.467357759764401,1.0773628324733693,0.3392104447943653,-10.299860447435549,10.361607000620118
123,4.1,-225.0,0.01623249391833021,2000.0,P1,0.01623249391833021,impact_decay,229.99759929402197,239.76047904644605,181.9266330213454,239.69564676624395,-224.67383168547144,-0.6788391001860005,1997.0474493533811,0.32616831452855877,-0.6950715941043307,-2.9525506466188745,6.467357759764401,0.8452277272874085,-0.7256670518399724,-7.569472711627668,7.651007758013154
124,4.133333333333333,-225.0,0.016146505623418222,2000.0,P1,0.016146505623418222,impact_decay,229.92262393658888,239.78634044988422,182.2963689795836,240.1828869454619,-226.96071586072765,-0.03876762547249209,2015.695378770515,-1.960715860727646,-0.05491413109591031,15.695378770514935,6.467357759764401,-1.4416564479687963,-0.08550958883155202,11.078456705506142,11.172192630792138
125,4.166666666666667,-225.0,0.013374578582511513,2000.0,P1,0.013374578582511513,impact_decay,229.63647813391478,239.94608113353266,181.8846318920642,240.02424557267318,-227.08279627178354,-0.037284373021009294,2010.393490754787,-2.082796271783536,-0.05065895160352081,10.39349075478708,6.467357759764401,-1.5637368590246865,-0.0812544093391625,5.776568689778287,5.9850330885498275
126,4.2,-225.0,0.008634822933214496,2000.0,P1,0.008634822933214496,impact_decay,230.14909652384472,240.0087220948334,181.97601823218127,240.0148825624174,-223.82020830728212,0.029399811790527145,1992.8143147508933,1.1797916927178846,0.02076498885731265,-7.185685249106655,6.467357759764401,1.6988511054767343,-0.009830468878329057,-11.802607314115448,11.924249709223192
127,4.233333333333333,-225.0,0.0029053532042490234,2000.0,P1,0.0029053532042490234,impact_decay,229.86890540457586,239.89598869869542,181.8341635347777,239.9249687977067,-225.16476513859328,-0.22364126076768603,1998.5534715043352,-0.1647651385932818,-0.22654661397193507,-1.4465284956647793,6.467357759764401,0.3542942741655679,-0.25714207170757675,-6.063450560673573,6.079233436830768
128,4.266666666666667,-225.0,-0.002763657456449048,2000.0,P1,-0.002763657456449048,impact_decay,230.126406401955,240.01651772926655,182.05231966195308,240.0237927257349,-224.33772463232327,0.050310415950309696,1996.917809932044,0.6622753676767275,0.053074073406758744,-3.082190067955935,6.467357759764401,1.1813347804355772,0.022478615671117037,-7.6991121329647285,7.789248024526755
129,4.3,-225.0,-0.007432060973635698,2000.0,P1,-0.007432060973635698,impact_decay,230.00536647835006,239.9910499659085,182.1340789414805,240.00594352545204,-225.59150972495956,-0.0037682403737741184,2005.3774395966414,-0.5915097249595647,0.0036638205998615796,5.377439596641352,6.467357759764401,-0.07245031220071496,-0.026931637135780125,0.7605175316325585,0.7644352665447048
130,4.333333333333333,-225.0,-0.01041613227330998,2000.0,P1,-0.01041613227330998,impact_decay,230.00429327975957,240.0858806358921,182.26265096919423,239.91581232631714,-226.206828650156,0.0021276548741006327,2010.8232434329132,-1.2068286501560124,0.012543787147410612,10.82324343291316,6.467357759764401,-0.6877692373971627,-0.018051670588231095,6.206321367904366,6.24433962148338
131,4.366666666666666,-225.0,-0.01137825020339904,2000.0,P1,-0.01137825020339904,impact_decay,230.06177890195158,240.01956521853467,182.0289942428588,239.7811978458283,-224.6921132562939,-0.24887620957648196,1998.6350689515812,0.30788674370609215,-0.23749795937308293,-1.364931048418839,6.467357759764401,0.8269461564649419,-0.26809341710872464,-5.981853113427633,6.044690289552728
132,4.4,-225.0,-0.010350295093356573,2000.0,P1,-0.010350295093356573,impact_decay,229.88340377304226,240.05300357907436,181.85989545696128,240.14439359988845,-225.18121076197585,0.24662569092546455,1999.0209904865278,-0.18121076197584784,0.2569759860188211,-0.9790095134721923,6.467357759764401,0.33784865078300186,0.22638052828317942,-5.595931578480986,5.610689804780011
133,4.433333333333334,-225.0,-0.0076931666538424615,2000.0,P1,-0.0076931666538424615,impact_decay,229.92349885101015,240.11921839774885,181.89459144612715,240.0562540214904,-225.05571783705642,0.2192085100351839,1998.796261204672,-0.055717837056420194,0.22690167668902636,-1.2037387953280358,6.467357759764401,0.4633415757024295,0.19630621895338465,-5.8206608603368295,5.842372326241392
134,4.466666666666667,-225.0,-0.004005255801723639,2000.0,P1,-0.004005255801723639,impact_decay,229.8578921979884,239.9830114047752,181.9930938081967,239.8816137739185,-225.99182588243434,-0.16969651403866756,2005.6493428032104,-0.9918258824343411,-0.16569125823694392,5.649342803210402,6.467357759764401,-0.4727664696754914,-0.19628671597258562,1.0324207382016084,1.152358099891472
135,4.5,-225.0,-2.064836130895841e-17,2000.0,P1,-2.064836130895841e-17,impact_decay,229.99917731858275,239.85190012513334,181.96106454749014,239.94250693183065,-224.8235472900601,-0.25678728942517515,1998.4132515054844,0.1764527099398947,-0.25678728942517515,-1.586748494515632,6.467357759764401,0.6955121226987444,-0.28738274716081685,-6.203670559524426,6.249148291351127
136,4.533333333333333,-225.0,0.00362410531820513,2000.0,P1,0.00362410531820513,impact_decay,230.1925222825495,240.16472808244694,181.94551083941073,240.08570560152907,-223.36922334255456,0.3114394189411928,1989.760567325539,1.6307766574454376,0.3078153136229877,-10.239432674461113,6.467357759764401,2.1498360702042874,0.277219855887346,-14.856354739469907,15.013657852842512
137,4.566666666666666,-225.0,0.006298632128054835,2000.0,P1,0.006298632128054835,impact_decay,229.94816975978884,240.0888005021451,182.07293433842136,239.93796129737055,-225.7162827534454,0.03353942855652733,2005.212137850057,-0.7162827534453982,0.02724079642847249,5.2121378500569335,6.467357759764401,-0.19722334068654845,-0.0033546613071692146,0.5952157850481399,0.6270487466174554
138,4.6,-225.0,0.007667687194591127,2000.0,P1,0.007667687194591127,impact_decay,230.04233727166175,239.71086224371396,181.89858282340174,240.0346333485063,-224.22268797401208,-0.3171806512945087,1994.0284177281726,0.7773120259879249,-0.3248483384890998,-5.971582271827401,6.467357759764401,1.2963714387467746,-0.35544379622474154,-10.588504336836195,10.673487869045992
139,4.633333333333333,-225.0,0.0076270692001474735,2000.0,P1,0.0076270692001474735,impact_decay,230.0279953492914,239.99619235105385,181.9888179370264,240.11801630198548,-224.74658174414026,0.142644394380812,1998.3689819379374,0.2534182558597422,0.13501732518066453,-1.6310180620625943,6.467357759764401,0.7724776686185919,0.10442186744502283,-6.247940127071388,6.296378443707458
140,4.666666666666667,-225.0,0.006317703579384771,2000.0,P1,0.006317703579384771,impact_decay,230.00930398296384,239.88212880523184,182.29687084620548,240.09676889819522,-226.33271706714706,-0.026536854620684922,2012.0543037481575,-1.3327170671470583,-0.032854558200069696,12.054303748157508,6.467357759764401,-0.8136576543882086,-0.0634500159357114,7.437381683148715,7.482025860948542
141,4.7,-225.0,0.00407880154249159,2000.0,P1,0.00407880154249159,impact_decay,229.96988608475561,239.9817015849916,181.99611703765117,239.98239641991677,-225.19835077442147,-0.044902031845445785,2001.0935539754391,-0.19835077442147053,-0.04898083338793738,1.0935539754391357,6.467357759764401,0.32070863833737917,-0.07957629112357907,-3.523368089569658,3.538828776786317
142,4.733333333333333,-225.0,0.0013723916775861742,2000.0,P1,0.0013723916775861742,impact_decay,230.13283297166805,240.0379390386985,181.90421868553588,239.8991798577096,-223.60295151936066,-0.07822879433309127,1990.519613263511,1.3970484806393415,-0.07960118601067744,-9.480386736488981,6.467357759764401,1.9161078933981912,-0.11019664374631914,-14.097308801497775,14.227358440842854
143,4.766666666666667,-225.0,-0.0013054593456598362,2000.0,P1,-0.0013054593456598362,impact_decay,229.9993789287425,240.17042185880607,181.8878147354421,239.95527800040378,-224.47982759845027,0.15676048612187396,1995.3624044875792,0.5201724015497291,0.1580659454675338,-4.63759551242083,6.467357759764401,1.0392318143085788,0.1274704877318921,-9.254517577429624,9.313557165770101
144,4.8,-225.0,-0.003510657021877323,2000.0,P1,-0.003510657021877323,impact_decay,229.9379213942341,239.95505610548125,181.95224391095675,240.08174735803254,-225.2224076950721,0.046018061880748966,2000.596996142664,-0.2224076950720928,0.049528718902626286,0.5969961426640111,6.467357759764401,0.2966517176867569,0.018933261166984582,-4.0199259223447825,4.030901280250419
145,4.833333333333333,-225.0,-0.0049202324948378635,2000.0,P1,-0.0049202324948378635,impact_decay,229.7968806148091,240.1734632738112,181.95539055397518,239.9759563575976,-226.25497768380842,0.1873933800277613,2006.6265771511644,-1.25497768380842,0.19231361252259915,6.626577151164383,6.467357759764401,-0.7359182710495702,0.16171815478695745,2.0096550861555897,2.146262339175553
146,4.866666666666666,-225.0,-0.005374704824804354,2000.0,P1,-0.005374704824804354,impact_decay,230.1078156364093,240.1003568456984,181.86379282318174,240.1817192631213,-223.59375633179243,0.3508116808370147,1989.8838304829962,1.4062436682075656,0.35618638566181904,-10.116169517003755,6.467357759764401,1.9253030809664153,0.32559092792617733,-14.733091582012548,14.861924134172385
147,4.9,-225.0,-0.004889133213101083,2000.0,P1,-0.004889133213101083,impact_decay,230.07478511981498,240.01035933319685,182.0566828037752,240.19804644719028,-224.72830261047187,0.2604090338101442,1999.2461229266696,0.2716973895281285,0.26529816702324527,-0.7538770733303863,6.467357759764401,0.7907568022869782,0.23470270928760356,-5.37079913833918,5.433770796279039
148,4.933333333333334,-225.0,-0.003633994611937691,2000.0,P1,-0.003633994611937691,impact_decay,230.02409239582056,239.97037120882445,182.08909454006482,240.1650927646655,-225.24481702531727,0.16955959816626173,2002.712205383186,-0.24481702531727478,0.17319359277819943,2.712205383186074,6.467357759764401,0.2742423874415749,0.14259813504255772,-1.9047166818227197,1.9296343573851038
149,4.966666666666667,-225.0,-0.0018919488759061454,2000.0,P1,-0.0018919488759061454,impact_decay,229.9772367803918,240.00531454881042,181.97221825007722,240.07942423631917,-225.03338293959902,0.1059124090480766,1999.7909323193583,-0.033382939599022166,0.10780435792398274,-0.20906768064173775,6.467357759764401,0.48567647315982754,0.07720890018834103,-4.825989745650531,4.850981331233233
150,5.0,-225.0,-1.083732805695959e-17,2000.0,P1,-1.083732805695959e-17,impact_decay,230.16902767791234,240.06212779613585,182.30248480778909,239.8632046885518,-225.20359689560752,-0.09359462737775293,2005.57633251979,-0.20359689560751804,-0.09359462737775291,5.576332519789958,6.467357759764401,0.31546251715133167,-0.12419008511339462,0.9594104547811639,1.0175500959222235
0,0.0,-75.0,1.7932575896831906,2000.0,P2,1.7932575896831906,impact_decay,289.9934639592415,240.65252503535254,242.13151086716732,240.90713897059186,-75.23271384694624,1.9552032385651383,2005.7686082850305,-0.23271384694623976,0.16194564888194773,5.768608285030496,6.467357759764401,0.0,0.0,0.0,0.0
1,0.03333333333333333,-75.0,6.148990013940023,2000.0,P2,6.148990013940023,impact_decay,289.9290050108269,242.6387838732191,242.0470834945479,242.54514935675058,-75.36287861066731,6.495896287118049,2004.9320781674303,-0.362878610667309,0.3469062731780257,4.932078167430291,6.467357759764401,-0.13016476372106922,0.18496062429607818,-0.8365301176002049,0.866565598155598
2,0.06666666666666667,-75.0,9.064231329560874,2000.0,P2,9.064231329560874,impact_decay,290.0566493627794,243.63324491383938,242.1430674828079,243.55075125401993,-74.9933936573791,8.996191804765553,2003.607256058048,0.006606342620898431,-0.06803952479532072,3.6072560580480513,6.467357759764401,0.2393201895671382,-0.22998517367726823,-2.1613522269824443,2.186689457222444
3,0.1,-75.0,10.189640446684384,2000.0,P2,10.189640446684384,impact_decay,289.9612956934185,243.9518602377117,242.04666804993678,243.9765742086538,-75.2305652128778,9.928201270328605,2003.563520162943,-0.2305652128778064,-0.26143917635577907,3.5635201629429503,6.467357759764401,0.0021486340684333527,-0.42338482523772747,-2.2050881220875453,2.24536699740633
4,0.13333333333333333,-75.0,9.50776253000397,2000.0,P2,9.50776253000397,impact_decay,289.9925246506208,243.9007829497098,241.922716231318,243.7324941504394,-74.90974666925348,9.527740019034868,1997.0955674792633,0.09025333074652053,0.019977489030898354,-2.904432520736691,6.467357759764401,0.3229671776927603,-0.14196815985104916,-8.673040805767187,8.680213106530337
5,0.16666666666666666,-75.0,7.3043582685392305,2000.0,P2,7.3043582685392305,impact_decay,289.9561130016185,242.89633681426707,241.98364670996543,242.9384887328668,-75.15282674885037,7.297718054479684,2001.1478980396446,-0.15282674885037295,-0.006640214059546956,1.1478980396445877,6.467357759764401,0.0798870980958668,-0.16858586294149447,-4.620710245385908,4.624474706757536
6,0.2,-75.0,4.091868567070928,2000.0,P2,4.091868567070928,impact_decay,289.975287608241,241.64900044966814,242.05176868186453,241.47453090384977,-75.18157486913874,3.9106453453881556,2003.1918268660422,-0.18157486913874266,-0.18122322168277227,3.19182686604222,6.467357759764401,0.0511389778074971,-0.3431688705647198,-2.5767814189882756,2.600035105535903
7,0.23333333333333334,-75.0,0.502339858032083,2000.0,P2,0.502339858032083,impact_decay,289.8218959693114,240.17461760737353,242.22660038091806,240.33325850324513,-76.08677612102403,0.640243262255578,2017.0060928929738,-1.0867761210240303,0.137903404223495,17.00609289297381,6.467357759764401,-0.8540622740777906,-0.024042244658452727,11.237484607943315,11.269918398608487
8,0.26666666666666666,-75.0,-2.829417836602853,2000.0,P2,-2.829417836602853,impact_decay,289.9044756770868,238.96713247859327,242.083132844895,238.82725352178622,-75.51989958183745,-2.767317570370787,2007.4718783803162,-0.5198995818374499,0.062100266232066215,7.471878380316184,6.467357759764401,-0.28718573489121013,-0.09984538264988174,1.7032700952856885,1.730194718595576
9,0.3,-75.0,-5.37201498103645,2000.0,P2,-5.37201498103645,impact_decay,289.9138444487915,237.91570979524337,241.98979160431918,237.9139343207467,-75.33458570117355,-5.221206016388707,2003.1694796701872,-0.3345857011735518,0.15080896464774352,3.169479670187229,6.467357759764401,-0.10187185422731204,-0.011136684234203997,-2.5991286148432664,2.6011481036105035
10,0.3333333333333333,-75.0,-6.776305648277674,2000.0,P2,-6.776305648277674,impact_decay,290.1704372885872,237.25441661280314,242.0471184229008,237.09705711043586,-74.38280903602431,-7.042564642778551,1994.8749049756093,0.6171909639756876,-0.26625899450087687,-5.125095024390703,6.467357759764401,0.8499048109219274,-0.42820464338282527,-10.893703309421198,10.93519406311279
11,0.36666666666666664,-75.0,-6.916301413981544,2000.0,P2,-6.916301413981544,impact_decay,289.9327417303301,237.25488221163198,242.0848900024407,237.56757567147085,-75.40717733749916,-6.492507866731966,2006.3597660888581,-0.4071773374991636,0.42379354724957796,6.359766088858123,6.467357759764401,-0.17446349055292387,0.26184789836763045,0.5911578038276275,0.6696785650159028
12,0.4,-75.0,-5.888956882909841,2000.0,P2,-5.888956882909841,impact_decay,289.9997731478169,237.53332756202573,241.78832374851714,237.75842067069152,-74.67162879212965,-5.859502713293323,1991.2282986069808,0.32837120787034735,0.02945416961651759,-8.771701393019157,6.467357759764401,0.5610850548165871,-0.13249147926542992,-14.540309678049653,14.551734465842925
13,0.43333333333333335,-75.0,-3.976776515579504,2000.0,P2,-3.976776515579504,impact_decay,290.0515323572842,238.63463093903385,242.04231780729438,238.39649738332142,-74.85680423947595,-3.7103775011456905,1999.6161892800833,0.14319576052405125,0.26639901443381353,-0.3838107199167098,6.467357759764401,0.375909607470291,0.10445336555186557,-6.152419004947205,6.164777218277976
14,0.4666666666666667,-75.0,-1.5830200058118553,2000.0,P2,-1.5830200058118553,impact_decay,289.9711422016389,239.3441097494044,242.1573091420051,239.23110780501074,-75.36444504968573,-1.7879124559836328,2007.7871707286965,-0.36444504968572744,-0.20489245017177748,7.7871707286965375,6.467357759764401,-0.13173120273948768,-0.3668380990537248,2.018562443666042,2.0558496150427845
15,0.5,-75.0,0.8470749058153103,2000.0,P2,0.8470749058153103,impact_decay,289.88317304817167,240.37450513576644,242.01868178812762,240.5067535973678,-75.50522776709144,1.1046920882405904,2005.6621996134734,-0.5052277670914407,0.2576171824252801,5.662199613473376,6.467357759764401,-0.2725139201452009,0.09567153354333235,-0.1064086715571193,0.30779812277853286
16,0.5333333333333333,-75.0,2.904577215723772,2000.0,P2,2.904577215723772,impact_decay,289.86058381976136,241.03807223544683,241.97740469578002,241.11383782018572,-75.53236928258026,2.6964501178300053,2004.8794175086068,-0.5323692825802624,-0.2081270978937666,4.879417508606821,6.467357759764401,-0.29965543563402264,-0.37007274677571433,-0.8891907764236748,1.0086661761395965
17,0.5666666666666667,-75.0,4.281639706391773,2000.0,P2,4.281639706391773,impact_decay,290.14307115042124,241.61142315299466,242.01319025445392,241.66158908219546,-74.44089631325114,4.080224818503027,1994.6029021846432,0.5591036867488555,-0.2014148878887454,-5.397097815356801,6.467357759764401,0.7918175336950952,-0.3633605367706929,-11.165706100387297,11.199642789239993
18,0.6,-75.0,4.813245331470717,2000.0,P2,4.813245331470717,impact_decay,290.1208994516504,242.0957265385135,242.1776744654327,241.82111438425775,-74.78621659661984,4.901849447173497,2002.368500382158,0.21378340338016244,0.08860411570277993,2.3685003821578903,6.467357759764401,0.4464972503264022,-0.07334153317916758,-3.4001079028726053,3.4300834576165715
19,0.6333333333333333,-75.0,4.491149010578165,2000.0,P2,4.491149010578165,impact_decay,290.0289935793641,241.8583306439782,242.1002799645802,241.65260398216236,-75.03896291404934,4.395195896302652,2002.9747251989402,-0.038962914049335495,-0.09595311427551323,2.9747251989401775,6.467357759764401,0.19375093289690426,-0.25789876315746074,-2.793883086090318,2.812442691821138
20,0.6666666666666666,-75.0,3.450334535295204,2000.0,P2,3.450334535295204,impact_decay,290.2182682909611,241.35813891011188,242.07687293159694,241.36808146702262,-74.23565060491295,3.3977665462570075,1994.1258305448332,0.7643493950870521,-0.05256798903819648,-5.874169455166793,6.467357759764401,0.9970632420332919,-0.21451363792014422,-11.642777740197289,11.687361751785609
21,0.7,-75.0,1.9328618492966094,2000.0,P2,1.9328618492966094,impact_decay,289.93369993634934,240.6218489072127,241.7031438670426,240.77245791429388,-74.80643818590262,1.734552071783484,1990.4394409394988,0.19356181409737871,-0.1983097775131255,-9.560559060501191,6.467357759764401,0.42627566104361847,-0.36025542639507324,-15.329167345531687,15.339324183899375
22,0.7333333333333333,-75.0,0.23728854704303035,2000.0,P2,0.23728854704303035,impact_decay,290.0046629933399,240.26028876902416,241.87737584989472,240.043845693166,-74.79001763764815,0.3791626240237285,1994.7104415035813,0.20998236235185175,0.14187407698069818,-5.289558496418749,6.467357759764401,0.4426962092980915,-0.02007157190124964,-11.058166781449245,11.067042756223229
23,0.7666666666666666,-75.0,-1.3365223497400287,2000.0,P2,-1.3365223497400287,impact_decay,290.1072860251854,239.3600620572631,242.17682286658584,239.33697579068928,-74.84020480940366,-1.6310655897626885,2002.9015723722598,0.15979519059634129,-0.29454324002265975,2.901572372259807,6.467357759764401,0.39250903754258104,-0.4564888889046075,-2.867035912770689,2.9295631714238253
24,0.8,-75.0,-2.5375601978652758,2000.0,P2,-2.5375601978652758,impact_decay,289.9043661247735,238.92860786379862,241.87813983779853,239.1505436575879,-75.19800263199252,-2.399749524709631,1998.907882903864,-0.198002631992523,0.13781067315564455,-1.0921170961360076,6.467357759764401,0.03471121495371676,-0.02413497572630341,-6.860725381166503,6.860855640609205
25,0.8333333333333334,-75.0,-3.2009001393963925,2000.0,P2,-3.2009001393963925,impact_decay,290.03267656500566,238.69668542886336,242.01332662084377,238.89681824713045,-74.88812320132165,-3.006908354220759,1999.1941161901104,0.11187679867835243,0.19399178517563342,-0.8058838098895649,6.467357759764401,0.3445906456245922,0.03204613629368591,-6.5744920949200605,6.58359445698698
26,0.8666666666666667,-75.0,-3.267029456640267,2000.0,P2,-3.267029456640267,impact_decay,290.0239766800027,238.7263646883894,242.03718663491705,238.59177530405884,-74.96068975641595,-3.3532479013307426,2000.5505839645832,0.03931024358405466,-0.08621844469047568,0.5505839645832111,6.467357759764401,0.2720240905302944,-0.24816409357242364,-5.2180243204472845,5.230999936144791
27,0.9,-75.0,-2.7817462620205937,2000.0,P2,-2.7817462620205937,impact_decay,289.96659609751526,238.88280991197436,241.9923786561342,239.02863535033026,-75.12386356083209,-2.612096523627541,2001.074871395628,-0.12386356083209193,0.16964973839305264,1.0748713956279516,6.467357759764401,0.10885028611414782,0.007704089511105572,-4.693736889402544,4.695005188998261
28,0.9333333333333333,-75.0,-1.8784962136857153,2000.0,P2,-1.8784962136857153,impact_decay,290.02309772995443,239.23921341626817,242.10817037256766,239.24870342690997,-75.07531517235432,-1.8934598134687426,2003.5509871104748,-0.07531517235432261,-0.014963599783027304,3.550987110474807,6.467357759764401,0.15739867459191714,-0.17690924866497504,-2.2176211745556884,2.23022754419011
29,0.9666666666666667,-75.0,-0.74776570306541,2000.0,P2,-0.74776570306541,impact_decay,290.0562953441108,239.9100639891048,242.0056062328177,239.68795801631762,-74.78029659089324,-0.5019424520889394,1997.8902296183269,0.21970340910675645,0.24582325097647062,-2.1097703816731155,6.467357759764401,0.4524172560529962,0.08387760209452289,-7.878378666703611,7.891803801519536
30,1.0,-75.0,0.4001298531733972,2000.0,P2,0.4001298531733972,impact_decay,290.0661845134772,240.1662917500509,241.93351418905527,240.38208004700653,-74.62827318291383,0.6835753957236107,1994.4873517575427,0.37172681708617006,0.2834455425502135,-5.512648242457317,6.467357759764401,0.6044406640324098,0.12149989366826563,-11.281256527487812,11.29809097057922
31,1.0333333333333332,-75.0,1.3720251265615309,2000.0,P2,1.3720251265615309,impact_decay,289.81148620700174,240.59218497145878,242.0008265815529,240.41879285856092,-75.77016970977091,1.2687269300589656,2007.9204548418975,-0.7701697097709115,-0.10329819650256522,7.920454841897481,6.467357759764401,-0.5374558628246717,-0.26524384538451296,2.1518465568669853,2.2337539493640017
32,1.0666666666666667,-75.0,2.0225033881873316,2000.0,P2,2.0225033881873316,impact_decay,289.78235473704785,240.65146655531194,241.94516965119664,240.8924983540557,-75.80123481694021,1.936524884286492,2006.8071015370724,-0.8012348169402088,-0.08597850390083961,6.807101537072413,6.467357759764401,-0.5685209699939691,-0.24792415278278734,1.038493252041917,1.2096076692021025
33,1.1,-75.0,2.273616104723605,2000.0,P2,2.273616104723605,impact_decay,290.09555157323797,240.98840592201742,242.07374098624405,240.8936822705749,-74.72716684571826,2.3515417486884083,1999.0916470021812,0.2728331542817415,0.07792564396480328,-0.908352997818838,6.467357759764401,0.5055470012279812,-0.08402000491714445,-6.676961282849334,6.696599816649186
34,1.1333333333333333,-75.0,2.1214685759730267,2000.0,P2,2.1214685759730267,impact_decay,289.98323631036067,240.65740237660742,241.92316233634776,240.85133579506183,-74.94811215597755,1.8835654172261576,1997.5000831417017,0.051887844022445506,-0.23790315874686918,-2.49991685829832,6.467357759764401,0.28460169096868526,-0.3998488076288169,-8.268525143328816,8.283078246480908
35,1.1666666666666667,-75.0,1.6298226302406646,2000.0,P2,1.6298226302406646,impact_decay,289.95848197364444,240.57604380117303,241.8076212835022,240.50228655145347,-74.868489084818,1.3436898227535528,1993.7338373226107,0.1315109151820053,-0.2861328074871119,-6.266162677389275,6.467357759764401,0.36422476212824506,-0.44807845636905963,-12.03477096241977,12.04861594119057
36,1.2,-75.0,0.9130192886768624,2000.0,P2,0.9130192886768624,impact_decay,290.07120095995947,240.61762966273997,242.09183526645933,240.31011448935118,-74.85418498287518,1.1601790256161737,2000.8602245856537,0.14581501712481781,0.24715973693931126,0.8602245856536683,6.467357759764401,0.37852886407105757,0.08521408805736352,-4.908383699376827,4.923695368526217
37,1.2333333333333334,-75.0,0.11208717297163744,2000.0,P2,0.11208717297163744,impact_decay,290.0242535658729,239.95770523629358,242.0430984140209,240.18487897179142,-74.96880381433766,0.1783002690407832,2000.7855607136462,0.031196185662338394,0.06621309606914576,0.7855607136461913,6.467357759764401,0.26391003260857815,-0.09573255281280213,-4.983047571384304,4.990949441304583
38,1.2666666666666666,-75.0,-0.6313284550080177,2000.0,P2,-0.6313284550080177,impact_decay,289.8691283603538,239.74119708674945,242.07467488681255,239.74983769325874,-75.65113385180759,-0.6389426174404219,2008.6012712054421,-0.651133851807586,-0.007614162432404203,8.601271205442117,6.467357759764401,-0.41842000486134623,-0.16955981131435216,2.8326629204116216,2.868415076441348
39,1.3,-75.0,-1.1986585630384248,2000.0,P2,-1.1986585630384248,impact_decay,289.98023392006723,239.3917928188798,242.24462380913138,239.59728947354716,-75.46509020216084,-1.2706460558260149,2011.0773019431806,-0.4650902021608374,-0.07198749278759009,11.0773019431806,6.467357759764401,-0.23237635521459765,-0.23393314166953783,5.308693658150105,5.318923936410197
40,1.3333333333333333,-75.0,-1.5119981645149054,2000.0,P2,-1.5119981645149054,impact_decay,290.0130089108273,239.26652469070032,241.95925209479213,239.479354786534,-74.88361734049438,-1.565897014931888,1997.762682407044,0.11638265950561788,-0.05389885041698261,-2.2373175929560603,6.467357759764401,0.34909650645185764,-0.2158444992989308,-8.005925877986556,8.016439757305564
41,1.3666666666666667,-75.0,-1.5432354421365133,2000.0,P2,-1.5432354421365133,impact_decay,290.1243373728929,239.50151377268907,242.04688436332398,239.28432040048202,-74.56883642389744,-1.5152623122823214,1996.778035971647,0.43116357610256273,0.02797312985419187,-3.2219640283531135,6.467357759764401,0.6638774230488025,-0.13397251902775587,-8.990572313383609,9.016045274446466
42,1.4,-75.0,-1.3140038923908728,2000.0,P2,-1.3140038923908728,impact_decay,290.1212788783941,239.42139798919132,242.00838695478316,239.45543388090843,-74.52153459279259,-1.4006659165131385,1995.3072080200027,0.47846540720740904,-0.08666202412226576,-4.69279197999731,6.467357759764401,0.7111792541536488,-0.24860767300421305,-10.461400265027805,10.488492609128299
43,1.4333333333333333,-75.0,-0.8873387807957739,2000.0,P2,-0.8873387807957739,impact_decay,290.05752514777004,239.63029866811044,241.77398357697027,239.62524717230332,-74.41659964223606,-0.9251030086654537,1988.2551461229684,0.5834003577639351,-0.03776422786967981,-11.744853877031574,6.467357759764401,0.8161142047101748,-0.19970987675162766,-17.51346216206207,17.533604402175317
44,1.4666666666666666,-75.0,-0.35321950741497393,2000.0,P2,-0.35321950741497393,impact_decay,289.95652949001163,239.82079455985183,241.96745902303522,239.8083291877115,-75.12578232558315,-0.46370089965692923,2000.4555010780261,-0.1257823255831454,-0.1104813922419553,0.4555010780261455,6.467357759764401,0.10693152136309436,-0.2724270411239029,-5.31310720700435,5.321161436765297
45,1.5,-75.0,0.18900795939228346,2000.0,P2,0.18900795939228346,impact_decay,289.8546874149051,239.91417431504362,241.81092963013558,240.0348340723166,-75.29464271453038,-0.06368146328739818,1998.178433795075,-0.29464271453038293,-0.25268942267968164,-1.8215662049249204,6.467357759764401,-0.06192886758414318,-0.4146350715616294,-7.590174489955416,7.601743629929855
46,1.5333333333333332,-75.0,0.6480987793079226,2000.0,P2,0.6480987793079226,impact_decay,290.0888070933966,240.23785874357972,241.9954381875758,240.27095600936133,-74.63280771192738,0.6347836697719063,1996.1171827868152,0.3671922880726157,-0.013315109536016334,-3.8828172131848078,6.467357759764401,0.5999061350188555,-0.17526075841796396,-9.651425498215303,9.671639873975613
47,1.5666666666666667,-75.0,0.9553629533850722,2000.0,P2,0.9553629533850722,impact_decay,290.0241970339571,240.49413980747158,241.86948522895952,240.45484273187952,-74.69874137180572,1.1824170533639873,1993.574387086587,0.30125862819427596,0.22705409997891512,-6.425612913413033,6.467357759764401,0.5339724751405157,0.06510845109696739,-12.194221198443529,12.206080302504219
48,1.6,-75.0,1.0739802016447424,2000.0,P2,1.0739802016447424,impact_decay,289.8062298963565,240.3419236732452,241.8602824946471,240.403872690929,-75.56952415094807,0.9332964395691852,2002.2547344123766,-0.5695241509480695,-0.14068376207555722,2.2547344123765924,6.467357759764401,-0.33681030400182976,-0.30262941095750495,-3.513873872653903,3.5429275090210397
49,1.6333333333333333,-75.0,1.0021107979807684,2000.0,P2,1.0021107979807684,impact_decay,290.0196030314406,240.4446818490227,242.15000200507734,240.32126743365362,-75.15516379086334,0.9600447171107303,2005.4481060204241,-0.15516379086334098,-0.04206608087003816,5.44810602042412,6.467357759764401,0.07755005608289878,-0.2040117297519859,-0.3205022646063753,0.3877582993214627
50,1.6666666666666667,-75.0,0.7698736974260775,2000.0,P2,0.7698736974260775,impact_decay,289.95784179481626,240.42301521523763,241.94130302798803,240.43130810317595,-75.0795262949473,1.0675363202839212,1999.3111221407435,-0.0795262949472999,0.29766262285784373,-0.6888778592565359,6.467357759764401,0.15318755199893985,0.13571697397589588,-6.4574861442870315,6.460728505886283
51,1.7,-75.0,0.43127977397834455,2000.0,P2,0.43127977397834455,impact_decay,290.02352286926725,240.03685166233618,241.95586968969758,240.13838320820375,-74.83571725904056,0.2187352956075762,1997.1850949898148,0.16428274095943607,-0.21254447837076834,-2.814905010185157,6.467357759764401,0.3969965879056758,-0.3744901272527159,-8.583513295215653,8.60084586743434
52,1.7333333333333334,-75.0,0.05294623150309843,2000.0,P2,0.05294623150309843,impact_decay,289.8959374462945,240.11123289485997,242.02541947374783,240.14174941411906,-75.46372305373299,0.3170832318942943,2005.4096782262932,-0.4637230537329913,0.2641370003911959,5.409678226293181,6.467357759764401,-0.23100920678675152,0.10219135150924807,-0.35893005873731454,0.4389067247248587
53,1.7666666666666666,-75.0,-0.29821844593944513,2000.0,P2,-0.29821844593944513,impact_decay,290.0518579333369,239.66839112043155,241.7468071259747,239.78554879374659,-74.39754332655887,-0.6782645912714453,1987.369830538852,0.6024566734411252,-0.3800461453320002,-12.630169461147943,6.467357759764401,0.835170520387365,-0.5419917942139483,-18.39877774617844,18.425696389998137
54,1.8,-75.0,-0.5662062133359589,2000.0,P2,-0.5662062133359589,impact_decay,290.15067881627743,239.840378969361,241.88429315977558,239.64892229972835,-74.21145501330786,-0.6348502051229303,1988.9618912140575,0.7885449866921448,-0.06864399178697145,-11.03810878594254,6.467357759764401,1.0212588336383845,-0.23058964066891896,-16.806717070973036,16.83929570651352
55,1.8333333333333333,-75.0,-0.7142173607226473,2000.0,P2,-0.7142173607226473,impact_decay,290.1501903118793,239.67141399305544,241.90186082398017,239.61798902648036,-74.24043927534768,-0.8836745103214122,1989.7061960725541,0.7595607246523173,-0.1694571495987649,-10.293803927445879,6.467357759764401,0.992274571598557,-0.33140279848071286,-16.062412212476374,16.096444412471723
56,1.8666666666666667,-75.0,-0.7289728058697805,2000.0,P2,-0.7289728058697805,impact_decay,289.96693903938655,239.58246914689008,242.0345714055109,239.60643190109033,-75.18859375834826,-1.0153042619855643,2002.8219920247182,-0.18859375834826153,-0.2863314561157838,2.8219920247181562,6.467357759764401,0.044120088597978224,-0.44827710499773143,-2.9466162603123394,2.980846579517322
57,1.9,-75.0,-0.620691488936952,2000.0,P2,-0.620691488936952,impact_decay,290.28363734864723,239.73210702567775,242.01404074912136,239.797721623063,-73.8759755358244,-0.5844316747724684,1988.829552377272,1.124024464175605,0.03625981416448365,-11.170447622728034,6.467357759764401,1.3567383111218447,-0.1256858347174643,-16.93905590775853,16.99376799947803
58,1.9333333333333333,-75.0,-0.41914916099791477,2000.0,P2,-0.41914916099791477,impact_decay,290.1774916067016,239.75997083946962,241.91636511186053,239.84730814704042,-74.1528700543233,-0.4882451504454398,1989.1786065790816,0.8471299456766985,-0.06909598944752504,-10.821393420918412,6.467357759764401,1.0798437926229383,-0.23104163832947266,-16.590001705948907,16.626713429252817
59,1.9666666666666666,-75.0,-0.1668490810784907,2000.0,P2,-0.1668490810784907,impact_decay,290.01831800217855,239.74639747885192,242.18755233878463,239.97016152257967,-75.21941199219673,-0.3555548489912259,2007.0764291269124,-0.2194119921967257,-0.18870576791273522,7.076429126912444,6.467357759764401,0.013301854749514064,-0.35065141679468304,1.3078208418819486,1.3540785464295284
60,2.0,-75.0,0.0892810382187465,2000.0,P2,0.0892810382187465,impact_decay,289.9571941514503,240.14569955770656,241.92699468101702,240.0282751848736,-75.05979164366302,0.21733169539716565,1998.742493353418,-0.05979164366301859,0.12805065717841915,-1.2575066465819873,6.467357759764401,0.17292220328322117,-0.03389499170352872,-7.026114931612483,7.028324266215866
61,2.033333333333333,-75.0,0.306140186217343,2000.0,P2,0.306140186217343,impact_decay,289.860050786898,240.242334758378,241.89513489278613,240.1534408455393,-75.40498871839264,0.4950813726563635,2001.462914763228,-0.4049887183926444,0.18894118643902047,1.4629147632279,6.467357759764401,-0.17227487144640463,0.026995537557072735,-4.305693521802596,4.3092231427570225
62,2.0666666666666664,-75.0,0.4512815049069803,2000.0,P2,0.4512815049069803,impact_decay,290.03770433404105,240.06379534029085,242.09866081312452,240.08682758174157,-75.00098496466653,0.18851805673197566,2002.5430833416644,-0.0009849646665287537,-0.26276344817500463,2.543083341664442,6.467357759764401,0.231728882279711,-0.42470909705695226,-3.2255249433660538,3.261608077663857
63,2.1,-75.0,0.5073123255630269,2000.0,P2,0.5073123255630269,impact_decay,289.9439197201882,240.1515998272627,241.97608035204732,240.33007850432242,-75.19058241645666,0.6025016153498306,2001.3409559218046,-0.19058241645666385,0.09518928978680374,1.340955921804607,6.467357759764401,0.042131430489575905,-0.06675635909514388,-4.427652363225889,4.428356006295624
64,2.1333333333333333,-75.0,0.47336362310672303,2000.0,P2,0.47336362310672303,impact_decay,289.994463569708,240.12940273156394,241.9431495694329,240.21082316201162,-74.93373442109016,0.4248282103818617,1997.8642063652717,0.0662655789098352,-0.04853541272486134,-2.1357936347283157,6.467357759764401,0.29897942585607495,-0.21048106160680913,-7.904401919758811,7.91285414268879
65,2.1666666666666665,-75.0,0.3636625844991363,2000.0,P2,0.3636625844991363,impact_decay,289.9075064008419,240.11141109340295,241.88303902088606,240.05190953977362,-75.19290572345915,0.20404678189461942,1998.9810486931217,-0.19290572345914825,-0.15961580260451688,-1.0189513068783072,6.467357759764401,0.03980812348709151,-0.32156145148646464,-6.787559591908803,6.795288931862341
66,2.2,-75.0,0.2037221401010732,2000.0,P2,0.2037221401010732,impact_decay,289.88519023695363,239.93731540227932,241.9414750362208,240.32480883167548,-75.37542398504311,0.3280399954309675,2002.3481004769208,-0.37542398504311336,0.12431785532989431,2.348100476920763,6.467357759764401,-0.1427101380968736,-0.03762779355205348,-3.4205078081097327,3.4236903627084727
67,2.2333333333333334,-75.0,0.025010028855746425,2000.0,P2,0.025010028855746425,impact_decay,289.99461370550983,240.10871235073841,241.9542668038883,239.9507528291764,-74.95046770917214,0.07426904889530216,1998.3203152863452,0.04953229082785526,0.049259020039555734,-1.6796847136547512,6.467357759764401,0.282246137774095,-0.112686628842392,-7.448292998685247,7.454490576348723
68,2.2666666666666666,-75.0,-0.14086841927219826,2000.0,P2,-0.14086841927219826,impact_decay,289.82901104522466,239.94404485554855,241.93703304929187,239.92513772624568,-75.59760168030766,-0.16389060179317919,2004.511069161006,-0.5976016803076618,-0.023022182520980927,4.511069161005935,6.467357759764401,-0.36488783336142205,-0.1849678314029286,-1.2575391240245608,1.3224072285198516
69,2.3,-75.0,-0.2674568771340495,2000.0,P2,-0.2674568771340495,impact_decay,289.92733268830136,239.78376906807955,242.07333521665632,239.9142029240577,-75.41104915064321,-0.37868687467293716,2006.10201597952,-0.41104915064320835,-0.11122999753888768,6.102015979520047,6.467357759764401,-0.1783353036969686,-0.2731756464208357,0.33340769448955143,0.46646447355288434
70,2.3333333333333335,-75.0,-0.33737239259234314,2000.0,P2,-0.33737239259234314,impact_decay,290.0954172303014,239.80711791052872,242.23007067488635,239.88895398876838,-74.97177438521788,-0.3809788805814885,2005.6263502064269,0.028225614782115827,-0.04360648798914535,5.626350206426878,6.467357759764401,0.2609394617283556,-0.20555213687109308,-0.14225807860361783,0.3613563955257325
71,2.3666666666666667,-75.0,-0.34434237135065315,2000.0,P2,-0.34434237135065315,impact_decay,290.1675152207068,239.77507435997165,242.16182470344384,239.8932002947378,-74.57237252754365,-0.4146075339387468,1999.7629367456304,0.4276274724563507,-0.07026516258809362,-0.23706325436955922,6.467357759764401,0.6603413194025904,-0.2322108114700412,-6.005671539400055,6.0463264184324155
72,2.4,-75.0,-0.29319389894483566,2000.0,P2,-0.29319389894483566,impact_decay,290.0432122365593,239.85731142778246,242.06770606982224,239.72132306054638,-74.93020716350962,-0.5269758076649291,2001.0211154624462,0.06979283649037882,-0.23378190872009347,1.0211154624462324,6.467357759764401,0.3025066834366186,-0.3957275576020409,-4.747492822584263,4.7735519997019615
73,2.433333333333333,-75.0,-0.19799204426487374,2000.0,P2,-0.19799204426487374,impact_decay,289.9156977989138,239.98650724948823,241.98579432183885,239.913094590547,-75.32075024018175,-0.12568123842198062,2002.9249651882174,-0.32075024018175213,0.07231080584289312,2.9249651882173566,6.467357759764401,-0.08803639323551238,-0.08963484303905456,-2.843643096813139,2.8464171995112686
74,2.466666666666667,-75.0,-0.07881392525705172,2000.0,P2,-0.07881392525705172,impact_decay,289.98267242156385,240.03591542305833,241.97283658084837,239.72777528201192,-75.02795374996616,-0.2953261270148169,1999.5903498548,-0.027953749966158625,-0.2165122017577652,-0.40965014519997567,6.467357759764401,0.20476009698008113,-0.37845785063971316,-6.178258430230471,6.193224868575338
75,2.5,-75.0,0.042173376248528,2000.0,P2,0.042173376248528,impact_decay,289.99471264875524,239.895471402603,242.09845680796982,239.97358462776538,-75.17569895215917,-0.16403449668672346,2004.3320422652391,-0.1756989521591663,-0.20620787293525145,4.332042265239124,6.467357759764401,0.057014894787073445,-0.36815352181719896,-1.4365660197913712,1.4840854567959387
76,2.533333333333333,-75.0,0.14461038441897858,2000.0,P2,0.14461038441897858,impact_decay,289.9885883116909,240.06365291830863,241.9510221372232,240.02931511712742,-74.96985577701574,0.11611916623075638,1998.4359679359054,0.030144222984262115,-0.0284912181882222,-1.5640320640945902,6.467357759764401,0.26285806993050187,-0.19043686707016994,-7.332640349125086,7.339821186846744
77,2.5666666666666664,-75.0,0.21317028878868755,2000.0,P2,0.21317028878868755,impact_decay,290.1071594159397,239.98394416020034,241.97449997147118,240.1307831026363,-74.52613276079295,0.14301382843666882,1994.487778375298,0.47386723920705265,-0.07015646035201872,-5.512221624702079,6.467357759764401,0.7065810861532924,-0.23210210923396635,-11.280829909732574,11.305319618336204
78,2.6,-75.0,0.2396373743892343,2000.0,P2,0.2396373743892343,impact_decay,289.99560278872747,239.9033430552654,241.85789427419527,239.9917612832968,-74.79640830655116,-0.1307444812725599,1994.2785672044986,0.20359169344884265,-0.37038185566179416,-5.721432795501414,6.467357759764401,0.4363055403950824,-0.5323275045437421,-11.49004108053191,11.510637650842115
79,2.6333333333333333,-75.0,0.22360114283991947,2000.0,P2,0.22360114283991947,impact_decay,290.0728391384898,239.9685269847457,242.0324937903078,240.10571711025935,-74.75507020030096,0.09272718048673047,1998.320373888972,0.24492979969903672,-0.130873962353189,-1.6796261110280284,6.467357759764401,0.4776436466452765,-0.29281961123513667,-7.448234396058524,7.46927589506063
80,2.6666666666666665,-75.0,0.171782041400745,2000.0,P2,0.171782041400745,impact_decay,289.79804286595265,240.06209217321776,241.9578887121614,240.0045474589531,-75.75717376883728,0.08357786492666996,2006.6825003933063,-0.7571737688372764,-0.08820417647407502,6.682500393306327,6.467357759764401,-0.5244599218910366,-0.2501498253560228,0.9138921082758316,1.0829736517406345
81,2.7,-75.0,0.09623152503656665,2000.0,P2,0.09623152503656665,impact_decay,290.12361933646343,239.86805425979995,241.90670848208035,240.0319683043492,-74.35494596795867,-0.12440959376121871,1991.0027321431203,0.6450540320413296,-0.22064111879778536,-8.997267856879716,6.467357759764401,0.8777678789875694,-0.3825867676797332,-14.765876141910212,14.796889785438667
82,2.7333333333333334,-75.0,0.011813901114542296,2000.0,P2,0.011813901114542296,impact_decay,289.87835392345664,239.9216249013276,242.13200990366488,239.8864318902594,-75.70417398622115,-0.24120365137464933,2010.6251489896772,-0.70417398622115,-0.2530175524891916,10.6251489896772,6.467357759764401,-0.47146013927491026,-0.4149632013711395,4.856540704646704,4.896984453447613
83,2.7666666666666666,-75.0,-0.06654152960168415,2000.0,P2,-0.06654152960168415,impact_decay,289.87371843592103,240.0158047157031,242.1703121351831,240.06774338457637,-75.78397603956253,0.10508444611064942,2012.4349092043544,-0.7839760395625319,0.17162597571233357,12.434909204354426,6.467357759764401,-0.5512621926162922,0.009680326830385999,6.66630091932393,6.68906209125874
84,2.8,-75.0,-0.1263376830586886,2000.0,P2,-0.1263376830586886,impact_decay,289.909733575503,239.86879712690188,241.94935711460164,240.0370153594269,-75.28781813437747,-0.11783166392603439,2001.6523725082884,-0.28781813437747417,0.008506019132654197,1.6523725082884084,6.467357759764401,-0.05510428743123441,-0.15343962974929348,-4.116235776742087,4.119463214085354
85,2.8333333333333335,-75.0,-0.15936343407883338,2000.0,P2,-0.15936343407883338,impact_decay,290.0652155261548,239.85178552272637,241.83610701557237,239.74265866209265,-74.48145532594137,-0.5045365737756141,1990.4991719346415,0.5185446740586315,-0.34517313969678076,-9.500828065358519,6.467357759764401,0.7512585210048712,-0.5071187885787283,-15.269436350389014,15.296314761722622
86,2.8666666666666667,-75.0,-0.1626558189175744,2000.0,P2,-0.1626558189175744,impact_decay,290.0483862858973,239.8263335085998,241.85579795995363,239.88912662493382,-74.57980134431446,-0.3542534783856616,1992.0075579715865,0.4201986556855388,-0.1915976594680872,-7.992442028413507,6.467357759764401,0.6529125026317786,-0.353543308350035,-13.761050313444002,13.781066480360264
87,2.9,-75.0,-0.13849499132926948,2000.0,P2,-0.13849499132926948,impact_decay,289.8644787942035,239.73939253447404,241.96361805944363,239.88700733032704,-75.4947320227444,-0.4679667170548059,2004.1393735708496,-0.494732022744401,-0.3294717257255364,4.139373570849557,6.467357759764401,-0.2620181757981612,-0.49141737460748414,-1.6292347141809387,1.7217869538380621
88,2.933333333333333,-75.0,-0.09352481941954521,2000.0,P2,-0.09352481941954521,impact_decay,290.2080887975723,239.92678402391954,242.01111579473044,239.72387260822802,-74.17539541066512,-0.43489459021930976,1991.826372582234,0.8246045893348821,-0.34136977079976455,-8.173627417766056,6.467357759764401,1.0573184362811219,-0.5033154196817122,-13.942235702796552,13.991325351078224
89,2.966666666666667,-75.0,-0.03722906218166106,2000.0,P2,-0.03722906218166106,impact_decay,290.0272725796357,239.9816369344899,242.0553817472608,239.82642574638194,-74.97572719882614,-0.24006223626563022,2001.1719250861042,0.024272801173864877,-0.20283317408396917,1.1719250861042383,6.467357759764401,0.25698664812010463,-0.3647788229659168,-4.596683198926257,4.618289960395226
90,3.0,-75.0,0.019921292355966923,2000.0,P2,0.019921292355966923,impact_decay,290.01788426812345,240.01352363421458,241.92611465618722,239.9618104315837,-74.81225850163656,-0.030773582829530986,1996.1835652853954,0.18774149836343668,-0.05069487518549791,-3.816434714604611,6.467357759764401,0.42045534530967643,-0.2126405240674456,-9.585042999635107,9.596616486800393
91,3.033333333333333,-75.0,0.06830910877854544,2000.0,P2,0.06830910877854544,impact_decay,290.21334515077405,239.91116811946083,241.8707317209968,239.87404122070126,-73.93887782485395,-0.2665854965508281,1985.825615386851,1.0611221751460533,-0.33489460532937354,-14.174384613148959,6.467357759764401,1.293836022092293,-0.4968402542113213,-19.942992898179455,19.99109370762652
92,3.0666666666666664,-75.0,0.1006945144619189,2000.0,P2,0.1006945144619189,impact_decay,289.8258704429192,239.92713727532382,241.88751665028323,240.0389447020664,-75.53233096078404,-0.04245204972626241,2002.5719073381565,-0.5323309607840372,-0.1431465641881813,2.5719073381565067,6.467357759764401,-0.29961711383779743,-0.305092213070129,-3.196700946873989,3.2251741995007923
93,3.1,-75.0,0.11319668044815051,2000.0,P2,0.11319668044815051,impact_decay,289.8507749961999,240.1287915684774,242.06596201289452,240.10836208281142,-75.71248638434466,0.2977770173033768,2009.0065028245901,-0.7124863843446576,0.1845803368552263,9.006502824590143,6.467357759764401,-0.47977253739841785,0.02263468797327861,3.2378945395596475,3.273324772467826
94,3.1333333333333333,-75.0,0.105621701032244,2000.0,P2,0.105621701032244,impact_decay,290.0917210721893,239.93477033507372,241.88881252177063,239.95374766477102,-74.45595257425425,-0.1387659004938444,1991.581066447869,0.5440474257457453,-0.2443876015260884,-8.418933552130966,6.467357759764401,0.776761272691985,-0.4063332504080359,-14.187541837161461,14.21459841734363
95,3.1666666666666665,-75.0,0.0811440907192842,2000.0,P2,0.0811440907192842,impact_decay,289.8445445542741,239.99279016455708,241.89707343717706,240.0827481816359,-75.47123146197985,0.09452637851971364,2002.191109237862,-0.47123146197985477,0.013382287800429438,2.191109237862065,6.467357759764401,-0.23851761503361502,-0.14856336108151824,-3.5774990471684305,3.5885179611405302
96,3.2,-75.0,0.04545655374653366,2000.0,P2,0.04545655374653366,impact_decay,290.15553237780273,239.7029451772248,241.77220949888152,240.15663315979205,-74.02007202620932,-0.17413647489488557,1984.1549483323024,0.9799279737906801,-0.21959302864141922,-15.84505166769759,6.467357759764401,1.2126418207369198,-0.3815386775233669,-21.613659952728085,21.651013105626447
97,3.2333333333333334,-75.0,0.005580491743899598,2000.0,P2,0.005580491743899598,impact_decay,290.0588786627145,239.88195910591125,241.94579716715145,239.9146314538216,-74.67687484658681,-0.2536642020852366,1995.2993461579654,0.32312515341318715,-0.2592446938291362,-4.700653842034626,6.467357759764401,0.5558390003594269,-0.4211903427110839,-10.469262127065122,10.492464333240012
98,3.2666666666666666,-75.0,-0.031431992952061706,2000.0,P2,-0.031431992952061706,impact_decay,290.1163165830612,239.86691164250044,242.03795208814347,240.10287752292317,-74.5874428189368,-0.03770199302591468,1996.7401886474229,0.4125571810632067,-0.006270000073852977,-3.259811352577117,6.467357759764401,0.6452710280094465,-0.16821564895580066,-9.028419637607612,9.053012336061448
99,3.3,-75.0,-0.059677695827719604,2000.0,P2,-0.059677695827719604,impact_decay,289.96808954042456,239.80772179856305,242.0383019725174,240.09382933014396,-75.18976845734781,-0.12324137039270255,2002.929883728376,-0.18976845734781023,-0.06356367456498295,2.9298837283758985,6.467357759764401,0.04294538959842953,-0.22550932344693053,-2.838724556654597,2.847991550198682
100,3.3333333333333335,-75.0,-0.07527795598878845,2000.0,P2,-0.07527795598878845,impact_decay,289.89073925073706,240.12483034632712,242.01502177237072,240.10736659311053,-75.46855653796351,0.29099963622050307,2005.1918816201862,-0.46855653796350794,0.3662775922092915,5.191881620186223,6.467357759764401,-0.23584269101726818,0.20433194332734383,-0.5767266648442728,0.6557339124314021
101,3.3666666666666667,-75.0,-0.07683316846536137,2000.0,P2,-0.07683316846536137,impact_decay,290.09174348612686,239.92435886798356,242.1392131244609,239.95814466585054,-74.84465907815039,-0.14701597441964742,2001.9798606926818,0.15534092184961423,-0.07018280595428605,1.9798606926817683,6.467357759764401,0.388054768795854,-0.23212845483623368,-3.7887475923487273,3.8156360468024384
102,3.4,-75.0,-0.06542040162610376,2000.0,P2,-0.06542040162610376,impact_decay,289.9027117714041,239.76209776467383,242.16090810995112,239.99224962706566,-75.65015465994452,-0.3087264421047911,2010.8164153401435,-0.6501546599445192,-0.24330604047868737,10.816415340143521,6.467357759764401,-0.4174408129982794,-0.40525168936063505,5.047807055113026,5.081224441976083
103,3.433333333333333,-75.0,-0.0441779965449365,2000.0,P2,-0.0441779965449365,impact_decay,289.9559878416195,239.97887371270656,242.00971495736897,239.87930491305218,-75.1941973270768,-0.1774753701743669,2002.2411480641758,-0.19419732707679316,-0.1332973736294304,2.2411480641758317,6.467357759764401,0.0385165198694466,-0.29524302251137824,-3.527460220854664,3.540003894680985
104,3.466666666666667,-75.0,-0.017585763764532133,2000.0,P2,-0.017585763764532133,impact_decay,289.99060243710386,239.9824794381594,241.96771341382586,240.07990208838604,-74.98773655876496,0.07793974290226502,1999.0467545084239,0.012263441235035089,0.09552550666679716,-0.9532454915761264,6.467357759764401,0.24497728818127484,-0.06642014221515069,-6.721853776606622,6.726644312069521
105,3.5,-75.0,0.009410152196334008,2000.0,P2,0.009410152196334008,impact_decay,289.87457787078534,239.99635441523802,241.85324161396872,240.07639423311193,-75.28009353113652,0.09089540745478936,1999.1113905602629,-0.28009353113651514,0.08148525525845535,-0.888609439737138,6.467357759764401,-0.047379684190275384,-0.08046039362349222,-6.657217724767634,6.657872523890523
106,3.533333333333333,-75.0,0.032266938234532486,2000.0,P2,0.032266938234532486,impact_decay,289.995676184722,240.15719599757924,242.03897644825398,240.04393908502712,-75.07853826855452,0.2516458630102393,2001.8058191756732,-0.07853826855452439,0.2193789247757068,1.8058191756731503,6.467357759764401,0.15417557839171536,0.05743327589375902,-3.9627891093573453,3.9662029972498245
107,3.5666666666666664,-75.0,0.047564720676306876,2000.0,P2,0.047564720676306876,impact_decay,290.2087071449902,240.00371004945254,241.75330667296046,240.0074829789456,-73.7782601699654,0.013859790598250031,1981.2033140881806,1.2217398300345934,-0.03370493007805685,-18.796685911819395,6.467357759764401,1.4544536769808332,-0.19565057896000448,-24.56529419684989,24.60909168631214
108,3.6,-75.0,0.05347032572501907,2000.0,P2,0.05347032572501907,impact_decay,289.9143243900804,240.01412290731648,242.07247767221457,239.93608717291804,-75.46282906707567,-0.06244314145241516,2006.611510063041,-0.46282906707567406,-0.11591346717743423,6.611510063040896,6.467357759764401,-0.2301152201294343,-0.27785911605938196,0.8429017780104004,0.9168653719525094
109,3.6333333333333333,-75.0,0.049892158811243176,2000.0,P2,0.049892158811243176,impact_decay,289.9320658761978,239.93695023948433,242.0100965959003,239.7540801892689,-75.29223657161636,-0.38684083935677605,2003.2566067892626,-0.29223657161635685,-0.43673299816801925,3.256606789262605,6.467357759764401,-0.0595227246701171,-0.5986786470499668,-2.5120014957678904,2.5830428939384364
110,3.6666666666666665,-75.0,0.03832975440837245,2000.0,P2,0.03832975440837245,impact_decay,289.99344271367056,239.8986869202992,242.07506402343805,239.94126966211533,-75.1441718410188,-0.20039503282237353,2003.4066825510326,-0.1441718410188031,-0.23872478723074597,3.4066825510326453,6.467357759764401,0.08854200592743666,-0.4006704361126938,-2.3619257339978503,2.3973046652667396
111,3.6999999999999997,-75.0,0.02147215559273679,2000.0,P2,0.02147215559273679,impact_decay,290.0677647948602,239.99697075064233,242.09742066837129,239.80255909318768,-74.876852813863,-0.25074262000448966,2001.2364621102759,0.12314718613700393,-0.27221477559722645,1.236462110275852,6.467357759764401,0.3558610330832437,-0.43416042447917436,-4.532146174754644,4.566780189410714
112,3.7333333333333334,-75.0,0.002636037647665558,2000.0,P2,0.002636037647665558,impact_decay,290.02795177845394,239.98060109724722,242.07739784694513,239.97456379737253,-75.0073876495577,-0.056101673543626183,2002.0623773988016,-0.00738764955769966,-0.058737711191291744,2.062377398801573,6.467357759764401,0.2253261973885401,-0.2206833600732394,-3.706230886228923,3.719626382135714
113,3.7666666666666666,-75.0,-0.014847422156545245,2000.0,P2,-0.014847422156545245,impact_decay,289.9186904809502,239.88807593036142,242.09029284952373,239.89056353056642,-75.47309383290953,-0.2776934415982718,2007.1757523654305,-0.47309383290952667,-0.2628460194417266,7.175752365430526,6.467357759764401,-0.2403799859632869,-0.4247916683236743,1.4071440804000304,1.4893908023530182
114,3.8,-75.0,-0.028189747453666737,2000.0,P2,-0.028189747453666737,impact_decay,289.973471736245,239.9273708301263,241.9308544025756,240.23943778318147,-74.99974057214091,0.20832582005890635,1998.225947823781,0.000259427859091943,0.23651556751257308,-1.7740521762189019,6.467357759764401,0.2329732748053317,0.07456991863062545,-7.5426604612493975,7.546626004595237
115,3.8333333333333335,-75.0,-0.03555878856781382,2000.0,P2,-0.03555878856781382,impact_decay,290.02615096405424,239.9852810050926,241.9072085286775,239.90684024308646,-74.74939660531138,-0.13451511642914968,1995.0563214458828,0.2506033946886248,-0.09895632786133586,-4.943678554117241,6.467357759764401,0.48331724163486456,-0.26090197674328364,-10.712286839147737,10.726357943016254
116,3.8666666666666667,-75.0,-0.03629341892415239,2000.0,P2,-0.03629341892415239,impact_decay,289.8476894752719,239.9929870218433,241.96907718817718,239.8711570913343,-75.57189230011481,-0.1702504088273667,2005.0706591965236,-0.5718923001148113,-0.1339569899032143,5.070659196523593,6.467357759764401,-0.33917845316857154,-0.2959026387851622,-0.6979490885069026,0.830501851220973
117,3.9,-75.0,-0.030902409595055313,2000.0,P2,-0.030902409595055313,impact_decay,289.849863641149,239.91871474229853,242.13309711492775,240.1805013877946,-75.82275460108625,0.12475631940638886,2011.8715124927012,-0.8227546010862454,0.15565872900144417,11.871512492701186,6.467357759764401,-0.5900407541400057,-0.006286919880503561,6.10290420767069,6.131364235218155
118,3.933333333333333,-75.0,-0.02086820793493612,2000.0,P2,-0.02086820793493612,impact_decay,289.9670902660183,239.7596301107611,241.92127854858748,239.79867645264474,-75.01068347515117,-0.5515903527028069,1998.09299998842,-0.010683475151168409,-0.5307221447678707,-1.9070000115800667,6.467357759764401,0.22203037179507135,-0.6926677936498187,-7.675608296610562,7.709996684912132
119,3.966666666666667,-75.0,-0.008306926606769901,2000.0,P2,-0.008306926606769901,impact_decay,290.01023084369314,240.01355768102889,242.1310310458787,240.1205990558564,-75.16358598857721,0.1681190230442979,2005.0460522058677,-0.16358598857721063,0.1764259496510678,5.0460522058676816,6.467357759764401,0.06912785836902913,0.014480300769120102,-0.7225560791628141,0.7259997434215741
120,4.0,-75.0,0.004445041153750577,2000.0,P2,0.004445041153750577,impact_decay,289.98233235807066,239.9543379031978,242.09186429040244,240.1310799257042,-75.21580817976566,0.1070164916241069,2004.5742992206017,-0.21580817976565925,0.10257145047035632,4.574299220601688,6.467357759764401,0.016905667180580508,-0.05937419841159142,-1.1943090644288077,1.1959035238666427
121,4.033333333333333,-75.0,0.015241822381353349,2000.0,P2,0.015241822381353349,impact_decay,289.95822984096776,239.89691629722626,241.90300772667098,239.98725825776478,-75.01812077380424,-0.14461543292403317,1997.7017305989334,-0.018120773804241708,-0.15985725530538653,-2.298269401066591,6.467357759764401,0.21459307314199805,-0.32180290418733404,-8.066877686097087,8.076145299499943
122,4.066666666666666,-75.0,0.02246798313795634,2000.0,P2,0.02246798313795634,impact_decay,289.9698465819865,239.9472033153638,241.84525184181922,239.85043176874933,-74.88101400890643,-0.25230124260711717,1994.8220022606163,0.11898599109356667,-0.2747692257450735,-5.177997739383727,6.467357759764401,0.3516998380398064,-0.4367148746270213,-10.946606024414223,10.960957809951623
123,4.1,-75.0,0.025257593436666448,2000.0,P2,0.025257593436666448,impact_decay,290.01025073852963,239.87547652985552,242.10969046079342,239.93498085088436,-75.1300174084096,-0.23742012880514626,2004.1519266030555,-0.13001740840959997,-0.26267772224181274,4.151926603055472,6.467357759764401,0.10269643853663979,-0.4246233711237606,-1.6166816819750238,1.6746674973337867
124,4.133333333333333,-75.0,0.02356738706647425,2000.0,P2,0.02356738706647425,impact_decay,290.0263397525681,240.02543931390053,242.2548638521903,240.01772054325158,-75.29261263488458,0.054207900854123796,2009.567387095108,-0.292612634884577,0.030640513787649547,9.56738709510796,6.467357759764401,-0.05989878793833725,-0.1313051350942982,3.798778810077465,3.8015193477335054
125,4.166666666666667,-75.0,0.018105693957292508,2000.0,P2,0.018105693957292508,impact_decay,289.98417279420806,239.95813768555956,241.92839832893299,240.09644855526932,-74.95247745129485,0.06815360986561121,1997.6787797698696,0.04752254870514605,0.0500479159083187,-2.3212202301303932,6.467357759764401,0.2802363956513858,-0.11189773297362904,-8.089828515160889,8.095454214854318
126,4.2,-75.0,0.010142728117259775,2000.0,P2,0.010142728117259775,impact_decay,290.0617534773124,239.81794896265427,242.20138725384518,240.05840818480902,-75.06398570666275,-0.1550044873073528,2005.8351049806129,-0.0639857066627485,-0.16514721542461258,5.8351049806128685,6.467357759764401,0.16872814028349126,-0.32709286430656004,0.06649669558237292,0.37400633380622045
127,4.233333333333333,-75.0,0.0012451760165233183,2000.0,P2,0.0012451760165233183,impact_decay,290.05148024822796,240.02767048518066,241.863919032981,240.04197744464952,-74.57987664264603,0.08672104761419262,1992.2153682089715,0.42012335735397244,0.0854758715976693,-7.78463179102846,6.467357759764401,0.6528372043002122,-0.0764697772842784,-13.553240076058955,13.569169488271822
128,4.266666666666667,-75.0,-0.007013425621177835,2000.0,P2,-0.007013425621177835,impact_decay,290.03168243266595,240.0400502804171,242.1537965387131,239.94204861518608,-75.11188275628629,-0.0224334523719122,2005.1010744872451,-0.11188275628629185,-0.015420026750734363,5.101074487245114,6.467357759764401,0.1208310906599479,-0.17736567563268224,-0.6675337977853815,0.7011847877332229
129,4.3,-75.0,-0.013315893827328352,2000.0,P2,-0.013315893827328352,impact_decay,289.9269203336873,239.96566512607868,241.9135041996491,240.10831597373883,-75.16169320348601,0.0924505362422215,1999.441170492137,-0.1616932034860099,0.10576643006954986,-0.5588295078630381,6.467357759764401,0.07102064346022985,-0.05617921881239796,-6.327437792893534,6.328085734198082
130,4.333333333333333,-75.0,-0.01679678237542477,2000.0,P2,-0.01679678237542477,impact_decay,290.07122528671164,240.04142821822728,242.01564886912098,239.8700133325671,-74.73540776969011,-0.1105700417139352,1997.6870225430737,0.2645922303098871,-0.09377325933851043,-2.312977456926319,6.467357759764401,0.49730607725612685,-0.25571890822045806,-8.081585741956815,8.100909430372432
131,4.366666666666666,-75.0,-0.017143797184387386,2000.0,P2,-0.017143797184387386,impact_decay,290.02311118976735,239.82383633073664,241.95754303923195,239.9086568462339,-74.83999104597434,-0.3339273850402991,1997.2717275559241,0.16000895402565618,-0.3167835878559117,-2.7282724440758557,6.467357759764401,0.39272280097189594,-0.4787292367378597,-8.496880729106351,8.519412832183313
132,4.4,-75.0,-0.014597264691807072,2000.0,P2,-0.014597264691807072,impact_decay,290.060137607655,240.12491192591378,242.03312384371267,240.00642419553577,-74.80755660998035,0.16407781301277405,1998.8750732492147,0.1924433900196476,0.17867507770458113,-1.1249267507853347,6.467357759764401,0.42515723696588736,0.016729428822633396,-6.89353503581583,6.906653592004854
133,4.433333333333334,-75.0,-0.009857443444108374,2000.0,P2,-0.009857443444108374,impact_decay,290.1128847046694,240.022205383397,242.1286238896398,240.0753999863786,-74.74229648158249,0.12204673160698133,2000.6560172310105,0.2577035184175145,0.1319041750510897,0.6560172310105372,6.467357759764401,0.49041736536375424,-0.03004147383085809,-5.112591054019958,5.136146314898473
134,4.466666666666667,-75.0,-0.003923914285112516,2000.0,P2,-0.003923914285112516,impact_decay,289.8258462377622,240.10381014810864,241.82519158521092,240.04393335901258,-75.43435593055051,0.1846768657514912,1999.9727266980292,-0.4343559305505096,0.18860078003660372,-0.02727330197080846,6.467357759764401,-0.20164208360426983,0.026655131154655898,-5.795881587001304,5.799449404593328
135,4.5,-75.0,0.0020996887665890997,2000.0,P2,0.0020996887665890997,impact_decay,289.9835364311146,239.71769557113507,242.1002800819003,240.05180872703755,-75.22412661866703,-0.28882211698059385,2004.8762878551172,-0.22412661866702877,-0.29092180574718296,4.876287855117198,6.467357759764401,0.00858722827921099,-0.4528674546291307,-0.8923204299132976,1.0006989665191224
136,4.533333333333333,-75.0,0.007199727095770721,2000.0,P2,0.007199727095770721,impact_decay,290.0421730697482,239.83605001378467,242.11516417095146,239.94143531511432,-75.00863009898279,-0.27856694383708863,2003.0459385130123,-0.008630098982791878,-0.28576667093285935,3.0459385130122882,6.467357759764401,0.22408374796344788,-0.44771231981480697,-2.7226697720182074,2.7683190811170917
137,4.566666666666666,-75.0,0.01061312374191968,2000.0,P2,0.01061312374191968,impact_decay,289.85505353669475,239.93325468718348,241.89369376995091,240.10823023951062,-75.42308503920664,0.051897937857406304,2001.611336871279,-0.4230850392066401,0.04128481411548662,1.6113368712790361,6.467357759764401,-0.19037119226040033,-0.12066083476646106,-4.1572714137514595,4.163376734753204
138,4.6,-75.0,0.01193084234221221,2000.0,P2,0.01193084234221221,impact_decay,290.14228001906565,239.96331056588272,241.88087742834668,239.76332870077422,-74.24000104225041,-0.33985014302379446,1989.1672578767364,0.7599989577495876,-0.35178098536600666,-10.832742123263642,6.467357759764401,0.9927128046958273,-0.5137266342479543,-16.601350408294138,16.63893713992305
139,4.633333333333333,-75.0,0.011132445385703614,2000.0,P2,0.011132445385703614,impact_decay,290.0302977805755,240.19988173762638,242.114632018679,239.9234866420505,-75.0561336777175,0.1544819039736767,2003.5201859635617,-0.05613367771749722,0.14334945858797307,3.520185963561744,6.467357759764401,0.17658016922874253,-0.018596190293974635,-2.2484223214687518,2.255422202191251
140,4.666666666666667,-75.0,0.008552524239590084,2000.0,P2,0.008552524239590084,impact_decay,290.1782179453728,239.99186574652097,241.96578075844636,239.8471221670066,-74.22594977596378,-0.20037828263051444,1991.1874730197976,0.7740502240362162,-0.2089308068701045,-8.812526980202392,6.467357759764401,1.006764070982456,-0.3708764557520521,-14.581135265232888,14.620555012141999
141,4.7,-75.0,0.0047910855161393635,2000.0,P2,0.0047910855161393635,impact_decay,289.97299712883387,239.86094681177357,241.85180151047027,239.87260587057267,-74.87844595002868,-0.33222032112248695,1994.9629009158805,0.1215540499713228,-0.33701140663862633,-5.037099084119518,6.467357759764401,0.35426789691756255,-0.4989570555205738,-10.805707369150014,10.823020633526625
142,4.733333333333333,-75.0,0.000588179502480911,2000.0,P2,0.000588179502480911,impact_decay,289.92235722693033,240.04779178080395,241.95967812077262,240.04160242609584,-75.25261724757284,0.1118297083091636,2001.556247292153,-0.252617247572843,0.11124152880668269,1.5562472921531025,6.467357759764401,-0.01990340062660323,-0.05070412007526515,-4.212360992877393,4.212713162258277
143,4.766666666666667,-75.0,-0.0033129076835812818,2000.0,P2,-0.0033129076835812818,impact_decay,290.04424404420973,240.01099984585778,241.74309689610524,240.08277035439144,-74.42247131467607,0.11648195482864249,1987.530439905347,0.5775286853239265,0.11979486251222377,-12.469560094652934,6.467357759764401,0.8102425322701663,-0.042150786369723914,-18.23816837968343,18.25620594470756
144,4.8,-75.0,-0.006289982863880448,2000.0,P2,-0.006289982863880448,impact_decay,290.11122220652214,239.911130637815,241.86784858793624,239.87826672805483,-74.34499437098381,-0.26192525754170226,1989.9105897751538,0.6550056290161876,-0.2556352746778218,-10.089410224846233,6.467357759764401,0.8877194759624274,-0.4175809235597696,-15.858018509876729,15.8883344235737
145,4.833333333333333,-75.0,-0.00793423818782043,2000.0,P2,-0.00793423818782043,impact_decay,289.9937304544464,240.0785817562421,242.07578653633252,239.98848197739835,-75.14413366104894,0.08397322001127257,2003.4248661564789,-0.1441336610489401,0.091907458199093,3.4248661564788563,6.467357759764401,0.08858018589729966,-0.07003819068285466,-2.3437421285516393,2.3464609441956403
146,4.866666666666666,-75.0,-0.008098156376880184,2000.0,P2,-0.008098156376880184,impact_decay,290.0653094977552,240.11649611518695,241.82822148055192,240.202992469422,-74.46890021556433,0.397397852769734,1990.1698940328902,0.5310997844356677,0.40549600914661416,-9.83010596710983,6.467357759764401,0.7638136313819075,0.24355036026466648,-15.598714252140326,15.619302620840521
147,4.9,-75.0,-0.006895259601917036,2000.0,P2,-0.006895259601917036,impact_decay,290.0443882308991,239.96264963882288,241.90377957942238,240.02489266018293,-74.67029459347295,-0.015526643370836294,1994.15842195768,0.3297054065270544,-0.008631383768919258,-5.841578042319952,6.467357759764401,0.5624192534732941,-0.1705770326508671,-11.610186327350448,11.625052193282434
148,4.933333333333334,-75.0,-0.0046563265785329894,2000.0,P2,-0.0046563265785329894,impact_decay,290.04049432574357,239.8860439187171,242.02234842037666,240.15592864298947,-74.87046708760302,0.05244587885953159,1999.244277195461,0.12953291239698217,0.05710220543806458,-0.7557228045388911,6.467357759764401,0.3622467593432219,-0.10484344344388297,-6.524331089569387,6.535220809476104
149,4.966666666666667,-75.0,-0.001853525864109824,2000.0,P2,-0.001853525864109824,impact_decay,289.81670287441614,240.06417966838944,241.94905467543575,240.11196644273915,-75.66688153413308,0.22079143401961218,2005.5299083998439,-0.6668815341330827,0.22264495988372202,5.529908399843862,6.467357759764401,-0.43416768718684295,0.06069931100177439,-0.23869988518663376,0.4991629214408604
150,5.0,-75.0,0.0009918227445027243,2000.0,P2,0.0009918227445027243,impact_decay,289.9938351233755,240.03487797357698,241.91705422981508,240.12585454945406,-74.89560981469705,0.2005947834404126,1996.8059134271227,0.10439018530294675,0.19960296069590988,-3.194086572877268,6.467357759764401,0.3371040322491865,0.03765731181396226,-8.962694857907763,8.96911123343099
0,0.0,75.0,4.728323306581433,2000.0,P3,4.728323306581433,impact_decay,349.8101931179056,241.85050833369135,301.91469572512335,241.85083311430404,74.68808904546138,4.636771700238949,2004.3637758413188,-0.31191095453861806,-0.09155160634248372,4.363775841318784,6.467357759764401,0.0,0.0,0.0,0.0
1,0.03333333333333333,75.0,10.022784818142302,2000.0,P3,10.022784818142302,impact_decay,349.9329339358455,243.91249207548043,302.2119755042084,244.04455240579466,75.26990673630903,10.004465202285854,2011.694700517648,0.26990673630902506,-0.01831961585644848,11.694700517648016,6.467357759764401,0.5818176908476431,0.07323199048603524,7.330924676329232,7.354340987459494
2,0.06666666666666667,75.0,13.141062164589481,2000.0,P3,13.141062164589481,impact_decay,349.7478816577634,245.21898487233975,302.0122714262052,245.50709359522733,74.78161206521116,13.481857669628049,2011.077174029632,-0.21838793478883645,0.34079550503856737,11.077174029632033,6.467357759764401,0.09352301974978161,0.432347111381052,6.713398188313249,6.727955544947534
3,0.1,75.0,13.769947174963237,2000.0,P3,13.769947174963237,impact_decay,350.1003216692421,245.5505757102533,302.0404009043631,245.41673194503255,75.15698240207075,13.692042094152015,1997.5063968418729,0.15698240207075287,-0.07790508081122205,-2.4936031581271436,6.467357759764401,0.4688933566093709,0.013646525531260778,-6.8573789994459275,6.873404829454868
4,0.13333333333333333,75.0,12.041404382579964,2000.0,P3,12.041404382579964,impact_decay,349.93281212649697,244.8148985688399,302.0821339071181,244.68444581012474,75.06554988765642,11.911234761893187,2006.2411396224766,0.06554988765641667,-0.13016962068677707,6.241139622476567,6.467357759764401,0.37746084219503473,-0.03861801434429335,1.8773637811577828,1.9153231594761049
5,0.16666666666666666,75.0,8.468188328139401,2000.0,P3,8.468188328139401,impact_decay,350.0846128212395,243.07865123189578,302.1261496240384,243.5221077437713,75.27667703002435,8.258094700991997,2001.7320063882946,0.27667703002434507,-0.21009362714740476,1.7320063882946215,6.467357759764401,0.5885879845629631,-0.11854202080492104,-2.6317694530241624,2.699388538195179
6,0.2,75.0,3.822051054287313,2000.0,P3,3.822051054287313,impact_decay,349.98607639078284,241.58955204443922,301.93594121642246,241.4586188608051,74.88697319846942,3.8062380750274203,1997.913197334475,-0.1130268015305802,-0.015812979259892668,-2.086802665525056,6.467357759764401,0.19888415300803786,0.07573862708259105,-6.45057850684384,6.454088186483493
7,0.23333333333333334,75.0,-1.01967528127655,2000.0,P3,-1.01967528127655,impact_decay,350.0762642987711,239.78227730520246,302.01973377644674,239.59371248156984,75.10221220883405,-0.7790952084112261,1997.6472976632979,0.10221220883404669,0.2405800728653238,-2.352702336702123,6.467357759764401,0.41412316337266475,0.33213167920780773,-6.716478178020907,6.737424475465845
8,0.26666666666666666,75.0,-5.230512744713122,2000.0,P3,-5.230512744713122,impact_decay,350.12690196480133,237.9427404894014,301.89069120139635,237.97130905642882,74.9484293941064,-5.082427150698003,1990.2060805042793,-0.05157060589360185,0.1480855940151189,-9.79391949572073,6.467357759764401,0.2603403486450162,0.2396372003576026,-14.157695337039513,14.16211637931839
9,0.3,75.0,-8.167899999118013,2000.0,P3,-8.167899999118013,impact_decay,350.0337619438624,236.82082316498744,301.7717113570775,236.68444484168447,74.67671616091862,-8.074334061015962,1989.1404937372715,-0.3232838390813839,0.09356593810205105,-10.859506262728473,6.467357759764401,-0.01137288454276586,0.18511754444453565,-15.223282104047257,15.224411839777899
10,0.3333333333333333,75.0,-9.46290475562655,2000.0,P3,-9.46290475562655,impact_decay,349.9397014088828,236.2103449366126,301.95483802718417,236.18428608029376,74.87286441148689,-9.50971007931773,2000.6308907169923,-0.1271355885131129,-0.04680532369117962,0.6308907169923259,6.467357759764401,0.18477536602550515,0.04474628265130498,-3.732885124326458,3.7377233066559015
11,0.36666666666666664,75.0,-9.055742641923464,2000.0,P3,-9.055742641923464,impact_decay,350.10132060073727,236.59655197136743,302.03434867683666,236.2404058620622,75.14845352419938,-8.941327223611456,1997.2132673931324,0.1484535241993825,0.1144154183120083,-2.786732606867645,6.467357759764401,0.46036447873800057,0.20596702465449113,-7.150508448186429,7.168272381551515
12,0.4,75.0,-7.176333196476453,2000.0,P3,-7.176333196476453,impact_decay,349.9821933738895,237.12405535983444,302.065797986595,237.1093248901755,75.08626590156001,-7.2208516979509065,2003.489603378732,0.08626590156001157,-0.04451850147445313,3.4896033787319993,6.467357759764401,0.39817685609862963,0.04703310486803147,-0.8741724625867846,0.9617351069973267
13,0.43333333333333335,75.0,-4.278367722791018,2000.0,P3,-4.278367722791018,impact_decay,350.02219076027484,238.43882764925513,301.92730362869594,238.13583710337582,74.90740082885264,-4.273221651384059,1996.0540804369984,-0.09259917114735572,0.005146071406959329,-3.945919563001553,6.467357759764401,0.21931178339126234,0.09669767774944305,-8.309695404320337,8.31315137669217
14,0.4666666666666667,75.0,-0.9423140286707852,2000.0,P3,-0.9423140286707852,impact_decay,349.9966108696276,239.78735372297683,301.8677243621798,239.6633599227434,74.79070433227359,-0.6847692435790544,1994.644095232221,-0.2092956677264084,0.25754478509173073,-5.355904767779066,6.467357759764401,0.10261528681220966,0.3490963914342142,-9.71968060909785,9.726489054662668
15,0.5,75.0,2.2335017805748643,2000.0,P3,2.2335017805748643,impact_decay,349.89192443754445,240.87260122205245,301.89223839355054,240.90057834485313,74.73029990329356,2.216488955966067,2000.0130808250797,-0.269700096706444,-0.01701282460879705,0.013080825079669012,6.467357759764401,0.04221085783217404,0.07453878173368667,-4.350695016239115,4.3515382235284505
16,0.5333333333333333,75.0,4.734428313410852,2000.0,P3,4.734428313410852,impact_decay,349.97784446194396,241.98170533855293,302.11873330388926,242.0092242795832,75.16523498205102,5.003347769653877,2005.887649008482,0.16523498205101816,0.26891945624302505,5.887649008481958,6.467357759764401,0.4771459365896362,0.36047106258550876,1.523873167163174,1.6370085709505158
17,0.5666666666666667,75.0,6.2073982340425085,2000.0,P3,6.2073982340425085,impact_decay,350.1168636628555,242.3141982839667,302.1744576838075,242.44983269298373,75.38260930012213,5.962192598667194,2002.402615677095,0.3826093001221267,-0.24520563537531448,2.4026156770949,6.467357759764401,0.6945202546607447,-0.15365402903283076,-1.9611601642238838,2.08617284387241
18,0.6,75.0,6.504462478463259,2000.0,P3,6.504462478463259,impact_decay,349.8976867390639,242.63944624343196,301.87867664548463,242.7158832120853,74.71462672526665,6.691511685164919,1999.2082206694427,-0.2853732747333453,0.18704920670165937,-0.7917793305573468,6.467357759764401,0.026537679805272774,0.2786008130441431,-5.155555171876131,5.163145532690031
19,0.6333333333333333,75.0,5.687956678359847,2000.0,P3,5.687956678359847,impact_decay,349.9263558115726,242.10497007148484,302.0346147627912,242.40084417419035,74.9850122535214,5.644999461534003,2004.5209006785863,-0.01498774647859591,-0.04295721682584386,4.520900678586258,6.467357759764401,0.29692320806002215,0.04859438951663986,0.1571248372674745,0.33943043567641434
20,0.6666666666666666,75.0,4.000088928524904,2000.0,P3,4.000088928524904,impact_decay,350.1161055905358,241.6552631057609,302.00123610632204,241.73371286079626,75.11051606490061,4.226106400165406,1995.2251921400791,0.11051606490060806,0.22601747164050234,-4.774807859920884,6.467357759764401,0.4224270194392261,0.31756907798298606,-9.138583701239668,9.153852018172818
21,0.7,75.0,1.8054090809138559,2000.0,P3,1.8054090809138559,impact_decay,350.05513892039767,240.66900718528632,302.0946289903271,240.80226192439272,75.19971523150397,1.8406006640544266,2001.6467570173643,0.19971523150397275,0.03519158314057069,1.6467570173642798,6.467357759764401,0.5116261860425908,0.1267431894830544,-2.717018823954504,2.767673477859688
22,0.7333333333333333,75.0,-0.4816604975318248,2000.0,P3,-0.4816604975318248,impact_decay,350.11503881618546,239.78050745779268,302.056295569149,239.85179990231725,75.19557148458829,-0.4590540012440906,1997.5553515402478,0.19557148458828522,0.0226064962877342,-2.444648459752216,6.467357759764401,0.5074824391269033,0.11415810263021786,-6.808424301071,6.8282656628043155
23,0.7666666666666666,75.0,-2.470719274288082,2000.0,P3,-2.470719274288082,impact_decay,350.12258519070707,238.90978502777352,302.0260541952838,239.0369693756912,75.15532129072669,-2.561405844577016,1995.985931921583,0.15532129072668965,-0.09068657028893412,-4.01406807841704,6.467357759764401,0.4672322452653077,0.0008650360535495949,-8.377843919735824,8.390862617321151
24,0.8,75.0,-3.8582427657167138,2000.0,P3,-3.8582427657167138,impact_decay,349.9045047538493,238.4795849362828,302.11070712133125,238.39946182601517,75.08381327595272,-3.918022911338976,2008.6288274731644,0.08381327595272126,-0.05978014562226219,8.628827473164392,6.467357759764401,0.3957242304913393,0.03177146072022197,4.265051631845608,4.283488358175279
25,0.8333333333333334,75.0,-4.469959698331869,2000.0,P3,-4.469959698331869,impact_decay,349.92147687896073,238.2875338455492,302.1940554975921,238.20013784299096,75.23090771584384,-4.415484692627766,2011.4222990216522,0.2309077158438413,0.05447500570410302,11.42229902165218,6.467357759764401,0.5428186703824593,0.14602661204658673,7.058523180333395,7.0808703820678325
26,0.8666666666666667,75.0,-4.277629934275193,2000.0,P3,-4.277629934275193,impact_decay,350.02907869379936,238.18575670706906,302.1101690786018,238.27885875477662,75.19973808439475,-4.426709076036488,2003.3844752311402,0.1997380843947525,-0.14907914176129466,3.3844752311401862,6.467357759764401,0.5116490389333705,-0.05752753541881006,-0.9793006101785977,1.1064013021815267
27,0.9,75.0,-3.389859773340488,2000.0,P3,-3.389859773340488,impact_decay,350.0081466218467,238.6047820511755,301.972421903324,238.87126759610328,74.96457460752023,-3.152591555622985,1998.5125079146128,-0.03542539247976606,0.23726821771750295,-1.4874920853872027,6.467357759764401,0.276485562058852,0.3288198240599858,-5.851267926705987,5.867018245482114
28,0.9333333333333333,75.0,-2.0209578125732164,2000.0,P3,-2.0209578125732164,impact_decay,350.10239322310326,239.12089530148285,301.96541420159025,239.04881969980343,75.04183406778418,-2.281345902863884,1994.3087769122526,0.04183406778417975,-0.2603880902906677,-5.691223087747403,6.467357759764401,0.3537450223227978,-0.1688364839481844,-10.054998929066187,10.06263607424279
29,0.9666666666666667,75.0,-0.44511762932271737,2000.0,P3,-0.44511762932271737,impact_decay,349.9508989552317,239.9573733511348,301.9201631875455,239.78648578485053,74.82933267630979,-0.31997119244428296,1998.7201341279335,-0.17066732369021054,0.1251464368784344,-1.2798658720664662,6.467357759764401,0.14124363084840752,0.21669804322091757,-5.64364171338525,5.649566319130435
30,1.0,75.0,1.0550315366310692,2000.0,P3,1.0550315366310692,impact_decay,350.2502823496164,240.64550857769368,302.24095777436156,240.44512863061067,75.61101840376607,1.3630317195723167,1999.611512016756,0.6110184037660673,0.30800018294124754,-0.3884879832439765,6.467357759764401,0.9229293583046854,0.3995517892837315,-4.75226382456276,4.857514970742592
31,1.0333333333333332,75.0,2.236385581605341,2000.0,P3,2.236385581605341,impact_decay,350.0070685475908,240.91902293275217,302.1045041350716,240.78257195314993,75.17026049461852,2.131319987114487,2004.068055722009,0.17026049461851755,-0.10506559449085406,4.068055722008921,6.467357759764401,0.4821714491571356,-0.013513988148370348,-0.29572011930986264,0.5657935340940243
32,1.0666666666666667,75.0,2.9321673053053225,2000.0,P3,2.9321673053053225,impact_decay,350.1714458904775,241.15895468784564,302.0394228052668,241.2479404837438,75.22171899554152,3.000366511218866,1994.5141191804398,0.2217189955415222,0.06819920591354345,-5.48588081956018,6.467357759764401,0.5336299500801402,0.15975081225602716,-9.849656660878964,9.86539495321076
33,1.1,75.0,3.072490518384966,2000.0,P3,3.072490518384966,impact_decay,349.8908408479794,241.2420632963929,302.2014280171257,241.15115080469516,75.21377801632904,3.0110005014544434,2013.0254057105385,0.21377801632904436,-0.06149001693052236,13.025405710538507,6.467357759764401,0.5256889708676624,0.030061589411961354,8.661629869219723,8.67761975340065
34,1.1333333333333333,75.0,2.6868004882970737,2000.0,P3,2.6868004882970737,impact_decay,350.0504811107126,240.98201844987085,302.0674721731144,241.1085501047288,75.15280575269756,2.614136042219732,2000.7081959727116,0.15280575269756014,-0.0726644460773418,0.7081959727115645,6.467357759764401,0.4647167072361782,0.018887160265141922,-3.6555798686072194,3.685048509663569
35,1.1666666666666667,75.0,1.8895082178248053,2000.0,P3,1.8895082178248053,impact_decay,349.81594576304656,240.59517204413876,301.88576882268194,240.75362801386208,74.64845211197722,1.6884561763042933,2002.91350790077,-0.3515478880227789,-0.20105204152051193,2.9135079007699005,6.467357759764401,-0.03963693348416086,-0.10950043517802843,-1.4502679405488834,1.4549359199580252
36,1.2,75.0,0.8528148638386023,2000.0,P3,0.8528148638386023,impact_decay,350.0743972556814,240.25633687338478,301.97054260959555,240.08114218728818,75.02366971670861,0.42093806678452605,1995.6820356459077,0.023669716708610622,-0.4318767970540762,-4.3179643540922825,6.467357759764401,0.3355806712472287,-0.34032519071159273,-8.681740195411066,8.694886338702984
37,1.2333333333333334,75.0,-0.22752030881063393,2000.0,P3,-0.22752030881063393,impact_decay,349.9841969146518,239.9327566598451,302.06693324290745,239.9693929270229,75.08992282649669,-0.12252420813018362,2003.4532980582412,0.08992282649668937,0.1049961006804503,3.4532980582412165,6.467357759764401,0.4018337810353074,0.19654770702293423,-0.9104777830775674,1.0144314576130546
38,1.2666666666666666,75.0,-1.1670851463862384,2000.0,P3,-1.1670851463862384,impact_decay,350.06922205466526,239.49572267025658,301.95092559814674,239.38351016643287,74.98824616775504,-1.3975147639900178,1995.0830864785557,-0.011753832244963291,-0.23042961760377945,-4.916913521444258,6.467357759764401,0.30015712229365477,-0.13887801126129595,-9.280689362763042,9.28658044966922
39,1.3,75.0,-1.822504834879562,2000.0,P3,-1.822504834879562,impact_decay,350.0557581103861,239.1714863001854,302.1654557108755,239.30073769047712,75.31151005609874,-1.9140944160874913,2004.5811866824613,0.31151005609874005,-0.09158958120792926,4.5811866824612935,6.467357759764401,0.6234210106373581,-3.797486544510065e-05,0.21741084114250953,0.6602433125693049
40,1.3333333333333333,75.0,-2.11145945359229,2000.0,P3,-2.11145945359229,impact_decay,349.95955914250845,239.04088307398786,302.1136706603111,239.31309498894183,75.14014869066636,-2.0641546982630365,2006.4419236342685,0.14014869066636493,0.04730475532925338,6.441923634268505,6.467357759764401,0.452059645204983,0.13885636167173665,2.0781477929497214,2.131275970244437
41,1.3666666666666667,75.0,-2.0206093059553467,2000.0,P3,-2.0206093059553467,impact_decay,350.1265354215245,239.18872828066745,301.94176085101566,239.28255791477883,75.02752253407078,-1.903564539043854,1992.330574197823,0.027522534070783422,0.11704476691149268,-7.669425802177102,6.467357759764401,0.3394334886094015,0.20859637325397618,-12.033201643495886,12.039795236346686
42,1.4,75.0,-1.6012563754082845,2000.0,P3,-1.6012563754082845,impact_decay,349.9173429100692,239.3201010851453,301.97303872063634,239.352504299122,74.88024304470396,-1.6611707747636444,2002.323353606578,-0.11975695529604025,-0.059914399355359915,2.323353606577939,6.467357759764401,0.1921539992425778,0.031637206987123356,-2.040422234740845,2.0496943597316375
43,1.4333333333333333,75.0,-0.9546328751602351,2000.0,P3,-0.9546328751602351,impact_decay,349.97521000222775,239.69646734358523,301.99042788306303,239.61799938880455,74.9617909657072,-0.8571883462928882,2000.6342734549225,-0.0382090342928052,0.09744452886734689,0.6342734549225497,6.467357759764401,0.27370192024581286,0.18899613520983038,-3.729502386396234,3.744305053064681
44,1.4666666666666666,75.0,-0.21025868012742843,2000.0,P3,-0.21025868012742843,impact_decay,349.821602451911,239.79993338952232,302.12454453653004,239.92974086679232,75.0275272367374,-0.3400533555584467,2012.7027411439406,0.027527236737398653,-0.12979467543101825,12.702741143940557,6.467357759764401,0.3394381912760167,-0.038243069088534476,8.338965302621773,8.345958491171633
45,1.5,75.0,0.49836160999147333,2000.0,P3,0.49836160999147333,impact_decay,349.9577263241366,240.482465043091,301.9828121562487,240.16842684159755,74.9334798220349,0.8140402830175296,2001.0456933967698,-0.06652017796510279,0.3156786730260563,1.0456933967698205,6.467357759764401,0.24539077657351527,0.40723027936854006,-3.3180824445489634,3.35197318642109
46,1.5333333333333332,75.0,1.0563937477826237,2000.0,P3,1.0563937477826237,impact_decay,350.1068481484182,240.4100968225759,302.03816008196526,240.32250820809054,75.15956709479765,0.9144477116984483,1997.142079420495,0.15956709479765152,-0.14194603608417544,-2.8579205795049347,6.467357759764401,0.4714780493362696,-0.05039442974169184,-7.221696420823719,7.237246046949974
47,1.5666666666666667,75.0,1.3850577620669866,2000.0,P3,1.3850577620669866,impact_decay,350.0796039733111,240.7840514615598,301.9438010789913,240.54817795816385,74.98685632160917,1.6605885836188041,1994.35745584994,-0.013143678390832747,0.2755308215518175,-5.6425441500600755,6.467357759764401,0.2987672761477853,0.36708242789430123,-10.00631999137886,10.01750723304125
48,1.6,75.0,1.451341754498959,2000.0,P3,1.451341754498959,impact_decay,349.9738666345201,240.53957044453634,301.9367362354474,240.5672906652156,74.87674569800268,1.3825069488634074,1998.4540951250406,-0.12325430199732068,-0.06883480563555167,-1.545904874959433,6.467357759764401,0.18865665254129738,0.022716800706932272,-5.909680716278217,5.912734862475491
49,1.6333333333333333,75.0,1.2691546845597634,2000.0,P3,1.2691546845597634,impact_decay,350.1354994073768,240.5629123741559,301.9317130707715,240.73171116472133,75.02024703539634,1.6114379806982695,1991.5447719243853,0.020247035396337765,0.34228329613850605,-8.455228075614741,6.467357759764401,0.3321579899349558,0.43383490248099,-12.819003916933525,12.830643127889006
50,1.6666666666666667,75.0,0.8925404832297218,2000.0,P3,0.8925404832297218,impact_decay,350.0750573285425,240.30019520166795,302.14859350811577,240.40732237445366,75.30300806214278,0.885753947502419,2003.0686974991308,0.30300806214278,-0.0067865357273028115,3.068697499130849,6.467357759764401,0.614919016681398,0.0847650706151808,-1.295078342187935,1.436154040023933
51,1.7,75.0,0.4028412173577387,2000.0,P3,0.4028412173577387,impact_decay,350.21513245032185,240.3522745492467,301.99400526742943,240.40607136647756,75.19143804629998,0.9435854694532693,1990.8286154334203,0.19143804629997874,0.5407442520955306,-9.171384566579718,6.467357759764401,0.5033490008385968,0.6322958584380145,-13.535160407898502,13.559267146007052
52,1.7333333333333334,75.0,-0.10747298395145208,2000.0,P3,-0.10747298395145208,impact_decay,350.06327488638175,240.0335167361399,302.03610723279917,239.94730118346266,75.11567245046619,-0.023964037007289742,1998.8686475099437,0.11567245046619234,0.08350894694416233,-1.1313524900563152,6.467357759764401,0.4275834050048104,0.17506055328664605,-5.495128331375099,5.514518033684705
53,1.7666666666666666,75.0,-0.5512919873537098,2000.0,P3,-0.5512919873537098,impact_decay,349.773345344077,239.85078132746736,302.03389055921696,239.81368869539807,74.83959460436648,-0.42170147765875676,2010.9152978044542,-0.16040539563351786,0.129590509694953,10.915297804454212,6.467357759764401,0.1515055589051002,0.22114211603743694,6.5515219631354285,6.5570037214653585
54,1.8,75.0,-0.8608903262058909,2000.0,P3,-0.8608903262058909,impact_decay,349.9782980001974,239.7041560022205,302.15767831307846,239.6535235524393,75.226874646231,-0.8059123232357817,2007.5022136416762,0.2268746462309963,0.05497800297010924,7.502213641676235,6.467357759764401,0.5387856007696143,0.1465296093125934,3.138437800357451,3.1877190398017348
55,1.8333333333333333,75.0,-0.9973828233458164,2000.0,P3,-0.9973828233458164,impact_decay,350.0763012818386,239.56288929097911,302.23471165067224,239.50243389591347,75.43972065866572,-1.172214577278911,2006.6222834146895,0.4397206586657205,-0.17483175393309458,6.622283414689491,6.467357759764401,0.7516316132043386,-0.08328014759061109,2.258507573370707,2.381751902260962
56,1.8666666666666667,75.0,-0.9544682522905416,2000.0,P3,-0.9544682522905416,impact_decay,349.81099838900275,239.65934232581876,302.07759717324143,239.50620506037058,74.94374463455522,-1.0488914562809053,2011.1703012510027,-0.056255365444783934,-0.09442320399036375,11.170301251002684,6.467357759764401,0.2556555890938341,-0.002871597647880364,6.8065254096839,6.8113255816309755
57,1.9,75.0,-0.7563799541061837,2000.0,P3,-0.7563799541061837,impact_decay,349.9171107877868,239.66053119650252,302.20315806304956,239.66048967873868,75.24116300415326,-0.8538120436290509,2011.9900892266437,0.24116300415326464,-0.0974320895228672,11.990089226643704,6.467357759764401,0.5530739586918827,-0.005880483180383145,7.62631338532492,7.646344305290705
58,1.9333333333333333,75.0,-0.4509366403726839,2000.0,P3,-0.4509366403726839,impact_decay,349.93241374477685,239.7814361811452,301.9934942416333,239.92295817134126,74.92637939445612,-0.36997785932863864,2002.548243852156,-0.07362060554387995,0.08095878104404525,2.54824385215602,6.467357759764401,0.2382903489947381,0.17251038738652902,-1.8155319891627641,1.8392113874847522
59,1.9666666666666666,75.0,-0.09931916791566926,2000.0,P3,-0.09931916791566926,impact_decay,349.74178770720465,240.0963311579094,302.1403513552204,239.8359607233728,74.97703576193857,-0.0853437922793273,2016.7457997906783,-0.02296423806143366,0.013975375636341963,16.745799790678348,6.467357759764401,0.2889467164771844,0.1055269819788256,12.382023949359564,12.385844469853572
60,2.0,75.0,0.23540935573013413,2000.0,P3,0.23540935573013413,impact_decay,350.0283249553318,240.21842195739356,301.9612982481833,239.93820657922322,74.9661321767674,0.19551265740618565,1997.2110384578757,-0.033867823232597516,-0.03989669832394849,-2.788961542124298,6.467357759764401,0.27804313130602054,0.05165490801853512,-7.152737383443082,7.158325802091788
61,2.033333333333333,75.0,0.4990050729772388,2000.0,P3,0.4990050729772388,impact_decay,350.22135304580763,240.2021280170846,302.0153511826068,240.1882682352095,75.2305154032714,0.4859099330343099,1991.4532688980926,0.2305154032713972,-0.01309513994292888,-8.546731101907426,6.467357759764401,0.5424263578100152,0.07845646639955461,-12.91050694322621,12.922134935909744
62,2.0666666666666664,75.0,0.6542549604147662,2000.0,P3,0.6542549604147662,impact_decay,349.7984815003415,240.16176239608382,301.9609879902724,240.1851768800783,74.74927129835956,0.43514730896697057,2006.7941050090835,-0.2507287016404405,-0.2191076514477956,6.794105009083523,6.467357759764401,0.06118225289817758,-0.1275560451053117,2.4303291677647394,2.4344431963799558
63,2.1,75.0,0.6855653014217694,2000.0,P3,0.6855653014217694,impact_decay,349.8650639769183,240.21811482965592,301.95685434569396,240.19077658479418,74.80571087092714,0.5120935441772186,2003.8319257610056,-0.19428912907285678,-0.17347175724455077,3.83192576100555,6.467357759764401,0.11762182546576128,-0.08192015090206706,-0.5318500803132338,0.5508269355059796
64,2.1333333333333333,75.0,0.5995062232406055,2000.0,P3,0.5995062232406055,impact_decay,350.0089049146613,240.01595114765882,302.0591397318137,240.40929085709843,75.10086313553535,0.5321093815614504,2002.0951589741262,0.10086313553534865,-0.06739684167915516,2.095158974126207,6.467357759764401,0.4127740900739667,0.024154764663328443,-2.268616867192577,2.3059896773843103
65,2.1666666666666665,75.0,0.42160627124502487,2000.0,P3,0.42160627124502487,impact_decay,350.038289924187,239.9997795011472,301.7841384823721,240.15567694604212,74.70020110181557,0.19329708493406733,1989.4661080592325,-0.2997988981844344,-0.22830918631095753,-10.53389194076749,6.467357759764401,0.012112056354183665,-0.13675757996847437,-14.897667782086273,14.898300395783384
66,2.2,75.0,0.1902887171452669,2000.0,P3,0.1902887171452669,impact_decay,350.0332464470884,240.0638740046806,301.9532469743427,240.13116396855182,74.95818672942677,0.24339181607977917,1996.6722304674845,-0.04181327057322903,0.05310309893451226,-3.3277695325155037,6.467357759764401,0.270097683965389,0.14465470527699598,-7.691545373834288,7.697645612808755
67,2.2333333333333334,75.0,-0.050766642941937674,2000.0,P3,-0.050766642941937674,impact_decay,349.9649349614649,239.97152688090478,301.89358921252386,239.9633213192347,74.80115522928,-0.08131887990035225,1997.031672427659,-0.19884477072000095,-0.030552236958414573,-2.968327572340968,6.467357759764401,0.1130661838186171,0.06099936938406891,-7.332103413659752,7.333228849121617
68,2.2666666666666666,75.0,-0.2604118956200148,2000.0,P3,-0.2604118956200148,impact_decay,349.9396509832032,239.82735885266553,301.88377006055504,239.97372842864112,74.76209095830451,-0.24835177022858793,1997.6743149217154,-0.2379090416954881,0.012060125391426896,-2.3256850782845504,6.467357759764401,0.07400191284312996,0.1036117317339107,-6.689460919603334,6.690672542350106
69,2.3,75.0,-0.40665579567796334,2000.0,P3,-0.40665579567796334,impact_decay,349.81186211602227,239.83402524722914,302.0110992410514,239.81928427646696,74.84030042591803,-0.4351693848946841,2008.33614812693,-0.15969957408196933,-0.02851358921672076,8.336148126930084,6.467357759764401,0.15221138045664873,0.06303801712576274,3.9723722856113,3.9757871763257664
70,2.3333333333333335,75.0,-0.4711302860269641,2000.0,P3,-0.4711302860269641,impact_decay,350.2063369415861,240.03297396507486,302.04138826868586,239.78399021436553,75.25722746982143,-0.22801122950541344,1993.1506153900887,0.2572274698214301,0.24311905652155066,-6.84938460991134,6.467357759764401,0.5691384243600481,0.3346706628640348,-11.213160451230124,11.232581640197246
71,2.3666666666666667,75.0,-0.45085887803522423,2000.0,P3,-0.45085887803522423,impact_decay,350.1477836999865,239.89856746669253,301.82627753285993,239.88626113342963,74.86799007561346,-0.26717470162932366,1986.6930401733077,-0.13200992438653714,0.18368417640590057,-13.306959826692264,6.467357759764401,0.17990103015208092,0.27523578274838467,-17.670735668011048,17.67379467362549
72,2.4,75.0,-0.35728859148354497,2000.0,P3,-0.35728859148354497,impact_decay,349.92436722285646,240.01838900525874,302.0322295848514,239.8398579402566,74.97940742137241,-0.17759038669222196,2004.504355886629,-0.020592578627585567,0.179698204791323,4.5043558866289,6.467357759764401,0.2913183759110325,0.2712498111338073,0.14058004531011647,0.4221440575478496
73,2.433333333333333,75.0,-0.21300738631745955,2000.0,P3,-0.21300738631745955,impact_decay,349.99372474864293,239.90709652938227,302.11011795488156,240.0510289894538,75.16658064358585,-0.05247033448249851,2004.861485087902,0.16658064358584568,0.16053705183496103,4.8614850879021105,6.467357759764401,0.47849159812446374,0.2520886581774455,0.4977092465833266,0.7349948266429845
74,2.466666666666667,75.0,-0.04691505296942936,2000.0,P3,-0.04691505296942936,impact_decay,349.9674398168158,239.99151563168948,301.8778790889731,239.89390701918438,74.77907333031261,-0.14295495399041197,1996.2752435719383,-0.22092666968738683,-0.09603990102098262,-3.72475642806171,6.467357759764401,0.09098428485123122,-0.004488294678498761,-8.088532269380494,8.089045219164532
75,2.5,75.0,0.1111995058492266,2000.0,P3,0.1111995058492266,impact_decay,349.95134149476144,240.03511267103863,302.17299173273545,240.2031122635247,75.2257251830488,0.29916261455274484,2009.2782432366303,0.22572518304879452,0.18796310870351823,9.27824323663026,6.467357759764401,0.5376361375874126,0.2795147150460018,4.914467395311476,4.951683640131579
76,2.533333333333333,75.0,0.23571330612253674,2000.0,P3,0.23571330612253674,impact_decay,349.8787381332275,240.0525084502228,301.91744513851813,239.9622779255231,74.75712935780203,0.018497886288387826,2001.614085563454,-0.24287064219797116,-0.2172154198341489,1.6140855634539548,6.467357759764401,0.06904031234064689,-0.12566381349166544,-2.749690277864829,2.753425971936366
77,2.5666666666666664,75.0,0.30904816026483156,2000.0,P3,0.30904816026483156,impact_decay,350.25497396466676,240.1158384152384,301.92871778047993,240.06792815678833,75.12679782918839,0.2281574280674154,1986.4977648271552,0.12679782918839066,-0.08089073219741616,-13.502235172844848,6.467357759764401,0.4387087837270087,0.010660874145068,-17.866011014163632,17.87139973839131
78,2.6,75.0,0.3238381181114559,2000.0,P3,0.3238381181114559,impact_decay,349.9733169376811,240.18905650112214,301.8228960559533,240.13301985203555,74.69920241575177,0.40133774180546883,1993.7520398705603,-0.30079758424822955,0.07749962369401292,-6.247960129439662,6.467357759764401,0.011113370290388502,0.16905123003649614,-10.611735970758446,10.613088246993179
79,2.6333333333333333,75.0,0.28318668801895003,2000.0,P3,0.28318668801895003,impact_decay,350.079170426484,239.988751531191,301.8568716467228,239.97794899836984,74.85127301348406,-0.041432455044320915,1990.7802494649698,-0.14872698651593907,-0.32461914306327094,-9.219750535030244,6.467357759764401,0.16318396802267898,-0.23306753672078706,-13.583526376349027,13.586505742870845
80,2.6666666666666665,75.0,0.19915270096200638,2000.0,P3,0.19915270096200638,impact_decay,349.9768389439758,240.1823274405061,302.10242381174055,240.00327819731112,75.13868727112322,0.232615650825114,2005.2463979160143,0.13868727112321722,0.03346294986310763,5.246397916014303,6.467357759764401,0.45059822566183527,0.1250145562055911,0.8826220746955187,0.9988438951971909
81,2.7,75.0,0.08988602534342166,2000.0,P3,0.08988602534342166,impact_decay,350.03016876407463,240.04958928670743,301.992009278918,240.1062895209218,75.0157852361177,0.19469373004818485,1998.4112813296038,0.015785236117693557,0.1048077047047632,-1.588718670396247,6.467357759764401,0.3276961906563116,0.1963593110472468,-5.952494511715031,5.964740789372424
82,2.7333333333333334,75.0,-0.023980464120716076,2000.0,P3,-0.023980464120716076,impact_decay,350.1737444572622,239.91463051615912,302.09092121530676,239.95272781846342,75.30442457960694,-0.1655164856158638,1996.55497450085,0.3044245796069447,-0.1415360214951477,-3.445025499150006,6.467357759764401,0.6163355341455627,-0.049984415152664496,-7.80880134046879,7.833246217713051
83,2.7666666666666666,75.0,-0.12300986942677848,2000.0,P3,-0.12300986942677848,impact_decay,350.00925127231596,239.8926517258394,302.0049324840634,239.8585128571632,75.01637862605136,-0.31101628759699007,1999.820065541986,0.0163786260513632,-0.18800641817021158,-0.1799344580140314,6.467357759764401,0.32828958058998126,-0.09645481182772819,-4.543710299332815,4.556575563261491
84,2.8,75.0,-0.192090596356554,2000.0,P3,-0.192090596356554,impact_decay,350.1666215253821,239.70493913468877,302.1953629891893,239.9958303601815,75.46174067961604,-0.374262229150482,2001.1981954045248,0.46174067961604237,-0.182171632793928,1.1981954045247676,6.467357759764401,0.7736516341546604,-0.09062002645144407,-3.1655804367940164,3.260007414414457
85,2.8333333333333335,75.0,-0.22254618910244509,2000.0,P3,-0.22254618910244509,impact_decay,349.9250758807171,239.85181997701872,301.8766540428302,239.9114352190697,74.73729567137953,-0.29563277390835185,1997.9844532269,-0.26270432862047244,-0.07308658480590677,-2.0155467730999135,6.467357759764401,0.04920662591814562,0.01846502153657692,-6.379322614418697,6.379539110930224
86,2.8666666666666667,75.0,-0.21297065399018078,2000.0,P3,-0.21297065399018078,impact_decay,350.0741859851588,239.98259539728753,302.0797775039198,239.96841151392425,75.19422434055522,-0.06124849581975663,2000.2330068945998,0.1942243405552233,0.15172215817042414,0.23300689459983914,6.467357759764401,0.5061352950938414,0.2432737645129075,-4.130768946718945,4.168765662953191
87,2.9,75.0,-0.16877118029277524,2000.0,P3,-0.16877118029277524,impact_decay,350.1559874603856,239.7565093061687,302.2045074363175,240.0859214690779,75.46625478732683,-0.19716082542591998,2002.0236046897996,0.46625478732683234,-0.028389645133144736,2.0236046897996403,6.467357759764401,0.7781657418654504,0.06316196120933881,-2.3401711515191437,2.4669682554826786
88,2.933333333333333,75.0,-0.1006175647831532,2000.0,P3,-0.1006175647831532,impact_decay,350.08390565678036,239.92696328843772,301.93970370497976,239.94978229102168,74.98449518340631,-0.15360655971542433,1994.0095812936324,-0.015504816593690407,-0.05298899493227113,-5.990418706367564,6.467357759764401,0.29640613794492765,0.03856261141021289,-10.354194547686348,10.358508020219315
89,2.966666666666667,75.0,-0.022161101842831495,2000.0,P3,-0.022161101842831495,impact_decay,349.92558083609754,240.0514611552199,301.8567193164663,240.0190252506094,74.70677665160771,0.0879817872866415,1997.134879338211,-0.2932233483922886,0.11014288912947298,-2.8651206617889784,6.467357759764401,0.018687606146329472,0.20169449547195661,-7.228896503107762,7.231733854945908
90,3.0,75.0,0.05252692724450282,2000.0,P3,0.05252692724450282,impact_decay,349.89712526721075,239.788804805313,302.016884667759,240.32326934373887,74.92976825964966,0.14044308617229345,2005.0021770227577,-0.07023174035033719,0.08791615892779063,5.002177022757678,6.467357759764401,0.24167921418828087,0.17946776527027453,0.6384011814388941,0.705814132618742
91,3.033333333333333,75.0,0.11134308184828924,2000.0,P3,0.11134308184828924,impact_decay,349.9586083146121,239.87708136078987,302.0109092282962,239.81050450187936,74.97821732687198,-0.3909436446158,2002.181577466579,-0.021782673128015517,-0.5022867264640892,2.1815774665790286,6.467357759764401,0.29012828141060254,-0.41073512012160585,-2.1821983747397553,2.2393899850835295
92,3.0666666666666664,75.0,0.14598401409525114,2000.0,P3,0.14598401409525114,impact_decay,349.92744900562053,240.09993469109367,301.92485844644847,240.0709546293475,74.81458479065827,0.21360012253924332,1999.8920650425744,-0.18541520934172695,0.06761610844399218,-0.10793495742564119,6.467357759764401,0.1264957451968911,0.1591677147864754,-4.471710798744425,4.476330305349547
93,3.1,75.0,0.15297029549844599,2000.0,P3,0.15297029549844599,impact_decay,350.0348826320078,240.23860887026802,301.85957322124915,239.9642313515919,74.81396673165658,0.2526276088750459,1992.721949443154,-0.18603326834342226,0.09965731337659989,-7.278050556845983,6.467357759764401,0.1258776861951958,0.1912089197190836,-11.641826398164767,11.644076946150264
94,3.1333333333333333,75.0,0.13376791960165665,2000.0,P3,0.13376791960165665,impact_decay,349.9776779206902,239.88207548441503,301.9591206738897,240.09172287034895,74.91523284078755,-0.0327393990488702,1999.227037395063,-0.08476715921244704,-0.16650731865052687,-0.7729626049369926,6.467357759764401,0.22714379532617102,-0.07495571230804288,-5.136738446255777,5.142304398594564
95,3.1666666666666665,75.0,0.09407307482248516,2000.0,P3,0.09407307482248516,impact_decay,349.91546580154943,239.93483894874373,301.98151420116966,239.93821001544237,74.8917161290214,-0.15890745274515278,2002.7558086554272,-0.10828387097859604,-0.25298052756763795,2.755808655427245,6.467357759764401,0.20362708356002202,-0.16142892122515384,-1.607967185891539,1.6288283386136897
96,3.2,75.0,0.0424591519310636,2000.0,P3,0.0424591519310636,impact_decay,349.8638430080489,240.0656591929338,302.0880654392466,239.95665035975534,75.01000205093138,0.028017820492122772,2009.3864365747872,0.010002050931376516,-0.01444133143894083,9.38643657478724,6.467357759764401,0.3219130054699946,0.07711027490354283,5.022660733468456,5.03355687572042
97,3.2333333333333334,75.0,-0.011327569169832208,2000.0,P3,-0.011327569169832208,impact_decay,349.9278608315514,239.77439197058345,301.9441755742182,239.84121923508863,74.8450913103916,-0.4806493608408003,2000.680007725507,-0.15490868960840487,-0.4693217916709681,0.6800077255070391,6.467357759764401,0.1570022649302132,-0.37777018532848494,-3.683768115811745,3.70641437985387
98,3.2666666666666666,75.0,-0.05810574797424966,2000.0,P3,-0.05810574797424966,impact_decay,350.07791833814224,239.96429983170393,301.9121207685241,240.04962798052046,74.93595850995062,0.017349836918272174,1993.1155405585948,-0.06404149004937665,0.07545558489252183,-6.88445944140517,6.467357759764401,0.2478694644892414,0.16700719123500551,-11.248235282723954,11.25220545710335
99,3.3,75.0,-0.09073717281491113,2000.0,P3,-0.09073717281491113,impact_decay,350.0398956205651,239.9755251589058,301.8191406550683,239.9557476699035,74.7559319106854,-0.08551567212576609,1990.8439851353764,-0.24406808931459523,0.005221500689145037,-9.156014864623558,6.467357759764401,0.06784286522402283,0.09677310703162956,-13.519790705942341,13.520307260602152
100,3.3333333333333335,75.0,-0.10512337617197196,2000.0,P3,-0.10512337617197196,impact_decay,350.0706211461933,239.9622012746685,302.0802440970598,239.91578862550924,75.19162719044662,-0.1525432063240837,2000.4010345782601,0.19162719044662424,-0.047419830152111736,0.40103457826012345,6.467357759764401,0.5035381449852423,0.044131776190371674,-3.9627412630586605,3.9948487574716323
101,3.3666666666666667,75.0,-0.10060021366034114,2000.0,P3,-0.10060021366034114,impact_decay,350.1382116393506,240.00727443491868,302.02680939497566,239.83489854822,75.17106671862186,-0.19682695872793426,1995.3689588604584,0.17106671862185863,-0.09622674506759313,-4.631041139541594,6.467357759764401,0.4829776731604767,-0.0046751387251093846,-8.994816980860378,9.007775630468812
102,3.4,75.0,-0.07972186063693053,2000.0,P3,-0.07972186063693053,impact_decay,350.04383449288366,240.01393577022856,302.14649352293503,240.091212425654,75.27056977271985,0.13171695174408288,2004.286621665131,0.2705697727198526,0.21143881238101342,4.286621665130951,6.467357759764401,0.5824807272584707,0.3029904187234971,-0.07715417618783249,0.6610898262483096
103,3.433333333333333,75.0,-0.047528372221813824,2000.0,P3,-0.047528372221813824,impact_decay,349.8371429494512,239.9625818144833,302.02632959793186,239.78476486927906,74.88802085022999,-0.31706632590326667,2007.913938129125,-0.11197914977000778,-0.26953795368145284,7.913938129124972,6.467357759764401,0.19993180476861028,-0.1779863473389689,3.550162287806188,3.560239336920816
104,3.466666666666667,75.0,-0.010468163282440886,2000.0,P3,-0.010468163282440886,impact_decay,349.971007535084,240.01901716353814,301.88305785555025,240.10501145670256,74.79048152384408,0.1547522250113972,1996.3421250956787,-0.209518476155921,0.1652203882938381,-3.657874904321261,6.467357759764401,0.10239247838269705,0.2567719946363223,-8.021650745640045,8.02641244653465
105,3.5,75.0,0.024811963548563867,2000.0,P3,0.024811963548563867,impact_decay,349.84809337440004,240.19262437162791,302.19153276057756,240.04308739976855,75.15798836807504,0.2967630494191838,2014.4130779548839,0.15798836807503847,0.27195108587061995,14.413077954883875,6.467357759764401,0.4698993226136565,0.3635026922131033,10.04930211356509,10.066847200109017
106,3.533333333333333,75.0,0.05259474774423702,2000.0,P3,0.05259474774423702,impact_decay,350.0116710074567,239.88560848093604,302.1394544963063,239.9530880749491,75.22945015150438,-0.20216750649656295,2005.3385195522592,0.22945015150438053,-0.25476225424079996,5.338519552259186,6.467357759764401,0.5413611060429986,-0.16321064789831663,0.9747437109404018,1.1268694976532787
107,3.5666666666666664,75.0,0.06895796549346947,2000.0,P3,0.06895796549346947,impact_decay,349.8089406291787,239.99613431069906,301.97882587218766,240.02771152571734,74.78704357544886,0.029913166466687294,2007.1036927507084,-0.2129564245511375,-0.03904479902678218,7.103692750708433,6.467357759764401,0.09895452998748056,0.052506807315701565,2.739916909389649,2.742205979531599
108,3.6,75.0,0.07225805115637528,2000.0,P3,0.07225805115637528,impact_decay,349.9899739840393,239.94859572386562,302.0473036551206,239.85797711201812,75.06458989512434,-0.24207307932597366,2002.3915847109643,0.06458989512434243,-0.31433113048234895,2.3915847109642527,6.467357759764401,0.3765008496629605,-0.2227795241398649,-1.9721911303545312,2.0201290703373385
109,3.6333333333333333,75.0,0.06318749104957178,2000.0,P3,0.06318749104957178,impact_decay,350.0102986390453,239.95358936636617,302.10516975020477,240.17314020643073,75.17432831933017,0.15872568361647038,2003.960744176129,0.17432831933017212,0.0955381925668986,3.960744176129083,6.467357759764401,0.4862392738687902,0.1870897989093825,-0.403031665189701,0.6586848620197558
110,3.6666666666666665,75.0,0.04443697405964487,2000.0,P3,0.04443697405964487,impact_decay,350.0616772675582,239.93676855170094,301.8715675059525,239.86624320774692,74.85771033139473,-0.24526390344229076,1992.1100043655933,-0.14228966860527237,-0.2897008775019356,-7.8899956344066595,6.467357759764401,0.1696212859333457,-0.19814927115945213,-12.253771475725443,12.256547225609879
111,3.6999999999999997,75.0,0.020056283229983544,2000.0,P3,0.020056283229983544,impact_decay,349.99569554397584,240.11746005982587,302.03919381232424,239.93486821826426,75.05725752224286,0.06546967693177809,2001.814039210731,0.057257522242863956,0.04541339370179455,1.8140392107309253,6.467357759764401,0.369168476781482,0.13696500004427836,-2.5497366305878586,2.5799615618934744
112,3.7333333333333334,75.0,-0.005350764799689024,2000.0,P3,-0.005350764799689024,impact_decay,350.28752132189044,239.8852017602908,301.73493318333186,240.08826207944608,74.85703114802513,-0.03279268254237098,1977.2375017215143,-0.14296885197487086,-0.027441917742681954,-22.762498278485737,6.467357759764401,0.1689421025637472,0.06410968859980226,-27.12627411980452,27.12687595557158
113,3.7666666666666666,75.0,-0.027447211865034495,2000.0,P3,-0.027447211865034495,impact_decay,349.9480664525004,239.8951246297434,302.0173959846555,239.93573036083552,74.97846245328955,-0.21173708743426492,2002.8929073134416,-0.02153754671044794,-0.18428987556923043,2.892907313441583,6.467357759764401,0.2903734078281701,-0.09273826922674644,-1.470868527877201,1.5021222749338887
114,3.8,75.0,-0.042861205528045274,2000.0,P3,-0.042861205528045274,impact_decay,350.08769057220775,239.85449411316353,302.236290255258,239.99838548524474,75.45281572531543,-0.18447159369746946,2006.2108608923097,0.4528157253154319,-0.14161038816942417,6.210860892309711,6.467357759764401,0.76472667985405,-0.05005878182694001,1.847085050990927,1.9997589760050463
115,3.8333333333333335,75.0,-0.04965676681485131,2000.0,P3,-0.04965676681485131,impact_decay,349.94584723603367,239.97682776919703,301.9157639584433,239.99144640966924,74.81772721027615,-0.03963243738269571,1998.7473149939315,-0.18227278972385363,0.010024329432155601,-1.252685006068532,6.467357759764401,0.12963816481476442,0.10157593577463953,-5.616460847387316,5.618874991912499
116,3.8666666666666667,75.0,-0.04752017613174488,2000.0,P3,-0.04752017613174488,impact_decay,349.8905804128801,239.87395973598902,301.8837167208358,239.89583052326347,74.71576716737515,-0.28772103365933693,1999.7140532552326,-0.284232832624852,-0.24020085752759204,-0.2859467447674433,6.467357759764401,0.027678121913766063,-0.14864925118510808,-4.649722586086227,4.652180435652831
117,3.9,75.0,-0.03765794048716648,2000.0,P3,-0.03765794048716648,impact_decay,349.94682374452526,239.7501004658016,302.04319667447646,239.92297558070018,75.01767821241879,-0.40947707621199636,2004.0235880269256,0.017678212418786643,-0.3718191357248299,4.023588026925609,6.467357759764401,0.3295891669574047,-0.2802675293823462,-0.34018781439317536,0.5503695631694814
118,3.933333333333333,75.0,-0.022450813343810005,2000.0,P3,-0.022450813343810005,impact_decay,349.8383906223314,239.94484105979598,301.9495795657256,240.17761338263944,74.76917577873586,0.15342344789415935,2004.6435765020515,-0.23082422126414315,0.17587426123796934,4.643576502051474,6.467357759764401,0.08108673327447491,0.26742586758045306,0.2798006607326897,0.39544919106091697
119,3.966666666666667,75.0,-0.004944810203256676,2000.0,P3,-0.004944810203256676,impact_decay,350.0165726889604,239.9772534781141,302.096111655799,240.08778073131123,75.1659866754524,0.0814276924029306,2003.3196124791416,0.16598667545240176,0.08637250260618728,3.319612479141597,6.467357759764401,0.4778976299910198,0.1779241089486705,-1.044163362177187,1.1620328137403777
120,4.0,75.0,0.01172034168817082,2000.0,P3,0.01172034168817082,impact_decay,349.8016642704191,239.95283525290486,302.05912350468765,240.0588235170166,74.90593644304148,0.014652052096644686,2010.785306667388,-0.09406355695851687,0.0029317104084738664,10.785306667388113,6.467357759764401,0.2178473975801012,0.09448331675095822,6.421530826069329,6.425919602355395
121,4.033333333333333,75.0,0.0248439996842285,2000.0,P3,0.0248439996842285,impact_decay,350.0892680419983,240.0720852534317,302.1628511424478,240.0077522922073,75.33866295379775,0.09995015372005231,2003.0706657366163,0.33866295379775124,0.07510615403582381,3.07066573661632,6.467357759764401,0.6505739083363693,0.1666577603783077,-1.293110104702464,1.4571049935354656
122,4.066666666666666,75.0,0.03257343644418401,2000.0,P3,0.03257343644418401,impact_decay,349.99119572142706,239.91381840648242,302.20745278582433,239.90665943440416,75.31732060996256,-0.22541828841801625,2009.0514911518703,0.3173206099625645,-0.2579917248622003,9.051491151870323,6.467357759764401,0.6292315645011826,-0.1664401185197164,4.687715310551539,4.732685232254177
123,4.1,75.0,0.034132286532520914,2000.0,P3,0.034132286532520914,impact_decay,350.070572135698,239.94892668680652,301.9714859196715,239.8595211557345,75.02156378836054,-0.2389469393854538,1995.8799049629945,0.021563788360538183,-0.27307922591797473,-4.1200950370055125,6.467357759764401,0.33347474289915624,-0.18152761957549135,-8.483870878324296,8.492362613601674
124,4.133333333333333,75.0,0.02984765732344006,2000.0,P3,0.02984765732344006,impact_decay,349.86927405447426,239.92225191530756,301.96156500795684,240.0699026890547,74.81703844382957,-0.009825636555043428,2003.8528431522625,-0.18296155617042587,-0.039673293878483486,3.852843152262494,6.467357759764401,0.1289493983681922,0.051878312463999876,-0.5109326890562897,0.5295011986671252
125,4.166666666666667,75.0,0.020990540250796184,2000.0,P3,0.020990540250796184,impact_decay,350.16192992636496,240.0330130927357,302.16225433482214,239.93423394276252,75.40533465687524,-0.04094148229057341,2000.0135075416958,0.4053346568752403,-0.06193202254136959,0.013507541695844338,6.467357759764401,0.7172456114138583,0.029619583801113514,-4.35026829962294,4.4090988722800555
126,4.2,75.0,0.00947391737014475,2000.0,P3,0.00947391737014475,impact_decay,350.12960776066654,239.95019813791586,302.0005930581776,239.96362862333527,75.12210573642332,-0.10742780330745136,1994.6387970950218,0.12210573642332179,-0.1169017206775961,-5.3612029049781995,6.467357759764401,0.43401669096193984,-0.025350114335112472,-9.724978746296983,9.734691814960472
127,4.233333333333333,75.0,-0.0025275223229570634,2000.0,P3,-0.0025275223229570634,impact_decay,350.1048882847732,239.93173879455728,301.9174220162114,239.86601232561216,74.9694241777998,-0.2518275751851136,1992.219289198385,-0.030575822200205494,-0.24930005286215656,-7.780710801614987,6.467357759764401,0.28133513233841256,-0.15774844651967257,-12.14448664293377,12.148769067253852
128,4.266666666666667,75.0,-0.012965144851038616,2000.0,P3,-0.012965144851038616,impact_decay,349.98239908506616,240.27279635191633,302.00678212446047,239.80116318793853,74.99409809177719,0.0924964091364644,2001.016259263282,-0.005901908222810448,0.10546155398750301,1.0162592632821088,6.467357759764401,0.3060090463158076,0.19701316032998673,-3.347516578036675,3.367242634857294
129,4.3,75.0,-0.020246199901606865,2000.0,P3,-0.020246199901606865,impact_decay,350.0857698245334,239.93586896866228,302.0123590999845,239.99424401763991,75.09956810057061,-0.08722536548302365,1996.9458874117763,0.0995681005706075,-0.06697916558141678,-3.0541125882236884,6.467357759764401,0.41147905510922556,0.024572440761066794,-7.417888429542472,7.429332915597377
130,4.333333333333333,75.0,-0.023456195760595693,2000.0,P3,-0.023456195760595693,impact_decay,349.9905169431475,240.0270904089434,301.92646128096925,239.87759506664497,74.87637085946336,-0.1189843714504347,1997.3345493377176,-0.12362914053663587,-0.095528175689839,-2.66545066228241,6.467357759764401,0.18828181400198218,-0.003976569347355685,-7.029226503601194,7.031748793402471
131,4.366666666666666,75.0,-0.022446941784998196,2000.0,P3,-0.022446941784998196,impact_decay,350.1353332727019,239.93633448113505,301.8452297408287,240.20024210004465,74.88573852822476,0.1696951179671568,1987.9849021402817,-0.1142614717752366,0.192142059752155,-12.015097859718253,6.467357759764401,0.19764948276338146,0.28369366609463853,-16.378873701037037,16.382522733960773
132,4.4,75.0,-0.017788351531249014,2000.0,P3,-0.017788351531249014,impact_decay,349.8053146078153,239.96161975421242,301.8499629620284,240.16704107762078,74.58266230467463,0.16097577463496973,2001.8620391808008,-0.41733769532537224,0.17876412616621876,1.8620391808008208,6.467357759764401,-0.10542674078675418,0.27031573250870267,-2.501736660517963,2.5185058490093297
133,4.433333333333334,75.0,-0.010605013305447376,2000.0,P3,-0.010605013305447376,impact_decay,350.0017201464042,240.00800471188828,302.0671004600382,239.95505921316177,75.10660236943187,-0.04623306726717368,2002.7278926314907,0.10660236943186874,-0.0356280539617263,2.727892631490704,6.467357759764401,0.4185133239704868,0.05592355238075708,-1.63588320982808,1.689495404625041
134,4.466666666666667,75.0,-0.0023357629496709572,2000.0,P3,-0.0023357629496709572,impact_decay,350.1472104324904,240.0344723865545,301.8706348761124,240.11562001107416,74.93624427964411,0.18654065140636544,1988.5420327680933,-0.06375572035588561,0.1888764143560364,-11.45796723190665,6.467357759764401,0.24815523418273244,0.2804280206985199,-15.821743073225434,15.826173724883795
135,4.5,75.0,0.00553629740018805,2000.0,P3,0.00553629740018805,impact_decay,350.0908868804321,239.8791062654315,302.193380882664,239.89778741542293,75.38819299246113,-0.27947966954461173,2004.2797215381015,0.3881929924611285,-0.2850159669447998,4.279721538101512,6.467357759764401,0.7001039469997465,-0.19346436060231653,-0.08405430321727181,0.731190208712636
136,4.533333333333333,75.0,0.01173547448713787,2000.0,P3,0.01173547448713787,impact_decay,350.09703433629454,240.2390586917632,301.96659927058494,240.1222693010365,75.03867625179247,0.4504359769331377,1994.5799207924426,0.03867625179246659,0.43870050244599984,-5.4200792075573645,6.467357759764401,0.35058720633108464,0.5302521087884831,-9.783855048876148,9.804483581787313
137,4.566666666666666,75.0,0.015386601884067737,2000.0,P3,0.015386601884067737,impact_decay,350.086413885672,240.0345030320472,302.03754172093664,240.22975707326916,75.13953072701794,0.32998914532393847,1997.965693816979,0.13953072701794156,0.3146025434398707,-2.0343061830210445,6.467357759764401,0.4514416815565596,0.4061541497823544,-6.398082024339828,6.426835486879408
138,4.6,75.0,0.016122950526535465,2000.0,P3,0.016122950526535465,impact_decay,350.0172164028506,240.20625775680676,301.9362559126994,240.06707918048633,74.91668119918671,0.3410958524861961,1996.6323075793498,-0.08331880081328791,0.32497290195966066,-3.367692420650201,6.467357759764401,0.22859215372533015,0.41652450830214427,-7.731468261968985,7.746053738814032
139,4.633333333333333,75.0,0.014099034997268485,2000.0,P3,0.014099034997268485,impact_decay,349.89633795878296,239.99321799275663,301.86014200121275,240.23996743314268,74.68452794575886,0.29126214500620906,1998.4929124307312,-0.3154720542411411,0.27716311000894056,-1.5070875692688332,6.467357759764401,-0.0035610997025230517,0.36871471635142505,-5.870863410587617,5.882431504850836
140,4.666666666666667,75.0,0.009915229138440111,2000.0,P3,0.009915229138440111,impact_decay,350.05145277307855,240.08714794427564,301.91834541484906,239.75710787317627,74.92087350692678,-0.19414185717305169,1994.4690915348006,-0.07912649307321828,-0.2040570863114918,-5.530908465199445,6.467357759764401,0.23278446146539977,-0.11250547996900817,-9.89468430651823,9.898061608930353
141,4.7,75.0,0.004475161689088498,2000.0,P3,0.004475161689088498,impact_decay,349.95110525371894,240.03614964115314,301.985939154967,239.98620124732793,74.93214191468981,0.027958900544159906,2001.4524641830792,-0.067858085310192,0.023483738855071407,1.4524641830792007,6.467357759764401,0.24405286922842606,0.11503534519755565,-2.9113116582395833,2.923787014306114
142,4.733333333333333,75.0,-0.0011939170066711867,2000.0,P3,-0.0011939170066711867,impact_decay,349.9689274337646,240.01299151531086,302.2141674058925,239.96164124523781,75.30707499541245,-0.03187188807548141,2010.2708048372078,0.3070749954124494,-0.03067797106881022,10.270804837207834,6.467357759764401,0.6189859499510675,0.06087363527367362,5.90702899588905,5.939683557562832
143,4.766666666666667,75.0,-0.006124300779073025,2000.0,P3,-0.006124300779073025,impact_decay,349.9852317168236,239.86991622636992,301.9985863864304,240.06389876259277,74.98394232119645,-0.08275428757988866,2000.5565627190765,-0.01605767880354847,-0.07662998680081563,0.5565627190765099,6.467357759764401,0.2958532757350696,0.014921619541668818,-3.807213122242274,3.8187201486449203
144,4.8,75.0,-0.009563627653627504,2000.0,P3,-0.009563627653627504,impact_decay,349.99763942943196,240.09424307043344,302.17735045390737,239.98910526313765,75.27593036803212,0.10457695082788887,2007.5160886143842,0.275930368032121,0.11414057848151637,7.516088614384216,6.467357759764401,0.5878413225707391,0.20569218482400053,3.1523127730654323,3.213244857562346
145,4.833333333333333,75.0,-0.01107992233185099,2000.0,P3,-0.01107992233185099,impact_decay,349.8918840682314,239.9686131541135,302.11621716155855,240.05349164891723,75.08060751388624,0.027760746563675467,2009.3910954683263,0.08060751388623544,0.03884066889552645,9.391095468326284,6.467357759764401,0.3925184684248535,0.13039227523801067,5.0273196270075005,5.044305256979515
146,4.866666666666666,75.0,-0.010603184510557839,2000.0,P3,-0.010603184510557839,impact_decay,350.07432467071067,239.8761441709237,301.96687988270673,240.00442957640826,75.01788951286376,-0.14894940232499207,1995.5331165966188,0.017889512863760615,-0.13834621781443424,-4.466883403381189,6.467357759764401,0.32980046740237867,-0.04679461147195063,-8.830659244699973,8.836939559596791
147,4.9,75.0,-0.00840262229176145,2000.0,P3,-0.00840262229176145,impact_decay,350.0204195868983,239.87811283407558,302.0032058371151,239.89422428335686,75.02414383045019,-0.2844765842701233,1999.2830172966092,0.024143830450185533,-0.2760739619783618,-0.7169827033908405,6.467357759764401,0.3360547849888036,-0.18452235563587838,-5.080758544709624,5.095202518829173
148,4.933333333333334,75.0,-0.005009453576866772,2000.0,P3,-0.005009453576866772,impact_decay,350.12685554646043,240.25657751005417,302.13569363349626,239.84307916477093,75.33101306497558,0.12459378246228754,2000.368153903537,0.33101306497557914,0.1296032360391543,0.36815390353694966,6.467357759764401,0.6429240195141972,0.22115484238163852,-3.9956219377818343,4.0530550735045034
149,4.966666666666667,75.0,-0.0011033362925562562,2000.0,P3,-0.0011033362925562562,impact_decay,350.22609501417156,239.9750535207402,302.13094066619794,240.10626599043107,75.41573509790105,0.10144827951995258,1996.0430627771925,0.4157350979010488,0.10255161581250884,-3.9569372228074826,6.467357759764401,0.7276460524396668,0.19410322215499232,-8.320713064126267,8.354723857435594
150,5.0,75.0,0.002615161717875869,2000.0,P3,0.002615161717875869,impact_decay,350.0827567784375,240.0145740219896,301.98959677668387,239.91546678498992,75.0612108590763,-0.08727959603890181,1996.1258427654711,0.0612108590762972,-0.08989475775677769,-3.874157234528866,6.467357759764401,0.37312181361491525,0.0016568485857062498,-8.23793307584765,8.24637884135135
0,0.0,225.0,4.349655341112302,2000.0,P4,4.349655341112302,impact_decay,410.0114157862257,241.91290663649053,361.9746849058324,241.79271995011072,224.85647110437208,4.6284913173098134,1998.4706751644026,-0.1435288956279237,0.2788359761975112,-1.5293248355974356,6.467357759764401,0.0,0.0,0.0,0.0
1,0.03333333333333333,225.0,7.263641340744434,2000.0,P4,7.263641340744434,impact_decay,409.85251123965617,243.0234420591089,362.08307645908366,242.93753505162323,225.71548824467035,7.4871855920910795,2009.6532314599656,0.7154882446703539,0.22354425134664524,9.653231459965582,6.467357759764401,0.8590171402982776,-0.055291724850865975,11.182556295563018,11.215637874218269
2,0.06666666666666667,225.0,8.68835164416471,2000.0,P4,8.68835164416471,impact_decay,409.9945243172783,243.63282028650292,362.1109242145279,243.4130175778628,225.53322099566972,8.82870647187925,2004.8616450849058,0.5332209956697227,0.14035482771454078,4.861645084905831,6.467357759764401,0.6767498912976464,-0.13848114848297044,6.390969920503267,6.428192900701881
3,0.1,225.0,8.527789850234798,2000.0,P4,8.527789850234798,impact_decay,410.0209333270258,243.33590892477787,362.02622643864817,243.23576954782735,225.0771517613467,8.215503952897873,2000.2205416145596,0.07715176134669832,-0.3122858973369258,0.2205416145595791,6.467357759764401,0.22068065697462202,-0.591121873534437,1.7498664501570147,1.8601498904977325
4,0.13333333333333333,225.0,6.959605047364247,2000.0,P4,6.959605047364247,impact_decay,410.0309852360863,242.86612564163016,362.0853760559296,242.80096764454083,225.33279651679763,7.09190270913096,2002.268842779825,0.3327965167976288,0.13229766176671376,2.268842779825036,6.467357759764401,0.4763254124255525,-0.14653831443079746,3.7981676154224715,3.830722726974978
5,0.16666666666666666,225.0,4.3794094029420645,2000.0,P4,4.3794094029420645,impact_decay,410.00399850032187,241.80632809927693,361.9535373945072,241.8816281515271,224.77369686419664,4.6051040640737,1997.8996455817476,-0.22630313580336292,0.2256946611316355,-2.1003544182524365,6.467357759764401,-0.08277424017543922,-0.053141315065875716,-0.5710295826550009,0.5794396935580928
6,0.2,225.0,1.3140264535337067,2000.0,P4,1.3140264535337067,impact_decay,409.9416749422478,240.2870351084944,362.0773149738464,240.21072813261458,225.49138769571482,0.6239672754678126,2005.667666985341,0.49138769571482044,-0.6900591780658941,5.667666985340929,6.467357759764401,0.6349165913427441,-0.9688951542634054,7.196991820938365,7.289620577819611
7,0.23333333333333334,225.0,-1.6788983321257613,2000.0,P4,-1.6788983321257613,impact_decay,410.1006256957335,239.40660910201163,362.00445908271445,239.16576403887086,224.80117278110666,-1.7809653515939234,1996.0009021919675,-0.1988272188933422,-0.1020670194681621,-3.999097808032502,6.467357759764401,-0.0552983232654185,-0.3809029956656733,-2.4697729724350665,2.499584671907274
8,0.26666666666666666,225.0,-4.10687645876621,2000.0,P4,-4.10687645876621,impact_decay,410.0165668470397,238.36489794986758,362.1192561994091,238.63553644174843,225.52388304835057,-3.7574953591394085,2004.2876835095078,0.5238830483505694,0.3493810996268012,4.287683509507815,6.467357759764401,0.6674119439784931,0.07054512342929087,5.8170083451052506,5.855595734374849
9,0.3,225.0,-5.6185499573884385,2000.0,P4,-5.6185499573884385,impact_decay,410.1158613892536,237.7014739314877,361.9420261910714,237.76091821977954,224.47669562854094,-5.651542352535716,1992.7829934130282,-0.5233043714590622,-0.0329923951472777,-7.21700658697182,6.467357759764401,-0.37977547583113846,-0.311828371344788,-5.6876817513743845,5.7088694196080105
10,0.3333333333333333,225.0,-6.0488867959689765,2000.0,P4,-6.0488867959689765,impact_decay,409.92100709007195,237.5593647653453,361.9719335932053,237.61966737992853,225.04127895217485,-6.032610206457095,2002.1241807969132,0.04127895217484934,0.01627658951188149,2.1241807969131514,6.467357759764401,0.18480784780277304,-0.2625593866856306,3.653505632510587,3.667587051309459
11,0.36666666666666664,225.0,-5.428986005306273,2000.0,P4,-5.428986005306273,impact_decay,410.13294510727275,237.67332166055738,362.0720627706866,237.97231825499398,225.0469037180154,-5.436054595343116,1997.4661911139895,0.046903718015386175,-0.007068590036842792,-2.533808886010547,6.467357759764401,0.19043261364330988,-0.285904566234354,-1.0044840504131116,1.0615998346208457
12,0.4,225.0,-3.962224318793748,2000.0,P4,-3.962224318793748,impact_decay,410.1332506440554,238.3436396306418,361.8896029386815,238.59082438623463,224.19510441276205,-3.8125671642121524,1989.8991081997492,-0.8048955872379508,0.14965715458159545,-10.100891800250793,6.467357759764401,-0.6613666916100271,-0.12917882161591443,-8.571566964653357,8.598014497444282
13,0.43333333333333335,225.0,-1.973927401688966,2000.0,P4,-1.973927401688966,impact_decay,409.8769331354413,239.35130823539777,361.8958535847952,239.24140849770382,224.78093426607023,-1.7597977311920425,2000.788628002556,-0.21906573392976725,0.21412967049692355,0.7886280025559245,6.467357759764401,-0.07553683830184355,-0.06470630570058766,2.31795283815336,2.3200857914829944
14,0.4666666666666667,225.0,0.15451726582271658,2000.0,P4,0.15451726582271658,impact_decay,409.98916735808444,239.9164362850568,362.1295328061618,240.14154494935534,225.63272395214102,0.07268910240448088,2005.8655658676955,0.6327239521410206,-0.08182816341823569,5.865565867695523,6.467357759764401,0.7762528477689443,-0.3606641396157473,7.394890703292958,7.444263269049717
15,0.5,225.0,2.05463169909276,2000.0,P4,2.05463169909276,impact_decay,409.95989242470864,240.9259475059411,361.8950641314986,240.7433752335255,224.5963885090679,2.083838939852809,1997.3023682404048,-0.4036114909320929,0.02920724076004877,-2.697631759595197,6.467357759764401,-0.2600825953041692,-0.24962873543746245,-1.1683069239977613,1.2226604314352247
16,0.5333333333333333,225.0,3.4311012204745692,2000.0,P4,3.4311012204745692,impact_decay,410.1332779464463,241.32468940389603,361.9483098336697,241.36671958864196,224.46820584015043,3.351346811575594,1992.3225751767588,-0.5317941598495679,-0.079754408898975,-7.677424823241154,6.467357759764401,-0.3882652642216442,-0.3585903850964862,-6.148099987643718,6.170775513478791
17,0.5666666666666667,225.0,4.104086715155812,2000.0,P4,4.104086715155812,impact_decay,410.04542804190055,241.7214717750484,362.1282332715127,241.49720577664402,225.50257894163204,4.030299429905385,2003.4560340947717,0.5025789416320379,-0.07378728525042622,3.456034094771667,6.467357759764401,0.6461078372599616,-0.35262326144793743,4.985358930369102,5.039404941706301
18,0.6,225.0,4.028242694055226,2000.0,P4,4.028242694055226,impact_decay,409.92792856699765,241.65099131754891,362.0521788144758,241.67949406875906,225.40328825930553,4.173911093586567,2005.1905272128715,0.40328825930552625,0.14566839953134103,5.19052721287153,6.467357759764401,0.54681715493345,-0.13316757666617018,6.719852048468965,6.7433785417783865
19,0.6333333333333333,225.0,3.287484644662416,2000.0,P4,3.287484644662416,impact_decay,409.9964359407813,241.2550645068941,362.0624185766908,241.3671284909743,225.30079502908475,3.2822531142569975,2002.7530245256748,0.3007950290847532,-0.005231530405418461,2.753024525674846,6.467357759764401,0.4443239247126769,-0.2840675066029297,4.282349361272281,4.314699775229883
20,0.6666666666666666,225.0,2.068686522709333,2000.0,P4,2.068686522709333,impact_decay,409.9449761880753,240.8349692919983,362.16975312653705,240.88201323987167,225.9203920910586,2.1563259168098448,2009.4097638796577,0.9203920910586021,0.08763939410051158,9.409763879657703,6.467357759764401,1.0639209866865258,-0.19119658209699963,10.939088715255139,10.992367621178794
21,0.7,225.0,0.6207021460662222,2000.0,P4,0.6207021460662222,impact_decay,410.00333772131023,240.18505715961518,362.0958109562391,240.3112872731015,225.44266296285696,0.6216281129323245,2003.8604425047956,0.44266296285695717,0.0009259668661022458,3.8604425047956283,6.467357759764401,0.5861918584848809,-0.2779100093314093,5.389767340393064,5.428668976075836
22,0.7333333333333333,225.0,-0.7930554175488772,2000.0,P4,-0.7930554175488772,impact_decay,409.9523778891467,239.80725272032097,362.20047610926537,239.47037320589848,226.04931131610752,-0.9076589111566199,2010.3908030279954,1.04931131610752,-0.11460349360774269,10.39080302799539,6.467357759764401,1.1928402117354437,-0.3934394698052541,11.920127863592825,11.986121585881554
23,0.7666666666666666,225.0,-1.9399510753606168,2000.0,P4,-1.9399510753606168,impact_decay,410.0239066004845,239.32297612836544,362.1433440966487,239.19483544208325,225.62117290766054,-1.8573571313192032,2004.9889285585223,0.6211729076605366,0.08259394404141363,4.988928558522275,6.467357759764401,0.7647018032884603,-0.19624203215609715,6.518253394119711,6.565889665010409
24,0.8,225.0,-2.6540150747747497,2000.0,P4,-2.6540150747747497,impact_decay,410.1343678103741,239.00422853611906,361.9686149008817,238.83000317506716,224.5604659569844,-2.697893945510492,1993.1173083338115,-0.4395340430156125,-0.04387887073574248,-6.882691666188521,6.467357759764401,-0.2960051473876888,-0.3227148469332537,-5.353366830591085,5.371247559234633
25,0.8333333333333334,225.0,-2.8572918037325072,2000.0,P4,-2.8572918037325072,impact_decay,410.25389280829484,238.76481148265054,361.79107349521456,238.81438613653722,223.47992281091706,-2.9971046780255945,1980.9000182353705,-1.52007718908294,-0.1398128742930873,-19.099981764629547,6.467357759764401,-1.3765482934550164,-0.4186488504905981,-17.57065692903211,17.629467858729463
26,0.8666666666666667,225.0,-2.5644714042057353,2000.0,P4,-2.5644714042057353,impact_decay,410.0903829401897,238.93864186080123,361.9231582719719,239.02946176885698,224.44402739431195,-2.5310526399864846,1993.0564718773498,-0.555972605688055,0.03341876421925072,-6.94352812265015,6.467357759764401,-0.41244371006013125,-0.2454172119782605,-5.414203287052715,5.435433437678707
27,0.9,225.0,-1.8716222426552198,2000.0,P4,-1.8716222426552198,impact_decay,410.2074828764202,239.441466088093,361.8353960514895,239.41141032228518,223.7839764454055,-1.42287463348314,1984.6156363415841,-1.2160235545945,0.4487476091720799,-15.38436365841585,6.467357759764401,-1.0724946589665763,0.16991163297456868,-13.855038822818415,13.897525518535211
28,0.9333333333333333,225.0,-0.9324172820968478,2000.0,P4,-0.9324172820968478,impact_decay,409.7815125477321,239.51871054819318,362.03040312794053,239.59931672365786,225.62368893819064,-1.108212227229101,2010.4244751917117,0.6236889381906394,-0.17579494513225324,10.424475191711736,6.467357759764401,0.7672178338185631,-0.45463092132976435,11.953800027309171,11.987019962111315
29,0.9666666666666667,225.0,0.0729887881956389,2000.0,P4,0.0729887881956389,impact_decay,410.07427244134334,240.11750535400327,361.92068405831975,239.9411830908603,224.46743493479957,0.07312656635347238,1993.6208061808359,-0.5325650652004299,0.00013777815783347358,-6.379193819164129,6.467357759764401,-0.3890361695725062,-0.27869819803967744,-4.849868983566694,4.873422922811897
30,1.0,225.0,0.9705392928528587,2000.0,P4,0.9705392928528587,impact_decay,410.0823503828563,240.38029273258897,361.87365241397043,240.32735433788247,224.23094754845152,0.8807295341194326,1991.341887600799,-0.7690524515484753,-0.08980975873342611,-8.658112399200945,6.467357759764401,-0.6255235559205516,-0.36864573493093733,-7.12878756360351,7.16566755605382
31,1.0333333333333332,225.0,1.620737455621058,2000.0,P4,1.620737455621058,impact_decay,410.05088405508496,240.72130499830755,362.0006764569498,240.62846514576444,224.8919737073823,1.6854496983985523,1997.9101777553642,-0.10802629261769425,0.06471224277749421,-2.0898222446357977,6.467357759764401,0.03550260301022945,-0.214123733420017,-0.5604974090383621,0.6010547009823195
32,1.0666666666666667,225.0,1.9386332937883441,2000.0,P4,1.9386332937883441,impact_decay,409.991293727391,240.89030916924915,361.84185544804114,240.7457328166497,224.27998086471587,2.0387053410080016,1993.792670008992,-0.720019135284133,0.10007204721965746,-6.2073299910080095,6.467357759764401,-0.5764902396562093,-0.17876392897785376,-4.678005155410574,4.7167817177361915
33,1.1,225.0,1.9028071149950445,2000.0,P4,1.9028071149950445,impact_decay,409.74738052780094,240.83198311567088,361.90013911424825,240.7789982177075,225.08477656677059,2.0201557468947664,2006.385253858105,0.08477656677058576,0.11734863189972189,6.3852538581049885,6.467357759764401,0.22830546239850946,-0.16148734429778955,7.914578693702424,7.9195175007911764
34,1.1333333333333333,225.0,1.5528977887882072,2000.0,P4,1.5528977887882072,impact_decay,409.8843894033309,240.72834255287228,362.20847441736646,240.69103877709114,226.23848375687803,1.7862872625769486,2013.5953307646814,1.2384837568780256,0.23338947378874142,13.595330764681421,6.467357759764401,1.3820126525059493,-0.045446502408769796,15.124655600278857,15.187732924413515
35,1.1666666666666667,225.0,0.9771783214340025,2000.0,P4,0.9771783214340025,impact_decay,409.9744323040274,240.29150189078956,361.96499212658415,240.20920386700436,224.89185017067393,0.6257591244736707,1999.606717033461,-0.10814982932606654,-0.35141919696033186,-0.39328296653889083,6.467357759764401,0.035379066301857165,-0.6302551731578427,1.1360418690585448,1.2996401001348972
36,1.2,225.0,0.29319893301625155,2000.0,P4,0.29319893301625155,impact_decay,410.0418035319707,240.01538939063872,361.84182901381865,239.9286981724566,224.1705826084631,-0.06960058010829995,1991.702276190806,-0.8294173915369072,-0.3627995131245515,-8.29772380919394,6.467357759764401,-0.6858884959089835,-0.6416354893220619,-6.768398973596504,6.833254261020883
37,1.2333333333333334,225.0,-0.37461285372015146,2000.0,P4,-0.37461285372015146,impact_decay,409.8979494466693,239.6749260224788,362.0811657416843,239.76461750480192,225.60601192309738,-0.7032549132240729,2007.6632395863326,0.6060119230973839,-0.3286420595039214,7.6632395863325655,6.467357759764401,0.7495408187253076,-0.6074780357014324,9.192564421930001,9.243055861246773
38,1.2666666666666666,225.0,-0.9163680019543207,2000.0,P4,-0.9163680019543207,impact_decay,409.99701398223726,239.68899935758435,362.00699892174055,239.5639094994616,225.03934516635377,-0.9340582155774839,2000.416080418289,0.039345166353768946,-0.017690213623163253,0.41608041828908426,6.467357759764401,0.18287406198169265,-0.2965261898206748,1.9454052538865199,1.9763532846241143
39,1.3,225.0,-1.2536679517940348,2000.0,P4,-1.2536679517940348,impact_decay,410.1143777823869,239.4826871626191,362.0101960833471,239.65524508664117,224.79802659529133,-1.0752508739489743,1995.668411307887,-0.2019734047086672,0.17841707784506045,-4.331588692112973,6.467357759764401,-0.0584445090807435,-0.10041889835245055,-2.8022638565155376,2.8046715382235656
40,1.3333333333333333,225.0,-1.3496890795042804,2000.0,P4,-1.3496890795042804,impact_decay,410.1171537738333,239.46213246626547,361.9234207167437,239.422004402408,224.3872336754341,-1.3892218659703104,1991.960233984504,-0.6127663245659107,-0.03953278646602998,-8.03976601549607,6.467357759764401,-0.46923742893798703,-0.31836876266354164,-6.510441179898635,6.535088889271222
41,1.3666666666666667,225.0,-1.2113705168075728,2000.0,P4,-1.2113705168075728,impact_decay,409.9895700307506,239.57957808031625,361.9098480100511,239.6132322400612,224.6008908041321,-1.0073140751198364,1996.6837537383237,-0.39910919586790783,0.2040564416877364,-3.3162462616762696,6.467357759764401,-0.2555803002399841,-0.07477953450977548,-1.786921426078834,1.806654768247623
42,1.4,225.0,-0.8840917467964536,2000.0,P4,-0.8840917467964536,impact_decay,410.1183319097156,239.6081897687799,361.88532133188306,239.5196919236769,224.20743890677142,-1.0848814410097405,1990.338105917771,-0.7925610932285849,-0.20078969421328685,-9.661894082229082,6.467357759764401,-0.6490321976006612,-0.4796256704107984,-8.132569246631647,8.172512840522074
43,1.4333333333333333,225.0,-0.4404427372602364,2000.0,P4,-0.4404427372602364,impact_decay,409.97274662215005,239.8058414074046,361.8448545639561,239.66635077898403,224.33414371589714,-0.6580065490361164,1994.6852687764865,-0.6658562841028584,-0.21756381177588002,-5.3147312235134905,6.467357759764401,-0.5223273884749347,-0.4963997879733908,-3.785406387916055,3.853380356508652
44,1.4666666666666666,225.0,0.03447746226871579,2000.0,P4,0.03447746226871579,impact_decay,410.0092538697196,239.91312228669867,362.0526475875744,240.3010278942956,225.2267247853156,0.2679299016720121,2001.8092714309869,0.2267247853156107,0.2334524394032963,1.8092714309868825,6.467357759764401,0.3702536809435344,-0.045383536794214585,3.338596266584318,3.3593708465894228
45,1.5,225.0,0.45845030006460674,2000.0,P4,0.45845030006460674,impact_decay,410.1149345715795,240.13861296225073,361.888713544666,240.28976617725678,224.23054829407002,0.5329620941278119,1990.6182734989104,-0.7694517059299812,0.07451179406320518,-9.381726501089588,6.467357759764401,-0.6259228103020575,-0.20432418213430648,-7.8524016654921525,7.879958099640201
46,1.5333333333333332,225.0,0.7655821648099624,2000.0,P4,0.7655821648099624,impact_decay,410.0517027502553,240.21394222667126,362.0280746207404,240.18302299738008,225.01849077107855,0.4959623907358087,1999.0159762257408,0.018490771078546686,-0.2696197740741537,-0.9840237742591853,6.467357759764401,0.1620196667064704,-0.5484557502716649,0.5453010613382503,0.7901944886560225
47,1.5666666666666667,225.0,0.9157455260157593,2000.0,P4,0.9157455260157593,impact_decay,410.04011550145384,240.41007964054288,361.9690640498398,240.34025733441163,224.76757837441272,0.9365349187352249,1997.0438845151043,-0.2324216255872784,0.02078939271946556,-2.9561154848956903,6.467357759764401,-0.08889272995935471,-0.25804658347804565,-1.4267906492982547,1.4526601507610972
48,1.6,225.0,0.8988224374412846,2000.0,P4,0.8988224374412846,impact_decay,409.9529663888765,240.58547128233613,361.9227771809071,240.575377385349,224.74106689826309,1.4501487752214202,1998.7429066787313,-0.25893310173691475,0.5513263377801355,-1.2570933212687123,6.467357759764401,-0.11540420610899105,0.2724903615826242,0.2722315143287233,0.40209342861676517
49,1.6333333333333333,225.0,0.7335369752490296,2000.0,P4,0.7335369752490296,impact_decay,410.0414835287853,240.49208148324774,361.7868892416468,240.33601596010217,223.91604379307876,1.0296604097408493,1989.4478039234887,-1.0839562069212434,0.29612343449181966,-10.552196076511336,6.467357759764401,-0.9404273112933197,0.017287458294308333,-9.0228712409139,9.071764316501605
50,1.6666666666666667,225.0,0.4615863551090311,2000.0,P4,0.4615863551090311,impact_decay,410.1072349916851,240.1105899676255,362.0370655637451,240.1198314810402,224.93925707060896,0.28760636967201814,1997.0805414374968,-0.06074292939103998,-0.17397998543701299,-2.919458562503223,6.467357759764401,0.08278596623688372,-0.45281596163452376,-1.3901337269057876,1.464365934456872
51,1.7,225.0,0.13849736925623066,2000.0,P4,0.13849736925623066,impact_decay,409.95727021500426,240.10415664108945,362.0167149284905,240.15351816607227,225.17203531537868,0.32249289348648336,2002.4799272268622,0.1720353153786789,0.1839955242302527,2.4799272268621735,6.467357759764401,0.3155642110066026,-0.09484045196725877,4.009252062459609,4.022769889383955
52,1.7333333333333334,225.0,-0.17695458232426306,2000.0,P4,-0.17695458232426306,impact_decay,410.0068392969774,239.9347480908312,362.0170763072698,239.97587655656696,225.0650978545453,-0.11174302210314824,2000.4266281874122,0.06509785454528583,0.06521156022111482,0.4266281874122342,6.467357759764401,0.20862675017320953,-0.2136244159763967,1.9559530230096698,1.9786138431259792
53,1.7666666666666666,225.0,-0.43286159412533176,2000.0,P4,-0.43286159412533176,impact_decay,409.96800131332606,239.62466155899295,362.07746990926086,239.599664595917,225.43412730035885,-0.9718086082986888,2004.57161569323,0.4341273003588526,-0.538947014173357,4.571615693229887,6.467357759764401,0.5776561959867763,-0.8177829903708682,6.100940528827323,6.182550528413791
54,1.8,225.0,-0.5921908086708367,2000.0,P4,-0.5921908086708367,impact_decay,409.97479586424816,239.5151301577475,362.16528769925014,240.01784580406007,225.83318802679,-0.5861058985153241,2007.9680477132747,0.8331880267899976,0.006084910155512602,7.9680477132747,6.467357759764401,0.9767169224179213,-0.27275106604199895,9.497372548872136,9.551358773631874
55,1.8333333333333333,225.0,-0.6375479777576301,2000.0,P4,-0.6375479777576301,impact_decay,410.0415706915584,239.66380508048286,362.10965622060525,239.85831196015545,225.42367283164995,-0.598202194182965,2002.840816929908,0.4236728316499523,0.039345783574665005,2.8408169299079873,6.467357759764401,0.567201727277876,-0.23949019262284654,4.370141765505423,4.41329949158273
56,1.8666666666666667,225.0,-0.5722109151164947,2000.0,P4,-0.5722109151164947,impact_decay,409.9200139784019,239.74659672421578,361.84255320148054,239.75787493983037,224.43784472216262,-0.6184124467635062,1996.777667352633,-0.5621552778373768,-0.04620153164701146,-3.2223326473670113,6.467357759764401,-0.41862638220945314,-0.3250375078445229,-1.6930078117695757,1.774027305342384
57,1.9,225.0,-0.41761537074102295,2000.0,P4,-0.41761537074102295,impact_decay,410.0304856950951,239.67285069382274,361.9092107417114,239.76730353759768,224.50897714391445,-0.6980435541314934,1994.9595861027508,-0.4910228560855501,-0.2804281833904705,-5.040413897249209,6.467357759764401,-0.34749396045762637,-0.5592641595879817,-3.5110890616517736,3.572292660408006
58,1.9333333333333333,225.0,-0.20805041747943445,2000.0,P4,-0.20805041747943445,impact_decay,409.80450044373106,239.7975900451499,362.10811801326,239.82690101499713,225.9404067520245,-0.4723741135581642,2012.7312594434923,0.9404067520245007,-0.26432369607872974,12.731259443492263,6.467357759764401,1.0839356476524244,-0.5431596722762411,14.260584279089699,14.312030006217118
59,1.9666666666666666,225.0,0.016285999999131554,2000.0,P4,0.016285999999131554,impact_decay,409.77172792321795,239.89841732741309,361.98545423327863,239.7931285883219,225.43308858357906,-0.38729206963779533,2008.9450598361118,0.4330885835790639,-0.4035780696369269,8.945059836111795,6.467357759764401,0.5766174792069876,-0.6824140458344381,10.474384671709231,10.51241698650774
60,2.0,225.0,0.216556587844602,2000.0,P4,0.216556587844602,impact_decay,410.177866130025,239.96849273847002,361.9822867636964,240.09668681484877,224.52980041661826,0.08114381407093242,1991.8838819826203,-0.47019958338174206,-0.13541277377366956,-8.116118017379677,6.467357759764401,-0.32667068775381836,-0.4142487499711809,-6.586793181782241,6.607886211540213
61,2.033333333333333,225.0,0.3616354080312852,2000.0,P4,0.3616354080312852,impact_decay,410.07282931259857,239.99130072963322,361.9212020592363,240.06416837223014,224.4729845180042,0.06911803988684938,1993.7020769664753,-0.5270154819957895,-0.2925173681444358,-6.297923033524739,6.467357759764401,-0.3834865863678658,-0.5713533443419476,-4.768598197927304,4.817990803155434
62,2.0666666666666664,225.0,0.43256755731207114,2000.0,P4,0.43256755731207114,impact_decay,410.03344264972964,240.1372796959842,362.2109084903685,240.03777349999106,225.91887349823818,0.2196285042647846,2007.4218212568423,0.9188734982381845,-0.21293905304728653,7.42182125684235,6.467357759764401,1.0624023938661082,-0.49177502924479777,8.951146092439785,9.027378240335407
63,2.1,225.0,0.42457365630041605,2000.0,P4,0.42457365630041605,impact_decay,409.9933127272811,240.2334207307744,361.88253744368774,240.079379341656,224.46525318901794,0.3900998012246172,1995.3949223755037,-0.5347468109820568,-0.034473855075798865,-4.605077624496289,6.467357759764401,-0.3912179153541331,-0.3133098312733096,-3.0757527888988534,3.116323110026561
64,2.1333333333333333,225.0,0.34649833230645527,2000.0,P4,0.34649833230645527,impact_decay,410.196353615251,240.16036816461647,362.1340320413643,240.3735589210219,225.19848701987047,0.6665434074502438,1997.4065034532841,0.1984870198704698,0.3200450751437885,-2.593496546715869,6.467357759764401,0.3420159154983935,0.04120909894627678,-1.0641717111184334,1.1185412406500275
65,2.1666666666666665,225.0,0.21803795535514406,2000.0,P4,0.21803795535514406,impact_decay,410.01390375344664,239.97838936297237,362.0371383892494,240.00701658988567,225.14374119289536,-0.01825139358831463,2000.9685762966235,0.14374119289536225,-0.23628934894345868,0.9685762966234961,6.467357759764401,0.28727008852328595,-0.5151253251409704,2.4979011322209317,2.5665907875452953
66,2.2,225.0,0.06542152487926381,2000.0,P4,0.06542152487926381,impact_decay,410.06521935616473,239.99865688702764,361.9521780682157,240.14521824621033,224.63402597793532,0.17942137031689492,1995.3009506764568,-0.3659740220646768,0.11399984543763111,-4.69904932354325,6.467357759764401,-0.22244512643675307,-0.16483613075988046,-3.169724487945814,3.1817929086857153
67,2.2333333333333334,225.0,-0.08358742604423816,2000.0,P4,-0.08358742604423816,impact_decay,410.0930212152851,239.96167849986534,361.8981395145317,240.12900940088971,224.32179437475747,0.11290148854654886,1991.912683163512,-0.6782056252425264,0.19648891459078702,-8.087316836488071,6.467357759764401,-0.5346767296146027,-0.08234706160672456,-6.557992000890636,6.58026742066705
68,2.2666666666666666,225.0,-0.20446933903096315,2000.0,P4,-0.20446933903096315,impact_decay,410.19463358463685,239.69651545965155,362.1583782557675,239.92606175910856,225.31639008687355,-0.4714223756850522,1998.4903489081341,0.31639008687355386,-0.26695303665408904,-1.5096510918658623,6.467357759764401,0.45991898250147756,-0.5457890128516008,0.019673743731573268,0.7140015218521141
69,2.3,225.0,-0.2797311308567565,2000.0,P4,-0.2797311308567565,impact_decay,409.9668391834305,239.98666019092119,362.07223952668375,239.97193169291762,225.4120668676162,-0.05187405233375612,2004.40134499161,0.41206686761620404,0.22785707852300038,4.4013449916099034,6.467357759764401,0.5555957632441277,-0.05097889767451047,5.930669827207339,5.956855722567943
70,2.3333333333333335,225.0,-0.301156340460377,2000.0,P4,-0.301156340460377,impact_decay,409.96079142040696,239.79096982220383,362.1737659735525,239.7619815845615,225.9043090321121,-0.5613012176258219,2008.9134861426587,0.9043090321121099,-0.2601448771654449,8.913486142658712,6.467357759764401,1.0478379277400336,-0.5389808533629559,10.442810978256148,10.509080160065842
71,2.3666666666666667,225.0,-0.2702932974143599,2000.0,P4,-0.2702932974143599,impact_decay,409.97027364458336,239.73760195684645,362.13206269469464,239.84993091509799,225.68638187758884,-0.5173276102777925,2006.763972483658,0.6863818775888433,-0.24703431286343258,6.763972483658108,6.467357759764401,0.829910773216767,-0.5258702890609444,8.293297319255544,8.351291629322345
72,2.4,225.0,-0.19726753304859787,2000.0,P4,-0.19726753304859787,impact_decay,410.0132994359839,240.19394491533663,361.9141617125126,239.93257211363346,224.56941948257622,0.15782031755156067,1995.877578566451,-0.43058051742377756,0.35508785060015857,-4.122421433549107,6.467357759764401,-0.28705162179585386,0.07625187440264725,-2.5930965979516714,2.610050372738825
73,2.433333333333333,225.0,-0.09827605850108952,2000.0,P4,-0.09827605850108952,impact_decay,410.12801841332066,239.83669858910787,361.9760355802302,239.85028450525164,224.6088649297199,-0.39003615697118144,1993.687369161458,-0.391135070280086,-0.29176009847009193,-6.312630838541963,6.467357759764401,-0.24760617465216228,-0.5705960746676029,-4.783306002944528,4.82357803046215
74,2.466666666666667,225.0,0.0076929616775307545,2000.0,P4,0.0076929616775307545,impact_decay,409.9023574986185,239.95782724000307,361.82141302900806,239.8977477730228,224.37751572284654,-0.18022730794871555,1996.6329813002105,-0.6224842771534611,-0.1879202696262463,-3.367018699789469,6.467357759764401,-0.4789553815255374,-0.46675624582375796,-1.8376938641920333,1.955601797145014
75,2.5,225.0,0.10229408887351131,2000.0,P4,0.10229408887351131,impact_decay,410.11229713696554,239.94907259579264,362.16237847420973,240.2603395765632,225.51602270095577,0.2620385893504029,2002.0886206146388,0.516022700955773,0.1597445004768916,2.088620614638785,6.467357759764401,0.6595515965836967,-0.1190914757206194,3.6179454502362205,3.6795000161748046
76,2.533333333333333,225.0,0.17082447104082843,2000.0,P4,0.17082447104082843,impact_decay,409.92282978135137,240.16724778223602,362.07268522833004,240.20092028620584,225.5111173907683,0.46165135520916806,2006.2635283326988,0.5111173907683053,0.2908268841683396,6.263528332698797,6.467357759764401,0.654646286396229,0.011990907970828246,7.792853168296233,7.820311121994506
77,2.5666666666666664,225.0,0.20433044587510454,2000.0,P4,0.20433044587510454,impact_decay,410.0966710962251,240.03993842876918,361.94221631779635,240.07310635884699,224.51921786470302,0.14085274727511146,1993.5850232189453,-0.4807821352969768,-0.06347769859999308,-6.414976781054747,6.467357759764401,-0.3372532396690531,-0.34231367479750396,-4.885651945457312,4.9092273660700885
78,2.6,225.0,0.20055439441127584,2000.0,P4,0.20055439441127584,impact_decay,409.875030251135,239.90695501913484,362.03161405815086,239.9593299070039,225.42294150941402,-0.16769087675313032,2006.545670381892,0.42294150941401654,-0.3682452711644062,6.545670381892023,6.467357759764401,0.5664704050419402,-0.6470812473619167,8.074995217489459,8.120661957190034
79,2.6333333333333333,225.0,0.16367422276211013,2000.0,P4,0.16367422276211013,impact_decay,409.92185052803137,239.81608897654198,361.88932087744854,240.07633444228802,224.65236892755104,-0.13437964759183824,1998.6453203031413,-0.3476310724489622,-0.29805387035394837,-1.3546796968587387,6.467357759764401,-0.20410217682103848,-0.5768898465514596,0.17464513873869691,0.6363650824191344
80,2.6666666666666665,225.0,0.10299383733780816,2000.0,P4,0.10299383733780816,impact_decay,410.0838324113416,239.9707579613014,361.9641889322987,239.9222882720861,224.64962519892555,-0.1333597989682983,1995.0272432101203,-0.3503748010744516,-0.23635363630610645,-4.972756789879668,6.467357759764401,-0.20684590544652792,-0.5151896125036179,-3.4434319542822323,3.4878975313508818
81,2.7,225.0,0.03090294018227841,2000.0,P4,0.03090294018227841,impact_decay,410.0538102675196,240.22124624870946,362.04321560582713,239.98292565542624,225.08483582732572,0.2551585456490513,1999.5584888255078,0.08483582732571904,0.22425560546677292,-0.4415111744922342,6.467357759764401,0.22836472295364274,-0.05458037073073818,1.0878136611052014,1.1128647828221994
82,2.7333333333333334,225.0,-0.039483904293011844,2000.0,P4,-0.039483904293011844,impact_decay,410.1311449069232,239.8555056508369,362.1141908431605,239.98362717348965,225.2482998885318,-0.2010129663629758,1999.2937825750505,0.24829988853178975,-0.16152906206996395,-0.7062174249495001,6.467357759764401,0.39182878415971345,-0.4403650382674753,0.8231074106479355,1.0124015865692544
83,2.7666666666666666,225.0,-0.09658447681929026,2000.0,P4,-0.09658447681929026,impact_decay,410.0971849911567,240.0908185603599,361.9664247171663,239.9756405052648,224.6310268298902,0.08284813825482797,1994.5664189435,-0.3689731701097969,0.17943261507411823,-5.433581056500088,6.467357759764401,-0.2254442744818732,-0.0994033611233931,-3.904256220902653,3.91202285110355
84,2.8,225.0,-0.13213562997715234,2000.0,P4,-0.13213562997715234,impact_decay,409.91655480450436,239.84056391187264,361.98077166529265,239.87245592927223,225.09252717931201,-0.3592057620652918,2002.679284072393,0.0925271793120146,-0.22707013208813948,2.679284072393102,6.467357759764401,0.2360560749399383,-0.5059061082856511,4.208608907990538,4.245474343502042
85,2.8333333333333335,225.0,-0.14225618237936766,2000.0,P4,-0.14225618237936766,impact_decay,409.9877360730485,239.76405295353456,361.9550599434148,240.0268851231241,224.81628541527598,-0.2611496067457659,1998.6392212445762,-0.18371458472401514,-0.11889342436639827,-1.3607787554237802,6.467357759764401,-0.04018568909609144,-0.39772940056391004,0.16854608017365535,0.4338333168660046
86,2.8666666666666667,225.0,-0.12767751312862305,2000.0,P4,-0.12767751312862305,impact_decay,410.16443316617614,239.6800011471569,362.0722827663676,240.09273363556298,224.97914204195322,-0.28353713567717503,1996.1672652945413,-0.020857958046775593,-0.15585962254855198,-3.8327347054587335,6.467357759764401,0.12267093758114811,-0.434695598746063,-2.303409869861298,2.3472761769912545
87,2.9,225.0,-0.09318258455389007,2000.0,P4,-0.09318258455389007,impact_decay,409.87625516902,239.93258866462392,361.8107175228666,239.91877809220875,224.38427087405773,-0.18553822603408054,1997.272987567753,-0.6157291259422664,-0.09235564148019047,-2.7270124322469655,6.467357759764401,-0.47220023031434266,-0.3711916176777015,-1.19768759664953,1.33985516146755
88,2.933333333333333,225.0,-0.04642232297113399,2000.0,P4,-0.04642232297113399,impact_decay,409.9746108913486,240.0000043180042,361.95364906733374,240.00063582152086,224.83833927623394,0.0007998251189454272,1999.126971920331,-0.16166072376606166,0.047222148090079415,-0.873028079668984,6.467357759764401,-0.018131828138137962,-0.2316138281074318,0.6562967559284516,0.6962033901127023
89,2.966666666666667,225.0,0.003633897787984737,2000.0,P4,0.003633897787984737,impact_decay,410.0303488725976,239.97757100983952,361.9494472817408,239.94407795461368,224.69715623235533,-0.0977740011455544,1996.6347690675527,-0.30284376764467424,-0.10140789893353913,-3.3652309324472753,6.467357759764401,-0.15931487201675054,-0.3802438751310504,-1.8359060968498397,1.8816263788198773
90,3.0,225.0,0.04832030612696386,2000.0,P4,0.04832030612696386,impact_decay,410.12710775457293,239.7801385952132,362.0875392576764,240.03923891196257,225.13217287669593,-0.22559213448621848,1998.3524764128815,0.13217287669593247,-0.2739124406131823,-1.647523587118485,6.467357759764401,0.2757017723238562,-0.5527484168106938,-0.11819875152104942,0.6288984213769173
91,3.033333333333333,225.0,0.08069176650936341,2000.0,P4,0.08069176650936341,impact_decay,409.9999816067849,239.95238374059088,361.8695965379613,240.18147904912905,224.39042191136258,0.16687518552253588,1994.5818549658852,-0.60957808863742,0.08618341901317247,-5.4181450341147865,6.467357759764401,-0.4660491930094963,-0.1926525571843385,-3.888820198517351,3.9213823320980823
92,3.0666666666666664,225.0,0.09651886833805763,2000.0,P4,0.09651886833805763,impact_decay,410.01481545244565,240.0632892475527,362.1114402670601,239.9744369080019,225.49095454440746,0.04725281476515489,2004.0341318266244,0.4909545444074581,-0.04926605357290274,4.034131826624389,6.467357759764401,0.6344834400353818,-0.328102029770414,5.5634566622218244,5.609123836218897
93,3.1,225.0,0.0947351879251162,2000.0,P4,0.0947351879251162,impact_decay,409.8980544324155,239.96623379885187,362.0929399758621,239.95570032621535,225.66134719499263,-0.09798015439686615,2008.153334133165,0.6613471949926293,-0.19271534232198234,8.15333413316489,6.467357759764401,0.804876090620553,-0.47155131851949417,9.682658968762325,9.727490471473287
94,3.1333333333333333,225.0,0.0773142283787029,2000.0,P4,0.0773142283787029,impact_decay,410.08861388956274,240.06995136858527,362.125856908398,240.00657141832843,225.39641834109958,0.09572775803967386,2001.5529857646939,0.39641834109957585,0.018413529660970956,1.552985764693858,6.467357759764401,0.5399472367274996,-0.26042244653654034,3.0823106002912937,3.1400639333901808
95,3.1666666666666665,225.0,0.04865084389682927,2000.0,P4,0.04865084389682927,impact_decay,409.92394591270846,240.24752708014753,361.9102394914308,239.97774599797123,224.74567753394192,0.28151094036482865,1999.428851859971,-0.25432246605808473,0.23286009646799938,-0.5711481400289813,6.467357759764401,-0.11079357043016103,-0.04597587972951178,0.9581766955684543,0.9656560343600862
96,3.2,225.0,0.014597515323464656,2000.0,P4,0.014597515323464656,impact_decay,410.2581739097079,239.84233073025447,361.9143775616182,240.02732087347337,224.04075474845587,-0.161776775612448,1985.7769252705853,-0.9592452515441323,-0.17637429093591264,-14.223074729414748,6.467357759764401,-0.8157163559162086,-0.45521026713342394,-12.693749893817312,12.728075106920132
97,3.2333333333333334,225.0,-0.01865087575964613,2000.0,P4,-0.01865087575964613,impact_decay,410.0337417023249,240.2730537553583,362.0195773602927,239.99654254290405,225.0179419874574,0.3368959307150795,1999.4097720209402,0.01794198745739095,0.35554680647472564,-0.5902279790598186,6.467357759764401,0.16147088308531465,0.07671083027721437,0.939096856537617,0.9559604089736168
98,3.2666666666666666,225.0,-0.04562327636342256,2000.0,P4,-0.04562327636342256,impact_decay,410.08764253111633,240.00646596478805,361.9377685013087,239.5724292995141,224.5180481352623,-0.5247423719398361,1993.7741443388777,-0.48195186473770946,-0.4791190955764135,-6.225855661122296,6.467357759764401,-0.33842296910978575,-0.7579550717739245,-4.69653082552486,4.769321523230964
99,3.3,225.0,-0.06241645202656971,2000.0,P4,-0.06241645202656971,impact_decay,409.97673853887125,239.91452605857663,362.0103793373297,239.76302797067243,225.0996039084719,-0.40334013453881806,2001.4026165239543,0.0996039084718916,-0.34092368251224836,1.4026165239542934,6.467357759764401,0.2431328040998153,-0.6197596587097598,2.931941359551729,3.0065754157917803
100,3.3333333333333335,225.0,-0.067197062476639,2000.0,P4,-0.067197062476639,impact_decay,409.9762401339362,239.91154775484168,362.0273010876711,240.09954775853686,225.18013480072824,0.013884160754418617,2002.1297029099117,0.18013480072823995,0.08108122323105761,2.129702909911657,6.467357759764401,0.32366369635616365,-0.1977547529664534,3.6590277455090927,3.678634145041487
101,3.3666666666666667,225.0,-0.06031058673911333,2000.0,P4,-0.06031058673911333,impact_decay,410.0832832863372,239.93136083365894,362.0306213452968,239.93233543034253,224.96139771855255,-0.17019294726976264,1997.8081571767696,-0.038602281447452924,-0.10988236053064931,-2.191842823230445,6.467357759764401,0.10492661418047078,-0.3887183367281599,-0.6625179876330094,0.7752687428301085
102,3.4,225.0,-0.04401633624121919,2000.0,P4,-0.04401633624121919,impact_decay,409.95067776153843,239.84798781472213,361.97988907250726,239.96751661155136,225.01362854853087,-0.23075989697703483,2001.2178377554865,0.013628548530874696,-0.18674356073581566,1.217837755486471,6.467357759764401,0.1571574441587984,-0.4655795369333271,2.7471625910839066,2.790764244667833
103,3.433333333333333,225.0,-0.021928352672104592,2000.0,P4,-0.021928352672104592,impact_decay,409.9944556834945,239.8912628168329,361.938592919412,239.92595900932375,224.72460282904055,-0.22820712782656766,1997.6750871024055,-0.27539717095945093,-0.20627877515446308,-2.3249128975944586,6.467357759764401,-0.13186827533152723,-0.4851147513519738,-0.795588061997023,0.9411088823352894
104,3.466666666666667,225.0,0.0017165317711235353,2000.0,P4,0.0017165317711235353,impact_decay,409.97979151678885,240.11716513250354,361.89670529095065,240.1335271903004,224.56077235468666,0.31282391677874116,1996.5440552629368,-0.4392276453133377,0.31110738500761764,-3.4559447370631915,6.467357759764401,-0.295698749685414,0.03227140881010637,-1.926619901465756,1.9494469572460866
105,3.5,225.0,0.02282489643258444,2000.0,P4,0.02282489643258444,impact_decay,410.04091164602255,240.06555996202823,361.9982610911939,240.11604435085852,224.9024409387504,0.2268038631907915,1998.2244638364323,-0.09755906124959779,0.20397896675820704,-1.7755361635677218,6.467357759764401,0.04596983437832591,-0.07485700943930418,-0.24621132797028622,0.261413112823092
106,3.533333333333333,225.0,0.03811609158061084,2000.0,P4,0.03811609158061084,impact_decay,410.03981217290135,240.02186248439855,361.97204344355123,240.0233150363786,224.78217205317094,0.05639228360869406,1997.1802839496024,-0.21782794682906115,0.01827619202808322,-2.819716050397574,6.467357759764401,-0.07429905120113744,-0.2605597841694287,-1.2903912148001382,1.3185299531558563
107,3.5666666666666664,225.0,0.04559228511131215,2000.0,P4,0.04559228511131215,impact_decay,409.9857642710382,239.98382313291188,361.9809506410138,240.06998355811848,224.9418514913402,0.06725161899983473,1999.7994307230138,-0.058148508659797926,0.021659333888522578,-0.2005692769862435,6.467357759764401,0.08538038696812578,-0.2571766423089885,1.328755558611192,1.356105073498471
108,3.6,225.0,0.04474973414345934,2000.0,P4,0.04474973414345934,impact_decay,410.08487186173136,239.8966781977834,362.09242067561655,240.0446996850444,225.24760031957905,-0.0732891707242081,2000.3145199142814,0.2476003195790497,-0.11803890486766744,0.3145199142813908,6.467357759764401,0.3911292152069734,-0.39687488106517854,1.8438447498788264,1.926202272832382
109,3.6333333333333333,225.0,0.03652065553707942,2000.0,P4,0.03652065553707942,impact_decay,410.1498973420885,240.01841830545007,361.9246650625023,239.9274067733963,224.32214651098778,-0.06740237604096785,1990.6591283296366,-0.6778534890122216,-0.10392303157804728,-9.340871670363413,6.467357759764401,-0.5343245933842979,-0.38275900777555805,-7.811546834765977,7.839149901671162
110,3.6666666666666665,225.0,0.022981031419486486,2000.0,P4,0.022981031419486486,impact_decay,409.9162927515944,239.95450421838473,362.18550090545057,239.97788324862853,226.05858207737228,-0.08499234602923976,2011.2802702536612,1.0585820773722787,-0.10797337744872625,11.280270253661229,6.467357759764401,1.2021109730002024,-0.38680935364623714,12.809595089258664,12.871690588972196
111,3.6999999999999997,225.0,0.006895377991929154,2000.0,P4,0.006895377991929154,impact_decay,409.9243101721414,240.02066978230997,361.9674537901815,240.16655095877672,225.01301961180852,0.23423645874721796,2001.7992063462032,0.013019611808516629,0.2273410807552888,1.7992063462031638,6.467357759764401,0.15654850743644033,-0.05149489544222252,3.3285311818005994,3.3326084359936554
112,3.7333333333333334,225.0,-0.008810049888184988,2000.0,P4,-0.008810049888184988,impact_decay,409.91974270776745,240.1241701300299,362.12162657458924,240.0561608759537,225.74883622885372,0.2263658315640639,2008.4473431551412,0.7488362288537189,0.23517588145224888,8.447343155141198,6.467357759764401,0.8923651244816426,-0.043660094745262334,9.976667990738633,10.016592530231684
113,3.7666666666666666,225.0,-0.021550909780540528,2000.0,P4,-0.021550909780540528,impact_decay,409.9126101039325,239.7373039602495,361.95534610984174,240.25447512509828,224.98179349402744,-0.01028529774430463,2001.7814792116953,-0.018206505972557352,0.011265612036235897,1.7814792116953413,6.467357759764401,0.12532238965536635,-0.26757036416127544,3.310804047292777,3.3239619493454735
114,3.8,225.0,-0.029483444278115646,2000.0,P4,-0.029483444278115646,impact_decay,409.91827188394075,239.7636471284015,362.04393580512357,240.0493614579358,225.3857267375075,-0.2343527819862741,2005.249503310102,0.38572673750749686,-0.20486933770815846,5.249503310102,6.467357759764401,0.5292556331354206,-0.48370531390566995,6.7788281456994355,6.816640916524282
115,3.8333333333333335,225.0,-0.03174164475641254,2000.0,P4,-0.03174164475641254,impact_decay,409.99554252699676,240.1057208040249,361.9808697529114,239.82917896290715,224.9200905084116,-0.08135041731309832,1999.3886001206902,-0.07990949158840976,-0.049608772556685776,-0.611399879309829,6.467357759764401,0.06361940403951394,-0.3284447487541966,0.9179249562876066,0.9769900751441413
116,3.8666666666666667,225.0,-0.02848870395174292,2000.0,P4,-0.02848870395174292,impact_decay,410.0724217473243,239.83905746546668,361.85076906444095,240.03410606352344,224.14599527324677,-0.15781682152375426,1990.8068138605436,-0.8540047267532316,-0.12932811757201135,-9.19318613945643,6.467357759764401,-0.7104758311253079,-0.408164093769523,-7.663861303858994,7.7075381230872395
117,3.9,225.0,-0.020791845014554104,2000.0,P4,-0.020791845014554104,impact_decay,409.9147772687103,240.1905405366236,362.04380786206684,239.96485063364986,225.39282227923817,0.19476250067500386,2005.3906178113637,0.3928222792381746,0.21555434568955797,5.390617811363654,6.467357759764401,0.5363511748660983,-0.06328163050795332,6.91994264696109,6.940985764628166
118,3.933333333333333,225.0,-0.01035822035901127,2000.0,P4,-0.01035822035901127,impact_decay,410.03561065807696,239.99631719569183,361.86900176955953,239.83467446280733,224.3104370216685,-0.2105296686675149,1993.0819004655496,-0.6895629783315087,-0.20017144830850364,-6.918099534450448,6.467357759764401,-0.546034082703585,-0.4790074245060154,-5.3887746988530125,5.437508076978296
119,3.966666666666667,225.0,0.0008108321953960465,2000.0,P4,0.0008108321953960465,impact_decay,410.11807138376605,240.27454912726174,361.9633451814051,239.8375242808857,224.57125250659055,0.13964160239766038,1993.573239802747,-0.4287474934094462,0.13883077020226434,-6.426760197253088,6.467357759764401,-0.2852185977815225,-0.14000520599524613,-4.897435361655653,4.907731067185881
120,4.0,225.0,0.010781717644530592,2000.0,P4,0.010781717644530592,impact_decay,410.1449612993239,240.01989978639617,362.10050178985983,240.13318452742652,225.15385483585672,0.19117831271233188,1998.1491975711563,0.15385483585671977,0.18039659506780129,-1.8508024288437355,6.467357759764401,0.2973837314846435,-0.09843938112970907,-0.3214775932462999,0.44885993190344364
121,4.033333333333333,225.0,0.01800476678389396,2000.0,P4,0.01800476678389396,impact_decay,410.0396553436159,240.0761935247354,362.3162956349673,240.10540078310865,226.4039812136264,0.22830870515438562,2011.5934935610378,1.4039812136263947,0.21030393837049166,11.593493561037803,6.467357759764401,1.5475101092543184,-0.06853203782701911,13.122818396635239,13.213926246559776
122,4.066666666666666,225.0,0.02153627054961601,2000.0,P4,0.02153627054961601,impact_decay,409.93149822560457,239.8902460727149,361.9337173991545,239.91115940011534,224.8391404367547,-0.24825463634969738,2000.0924685751115,-0.16085956324531026,-0.2697909068993134,0.09246857511152484,6.467357759764401,-0.017330667617386553,-0.5486268830968246,1.6217934107089604,1.7121640330049
123,4.1,225.0,0.021138277653422813,2000.0,P4,0.021138277653422813,impact_decay,410.00586398580197,239.90255387615483,361.61408506766577,239.94194468342303,223.1929453440441,-0.19280312934810306,1983.8080337704744,-1.807054655955909,-0.21394140700152586,-16.191966229525633,6.467357759764401,-1.6635257603279854,-0.4927773831990372,-14.662641393928197,14.764931430643486
124,4.133333333333333,225.0,0.01725113615989235,2000.0,P4,0.01725113615989235,impact_decay,409.9931282926488,240.01764733704528,361.9802137190088,240.11510459525635,224.92230313071215,0.16589527898081913,1999.4620100423926,-0.07769686928784836,0.14864414282092678,-0.5379899576073512,6.467357759764401,0.06583202634007534,-0.13019183337658458,0.9913348779900844,1.002012280109187
125,4.166666666666667,225.0,0.01085547059005567,2000.0,P4,0.01085547059005567,impact_decay,410.2617359294797,239.90919190622088,362.0683789758788,240.0701216889377,224.748986318752,-0.025754260232020855,1991.975709432107,-0.25101368124799706,-0.036609730822076525,-8.024290567893104,6.467357759764401,-0.10748478562007335,-0.3154457070195882,-6.494965732295668,6.503509732207055
126,4.2,225.0,0.003257145931893836,2000.0,P4,0.003257145931893836,impact_decay,409.9863835834603,239.98293323687224,362.023884292133,240.0751948461257,225.14185306075916,0.07271691425354744,2001.5637265686405,0.1418530607591606,0.0694597683216536,1.5637265686405044,6.467357759764401,0.2853819563870843,-0.20937620787585765,3.09305140423794,3.1132375827607643
127,4.233333333333333,225.0,-0.004161572895158301,2000.0,P4,-0.004161572895158301,impact_decay,410.0488928039952,240.11536270879813,362.1618466003751,239.87927851528553,225.6532315941202,-0.0067142695443367815,2004.7173473381708,0.6532315941202,-0.00255269664917848,4.717347338170839,6.467357759764401,0.7967604897481237,-0.2813886728466892,6.246672173768275,6.303564079928192
128,4.266666666666667,225.0,-0.010179928961466543,2000.0,P4,-0.010179928961466543,impact_decay,409.94516227742605,239.90409807977682,361.9488722626804,239.84068548002398,224.88028638684636,-0.31904520832690036,2000.1545830385203,-0.11971361315363538,-0.30886527936543384,0.1545830385202862,6.467357759764401,0.023815282474288324,-0.5877012555629451,1.6839078741177218,1.7836775667102105
129,4.3,225.0,-0.013926992936585282,2000.0,P4,-0.013926992936585282,impact_decay,409.81656297656855,239.8908763920295,362.180971724271,240.13942357869828,226.25912304054253,0.03816470155634537,2015.2996708664828,1.2591230405425335,0.05209169449293065,15.299670866482757,6.467357759764401,1.4026519361704572,-0.2267442817045806,16.828995702080192,16.88887035191999
130,4.333333333333333,225.0,-0.01499369131191649,2000.0,P4,-0.01499369131191649,impact_decay,410.059975908601,239.99910601789966,362.084107926397,239.86000040104605,225.26318797409354,-0.17620556010735133,2001.0059504327476,0.26318797409354033,-0.16121186879543484,1.005950432747568,6.467357759764401,0.40671686972146404,-0.4400478449929457,2.5352752683450035,2.605125986258782
131,4.366666666666666,225.0,-0.013457110877744139,2000.0,P4,-0.013457110877744139,impact_decay,409.8864710280363,239.95294048478786,362.0193358168486,239.96838367771826,225.33992214142145,-0.09861777245721522,2005.5513985384723,0.3399221414214537,-0.08516066157947108,5.551398538472313,6.467357759764401,0.4834510370493774,-0.36399663777698255,7.080723374069748,7.106536565559538
132,4.4,225.0,-0.009821372154650303,2000.0,P4,-0.009821372154650303,impact_decay,410.0035187825356,240.05238446763377,362.00903673875314,239.97503920485752,225.03466545209182,0.034283531542890155,2000.229923962741,0.03466545209181504,0.04410490369754046,0.22992396274094062,6.467357759764401,0.17819434771973874,-0.2347310724999705,1.7592487983383762,1.783762382272726
133,4.433333333333334,225.0,-0.004892876843517863,2000.0,P4,-0.004892876843517863,impact_decay,409.9336564944794,239.970042799602,362.0581324930646,239.9538984098998,225.41870825501488,-0.0953206784429495,2005.1999840439912,0.4187082550148773,-0.09042780159943165,5.199984043991208,6.467357759764401,0.562237150642801,-0.3692637777969434,6.729308879588643,6.762844397741706
134,4.466666666666667,225.0,0.0003830100089906563,2000.0,P4,0.0003830100089906563,impact_decay,409.7966928161802,239.87142435789698,362.09554388715924,240.02714196962725,225.89818488554198,-0.12758644870755348,2012.5300705379582,0.8981848855419798,-0.12796945871654414,12.530070537958181,6.467357759764401,1.0417137811699035,-0.4068054349140553,14.059395373555617,14.103802910339892
135,4.5,225.0,0.005092922796373885,2000.0,P4,0.005092922796373885,impact_decay,410.1808661089977,239.75739560469466,361.96723308781634,239.9895315825208,224.45318602507754,-0.3149393014056402,1991.1379109860482,-0.5468139749224576,-0.3200322242020141,-8.862089013951845,6.467357759764401,-0.40328507929453394,-0.5988682003995249,-7.3327641783544095,7.368223155686111
136,4.533333333333333,225.0,0.008504849618613912,2000.0,P4,0.008504849618613912,impact_decay,409.9622325264669,240.0279090469155,361.9507408299569,240.09439694262167,224.85174881135435,0.1528458933172252,1999.5212811404472,-0.14825118864564502,0.14434104369861128,-0.4787188595528278,6.467357759764401,-0.004722293017721313,-0.13449493249890043,1.0506059760446078,1.0591903057618455
137,4.566666666666666,225.0,0.010173013878419953,2000.0,P4,0.010173013878419953,impact_decay,409.95814648200616,239.91371444761273,361.9696493479066,240.03703895424457,224.94927142403998,-0.06157300222682939,2000.4793569593635,-0.050728575960022226,-0.07174601610524935,0.47935695936348566,6.467357759764401,0.09280031966790148,-0.3505819923027609,2.0086817949609213,2.0411570704051334
138,4.6,225.0,0.009985015346029759,2000.0,P4,0.009985015346029759,impact_decay,409.9931712124808,240.00343885737368,361.95612783327437,239.83795456879147,224.80943010898042,-0.1981053263167922,1998.45763699928,-0.1905698910195781,-0.20809034166282195,-1.542363000719888,6.467357759764401,-0.047040995391654405,-0.48692631786033314,-0.013038165122452483,0.48936702792711745
139,4.633333333333333,225.0,0.008148859718714218,2000.0,P4,0.008148859718714218,impact_decay,409.9908189950218,239.7933249466339,362.10130555225663,239.884957403315,225.4960938536897,-0.40307485799931503,2004.6142031923587,0.4960938536897004,-0.41122371771802924,4.614203192358673,6.467357759764401,0.6396227493176241,-0.6900596939155408,6.143528027956108,6.215161805849766
140,4.666666666666667,225.0,0.005127761221006067,2000.0,P4,0.005127761221006067,impact_decay,409.9835197733881,239.90644659929268,362.07593250465186,240.04902561287972,225.39273713540578,-0.05576710004018626,2003.8578990283222,0.39273713540578115,-0.060894861261192326,3.8578990283222083,6.467357759764401,0.5362660310337048,-0.3397308374587036,5.387223863919644,5.42449806506983
141,4.7,225.0,0.0015385667956231135,2000.0,P4,0.0015385667956231135,impact_decay,409.9387612675101,240.0259919767187,361.814849832644,239.89499681684978,224.26795549536814,-0.09850970460674047,1994.8502680323618,-0.7320445046318582,-0.10004827140236358,-5.149731967638218,6.467357759764401,-0.5885156090039345,-0.37888424759987416,-3.620407132040782,3.687445144927902
142,4.733333333333333,225.0,-0.0019657878424663693,2000.0,P4,-0.0019657878424663693,impact_decay,410.07163565206065,240.0994764388653,361.9425218010554,239.90745461822246,224.57500555146777,0.008640578971141092,1994.6345820164458,-0.4249944485322317,0.010606366813607462,-5.365417983554153,6.467357759764401,-0.28146555290430797,-0.26822960938390406,-3.836093147956717,3.8557464414328964
143,4.766666666666667,225.0,-0.0048086579506763675,2000.0,P4,-0.0048086579506763675,impact_decay,409.9444993329838,240.10138318782697,361.8678404740172,240.0808217493251,224.50270407838207,0.22739301115549876,1996.8109727223812,-0.49729592161793335,0.23220166910617512,-3.189027277618834,6.467357759764401,-0.35376702599000964,-0.046634307091335536,-1.6597024420213984,1.6976271862006387
144,4.8,225.0,-0.00657864564350325,2000.0,P4,-0.00657864564350325,impact_decay,410.1312267275005,240.12444852499706,361.9732224820527,240.04049005949918,224.5887745037473,0.20549678399285684,1993.4380696838548,-0.41122549625271176,0.21207542963636009,-6.561930316145208,6.467357759764401,-0.26769660062478806,-0.06676054656115138,-5.0326054805477725,5.040162335024804
145,4.833333333333333,225.0,-0.007082518277872895,2000.0,P4,-0.007082518277872895,impact_decay,410.1553807792066,239.9808791933705,361.95186769159653,240.0313037653157,224.4368715485713,0.01516440343006202,1991.5560816760985,-0.563128451428696,0.022246921707934915,-8.443918323901471,6.467357759764401,-0.41959955580077235,-0.25658905448957636,-6.914593488304035,6.932063533942013
146,4.866666666666666,225.0,-0.00635668907517361,2000.0,P4,-0.00635668907517361,impact_decay,409.9805314600422,240.08970080575065,361.91601877634815,239.99449265883146,224.64939529095233,0.10510057305052317,1997.3155532616722,-0.3506047090476727,0.11145726212569679,-2.684446738327779,6.467357759764401,-0.207075813419749,-0.16737871407181526,-1.1551219027303432,1.185412433119863
147,4.9,225.0,-0.004639287707878757,2000.0,P4,-0.004639287707878757,impact_decay,409.84721793692336,240.02155916422458,362.0650523373585,240.00318357881898,225.64205733814657,0.031069428592270867,2009.1178109734885,0.6420573381465715,0.03570871630014962,9.117810973488531,6.467357759764401,0.7855862337744952,-0.24312725989736172,10.647135809085967,10.678846264101843
148,4.933333333333334,225.0,-0.0023112313675588713,2000.0,P4,-0.0023112313675588713,impact_decay,409.9406817013717,239.95784363809878,361.948893521999,239.8775824995572,224.8901773973225,-0.20575252658423165,2000.3421991067669,-0.10982260267749666,-0.20344129521667279,0.34219910676688414,6.467357759764401,0.03370629295042704,-0.4822772714141843,1.8715239423643197,1.9329587030120579
149,4.966666666666667,225.0,0.00018092111761221994,2000.0,P4,0.00018092111761221994,impact_decay,409.80529276553506,239.9005064882095,362.0187419349144,240.0386384483557,225.5160668647186,-0.07640860594614765,2008.9333855503264,0.5160668647185958,-0.07658952706375988,8.93338555032642,6.467357759764401,0.6595957603465195,-0.3554255032612703,10.462710385923856,10.489504396069176
150,5.0,225.0,0.00240572638469926,2000.0,P4,0.00240572638469926,impact_decay,409.9977087090304,240.1002943751588,361.9711145353754,239.91494966273325,224.86967857583983,0.01904449515841138,1998.8924237438803,-0.13032142416017223,0.01663876877371212,-1.107576256119728,6.467357759764401,0.013207471467751475,-0.2621972074237995,0.4217485794777076,0.49678333021033894
