frame,timestamp_s,point_id,C_phy,C_phy_valid,R_phy,num_valid_evidence,available_evidence,missing_evidence,temporal_residual_mm,spatial_residual_mm,synchronous_motion_ratio,dominant_frequency_hz,transient_classification,allow_candidate_correction,flow_3d_value,flow_3d_valid,flow_3d_reliability,flow_3d_effective_weight,temporal_value,temporal_valid,temporal_reliability,temporal_effective_weight,spatial_value,spatial_valid,spatial_reliability,spatial_effective_weight,spectral_value,spectral_valid,spectral_reliability,spectral_effective_weight,phase_value,phase_valid,phase_reliability,phase_effective_weight,coherence_value,coherence_valid,coherence_reliability,coherence_effective_weight
0,0.0,P1,,False,,0,,flow_3d|temporal|spatial|spectral|phase|coherence,,,,,undetermined,False,,False,0.0,0.0,,False,0.0,0.0,,False,0.0,0.0,,False,0.0,0.0,,False,0.0,0.0,,False,0.0,0.0
0,0.0,P2,,False,,0,,flow_3d|temporal|spatial|spectral|phase|coherence,,,,,undetermined,False,,False,0.0,0.0,,False,0.0,0.0,,False,0.0,0.0,,False,0.0,0.0,,False,0.0,0.0,,False,0.0,0.0
0,0.0,P3,,False,,0,,flow_3d|temporal|spatial|spectral|phase|coherence,,,,,undetermined,False,,False,0.0,0.0,,False,0.0,0.0,,False,0.0,0.0,,False,0.0,0.0,,False,0.0,0.0,,False,0.0,0.0
0,0.0,P4,,False,,0,,flow_3d|temporal|spatial|spectral|phase|coherence,,,,,undetermined,False,,False,0.0,0.0,,False,0.0,0.0,,False,0.0,0.0,,False,0.0,0.0,,False,0.0,0.0,,False,0.0,0.0
1,0.01,P1,0.9869087882195121,True,0.013091211780487888,1,spatial,flow_3d|temporal|spectral|phase|coherence,,0.19766485455706073,1.0,,undetermined,False,,False,0.0,0.0,,False,0.0,0.0,0.9869087882195121,True,1.0,1.0,,False,0.0,0.0,,False,0.0,0.0,,False,0.0,0.0
1,0.01,P2,0.9776734177960588,True,0.022326582203941236,1,spatial,flow_3d|temporal|spectral|phase|coherence,,0.33869390021681633,1.0,,undetermined,False,,False,0.0,0.0,,False,0.0,0.0,0.9776734177960588,True,1.0,1.0,,False,0.0,0.0,,False,0.0,0.0,,False,0.0,0.0
1,0.01,P3,0.9869087882195121,True,0.013091211780487888,1,spatial,flow_3d|temporal|spectral|phase|coherence,,0.1976648545570603,1.0,,undetermined,False,,False,0.0,0.0,,False,0.0,0.0,0.9869087882195121,True,1.0,1.0,,False,0.0,0.0,,False,0.0,0.0,,False,0.0,0.0
1,0.01,P4,0.9494778287880448,True,0.050522171211955236,1,spatial,flow_3d|temporal|spectral|phase|coherence,,0.7776464911493592,1.0,,undetermined,False,,False,0.0,0.0,,False,0.0,0.0,0.9494778287880448,True,1.0,1.0,,False,0.0,0.0,,False,0.0,0.0,,False,0.0,0.0
2,0.02,P1,0.9833046047364731,True,0.016695395263526924,2,temporal|spatial,flow_3d|spectral|phase|coherence,0.24198989165937324,0.2631075689066933,1.0,,undetermined,False,,False,0.0,0.0,0.9839967749314357,True,1.0,0.5,0.9826124345415106,True,1.0,0.5,,False,0.0,0.0,,False,0.0,0.0,,False,0.0,0.0
2,0.02,P2,0.9659243338306642,True,0.03407566616933577,2,temporal|spatial,flow_3d|spectral|phase|coherence,0.6637099151435457,0.37774630019639743,1.0,,undetermined,False,,False,0.0,0.0,0.9567173055409722,True,1.0,0.5,0.9751313621203562,True,1.0,0.5,,False,0.0,0.0,,False,0.0,0.0,,False,0.0,0.0
2,0.02,P3,0.9539878114015987,True,0.04601218859840128,2,temporal|spatial,flow_3d|spectral|phase|coherence,1.1635347385868808,0.2631075689066933,1.0,,undetermined,False,,False,0.0,0.0,0.9253631882616868,True,1.0,0.5,0.9826124345415106,True,1.0,0.5,,False,0.0,0.0,,False,0.0,0.0,,False,0.0,0.0
2,0.02,P4,0.8948747392881526,True,0.10512526071184736,2,temporal|spatial,flow_3d|spectral|phase|coherence,1.6286775413402879,1.703561717366518,1.0,,undetermined,False,,False,0.0,0.0,0.8971084665655277,True,1.0,0.5,0.8926410120107777,True,1.0,0.5,,False,0.0,0.0,,False,0.0,0.0,,False,0.0,0.0
3,0.03,P1,0.9571153056408264,True,0.042884694359173636,2,temporal|spatial,flow_3d|spectral|phase|coherence,0.460292126680411,0.8572766553216855,1.0,,undetermined,False,,False,0.0,0.0,0.9697798987100441,True,1.0,0.5,0.9444507125716085,True,1.0,0.5,,False,0.0,0.0,,False,0.0,0.0,,False,0.0,0.0
3,0.03,P2,0.9534478680566639,True,0.04655213194333607,2,temporal|spatial,flow_3d|spectral|phase|coherence,0.8932337879182217,0.5389737253735802,1.0,,undetermined,False,,False,0.0,0.0,0.9421894413152598,True,1.0,0.5,0.964706294798068,True,1.0,0.5,,False,0.0,0.0,,False,0.0,0.0,,False,0.0,0.0
3,0.03,P3,0.9399184475579478,True,0.060081552442052155,2,temporal|spatial,flow_3d|spectral|phase|coherence,1.3303273695622906,0.5389737253735802,1.0,,undetermined,False,,False,0.0,0.0,0.9151306003178276,True,1.0,0.5,0.964706294798068,True,1.0,0.5,,False,0.0,0.0,,False,0.0,0.0,,False,0.0,0.0
3,0.03,P4,0.8766034742892881,True,0.12339652571071191,2,temporal|spatial,flow_3d|spectral|phase|coherence,1.6544684840302626,2.303568988301377,1.0,,undetermined,False,,False,0.0,0.0,0.8955673070072774,True,1.0,0.5,0.8576396415712988,True,1.0,0.5,,False,0.0,0.0,,False,0.0,0.0,,False,0.0,0.0
4,0.04,P1,0.9340128761457794,True,0.06598712385422056,2,temporal|spatial,flow_3d|spectral|phase|coherence,0.6335377612981459,1.424848895360971,1.0,,undetermined,False,,False,0.0,0.0,0.9586436570792528,True,1.0,0.5,0.9093820952123061,True,1.0,0.5,,False,0.0,0.0,,False,0.0,0.0,,False,0.0,0.0
4,0.04,P2,0.9437045988821194,True,0.05629540111788056,2,temporal|spatial,flow_3d|spectral|phase|coherence,1.0353217140057218,0.7047620127052898,1.0,,undetermined,False,,False,0.0,0.0,0.9333066626752057,True,1.0,0.5,0.9541025350890332,True,1.0,0.5,,False,0.0,0.0,,False,0.0,0.0,,False,0.0,0.0
4,0.04,P3,0.9335023542771058,True,0.06649764572289418,2,temporal|spatial,flow_3d|spectral|phase|coherence,1.366898288669141,0.7047620127052898,1.0,,undetermined,False,,False,0.0,0.0,0.9129021734651784,True,1.0,0.5,0.9541025350890332,True,1.0,0.5,,False,0.0,0.0,,False,0.0,0.0,,False,0.0,0.0
4,0.04,P4,0.8717137981397782,True,0.12828620186022177,2,temporal|spatial,flow_3d|spectral|phase|coherence,1.5183085241435847,2.6207675111075304,1.0,,undetermined,False,,False,0.0,0.0,0.9037336759216842,True,1.0,0.5,0.8396939203578723,True,1.0,0.5,,False,0.0,0.0,,False,0.0,0.0,,False,0.0,0.0
5,0.05,P1,0.9176782778344434,True,0.08232172216555655,2,temporal|spatial,flow_3d|spectral|phase|coherence,0.7447683057228769,1.8529469980163178,1.0,,undetermined,False,,False,0.0,0.0,0.9515612518004091,True,1.0,0.5,0.8837953038684778,True,1.0,0.5,,False,0.0,0.0,,False,0.0,0.0,,False,0.0,0.0
5,0.05,P2,0.939370083014059,True,0.060629916985941,2,temporal|spatial,flow_3d|spectral|phase|coherence,1.076065137215787,0.8015632838677265,1.0,,undetermined,False,,False,0.0,0.0,0.9307750285902044,True,1.0,0.5,0.9479651374379134,True,1.0,0.5,,False,0.0,0.0,,False,0.0,0.0,,False,0.0,0.0
5,0.05,P3,0.9334020000031655,True,0.06659799999683447,2,temporal|spatial,flow_3d|spectral|phase|coherence,1.2696676795406603,0.8015632838677265,1.0,,undetermined,False,,False,0.0,0.0,0.9188388625684175,True,1.0,0.5,0.9479651374379134,True,1.0,0.5,,False,0.0,0.0,,False,0.0,0.0,,False,0.0,0.0
5,0.05,P4,0.878680253908639,True,0.12131974609136098,2,temporal|spatial,flow_3d|spectral|phase|coherence,1.2335259472362274,2.681427049965534,1.0,,undetermined,False,,False,0.0,0.0,0.921055427058878,True,1.0,0.5,0.8363050807584,True,1.0,0.5,,False,0.0,0.0,,False,0.0,0.0,,False,0.0,0.0
6,0.06,P1,0.9092552852880158,True,0.0907447147119842,2,temporal|spatial,flow_3d|spectral|phase|coherence,0.7830957392775417,2.099665738264954,1.0,,undetermined,False,,False,0.0,0.0,0.9491329620818945,True,1.0,0.5,0.8693776084941373,True,1.0,0.5,,False,0.0,0.0,,False,0.0,0.0,,False,0.0,0.0
6,0.06,P2,0.9407992148480986,True,0.059200785151901414,2,temporal|spatial,flow_3d|spectral|phase|coherence,1.011475807408507,0.8199019559853982,1.0,,undetermined,False,,False,0.0,0.0,0.9347915455420711,True,1.0,0.5,0.9468068841541262,True,1.0,0.5,,False,0.0,0.0,,False,0.0,0.0,,False,0.0,0.0
6,0.06,P3,0.9396577552302507,True,0.060342244769749254,2,temporal|spatial,flow_3d|spectral|phase|coherence,1.0481531516438505,0.8199019559853982,1.0,,undetermined,False,,False,0.0,0.0,0.9325086263063754,True,1.0,0.5,0.9468068841541262,True,1.0,0.5,,False,0.0,0.0,,False,0.0,0.0,,False,0.0,0.0
6,0.06,P4,0.8969646054410285,True,0.10303539455897148,2,temporal|spatial,flow_3d|spectral|phase|coherence,0.8279972561327313,2.4796098265720863,1.0,,undetermined,False,,False,0.0,0.0,0.9462960429530343,True,1.0,0.5,0.8476331679290228,True,1.0,0.5,,False,0.0,0.0,,False,0.0,0.0,,False,0.0,0.0
7,0.07,P1,0.9092774459351385,True,0.09072255406486152,2,temporal|spatial,flow_3d|spectral|phase|coherence,0.7447683057228787,2.140854566820798,1.0,,undetermined,False,,False,0.0,0.0,0.951561251800409,True,1.0,0.5,0.8669936400698679,True,1.0,0.5,,False,0.0,0.0,,False,0.0,0.0,,False,0.0,0.0
7,0.07,P2,0.9478830521803124,True,0.052116947819687565,2,temporal|spatial,flow_3d|spectral|phase|coherence,0.8478761782057394,0.7579829120583814,1.0,,undetermined,False,,False,0.0,0.0,0.9450427838980402,True,1.0,0.5,0.9507233204625847,True,1.0,0.5,,False,0.0,0.0,,False,0.0,0.0,,False,0.0,0.0
7,0.07,P3,0.9518002763590292,True,0.048199723640970804,2,temporal|spatial,flow_3d|spectral|phase|coherence,0.7240380903517059,0.7579829120583814,1.0,,undetermined,False,,False,0.0,0.0,0.9528772322554737,True,1.0,0.5,0.9507233204625847,True,1.0,0.5,,False,0.0,0.0,,False,0.0,0.0,,False,0.0,0.0
7,0.07,P4,0.9253126715768134,True,0.0746873284231866,2,temporal|spatial,flow_3d|spectral|phase|coherence,0.34141842460286065,2.035071116896224,1.0,,undetermined,False,,False,0.0,0.0,0.9774958542511957,True,1.0,0.5,0.8731294889024312,True,1.0,0.5,,False,0.0,0.0,,False,0.0,0.0,,False,0.0,0.0
8,0.08,P1,0.9177120028682928,True,0.0822879971317072,2,temporal|spatial,flow_3d|spectral|phase|coherence,0.6335377612981441,1.972481634165364,1.0,,undetermined,False,,False,0.0,0.0,0.9586436570792529,True,1.0,0.5,0.8767803486573326,True,1.0,0.5,,False,0.0,0.0,,False,0.0,0.0,,False,0.0,0.0
8,0.08,P2,0.9600486143010083,True,0.039951385698991704,2,temporal|spatial,flow_3d|spectral|phase|coherence,0.601280521179488,0.6218672195216035,1.0,,undetermined,False,,False,0.0,0.0,0.9607074219048096,True,1.0,0.5,0.9593898066972069,True,1.0,0.5,,False,0.0,0.0,,False,0.0,0.0,,False,0.0,0.0
8,0.08,P3,0.9688460276342795,True,0.031153972365720484,2,temporal|spatial,flow_3d|spectral|phase|coherence,0.32904913610593245,0.6218672195216035,1.0,,undetermined,False,,False,0.0,0.0,0.9783022485713522,True,1.0,0.5,0.9593898066972069,True,1.0,0.5,,False,0.0,0.0,,False,0.0,0.0,,False,0.0,0.0
8,0.08,P4,0.9497909711605261,True,0.05020902883947387,2,temporal|spatial,flow_3d|spectral|phase|coherence,0.17858082112917995,1.391325467124334,1.0,,undetermined,False,,False,0.0,0.0,0.9881652006509072,True,1.0,0.5,0.9114167416701452,True,1.0,0.5,,False,0.0,0.0,,False,0.0,0.0,,False,0.0,0.0
9,0.09,P1,0.9339722647098121,True,0.0660277352901879,2,temporal|spatial,flow_3d|spectral|phase|coherence,0.4602921266804123,1.6110284560701662,1.0,,undetermined,False,,False,0.0,0.0,0.969779898710044,True,1.0,0.5,0.8981646307095803,True,1.0,0.5,,False,0.0,0.0,,False,0.0,0.0,,False,0.0,0.0
9,0.09,P2,0.9762717620704825,True,0.023728237929517504,2,temporal|spatial,flow_3d|spectral|phase|coherence,0.2958273373724605,0.4248788307343574,1.0,,undetermined,False,,False,0.0,0.0,0.980471380460273,True,1.0,0.5,0.972072143680692,True,1.0,0.5,,False,0.0,0.0,,False,0.0,0.0,,False,0.0,0.0
9,0.09,P3,0.9827751042066475,True,0.017224895793352513,2,temporal|spatial,flow_3d|spectral|phase|coherence,0.09814944020203153,0.4248788307343574,1.0,,undetermined,False,,False,0.0,0.0,0.9934780647326031,True,1.0,0.5,0.972072143680692,True,1.0,0.5,,False,0.0,0.0,,False,0.0,0.0,,False,0.0,0.0
9,0.09,P4,0.9578345839084199,True,0.04216541609158009,2,temporal|spatial,flow_3d|spectral|phase|coherence,0.6810993318433489,0.6113871866957696,1.0,,undetermined,False,,False,0.0,0.0,0.9556088311299015,True,1.0,0.5,0.9600603366869382,True,1.0,0.5,,False,0.0,0.0,,False,0.0,0.0,,False,0.0,0.0
10,0.1,P1,0.9633666214344923,True,0.036633378565507746,2,temporal|spatial,flow_3d|spectral|phase|coherence,0.24198989165937315,0.884527451478772,1.0,,undetermined,False,,False,0.0,0.0,0.9839967749314357,True,1.0,0.5,0.942736467937549,True,1.0,0.5,,False,0.0,0.0,,False,0.0,0.0,,False,0.0,0.0
10,0.1,P2,0.9980144019873016,True,0.001985598012698375,2,temporal|spatial,flow_3d|spectral|phase|coherence,0.03858348736684336,0.021048794830820672,1.0,,undetermined,False,,False,0.0,0.0,0.9974310728642165,True,1.0,0.5,0.9985977311103866,True,1.0,0.5,,False,0.0,0.0,,False,0.0,0.0,,False,0.0,0.0
10,0.1,P3,0.9701498674261964,True,0.029850132573803645,2,temporal|spatial,flow_3d|spectral|phase|coherence,0.5157404654556572,0.39364947821072027,1.0,,undetermined,False,,False,0.0,0.0,0.9662016707204616,True,1.0,0.5,0.9740980641319311,True,1.0,0.5,,False,0.0,0.0,,False,0.0,0.0,,False,0.0,0.0
10,0.1,P4,0.9634197099351736,True,0.03658029006482644,2,temporal|spatial,flow_3d|spectral|phase|coherence,1.1169470944586113,0.021048794830820672,1.0,,undetermined,False,,False,0.0,0.0,0.9282416887599605,True,1.0,0.5,0.9985977311103866,True,1.0,0.5,,False,0.0,0.0,,False,0.0,0.0,,False,0.0,0.0
11,0.11,P1,0.993454394109756,True,0.0065456058902439995,2,temporal|spatial,flow_3d|spectral|phase|coherence,0.0,0.19766485455705984,1.0,,undetermined,False,,False,0.0,0.0,1.0,True,1.0,0.5,0.9869087882195121,True,1.0,0.5,,False,0.0,0.0,,False,0.0,0.0,,False,0.0,0.0
11,0.11,P2,0.9766796924129411,True,0.02332030758705894,2,temporal|spatial,flow_3d|spectral|phase|coherence,0.3692174915357169,0.33869390021681545,1.0,,undetermined,False,,False,0.0,0.0,0.9756859670298234,True,1.0,0.5,0.9776734177960589,True,1.0,0.5,,False,0.0,0.0,,False,0.0,0.0,,False,0.0,0.0
11,0.11,P3,0.9648754315341148,True,0.035124568465885186,2,temporal|spatial,flow_3d|spectral|phase|coherence,0.882847220575373,0.1976648545570594,1.0,,undetermined,False,,False,0.0,0.0,0.9428420748487176,True,1.0,0.5,0.9869087882195121,True,1.0,0.5,,False,0.0,0.0,,False,0.0,0.0,,False,0.0,0.0
11,0.11,P4,0.9288661494505541,True,0.07113385054944588,2,temporal|spatial,flow_3d|spectral|phase|coherence,1.4434602932402463,0.7776464911493548,1.0,,undetermined,False,,False,0.0,0.0,0.9082544701130633,True,1.0,0.5,0.9494778287880451,True,1.0,0.5,,False,0.0,0.0,,False,0.0,0.0,,False,0.0,0.0
12,0.12,P1,0.9833046047364731,True,0.016695395263526924,2,temporal|spatial,flow_3d|spectral|phase|coherence,0.24198989165937324,0.2631075689066924,1.0,,undetermined,False,,False,0.0,0.0,0.9839967749314357,True,1.0,0.5,0.9826124345415106,True,1.0,0.5,,False,0.0,0.0,,False,0.0,0.0,,False,0.0,0.0
12,0.12,P2,0.9659243338306642,True,0.03407566616933577,2,temporal|spatial,flow_3d|spectral|phase|coherence,0.6637099151435439,0.37774630019639654,1.0,,undetermined,False,,False,0.0,0.0,0.9567173055409723,True,1.0,0.5,0.9751313621203562,True,1.0,0.5,,False,0.0,0.0,,False,0.0,0.0,,False,0.0,0.0
12,0.12,P3,0.9539878114015988,True,0.04601218859840117,2,temporal|spatial,flow_3d|spectral|phase|coherence,1.1635347385868773,0.2631075689066924,1.0,,undetermined,False,,False,0.0,0.0,0.9253631882616871,True,1.0,0.5,0.9826124345415106,True,1.0,0.5,,False,0.0,0.0,,False,0.0,0.0,,False,0.0,0.0
12,0.12,P4,0.8948747392881526,True,0.10512526071184736,2,temporal|spatial,flow_3d|spectral|phase|coherence,1.6286775413402879,1.703561717366519,1.0,,undetermined,False,,False,0.0,0.0,0.8971084665655277,True,1.0,0.5,0.8926410120107776,True,1.0,0.5,,False,0.0,0.0,,False,0.0,0.0,,False,0.0,0.0
13,0.13,P1,0.9571153056408261,True,0.04288469435917386,2,temporal|spatial,flow_3d|spectral|phase|coherence,0.46029212668041186,0.8572766553216864,1.0,,undetermined,False,,False,0.0,0.0,0.969779898710044,True,1.0,0.5,0.9444507125716084,True,1.0,0.5,,False,0.0,0.0,,False,0.0,0.0,,False,0.0,0.0
13,0.13,P2,0.953447868056664,True,0.04655213194333596,2,temporal|spatial,flow_3d|spectral|phase|coherence,0.89323378791822,0.5389737253735811,1.0,,undetermined,False,,False,0.0,0.0,0.94218944131526,True,1.0,0.5,0.964706294798068,True,1.0,0.5,,False,0.0,0.0,,False,0.0,0.0,,False,0.0,0.0
13,0.13,P3,0.9399184475579476,True,0.06008155244205238,2,temporal|spatial,flow_3d|spectral|phase|coherence,1.3303273695622941,0.5389737253735811,1.0,,undetermined,False,,False,0.0,0.0,0.9151306003178273,True,1.0,0.5,0.964706294798068,True,1.0,0.5,,False,0.0,0.0,,False,0.0,0.0,,False,0.0,0.0
13,0.13,P4,0.8766034742892884,True,0.12339652571071158,2,temporal|spatial,flow_3d|spectral|phase|coherence,1.6544684840302573,2.303568988301371,1.0,,undetermined,False,,False,0.0,0.0,0.8955673070072777,True,1.0,0.5,0.8576396415712991,True,1.0,0.5,,False,0.0,0.0,,False,0.0,0.0,,False,0.0,0.0
14,0.14,P1,0.9340128761457795,True,0.06598712385422045,2,temporal|spatial,flow_3d|spectral|phase|coherence,0.6335377612981441,1.424848895360971,1.0,,undetermined,False,,False,0.0,0.0,0.9586436570792529,True,1.0,0.5,0.9093820952123061,True,1.0,0.5,,False,0.0,0.0,,False,0.0,0.0,,False,0.0,0.0
14,0.14,P2,0.9437045988821195,True,0.05629540111788045,2,temporal|spatial,flow_3d|spectral|phase|coherence,1.03532171400572,0.7047620127052907,1.0,,undetermined,False,,False,0.0,0.0,0.9333066626752058,True,1.0,0.5,0.9541025350890332,True,1.0,0.5,,False,0.0,0.0,,False,0.0,0.0,,False,0.0,0.0
14,0.14,P3,0.9335023542771059,True,0.06649764572289407,2,temporal|spatial,flow_3d|spectral|phase|coherence,1.3668982886691392,0.7047620127052907,1.0,,undetermined,False,,False,0.0,0.0,0.9129021734651785,True,1.0,0.5,0.9541025350890332,True,1.0,0.5,,False,0.0,0.0,,False,0.0,0.0,,False,0.0,0.0
14,0.14,P4,0.8717137981397778,True,0.12828620186022222,2,temporal|spatial,flow_3d|spectral|phase|coherence,1.5183085241435954,2.6207675111075366,1.0,,undetermined,False,,False,0.0,0.0,0.9037336759216835,True,1.0,0.5,0.8396939203578719,True,1.0,0.5,,False,0.0,0.0,,False,0.0,0.0,,False,0.0,0.0
15,0.15,P1,0.9306764444921629,True,0.06932355550783709,3,temporal|spatial|spectral,flow_3d|phase|coherence,0.7447683057228787,1.852946998016317,1.0,6.25,undetermined,False,,False,0.0,0.0,0.951561251800409,True,1.0,0.42105263157894735,0.8837953038684779,True,1.0,0.42105263157894735,1.0,True,0.5,0.15789473684210525,,False,0.0,0.0,,False,0.0,0.0
15,0.15,P2,0.9489432278013128,True,0.051056772198687206,3,temporal|spatial|spectral,flow_3d|phase|coherence,1.076065137215787,0.8015632838677273,1.0,6.25,undetermined,False,,False,0.0,0.0,0.9307750285902044,True,1.0,0.42105263157894735,0.9479651374379134,True,1.0,0.42105263157894735,1.0,True,0.5,0.15789473684210525,,False,0.0,0.0,,False,0.0,0.0
15,0.15,P3,0.9439174736868761,True,0.05608252631312394,3,temporal|spatial|spectral,flow_3d|phase|coherence,1.2696676795406603,0.8015632838677273,1.0,6.25,undetermined,False,,False,0.0,0.0,0.9188388625684175,True,1.0,0.42105263157894735,0.9479651374379134,True,1.0,0.42105263157894735,1.0,True,0.5,0.15789473684210525,,False,0.0,0.0,,False,0.0,0.0
15,0.15,P4,0.8978360032914856,True,0.10216399670851439,3,temporal|spatial|spectral,flow_3d|phase|coherence,1.2335259472362203,2.6814270499655333,1.0,6.25,undetermined,False,,False,0.0,0.0,0.9210554270588784,True,1.0,0.42105263157894735,0.8363050807584,True,1.0,0.42105263157894735,1.0,True,0.5,0.15789473684210525,,False,0.0,0.0,,False,0.0,0.0
16,0.16,P1,0.924330140175023,True,0.07566985982497698,3,temporal|spatial|spectral,flow_3d|phase|coherence,0.7830957392775417,2.099665738264952,1.0,5.88235294117647,undetermined,False,,False,0.0,0.0,0.9491329620818945,True,1.0,0.41693811074918563,0.8693776084941374,True,1.0,0.41693811074918563,1.0,True,0.53125,0.16612377850162863,,False,0.0,0.0,,False,0.0,0.0
16,0.16,P2,0.9506338729677954,True,0.049366127032204554,3,temporal|spatial|spectral,flow_3d|phase|coherence,1.011475807408507,0.8199019559853982,1.0,5.88235294117647,undetermined,False,,False,0.0,0.0,0.9347915455420711,True,1.0,0.41693811074918563,0.9468068841541262,True,1.0,0.41693811074918563,1.0,True,0.53125,0.16612377850162863,,False,0.0,0.0,,False,0.0,0.0
16,0.16,P3,0.9496820369346717,True,0.05031796306532832,3,temporal|spatial|spectral,flow_3d|phase|coherence,1.0481531516438487,0.8199019559853982,1.0,5.88235294117647,undetermined,False,,False,0.0,0.0,0.9325086263063755,True,1.0,0.41693811074918563,0.9468068841541262,True,1.0,0.41693811074918563,1.0,True,0.53125,0.16612377850162863,,False,0.0,0.0,,False,0.0,0.0
16,0.16,P4,0.9140812345045709,True,0.0859187654954291,3,temporal|spatial|spectral,flow_3d|phase|coherence,0.8279972561327327,2.479609826572088,1.0,5.88235294117647,undetermined,False,,False,0.0,0.0,0.9462960429530343,True,1.0,0.41693811074918563,0.8476331679290227,True,1.0,0.41693811074918563,1.0,True,0.53125,0.16612377850162863,,False,0.0,0.0,,False,0.0,0.0
17,0.17,P1,0.9250807295464369,True,0.07491927045356306,3,temporal|spatial|spectral,flow_3d|phase|coherence,0.7447683057228778,2.140854566820798,1.0,5.555555555555555,undetermined,False,,False,0.0,0.0,0.9515612518004091,True,1.0,0.4129032258064516,0.8669936400698679,True,1.0,0.4129032258064516,1.0,True,0.5625,0.17419354838709675,,False,0.0,0.0,,False,0.0,0.0
17,0.17,P2,0.9569614882521289,True,0.0430385117478711,3,temporal|spatial|spectral,flow_3d|phase|coherence,0.8478761782057394,0.7579829120583823,1.0,5.555555555555555,undetermined,False,,False,0.0,0.0,0.9450427838980402,True,1.0,0.4129032258064516,0.9507233204625847,True,1.0,0.4129032258064516,1.0,True,0.5625,0.17419354838709675,,False,0.0,0.0,,False,0.0,0.0
17,0.17,P3,0.9601963572513272,True,0.03980364274867276,3,temporal|spatial|spectral,flow_3d|phase|coherence,0.7240380903517076,0.7579829120583823,1.0,5.555555555555555,undetermined,False,,False,0.0,0.0,0.9528772322554736,True,1.0,0.4129032258064516,0.9507233204625847,True,1.0,0.4129032258064516,1.0,True,0.5625,0.17419354838709675,,False,0.0,0.0,,False,0.0,0.0
17,0.17,P4,0.9383227223344007,True,0.06167727766559927,3,temporal|spatial|spectral,flow_3d|phase|coherence,0.34141842460286065,2.035071116896225,1.0,5.555555555555555,undetermined,False,,False,0.0,0.0,0.9774958542511957,True,1.0,0.4129032258064516,0.8731294889024311,True,1.0,0.4129032258064516,1.0,True,0.5625,0.17419354838709675,,False,0.0,0.0,,False,0.0,0.0
18,0.18,P1,0.9326973569785398,True,0.06730264302146016,3,temporal|spatial|spectral,flow_3d|phase|coherence,0.633537761298145,1.972481634165364,1.0,5.2631578947368425,undetermined,False,,False,0.0,0.0,0.9586436570792528,True,1.0,0.4089456869009585,0.8767803486573326,True,1.0,0.4089456869009585,1.0,True,0.59375,0.18210862619808307,,False,0.0,0.0,,False,0.0,0.0
18,0.18,P2,0.9673241062653615,True,0.03267589373463853,3,temporal|spatial|spectral,flow_3d|phase|coherence,0.6012805211794894,0.621867219521604,1.0,5.2631578947368425,undetermined,False,,False,0.0,0.0,0.9607074219048095,True,1.0,0.4089456869009585,0.9593898066972069,True,1.0,0.4089456869009585,1.0,True,0.59375,0.18210862619808307,,False,0.0,0.0,,False,0.0,0.0
18,0.18,P3,0.974519434742414,True,0.02548056525758602,3,temporal|spatial|spectral,flow_3d|phase|coherence,0.32904913610593267,0.6218672195216035,1.0,5.2631578947368425,undetermined,False,,False,0.0,0.0,0.9783022485713522,True,1.0,0.4089456869009585,0.9593898066972069,True,1.0,0.4089456869009585,1.0,True,0.59375,0.18210862619808307,,False,0.0,0.0,,False,0.0,0.0
18,0.18,P4,0.9589344684252228,True,0.041065531574777214,3,temporal|spatial|spectral,flow_3d|phase|coherence,0.17858082112917906,1.391325467124335,1.0,5.2631578947368425,undetermined,False,,False,0.0,0.0,0.9881652006509073,True,1.0,0.4089456869009585,0.9114167416701451,True,1.0,0.4089456869009585,1.0,True,0.59375,0.18210862619808307,,False,0.0,0.0,,False,0.0,0.0
19,0.19,P1,0.9465091764737718,True,0.05349082352622825,3,temporal|spatial|spectral,flow_3d|phase|coherence,0.46029212668041186,1.6110284560701666,1.0,5.0,undetermined,False,,False,0.0,0.0,0.969779898710044,True,1.0,0.4050632911392405,0.8981646307095802,True,1.0,0.4050632911392405,1.0,True,0.625,0.18987341772151897,,False,0.0,0.0,,False,0.0,0.0
19,0.19,P2,0.9807771237026693,True,0.01922287629733066,3,temporal|spatial|spectral,flow_3d|phase|coherence,0.29582733737246053,0.42487883073435784,1.0,5.0,undetermined,False,,False,0.0,0.0,0.980471380460273,True,1.0,0.4050632911392405,0.9720721436806918,True,1.0,0.4050632911392405,1.0,True,0.625,0.18987341772151897,,False,0.0,0.0,,False,0.0,0.0
19,0.19,P3,0.9860456540408283,True,0.013954345959171666,3,temporal|spatial|spectral,flow_3d|phase|coherence,0.09814944020203153,0.4248788307343583,1.0,5.0,undetermined,False,,False,0.0,0.0,0.9934780647326031,True,1.0,0.4050632911392405,0.9720721436806918,True,1.0,0.4050632911392405,1.0,True,0.625,0.18987341772151897,,False,0.0,0.0,,False,0.0,0.0
19,0.19,P4,0.9658406755713781,True,0.03415932442862191,3,temporal|spatial|spectral,flow_3d|phase|coherence,0.6810993318433507,0.6113871866957696,1.0,5.0,undetermined,False,,False,0.0,0.0,0.9556088311299014,True,1.0,0.4050632911392405,0.9600603366869382,True,1.0,0.4050632911392405,1.0,True,0.625,0.18987341772151897,,False,0.0,0.0,,False,0.0,0.0
20,0.2,P1,0.9706014266057368,True,0.029398573394263217,3,temporal|spatial|spectral,flow_3d|phase|coherence,0.24198989165937393,0.884527451478772,1.0,4.761904761904762,undetermined,False,,False,0.0,0.0,0.9839967749314357,True,1.0,0.4012539184952978,0.942736467937549,True,1.0,0.4012539184952978,1.0,True,0.65625,0.19749216300940436,,False,0.0,0.0,,False,0.0,0.0
20,0.2,P2,0.9984065420336965,True,0.001593457966303502,3,temporal|spatial|spectral,flow_3d|phase|coherence,0.03858348736684292,0.021048794830819784,1.0,4.761904761904762,undetermined,False,,False,0.0,0.0,0.9974310728642165,True,1.0,0.4012539184952978,0.9985977311103867,True,1.0,0.4012539184952978,1.0,True,0.65625,0.19749216300940436,,False,0.0,0.0,,False,0.0,0.0
20,0.2,P3,0.9760450346743142,True,0.02395496532568575,3,temporal|spatial|spectral,flow_3d|phase|coherence,0.515740465455659,0.39364947821071894,1.0,4.761904761904762,undetermined,False,,False,0.0,0.0,0.9662016707204615,True,1.0,0.4012539184952978,0.9740980641319312,True,1.0,0.4012539184952978,1.0,True,0.65625,0.19749216300940436,,False,0.0,0.0,,False,0.0,0.0
20,0.2,P4,0.9706440305435876,True,0.02935596945641239,3,temporal|spatial|spectral,flow_3d|phase|coherence,1.1169470944586095,0.02104879483081934,1.0,4.761904761904762,undetermined,False,,False,0.0,0.0,0.9282416887599606,True,1.0,0.4012539184952978,0.9985977311103867,True,1.0,0.4012539184952978,1.0,True,0.65625,0.19749216300940436,,False,0.0,0.0,,False,0.0,0.0
21,0.21,P1,0.9947960400375699,True,0.00520395996243006,3,temporal|spatial|spectral,flow_3d|phase|coherence,4.440892098500626e-16,0.19766485455706073,1.0,4.545454545454546,undetermined,False,,False,0.0,0.0,1.0,True,1.0,0.39751552795031053,0.9869087882195121,True,1.0,0.39751552795031053,1.0,True,0.6875,0.20496894409937885,,False,0.0,0.0,,False,0.0,0.0
21,0.21,P2,0.9814596312351332,True,0.018540368764866755,3,temporal|spatial|spectral,flow_3d|phase|coherence,0.36921749153571515,0.33869390021681633,1.0,4.545454545454546,undetermined,False,,False,0.0,0.0,0.9756859670298235,True,1.0,0.39751552795031053,0.9776734177960588,True,1.0,0.39751552795031053,1.0,True,0.6875,0.20496894409937885,,False,0.0,0.0,,False,0.0,0.0
21,0.21,P3,0.9720748772445137,True,0.02792512275548631,3,temporal|spatial|spectral,flow_3d|phase|coherence,0.8828472205753712,0.1976648545570603,1.0,4.545454545454546,undetermined,False,,False,0.0,0.0,0.9428420748487177,True,1.0,0.39751552795031053,0.9869087882195121,True,1.0,0.39751552795031053,1.0,True,0.6875,0.20496894409937885,,False,0.0,0.0,,False,0.0,0.0
21,0.21,P4,0.943446379687397,True,0.056553620312603026,3,temporal|spatial|spectral,flow_3d|phase|coherence,1.4434602932402463,0.7776464911493557,1.0,4.545454545454546,undetermined,False,,False,0.0,0.0,0.9082544701130633,True,1.0,0.39751552795031053,0.949477828788045,True,1.0,0.39751552795031053,1.0,True,0.6875,0.20496894409937885,,False,0.0,0.0,,False,0.0,0.0
22,0.22,P1,0.9868491655770373,True,0.01315083442296272,3,temporal|spatial|spectral,flow_3d|phase|coherence,0.24198989165937324,0.2631075689066933,1.0,4.3478260869565215,undetermined,False,,False,0.0,0.0,0.9839967749314357,True,1.0,0.39384615384615385,0.9826124345415106,True,1.0,0.39384615384615385,1.0,True,0.71875,0.21230769230769228,,False,0.0,0.0,,False,0.0,0.0
22,0.22,P2,0.9731588598789231,True,0.026841140121076856,3,temporal|spatial|spectral,flow_3d|phase|coherence,0.6637099151435422,0.3777463001964019,1.0,4.3478260869565215,undetermined,False,,False,0.0,0.0,0.9567173055409725,True,1.0,0.39384615384615385,0.9751313621203559,True,1.0,0.39384615384615385,1.0,True,0.71875,0.21230769230769228,,False,0.0,0.0,,False,0.0,0.0
22,0.22,P3,0.9637565529809515,True,0.03624344701904847,3,temporal|spatial|spectral,flow_3d|phase|coherence,1.1635347385868808,0.2631075689066933,1.0,4.3478260869565215,undetermined,False,,False,0.0,0.0,0.9253631882616868,True,1.0,0.39384615384615385,0.9826124345415106,True,1.0,0.39384615384615385,1.0,True,0.71875,0.21230769230769228,,False,0.0,0.0,,False,0.0,0.0
22,0.22,P4,0.9171936407931295,True,0.08280635920687052,3,temporal|spatial|spectral,flow_3d|phase|coherence,1.6286775413402879,1.703561717366518,1.0,4.3478260869565215,undetermined,False,,False,0.0,0.0,0.8971084665655277,True,1.0,0.39384615384615385,0.8926410120107777,True,1.0,0.39384615384615385,1.0,True,0.71875,0.21230769230769228,,False,0.0,0.0,,False,0.0,0.0
23,0.23,P1,0.9665290190367426,True,0.0334709809632574,3,temporal|spatial|spectral,flow_3d|phase|coherence,0.460292126680411,0.8572766553216864,1.0,4.166666666666667,undetermined,False,,False,0.0,0.0,0.9697798987100441,True,1.0,0.39024390243902446,0.9444507125716084,True,1.0,0.39024390243902446,1.0,True,0.75,0.21951219512195122,,False,0.0,0.0,,False,0.0,0.0
23,0.23,P2,0.9636666287271524,True,0.03633337127284764,3,temporal|spatial|spectral,flow_3d|phase|coherence,0.893233787918227,0.5389737253735793,1.0,4.166666666666667,undetermined,False,,False,0.0,0.0,0.9421894413152595,True,1.0,0.39024390243902446,0.9647062947980681,True,1.0,0.39024390243902446,1.0,True,0.75,0.21951219512195122,,False,0.0,0.0,,False,0.0,0.0
23,0.23,P3,0.9531070810208375,True,0.04689291897916248,3,temporal|spatial|spectral,flow_3d|phase|coherence,1.3303273695622906,0.5389737253735793,1.0,4.166666666666667,undetermined,False,,False,0.0,0.0,0.9151306003178276,True,1.0,0.39024390243902446,0.9647062947980681,True,1.0,0.39024390243902446,1.0,True,0.75,0.21951219512195122,,False,0.0,0.0,,False,0.0,0.0
23,0.23,P4,0.9036905165184688,True,0.09630948348153123,3,temporal|spatial|spectral,flow_3d|phase|coherence,1.6544684840302644,2.303568988301378,1.0,4.166666666666667,undetermined,False,,False,0.0,0.0,0.8955673070072773,True,1.0,0.39024390243902446,0.8576396415712988,True,1.0,0.39024390243902446,1.0,True,0.75,0.21951219512195122,,False,0.0,0.0,,False,0.0,0.0
24,0.24,P1,0.9489646413695456,True,0.051035358630454386,3,temporal|spatial|spectral,flow_3d|phase|coherence,0.6335377612981441,1.4248488953609684,1.0,4.0,undetermined,False,,False,0.0,0.0,0.9586436570792529,True,1.0,0.3867069486404834,0.9093820952123063,True,1.0,0.3867069486404834,1.0,True,0.78125,0.22658610271903323,,False,0.0,0.0,,False,0.0,0.0
24,0.24,P2,0.9564603544224248,True,0.04353964557757517,3,temporal|spatial|spectral,flow_3d|phase|coherence,1.0353217140057165,0.7047620127052889,1.0,4.0,undetermined,False,,False,0.0,0.0,0.933306662675206,True,1.0,0.3867069486404834,0.9541025350890333,True,1.0,0.3867069486404834,1.0,True,0.78125,0.22658610271903323,,False,0.0,0.0,,False,0.0,0.0
24,0.24,P3,0.9485697966614476,True,0.051430203338552416,3,temporal|spatial|spectral,flow_3d|phase|coherence,1.3668982886691357,0.7047620127052889,1.0,4.0,undetermined,False,,False,0.0,0.0,0.9129021734651788,True,1.0,0.3867069486404834,0.9541025350890333,True,1.0,0.3867069486404834,1.0,True,0.78125,0.22658610271903323,,False,0.0,0.0,,False,0.0,0.0
24,0.24,P4,0.9007816686519127,True,0.09921833134808733,3,temporal|spatial|spectral,flow_3d|phase|coherence,1.51830852414359,2.620767511107542,1.0,4.0,undetermined,False,,False,0.0,0.0,0.9037336759216839,True,1.0,0.3867069486404834,0.8396939203578716,True,1.0,0.3867069486404834,1.0,True,0.78125,0.22658610271903323,,False,0.0,0.0,,False,0.0,0.0
25,0.25,P1,0.9369031111545436,True,0.06309688884545639,3,temporal|spatial|spectral,flow_3d|phase|coherence,0.7447683057228787,1.8529469980163151,1.0,3.846153846153846,undetermined,False,,False,0.0,0.0,0.951561251800409,True,1.0,0.38323353293413176,0.883795303868478,True,1.0,0.38323353293413176,1.0,True,0.8125,0.23353293413173654,,False,0.0,0.0,,False,0.0,0.0
25,0.25,P2,0.9535291654239495,True,0.0464708345760505,3,temporal|spatial|spectral,flow_3d|phase|coherence,1.0760651372157888,0.8015632838677256,1.0,3.846153846153846,undetermined,False,,False,0.0,0.0,0.9307750285902043,True,1.0,0.38323353293413176,0.9479651374379136,True,1.0,0.38323353293413176,1.0,True,0.8125,0.23353293413173654,,False,0.0,0.0,,False,0.0,0.0
25,0.25,P3,0.9489548263497317,True,0.05104517365026828,3,temporal|spatial|spectral,flow_3d|phase|coherence,1.269667679540662,0.8015632838677256,1.0,3.846153846153846,undetermined,False,,False,0.0,0.0,0.9188388625684174,True,1.0,0.38323353293413176,0.9479651374379136,True,1.0,0.38323353293413176,1.0,True,0.8125,0.23353293413173654,,False,0.0,0.0,,False,0.0,0.0
25,0.25,P4,0.9070124101814718,True,0.09298758981852817,3,temporal|spatial|spectral,flow_3d|phase|coherence,1.233525947236222,2.6814270499655386,1.0,3.846153846153846,undetermined,False,,False,0.0,0.0,0.9210554270588783,True,1.0,0.38323353293413176,0.8363050807583997,True,1.0,0.38323353293413176,1.0,True,0.8125,0.23353293413173654,,False,0.0,0.0,,False,0.0,0.0
26,0.26,P1,0.9310663294769499,True,0.0689336705230501,3,temporal|spatial|spectral,flow_3d|phase|coherence,0.7830957392775417,2.0996657382649504,1.0,3.7037037037037033,undetermined,False,,False,0.0,0.0,0.9491329620818945,True,1.0,0.3798219584569733,0.8693776084941375,True,1.0,0.3798219584569733,1.0,True,0.84375,0.24035608308605338,,False,0.0,0.0,,False,0.0,0.0
26,0.26,P2,0.9550284836828287,True,0.044971516317171334,3,temporal|spatial|spectral,flow_3d|phase|coherence,1.011475807408507,0.8199019559853964,1.0,3.7037037037037033,undetermined,False,,False,0.0,0.0,0.9347915455420711,True,1.0,0.3798219584569733,0.9468068841541263,True,1.0,0.3798219584569733,1.0,True,0.84375,0.24035608308605338,,False,0.0,0.0,,False,0.0,0.0
26,0.26,P3,0.9541613808277277,True,0.04583861917227228,3,temporal|spatial|spectral,flow_3d|phase|coherence,1.0481531516438487,0.8199019559853964,1.0,3.7037037037037033,undetermined,False,,False,0.0,0.0,0.9325086263063755,True,1.0,0.3798219584569733,0.9468068841541263,True,1.0,0.3798219584569733,1.0,True,0.84375,0.24035608308605338,,False,0.0,0.0,,False,0.0,0.0
26,0.26,P4,0.9217297892964489,True,0.07827021070355111,3,temporal|spatial|spectral,flow_3d|phase|coherence,0.8279972561327296,2.47960982657209,1.0,3.7037037037037033,undetermined,False,,False,0.0,0.0,0.9462960429530344,True,1.0,0.3798219584569733,0.8476331679290225,True,1.0,0.3798219584569733,1.0,True,0.84375,0.24035608308605338,,False,0.0,0.0,,False,0.0,0.0
27,0.27,P1,0.9316912534099866,True,0.0683087465900134,3,temporal|spatial|spectral,flow_3d|phase|coherence,0.7447683057228778,2.1408545668207966,1.0,3.571428571428571,undetermined,False,,False,0.0,0.0,0.9515612518004091,True,1.0,0.3764705882352941,0.8669936400698679,True,1.0,0.3764705882352941,1.0,True,0.875,0.24705882352941178,,False,0.0,0.0,,False,0.0,0.0
27,0.27,P2,0.9607590039945881,True,0.039240996005411866,3,temporal|spatial|spectral,flow_3d|phase|coherence,0.8478761782057385,0.7579829120583819,1.0,3.571428571428571,undetermined,False,,False,0.0,0.0,0.9450427838980402,True,1.0,0.3764705882352941,0.9507233204625847,True,1.0,0.3764705882352941,1.0,True,0.875,0.24705882352941178,,False,0.0,0.0,,False,0.0,0.0
27,0.27,P3,0.9637084433762102,True,0.0362915566237898,3,temporal|spatial|spectral,flow_3d|phase|coherence,0.7240380903517094,0.7579829120583819,1.0,3.571428571428571,undetermined,False,,False,0.0,0.0,0.9528772322554735,True,1.0,0.3764705882352941,0.9507233204625847,True,1.0,0.3764705882352941,1.0,True,0.875,0.24705882352941178,,False,0.0,0.0,,False,0.0,0.0
27,0.27,P4,0.9437648350696006,True,0.05623516493039937,3,temporal|spatial|spectral,flow_3d|phase|coherence,0.34141842460286087,2.0350711168962263,1.0,3.571428571428571,undetermined,False,,False,0.0,0.0,0.9774958542511957,True,1.0,0.3764705882352941,0.873129488902431,True,1.0,0.3764705882352941,1.0,True,0.875,0.24705882352941178,,False,0.0,0.0,,False,0.0,0.0
28,0.28,P1,0.9385838855226909,True,0.0614161144773091,3,temporal|spatial|spectral,flow_3d|phase|coherence,0.633537761298145,1.972481634165363,1.0,3.4482758620689657,undetermined,False,,False,0.0,0.0,0.9586436570792528,True,1.0,0.3731778425655977,0.8767803486573327,True,1.0,0.3731778425655977,1.0,True,0.90625,0.2536443148688047,,False,0.0,0.0,,False,0.0,0.0
28,0.28,P2,0.9701820561546884,True,0.029817943845311556,3,temporal|spatial|spectral,flow_3d|phase|coherence,0.6012805211794894,0.621867219521604,1.0,3.4482758620689657,undetermined,False,,False,0.0,0.0,0.9607074219048095,True,1.0,0.3731778425655977,0.9593898066972069,True,1.0,0.3731778425655977,1.0,True,0.90625,0.2536443148688047,,False,0.0,0.0,,False,0.0,0.0
28,0.28,P3,0.9767480556104244,True,0.023251944389575563,3,temporal|spatial|spectral,flow_3d|phase|coherence,0.32904913610593445,0.6218672195216044,1.0,3.4482758620689657,undetermined,False,,False,0.0,0.0,0.9783022485713521,True,1.0,0.3731778425655977,0.9593898066972069,True,1.0,0.3731778425655977,1.0,True,0.90625,0.2536443148688047,,False,0.0,0.0,,False,0.0,0.0
28,0.28,P4,0.9625262058807427,True,0.03747379411925733,3,temporal|spatial|spectral,flow_3d|phase|coherence,0.17858082112917995,1.391325467124335,1.0,3.4482758620689657,undetermined,False,,False,0.0,0.0,0.9881652006509072,True,1.0,0.3731778425655977,0.9114167416701451,True,1.0,0.3731778425655977,1.0,True,0.90625,0.2536443148688047,,False,0.0,0.0,,False,0.0,0.0
29,0.29,P1,0.9511471091494563,True,0.04885289085054367,3,temporal|spatial|spectral,flow_3d|phase|coherence,0.460292126680411,1.611028456070168,1.0,3.3333333333333335,undetermined,False,,False,0.0,0.0,0.9697798987100441,True,1.0,0.3699421965317919,0.8981646307095802,True,1.0,0.3699421965317919,1.0,True,0.9375,0.26011560693641617,,False,0.0,0.0,,False,0.0,0.0
29,0.29,P2,0.9824438470810505,True,0.01755615291894952,3,temporal|spatial|spectral,flow_3d|phase|coherence,0.2958273373724618,0.42487883073435784,1.0,3.3333333333333335,undetermined,False,,False,0.0,0.0,0.9804713804602729,True,1.0,0.3699421965317919,0.9720721436806918,True,1.0,0.3699421965317919,1.0,True,0.9375,0.26011560693641617,,False,0.0,0.0,,False,0.0,0.0
29,0.29,P3,0.9872555684303519,True,0.012744431569648107,3,temporal|spatial|spectral,flow_3d|phase|coherence,0.09814944020203065,0.42487883073435784,1.0,3.3333333333333335,undetermined,False,,False,0.0,0.0,0.9934780647326031,True,1.0,0.3699421965317919,0.9720721436806918,True,1.0,0.3699421965317919,1.0,True,0.9375,0.26011560693641617,,False,0.0,0.0,,False,0.0,0.0
29,0.29,P4,0.9688024667068077,True,0.031197533293192303,3,temporal|spatial|spectral,flow_3d|phase|coherence,0.6810993318433525,0.6113871866957656,1.0,3.3333333333333335,undetermined,False,,False,0.0,0.0,0.9556088311299012,True,1.0,0.3699421965317919,0.9600603366869385,True,1.0,0.3699421965317919,1.0,True,0.9375,0.26011560693641617,,False,0.0,0.0,,False,0.0,0.0
30,0.3,P1,0.9731285246052437,True,0.026871475394756317,3,temporal|spatial|spectral,flow_3d|phase|coherence,0.24198989165937473,0.8845274514787711,1.0,3.2258064516129035,undetermined,False,,False,0.0,0.0,0.9839967749314357,True,1.0,0.36676217765042984,0.942736467937549,True,1.0,0.36676217765042984,1.0,True,0.96875,0.26647564469914037,,False,0.0,0.0,,False,0.0,0.0
30,0.3,P2,0.9985435154978488,True,0.0014564845021511896,3,temporal|spatial|spectral,flow_3d|phase|coherence,0.03858348736684247,0.02104879483082156,1.0,3.2258064516129035,undetermined,False,,False,0.0,0.0,0.9974310728642165,True,1.0,0.36676217765042984,0.9985977311103866,True,1.0,0.36676217765042984,1.0,True,0.96875,0.26647564469914037,,False,0.0,0.0,,False,0.0,0.0
30,0.3,P3,0.9781042007481555,True,0.021895799251844483,3,temporal|spatial|spectral,flow_3d|phase|coherence,0.5157404654556572,0.39364947821072294,1.0,3.2258064516129035,undetermined,False,,False,0.0,0.0,0.9662016707204616,True,1.0,0.36676217765042984,0.974098064131931,True,1.0,0.36676217765042984,1.0,True,0.96875,0.26647564469914037,,False,0.0,0.0,,False,0.0,0.0
30,0.3,P4,0.9731674663134798,True,0.026832533686520166,3,temporal|spatial|spectral,flow_3d|phase|coherence,1.1169470944586095,0.02104879483082156,1.0,3.2258064516129035,undetermined,False,,False,0.0,0.0,0.9282416887599606,True,1.0,0.36676217765042984,0.9985977311103866,True,1.0,0.36676217765042984,1.0,True,0.96875,0.26647564469914037,,False,0.0,0.0,,False,0.0,0.0
31,0.31,P1,0.9952395593525498,True,0.0047604406474501815,3,temporal|spatial|spectral,flow_3d|phase|coherence,4.440892098500626e-16,0.19766485455706206,1.0,3.125,undetermined,False,,False,0.0,0.0,1.0,True,1.0,0.36363636363636365,0.986908788219512,True,1.0,0.36363636363636365,1.0,True,1.0,0.2727272727272727,,False,0.0,0.0,,False,0.0,0.0
31,0.31,P2,0.9830397763003209,True,0.01696022369967909,3,temporal|spatial|spectral,flow_3d|phase|coherence,0.36921749153571426,0.33869390021681545,1.0,3.125,undetermined,False,,False,0.0,0.0,0.9756859670298236,True,1.0,0.36363636363636365,0.9776734177960589,True,1.0,0.36363636363636365,1.0,True,1.0,0.2727272727272727,,False,0.0,0.0,,False,0.0,0.0
31,0.31,P3,0.9744548592975382,True,0.025545140702461833,3,temporal|spatial|spectral,flow_3d|phase|coherence,0.8828472205753695,0.19766485455706206,1.0,3.125,undetermined,False,,False,0.0,0.0,0.9428420748487178,True,1.0,0.36363636363636365,0.986908788219512,True,1.0,0.36363636363636365,1.0,True,1.0,0.2727272727272727,,False,0.0,0.0,,False,0.0,0.0
31,0.31,P4,0.9482662905094938,True,0.05173370949050615,3,temporal|spatial|spectral,flow_3d|phase|coherence,1.4434602932402463,0.7776464911493592,1.0,3.125,undetermined,False,,False,0.0,0.0,0.9082544701130633,True,1.0,0.36363636363636365,0.9494778287880448,True,1.0,0.36363636363636365,1.0,True,1.0,0.2727272727272727,,False,0.0,0.0,,False,0.0,0.0
32,0.32,P1,0.9878578943537987,True,0.012142105646201329,3,temporal|spatial|spectral,flow_3d|phase|coherence,0.24198989165937324,0.2631075689066915,1.0,6.0606060606060606,undetermined,False,,False,0.0,0.0,0.9839967749314357,True,1.0,0.36363636363636365,0.9826124345415107,True,1.0,0.36363636363636365,1.0,True,1.0,0.2727272727272727,,False,0.0,0.0,,False,0.0,0.0
32,0.32,P2,0.9752176973313922,True,0.024782302668607814,3,temporal|spatial|spectral,flow_3d|phase|coherence,0.6637099151435439,0.3777463001963983,1.0,6.0606060606060606,undetermined,False,,False,0.0,0.0,0.9567173055409723,True,1.0,0.36363636363636365,0.9751313621203561,True,1.0,0.36363636363636365,1.0,True,1.0,0.2727272727272727,,False,0.0,0.0,,False,0.0,0.0
32,0.32,P3,0.9665365901102536,True,0.03346340988974639,3,temporal|spatial|spectral,flow_3d|phase|coherence,1.1635347385868808,0.2631075689066915,1.0,6.0606060606060606,undetermined,False,,False,0.0,0.0,0.9253631882616868,True,1.0,0.36363636363636365,0.9826124345415107,True,1.0,0.36363636363636365,1.0,True,1.0,0.2727272727272727,,False,0.0,0.0,,False,0.0,0.0
32,0.32,P4,0.9235452649368381,True,0.07645473506316192,3,temporal|spatial|spectral,flow_3d|phase|coherence,1.6286775413402914,1.7035617173665234,1.0,6.0606060606060606,undetermined,False,,False,0.0,0.0,0.8971084665655275,True,1.0,0.36363636363636365,0.8926410120107774,True,1.0,0.36363636363636365,1.0,True,1.0,0.2727272727272727,,False,0.0,0.0,,False,0.0,0.0
33,0.33,P1,0.9688111313751464,True,0.031188868624853594,3,temporal|spatial|spectral,flow_3d|phase|coherence,0.460292126680411,0.8572766553216846,1.0,5.88235294117647,undetermined,False,,False,0.0,0.0,0.9697798987100441,True,1.0,0.36363636363636365,0.9444507125716085,True,1.0,0.36363636363636365,1.0,True,1.0,0.2727272727272727,,False,0.0,0.0,,False,0.0,0.0
33,0.33,P2,0.9661439040412101,True,0.03385609595878991,3,temporal|spatial|spectral,flow_3d|phase|coherence,0.8932337879182235,0.5389737253735785,1.0,5.88235294117647,undetermined,False,,False,0.0,0.0,0.9421894413152597,True,1.0,0.36363636363636365,0.9647062947980681,True,1.0,0.36363636363636365,1.0,True,1.0,0.2727272727272727,,False,0.0,0.0,,False,0.0,0.0
33,0.33,P3,0.9563043254966894,True,0.04369567450331058,3,temporal|spatial|spectral,flow_3d|phase|coherence,1.3303273695622906,0.5389737253735785,1.0,5.88235294117647,undetermined,False,,False,0.0,0.0,0.9151306003178276,True,1.0,0.36363636363636365,0.9647062947980681,True,1.0,0.36363636363636365,1.0,True,1.0,0.2727272727272727,,False,0.0,0.0,,False,0.0,0.0
33,0.33,P4,0.9102570722103913,True,0.08974292778960868,3,temporal|spatial|spectral,flow_3d|phase|coherence,1.6544684840302608,2.3035689883013806,1.0,5.88235294117647,undetermined,False,,False,0.0,0.0,0.8955673070072775,True,1.0,0.36363636363636365,0.8576396415712986,True,1.0,0.36363636363636365,1.0,True,1.0,0.2727272727272727,,False,0.0,0.0,,False,0.0,0.0
34,0.34,P1,0.9520093644696579,True,0.04799063553034211,3,temporal|spatial|spectral,flow_3d|phase|coherence,0.633537761298145,1.4248488953609666,1.0,5.7142857142857135,undetermined,False,,False,0.0,0.0,0.9586436570792528,True,1.0,0.36363636363636365,0.9093820952123064,True,1.0,0.36363636363636365,1.0,True,1.0,0.2727272727272727,,False,0.0,0.0,,False,0.0,0.0
34,0.34,P2,0.959057890096087,True,0.040942109903913004,3,temporal|spatial|spectral,flow_3d|phase|coherence,1.0353217140057183,0.704762012705288,1.0,5.7142857142857135,undetermined,False,,False,0.0,0.0,0.9333066626752059,True,1.0,0.36363636363636365,0.9541025350890333,True,1.0,0.36363636363636365,1.0,True,1.0,0.2727272727272727,,False,0.0,0.0,,False,0.0,0.0
34,0.34,P3,0.9516380758378953,True,0.04836192416210472,3,temporal|spatial|spectral,flow_3d|phase|coherence,1.3668982886691374,0.704762012705288,1.0,5.7142857142857135,undetermined,False,,False,0.0,0.0,0.9129021734651787,True,1.0,0.36363636363636365,0.9541025350890333,True,1.0,0.36363636363636365,1.0,True,1.0,0.2727272727272727,,False,0.0,0.0,,False,0.0,0.0
34,0.34,P4,0.9067009441016566,True,0.09329905589834342,3,temporal|spatial|spectral,flow_3d|phase|coherence,1.5183085241435883,2.620767511107541,1.0,5.7142857142857135,undetermined,False,,False,0.0,0.0,0.903733675921684,True,1.0,0.36363636363636365,0.8396939203578717,True,1.0,0.36363636363636365,1.0,True,1.0,0.2727272727272727,,False,0.0,0.0,,False,0.0,0.0
35,0.35,P1,0.940129656606868,True,0.05987034339313202,3,temporal|spatial|spectral,flow_3d|phase|coherence,0.7447683057228769,1.8529469980163151,1.0,5.555555555555555,undetermined,False,,False,0.0,0.0,0.9515612518004091,True,1.0,0.36363636363636365,0.883795303868478,True,1.0,0.36363636363636365,1.0,True,1.0,0.2727272727272727,,False,0.0,0.0,,False,0.0,0.0
35,0.35,P2,0.9559055149193156,True,0.044094485080684365,3,temporal|spatial|spectral,flow_3d|phase|coherence,1.076065137215787,0.8015632838677265,1.0,5.555555555555555,undetermined,False,,False,0.0,0.0,0.9307750285902044,True,1.0,0.36363636363636365,0.9479651374379134,True,1.0,0.36363636363636365,1.0,True,1.0,0.2727272727272727,,False,0.0,0.0,,False,0.0,0.0
35,0.35,P3,0.951565090911393,True,0.04843490908860704,3,temporal|spatial|spectral,flow_3d|phase|coherence,1.2696676795406638,0.8015632838677265,1.0,5.555555555555555,undetermined,False,,False,0.0,0.0,0.9188388625684173,True,1.0,0.36363636363636365,0.9479651374379134,True,1.0,0.36363636363636365,1.0,True,1.0,0.2727272727272727,,False,0.0,0.0,,False,0.0,0.0
35,0.35,P4,0.911767457388101,True,0.08823254261189895,3,temporal|spatial|spectral,flow_3d|phase|coherence,1.2335259472362239,2.6814270499655395,1.0,5.555555555555555,undetermined,False,,False,0.0,0.0,0.9210554270588782,True,1.0,0.36363636363636365,0.8363050807583997,True,1.0,0.36363636363636365,1.0,True,1.0,0.2727272727272727,,False,0.0,0.0,,False,0.0,0.0
36,0.36,P1,0.9340038438458298,True,0.0659961561541702,3,temporal|spatial|spectral,flow_3d|phase|coherence,0.7830957392775426,2.0996657382649517,1.0,5.405405405405405,undetermined,False,,False,0.0,0.0,0.9491329620818943,True,1.0,0.36363636363636365,0.8693776084941374,True,1.0,0.36363636363636365,1.0,True,1.0,0.2727272727272727,,False,0.0,0.0,,False,0.0,0.0
36,0.36,P2,0.9569448835258899,True,0.04305511647411009,3,temporal|spatial|spectral,flow_3d|phase|coherence,1.0114758074085088,0.8199019559853968,1.0,5.405405405405405,undetermined,False,,False,0.0,0.0,0.934791545542071,True,1.0,0.36363636363636365,0.9468068841541263,True,1.0,0.36363636363636365,1.0,True,1.0,0.2727272727272727,,False,0.0,0.0,,False,0.0,0.0
36,0.36,P3,0.9561147310765461,True,0.0438852689234539,3,temporal|spatial|spectral,flow_3d|phase|coherence,1.0481531516438496,0.8199019559853968,1.0,5.405405405405405,undetermined,False,,False,0.0,0.0,0.9325086263063754,True,1.0,0.36363636363636365,0.9468068841541263,True,1.0,0.36363636363636365,1.0,True,1.0,0.2727272727272727,,False,0.0,0.0,,False,0.0,0.0
36,0.36,P4,0.9250651675934753,True,0.07493483240652465,3,temporal|spatial|spectral,flow_3d|phase|coherence,0.8279972561327291,2.4796098265720894,1.0,5.405405405405405,undetermined,False,,False,0.0,0.0,0.9462960429530345,True,1.0,0.36363636363636365,0.8476331679290225,True,1.0,0.36363636363636365,1.0,True,1.0,0.2727272727272727,,False,0.0,0.0,,False,0.0,0.0
37,0.37,P1,0.9340199606801007,True,0.06598003931989926,3,temporal|spatial|spectral,flow_3d|phase|coherence,0.7447683057228787,2.140854566820796,1.0,5.2631578947368425,undetermined,False,,False,0.0,0.0,0.951561251800409,True,1.0,0.36363636363636365,0.8669936400698679,True,1.0,0.36363636363636365,1.0,True,1.0,0.2727272727272727,,False,0.0,0.0,,False,0.0,0.0
37,0.37,P2,0.9620967652220455,True,0.03790323477795454,3,temporal|spatial|spectral,flow_3d|phase|coherence,0.8478761782057385,0.7579829120583814,1.0,5.2631578947368425,undetermined,False,,False,0.0,0.0,0.9450427838980402,True,1.0,0.36363636363636365,0.9507233204625847,True,1.0,0.36363636363636365,1.0,True,1.0,0.2727272727272727,,False,0.0,0.0,,False,0.0,0.0
37,0.37,P3,0.9649456555338394,True,0.035054344466160625,3,temporal|spatial|spectral,flow_3d|phase|coherence,0.7240380903517081,0.7579829120583814,1.0,5.2631578947368425,undetermined,False,,False,0.0,0.0,0.9528772322554736,True,1.0,0.36363636363636365,0.9507233204625847,True,1.0,0.36363636363636365,1.0,True,1.0,0.2727272727272727,,False,0.0,0.0,,False,0.0,0.0
37,0.37,P4,0.9456819429649552,True,0.054318057035044776,3,temporal|spatial|spectral,flow_3d|phase|coherence,0.34141842460286087,2.0350711168962268,1.0,5.2631578947368425,undetermined,False,,False,0.0,0.0,0.9774958542511957,True,1.0,0.36363636363636365,0.873129488902431,True,1.0,0.36363636363636365,1.0,True,1.0,0.2727272727272727,,False,0.0,0.0,,False,0.0,0.0
38,0.38,P1,0.9401541839042129,True,0.0598458160957871,3,temporal|spatial|spectral,flow_3d|phase|coherence,0.633537761298145,1.9724816341653635,1.0,5.128205128205128,undetermined,False,,False,0.0,0.0,0.9586436570792528,True,1.0,0.36363636363636365,0.8767803486573326,True,1.0,0.36363636363636365,1.0,True,1.0,0.2727272727272727,,False,0.0,0.0,,False,0.0,0.0
38,0.38,P2,0.9709444467643695,True,0.02905555323563047,3,temporal|spatial|spectral,flow_3d|phase|coherence,0.6012805211794898,0.621867219521604,1.0,5.128205128205128,undetermined,False,,False,0.0,0.0,0.9607074219048095,True,1.0,0.36363636363636365,0.9593898066972069,True,1.0,0.36363636363636365,1.0,True,1.0,0.2727272727272727,,False,0.0,0.0,,False,0.0,0.0
38,0.38,P3,0.9773425655522032,True,0.022657434447796776,3,temporal|spatial|spectral,flow_3d|phase|coherence,0.3290491361059349,0.621867219521604,1.0,5.128205128205128,undetermined,False,,False,0.0,0.0,0.978302248571352,True,1.0,0.36363636363636365,0.9593898066972069,True,1.0,0.36363636363636365,1.0,True,1.0,0.2727272727272727,,False,0.0,0.0,,False,0.0,0.0
38,0.38,P4,0.9634843426622008,True,0.03651565733779916,3,temporal|spatial|spectral,flow_3d|phase|coherence,0.17858082112917906,1.3913254671243354,1.0,5.128205128205128,undetermined,False,,False,0.0,0.0,0.9881652006509073,True,1.0,0.36363636363636365,0.9114167416701451,True,1.0,0.36363636363636365,1.0,True,1.0,0.2727272727272727,,False,0.0,0.0,,False,0.0,0.0
39,0.39,P1,0.9519798288798633,True,0.04802017112013668,3,temporal|spatial|spectral,flow_3d|phase|coherence,0.460292126680411,1.6110284560701675,1.0,5.0,undetermined,False,,False,0.0,0.0,0.9697798987100441,True,1.0,0.36363636363636365,0.8981646307095802,True,1.0,0.36363636363636365,1.0,True,1.0,0.2727272727272727,,False,0.0,0.0,,False,0.0,0.0
39,0.39,P2,0.9827430996876236,True,0.017256900312376366,3,temporal|spatial|spectral,flow_3d|phase|coherence,0.2958273373724613,0.42487883073435784,1.0,5.0,undetermined,False,,False,0.0,0.0,0.980471380460273,True,1.0,0.36363636363636365,0.9720721436806918,True,1.0,0.36363636363636365,1.0,True,1.0,0.2727272727272727,,False,0.0,0.0,,False,0.0,0.0
39,0.39,P3,0.98747280305938,True,0.012527196940619989,3,temporal|spatial|spectral,flow_3d|phase|coherence,0.09814944020203065,0.4248788307343583,1.0,5.0,undetermined,False,,False,0.0,0.0,0.9934780647326031,True,1.0,0.36363636363636365,0.9720721436806918,True,1.0,0.36363636363636365,1.0,True,1.0,0.2727272727272727,,False,0.0,0.0,,False,0.0,0.0
39,0.39,P4,0.9693342428424871,True,0.030665757157512852,3,temporal|spatial|spectral,flow_3d|phase|coherence,0.6810993318433542,0.6113871866957661,1.0,5.0,undetermined,False,,False,0.0,0.0,0.9556088311299011,True,1.0,0.36363636363636365,0.9600603366869385,True,1.0,0.36363636363636365,1.0,True,1.0,0.2727272727272727,,False,0.0,0.0,,False,0.0,0.0
40,0.4,P1,0.9733575428614489,True,0.026642457138551068,3,temporal|spatial|spectral,flow_3d|phase|coherence,0.24198989165937465,0.8845274514787715,1.0,4.878048780487805,undetermined,False,,False,0.0,0.0,0.9839967749314357,True,1.0,0.36363636363636365,0.942736467937549,True,1.0,0.36363636363636365,1.0,True,1.0,0.2727272727272727,,False,0.0,0.0,,False,0.0,0.0
40,0.4,P2,0.9985559287180374,True,0.0014440712819625556,3,temporal|spatial|spectral,flow_3d|phase|coherence,0.03858348736684203,0.02104879483082156,1.0,4.878048780487805,undetermined,False,,False,0.0,0.0,0.9974310728642165,True,1.0,0.36363636363636365,0.9985977311103866,True,1.0,0.36363636363636365,1.0,True,1.0,0.2727272727272727,,False,0.0,0.0,,False,0.0,0.0
40,0.4,P3,0.9782908126735974,True,0.02170918732640259,3,temporal|spatial|spectral,flow_3d|phase|coherence,0.5157404654556572,0.3936494782107225,1.0,4.878048780487805,undetermined,False,,False,0.0,0.0,0.9662016707204616,True,1.0,0.36363636363636365,0.974098064131931,True,1.0,0.36363636363636365,1.0,True,1.0,0.2727272727272727,,False,0.0,0.0,,False,0.0,0.0
40,0.4,P4,0.9733961526801262,True,0.026603847319873752,3,temporal|spatial|spectral,flow_3d|phase|coherence,1.1169470944586095,0.021048794830822004,1.0,4.878048780487805,undetermined,False,,False,0.0,0.0,0.9282416887599606,True,1.0,0.36363636363636365,0.9985977311103865,True,1.0,0.36363636363636365,1.0,True,1.0,0.2727272727272727,,False,0.0,0.0,,False,0.0,0.0
41,0.41,P1,0.9952395593525498,True,0.0047604406474501815,3,temporal|spatial|spectral,flow_3d|phase|coherence,4.440892098500626e-16,0.19766485455706206,1.0,4.761904761904762,undetermined,False,,False,0.0,0.0,1.0,True,1.0,0.36363636363636365,0.986908788219512,True,1.0,0.36363636363636365,1.0,True,1.0,0.2727272727272727,,False,0.0,0.0,,False,0.0,0.0
41,0.41,P2,0.9830397763003209,True,0.01696022369967909,3,temporal|spatial|spectral,flow_3d|phase|coherence,0.36921749153571604,0.338693900216815,1.0,4.761904761904762,undetermined,False,,False,0.0,0.0,0.9756859670298235,True,1.0,0.36363636363636365,0.9776734177960589,True,1.0,0.36363636363636365,1.0,True,1.0,0.2727272727272727,,False,0.0,0.0,,False,0.0,0.0
41,0.41,P3,0.9744548592975382,True,0.025545140702461833,3,temporal|spatial|spectral,flow_3d|phase|coherence,0.8828472205753695,0.19766485455706206,1.0,4.761904761904762,undetermined,False,,False,0.0,0.0,0.9428420748487178,True,1.0,0.36363636363636365,0.986908788219512,True,1.0,0.36363636363636365,1.0,True,1.0,0.2727272727272727,,False,0.0,0.0,,False,0.0,0.0
41,0.41,P4,0.948266290509494,True,0.05173370949050604,3,temporal|spatial|spectral,flow_3d|phase|coherence,1.4434602932402427,0.7776464911493575,1.0,4.761904761904762,undetermined,False,,False,0.0,0.0,0.9082544701130635,True,1.0,0.36363636363636365,0.9494778287880449,True,1.0,0.36363636363636365,1.0,True,1.0,0.2727272727272727,,False,0.0,0.0,,False,0.0,0.0
42,0.42,P1,0.9878578943537988,True,0.012142105646201218,3,temporal|spatial|spectral,flow_3d|phase|coherence,0.24198989165937412,0.2631075689066906,1.0,4.651162790697675,undetermined,False,,False,0.0,0.0,0.9839967749314357,True,1.0,0.36363636363636365,0.9826124345415108,True,1.0,0.36363636363636365,1.0,True,1.0,0.2727272727272727,,False,0.0,0.0,,False,0.0,0.0
42,0.42,P2,0.9752176973313922,True,0.024782302668607814,3,temporal|spatial|spectral,flow_3d|phase|coherence,0.6637099151435422,0.3777463001963992,1.0,4.651162790697675,undetermined,False,,False,0.0,0.0,0.9567173055409725,True,1.0,0.36363636363636365,0.9751313621203561,True,1.0,0.36363636363636365,1.0,True,1.0,0.2727272727272727,,False,0.0,0.0,,False,0.0,0.0
42,0.42,P3,0.9665365901102537,True,0.033463409889746276,3,temporal|spatial|spectral,flow_3d|phase|coherence,1.163534738586879,0.2631075689066906,1.0,4.651162790697675,undetermined,False,,False,0.0,0.0,0.925363188261687,True,1.0,0.36363636363636365,0.9826124345415108,True,1.0,0.36363636363636365,1.0,True,1.0,0.2727272727272727,,False,0.0,0.0,,False,0.0,0.0
42,0.42,P4,0.9235452649368381,True,0.07645473506316192,3,temporal|spatial|spectral,flow_3d|phase|coherence,1.628677541340295,1.7035617173665243,1.0,4.651162790697675,undetermined,False,,False,0.0,0.0,0.8971084665655272,True,1.0,0.36363636363636365,0.8926410120107774,True,1.0,0.36363636363636365,1.0,True,1.0,0.2727272727272727,,False,0.0,0.0,,False,0.0,0.0
43,0.43,P1,0.9688111313751464,True,0.031188868624853594,3,temporal|spatial|spectral,flow_3d|phase|coherence,0.4602921266804101,0.8572766553216846,1.0,4.545454545454546,undetermined,False,,False,0.0,0.0,0.9697798987100441,True,1.0,0.36363636363636365,0.9444507125716085,True,1.0,0.36363636363636365,1.0,True,1.0,0.2727272727272727,,False,0.0,0.0,,False,0.0,0.0
43,0.43,P2,0.9661439040412101,True,0.03385609595878991,3,temporal|spatial|spectral,flow_3d|phase|coherence,0.8932337879182253,0.5389737253735785,1.0,4.545454545454546,undetermined,False,,False,0.0,0.0,0.9421894413152596,True,1.0,0.36363636363636365,0.9647062947980681,True,1.0,0.36363636363636365,1.0,True,1.0,0.2727272727272727,,False,0.0,0.0,,False,0.0,0.0
43,0.43,P3,0.9563043254966893,True,0.04369567450331069,3,temporal|spatial|spectral,flow_3d|phase|coherence,1.3303273695622924,0.5389737253735785,1.0,4.545454545454546,undetermined,False,,False,0.0,0.0,0.9151306003178274,True,1.0,0.36363636363636365,0.9647062947980681,True,1.0,0.36363636363636365,1.0,True,1.0,0.2727272727272727,,False,0.0,0.0,,False,0.0,0.0
43,0.43,P4,0.9102570722103913,True,0.08974292778960868,3,temporal|spatial|spectral,flow_3d|phase|coherence,1.654468484030259,2.303568988301379,1.0,4.545454545454546,undetermined,False,,False,0.0,0.0,0.8955673070072776,True,1.0,0.36363636363636365,0.8576396415712987,True,1.0,0.36363636363636365,1.0,True,1.0,0.2727272727272727,,False,0.0,0.0,,False,0.0,0.0
44,0.44,P1,0.9520093644696579,True,0.04799063553034211,3,temporal|spatial|spectral,flow_3d|phase|coherence,0.633537761298145,1.4248488953609675,1.0,4.444444444444445,undetermined,False,,False,0.0,0.0,0.9586436570792528,True,1.0,0.36363636363636365,0.9093820952123063,True,1.0,0.36363636363636365,1.0,True,1.0,0.2727272727272727,,False,0.0,0.0,,False,0.0,0.0
44,0.44,P2,0.959057890096087,True,0.040942109903913004,3,temporal|spatial|spectral,flow_3d|phase|coherence,1.0353217140057183,0.704762012705288,1.0,4.444444444444445,undetermined,False,,False,0.0,0.0,0.9333066626752059,True,1.0,0.36363636363636365,0.9541025350890333,True,1.0,0.36363636363636365,1.0,True,1.0,0.2727272727272727,,False,0.0,0.0,,False,0.0,0.0
44,0.44,P3,0.9516380758378953,True,0.04836192416210472,3,temporal|spatial|spectral,flow_3d|phase|coherence,1.3668982886691374,0.704762012705288,1.0,4.444444444444445,undetermined,False,,False,0.0,0.0,0.9129021734651787,True,1.0,0.36363636363636365,0.9541025350890333,True,1.0,0.36363636363636365,1.0,True,1.0,0.2727272727272727,,False,0.0,0.0,,False,0.0,0.0
44,0.44,P4,0.9067009441016565,True,0.09329905589834353,3,temporal|spatial|spectral,flow_3d|phase|coherence,1.5183085241435919,2.620767511107543,1.0,4.444444444444445,undetermined,False,,False,0.0,0.0,0.9037336759216837,True,1.0,0.36363636363636365,0.8396939203578716,True,1.0,0.36363636363636365,1.0,True,1.0,0.2727272727272727,,False,0.0,0.0,,False,0.0,0.0
45,0.45,P1,0.940129656606868,True,0.05987034339313202,3,temporal|spatial|spectral,flow_3d|phase|coherence,0.7447683057228787,1.8529469980163142,1.0,4.3478260869565215,undetermined,False,,False,0.0,0.0,0.951561251800409,True,1.0,0.36363636363636365,0.883795303868478,True,1.0,0.36363636363636365,1.0,True,1.0,0.2727272727272727,,False,0.0,0.0,,False,0.0,0.0
45,0.45,P2,0.9559055149193156,True,0.044094485080684365,3,temporal|spatial|spectral,flow_3d|phase|coherence,1.076065137215787,0.8015632838677256,1.0,4.3478260869565215,undetermined,False,,False,0.0,0.0,0.9307750285902044,True,1.0,0.36363636363636365,0.9479651374379136,True,1.0,0.36363636363636365,1.0,True,1.0,0.2727272727272727,,False,0.0,0.0,,False,0.0,0.0
45,0.45,P3,0.9515650909113931,True,0.048434909088606926,3,temporal|spatial|spectral,flow_3d|phase|coherence,1.269667679540662,0.8015632838677256,1.0,4.3478260869565215,undetermined,False,,False,0.0,0.0,0.9188388625684174,True,1.0,0.36363636363636365,0.9479651374379136,True,1.0,0.36363636363636365,1.0,True,1.0,0.2727272727272727,,False,0.0,0.0,,False,0.0,0.0
45,0.45,P4,0.9117674573881012,True,0.08823254261189883,3,temporal|spatial|spectral,flow_3d|phase|coherence,1.2335259472362186,2.681427049965537,1.0,4.3478260869565215,undetermined,False,,False,0.0,0.0,0.9210554270588786,True,1.0,0.36363636363636365,0.8363050807583998,True,1.0,0.36363636363636365,1.0,True,1.0,0.2727272727272727,,False,0.0,0.0,,False,0.0,0.0
46,0.46,P1,0.9340038438458298,True,0.0659961561541702,3,temporal|spatial|spectral,flow_3d|phase|coherence,0.7830957392775426,2.099665738264951,1.0,4.25531914893617,undetermined,False,,False,0.0,0.0,0.9491329620818943,True,1.0,0.36363636363636365,0.8693776084941374,True,1.0,0.36363636363636365,1.0,True,1.0,0.2727272727272727,,False,0.0,0.0,,False,0.0,0.0
46,0.46,P2,0.9569448835258899,True,0.04305511647411009,3,temporal|spatial|spectral,flow_3d|phase|coherence,1.011475807408507,0.8199019559853977,1.0,4.25531914893617,undetermined,False,,False,0.0,0.0,0.9347915455420711,True,1.0,0.36363636363636365,0.9468068841541262,True,1.0,0.36363636363636365,1.0,True,1.0,0.2727272727272727,,False,0.0,0.0,,False,0.0,0.0
46,0.46,P3,0.956114731076546,True,0.04388526892345401,3,temporal|spatial|spectral,flow_3d|phase|coherence,1.0481531516438514,0.8199019559853977,1.0,4.25531914893617,undetermined,False,,False,0.0,0.0,0.9325086263063753,True,1.0,0.36363636363636365,0.9468068841541262,True,1.0,0.36363636363636365,1.0,True,1.0,0.2727272727272727,,False,0.0,0.0,,False,0.0,0.0
46,0.46,P4,0.9250651675934751,True,0.07493483240652488,3,temporal|spatial|spectral,flow_3d|phase|coherence,0.8279972561327344,2.479609826572092,1.0,4.25531914893617,undetermined,False,,False,0.0,0.0,0.9462960429530342,True,1.0,0.36363636363636365,0.8476331679290224,True,1.0,0.36363636363636365,1.0,True,1.0,0.2727272727272727,,False,0.0,0.0,,False,0.0,0.0
47,0.47,P1,0.9340199606801007,True,0.06598003931989926,3,temporal|spatial|spectral,flow_3d|phase|coherence,0.7447683057228778,2.140854566820798,1.0,4.166666666666667,undetermined,False,,False,0.0,0.0,0.9515612518004091,True,1.0,0.36363636363636365,0.8669936400698679,True,1.0,0.36363636363636365,1.0,True,1.0,0.2727272727272727,,False,0.0,0.0,,False,0.0,0.0
47,0.47,P2,0.9620967652220453,True,0.03790323477795465,3,temporal|spatial|spectral,flow_3d|phase|coherence,0.8478761782057411,0.7579829120583814,1.0,4.166666666666667,undetermined,False,,False,0.0,0.0,0.9450427838980401,True,1.0,0.36363636363636365,0.9507233204625847,True,1.0,0.36363636363636365,1.0,True,1.0,0.2727272727272727,,False,0.0,0.0,,False,0.0,0.0
47,0.47,P3,0.9649456555338394,True,0.035054344466160625,3,temporal|spatial|spectral,flow_3d|phase|coherence,0.7240380903517085,0.7579829120583814,1.0,4.166666666666667,undetermined,False,,False,0.0,0.0,0.9528772322554735,True,1.0,0.36363636363636365,0.9507233204625847,True,1.0,0.36363636363636365,1.0,True,1.0,0.2727272727272727,,False,0.0,0.0,,False,0.0,0.0
47,0.47,P4,0.9456819429649552,True,0.054318057035044776,3,temporal|spatial|spectral,flow_3d|phase|coherence,0.34141842460285887,2.035071116896226,1.0,4.166666666666667,undetermined,False,,False,0.0,0.0,0.9774958542511958,True,1.0,0.36363636363636365,0.8731294889024311,True,1.0,0.36363636363636365,1.0,True,1.0,0.2727272727272727,,False,0.0,0.0,,False,0.0,0.0
48,0.48,P1,0.9401541839042129,True,0.0598458160957871,3,temporal|spatial|spectral,flow_3d|phase|coherence,0.6335377612981459,1.9724816341653635,1.0,4.081632653061225,undetermined,False,,False,0.0,0.0,0.9586436570792528,True,1.0,0.36363636363636365,0.8767803486573326,True,1.0,0.36363636363636365,1.0,True,1.0,0.2727272727272727,,False,0.0,0.0,,False,0.0,0.0
48,0.48,P2,0.9709444467643695,True,0.02905555323563047,3,temporal|spatial|spectral,flow_3d|phase|coherence,0.6012805211794889,0.621867219521604,1.0,4.081632653061225,undetermined,False,,False,0.0,0.0,0.9607074219048095,True,1.0,0.36363636363636365,0.9593898066972069,True,1.0,0.36363636363636365,1.0,True,1.0,0.2727272727272727,,False,0.0,0.0,,False,0.0,0.0
48,0.48,P3,0.9773425655522032,True,0.022657434447796776,3,temporal|spatial|spectral,flow_3d|phase|coherence,0.32904913610593356,0.621867219521604,1.0,4.081632653061225,undetermined,False,,False,0.0,0.0,0.9783022485713521,True,1.0,0.36363636363636365,0.9593898066972069,True,1.0,0.36363636363636365,1.0,True,1.0,0.2727272727272727,,False,0.0,0.0,,False,0.0,0.0
48,0.48,P4,0.9634843426622008,True,0.03651565733779916,3,temporal|spatial|spectral,flow_3d|phase|coherence,0.17858082112917906,1.3913254671243354,1.0,4.081632653061225,undetermined,False,,False,0.0,0.0,0.9881652006509073,True,1.0,0.36363636363636365,0.9114167416701451,True,1.0,0.36363636363636365,1.0,True,1.0,0.2727272727272727,,False,0.0,0.0,,False,0.0,0.0
49,0.49,P1,0.9519798288798631,True,0.0480201711201369,3,temporal|spatial|spectral,flow_3d|phase|coherence,0.460292126680411,1.611028456070179,1.0,6.0,undetermined,False,,False,0.0,0.0,0.9697798987100441,True,1.0,0.36363636363636365,0.8981646307095795,True,1.0,0.36363636363636365,1.0,True,1.0,0.2727272727272727,,False,0.0,0.0,,False,0.0,0.0
49,0.49,P2,0.9827430996876233,True,0.0172569003123767,3,temporal|spatial|spectral,flow_3d|phase|coherence,0.2958273373724609,0.42487883073436983,1.0,6.0,undetermined,False,,False,0.0,0.0,0.980471380460273,True,1.0,0.36363636363636365,0.9720721436806911,True,1.0,0.36363636363636365,1.0,True,1.0,0.2727272727272727,,False,0.0,0.0,,False,0.0,0.0
49,0.49,P3,0.9874728030593802,True,0.012527196940619767,3,temporal|spatial|spectral,flow_3d|phase|coherence,0.09814944020200755,0.42487883073436983,1.0,6.0,undetermined,False,,False,0.0,0.0,0.9934780647326047,True,1.0,0.36363636363636365,0.9720721436806911,True,1.0,0.36363636363636365,1.0,True,1.0,0.2727272727272727,,False,0.0,0.0,,False,0.0,0.0
49,0.49,P4,0.9693342428424874,True,0.03066575715751263,3,temporal|spatial|spectral,flow_3d|phase|coherence,0.6810993318433756,0.6113871866957332,1.0,6.0,undetermined,False,,False,0.0,0.0,0.9556088311298998,True,1.0,0.36363636363636365,0.9600603366869406,True,1.0,0.36363636363636365,1.0,True,1.0,0.2727272727272727,,False,0.0,0.0,,False,0.0,0.0
50,0.5,P1,0.9733575428614485,True,0.026642457138551512,3,temporal|spatial|spectral,flow_3d|phase|coherence,0.24198989165937457,0.884527451478792,1.0,5.88235294117647,undetermined,False,,False,0.0,0.0,0.9839967749314357,True,1.0,0.36363636363636365,0.9427364679375476,True,1.0,0.36363636363636365,1.0,True,1.0,0.2727272727272727,,False,0.0,0.0,,False,0.0,0.0
50,0.5,P2,0.998555928718038,True,0.0014440712819620005,3,temporal|spatial|spectral,flow_3d|phase|coherence,0.03858348736682338,0.02104879483081934,1.0,5.88235294117647,undetermined,False,,False,0.0,0.0,0.9974310728642178,True,1.0,0.36363636363636365,0.9985977311103867,True,1.0,0.36363636363636365,1.0,True,1.0,0.2727272727272727,,False,0.0,0.0,,False,0.0,0.0
50,0.5,P3,0.9782908126735972,True,0.021709187326402812,3,temporal|spatial|spectral,flow_3d|phase|coherence,0.5157404654557034,0.39364947821067897,1.0,5.88235294117647,undetermined,False,,False,0.0,0.0,0.9662016707204586,True,1.0,0.36363636363636365,0.9740980641319338,True,1.0,0.36363636363636365,1.0,True,1.0,0.2727272727272727,,False,0.0,0.0,,False,0.0,0.0
50,0.5,P4,0.9733961526801272,True,0.026603847319872753,3,temporal|spatial|spectral,flow_3d|phase|coherence,1.116947094458565,0.02104879483081934,1.0,5.88235294117647,undetermined,False,,False,0.0,0.0,0.9282416887599633,True,1.0,0.36363636363636365,0.9985977311103867,True,1.0,0.36363636363636365,1.0,True,1.0,0.2727272727272727,,False,0.0,0.0,,False,0.0,0.0
51,0.51,P1,0.9952395593525495,True,0.0047604406474505145,3,temporal|spatial|spectral,flow_3d|phase|coherence,1.3766765505351941e-14,0.1976648545570625,1.0,5.769230769230768,undetermined,False,,False,0.0,0.0,0.9999999999999991,True,1.0,0.36363636363636365,0.986908788219512,True,1.0,0.36363636363636365,1.0,True,1.0,0.2727272727272727,,False,0.0,0.0,,False,0.0,0.0
51,0.51,P2,0.9830397763003207,True,0.01696022369967931,3,temporal|spatial|spectral,flow_3d|phase|coherence,0.36921749153572136,0.33869390021681367,1.0,5.769230769230768,undetermined,False,,False,0.0,0.0,0.975685967029823,True,1.0,0.36363636363636365,0.977673417796059,True,1.0,0.36363636363636365,1.0,True,1.0,0.2727272727272727,,False,0.0,0.0,,False,0.0,0.0
51,0.51,P3,0.9744548592975391,True,0.025545140702460944,3,temporal|spatial|spectral,flow_3d|phase|coherence,0.8828472205753322,0.1976648545570625,1.0,5.769230769230768,undetermined,False,,False,0.0,0.0,0.9428420748487203,True,1.0,0.36363636363636365,0.986908788219512,True,1.0,0.36363636363636365,1.0,True,1.0,0.2727272727272727,,False,0.0,0.0,,False,0.0,0.0
51,0.51,P4,0.9482662905094932,True,0.05173370949050682,3,temporal|spatial|spectral,flow_3d|phase|coherence,1.443460293240264,0.7776464911493677,1.0,5.769230769230768,undetermined,False,,False,0.0,0.0,0.9082544701130622,True,1.0,0.36363636363636365,0.9494778287880442,True,1.0,0.36363636363636365,1.0,True,1.0,0.2727272727272727,,False,0.0,0.0,,False,0.0,0.0
52,0.52,P1,0.9878578943537981,True,0.012142105646201884,3,temporal|spatial|spectral,flow_3d|phase|coherence,0.24198989165939988,0.2631075689066902,1.0,5.660377358490566,undetermined,False,,False,0.0,0.0,0.983996774931434,True,1.0,0.36363636363636365,0.9826124345415108,True,1.0,0.36363636363636365,1.0,True,1.0,0.2727272727272727,,False,0.0,0.0,,False,0.0,0.0
52,0.52,P2,0.9752176973313916,True,0.02478230266860837,3,temporal|spatial|spectral,flow_3d|phase|coherence,0.6637099151435724,0.37774630019639344,1.0,5.660377358490566,undetermined,False,,False,0.0,0.0,0.9567173055409706,True,1.0,0.36363636363636365,0.9751313621203564,True,1.0,0.36363636363636365,1.0,True,1.0,0.2727272727272727,,False,0.0,0.0,,False,0.0,0.0
52,0.52,P3,0.9665365901102532,True,0.03346340988974683,3,temporal|spatial|spectral,flow_3d|phase|coherence,1.1635347385869057,0.2631075689066902,1.0,5.660377358490566,undetermined,False,,False,0.0,0.0,0.9253631882616854,True,1.0,0.36363636363636365,0.9826124345415108,True,1.0,0.36363636363636365,1.0,True,1.0,0.2727272727272727,,False,0.0,0.0,,False,0.0,0.0
52,0.52,P4,0.9235452649368381,True,0.07645473506316192,3,temporal|spatial|spectral,flow_3d|phase|coherence,1.628677541340302,1.703561717366515,1.0,5.660377358490566,undetermined,False,,False,0.0,0.0,0.8971084665655268,True,1.0,0.36363636363636365,0.892641012010778,True,1.0,0.36363636363636365,1.0,True,1.0,0.2727272727272727,,False,0.0,0.0,,False,0.0,0.0
53,0.53,P1,0.9688111313751467,True,0.03118886862485326,3,temporal|spatial|spectral,flow_3d|phase|coherence,0.4602921266803879,0.8572766553216944,1.0,5.555555555555555,undetermined,False,,False,0.0,0.0,0.9697798987100456,True,1.0,0.36363636363636365,0.944450712571608,True,1.0,0.36363636363636365,1.0,True,1.0,0.2727272727272727,,False,0.0,0.0,,False,0.0,0.0
53,0.53,P2,0.9661439040412105,True,0.03385609595878947,3,temporal|spatial|spectral,flow_3d|phase|coherence,0.8932337879182075,0.5389737253735793,1.0,5.555555555555555,undetermined,False,,False,0.0,0.0,0.9421894413152607,True,1.0,0.36363636363636365,0.9647062947980681,True,1.0,0.36363636363636365,1.0,True,1.0,0.2727272727272727,,False,0.0,0.0,,False,0.0,0.0
53,0.53,P3,0.9563043254966895,True,0.04369567450331047,3,temporal|spatial|spectral,flow_3d|phase|coherence,1.3303273695622817,0.5389737253735793,1.0,5.555555555555555,undetermined,False,,False,0.0,0.0,0.9151306003178281,True,1.0,0.36363636363636365,0.9647062947980681,True,1.0,0.36363636363636365,1.0,True,1.0,0.2727272727272727,,False,0.0,0.0,,False,0.0,0.0
53,0.53,P4,0.910257072210391,True,0.08974292778960902,3,temporal|spatial|spectral,flow_3d|phase|coherence,1.6544684840302661,2.3035689883013886,1.0,5.555555555555555,undetermined,False,,False,0.0,0.0,0.8955673070072772,True,1.0,0.36363636363636365,0.8576396415712981,True,1.0,0.36363636363636365,1.0,True,1.0,0.2727272727272727,,False,0.0,0.0,,False,0.0,0.0
54,0.54,P1,0.9520093644696576,True,0.04799063553034244,3,temporal|spatial|spectral,flow_3d|phase|coherence,0.6335377612981627,1.424848895360964,1.0,5.454545454545454,undetermined,False,,False,0.0,0.0,0.9586436570792517,True,1.0,0.36363636363636365,0.9093820952123065,True,1.0,0.36363636363636365,1.0,True,1.0,0.2727272727272727,,False,0.0,0.0,,False,0.0,0.0
54,0.54,P2,0.9590578900960869,True,0.040942109903913115,3,temporal|spatial|spectral,flow_3d|phase|coherence,1.035321714005729,0.7047620127052818,1.0,5.454545454545454,undetermined,False,,False,0.0,0.0,0.9333066626752052,True,1.0,0.36363636363636365,0.9541025350890338,True,1.0,0.36363636363636365,1.0,True,1.0,0.2727272727272727,,False,0.0,0.0,,False,0.0,0.0
54,0.54,P3,0.9516380758378955,True,0.0483619241621045,3,temporal|spatial|spectral,flow_3d|phase|coherence,1.3668982886691339,0.7047620127052818,1.0,5.454545454545454,undetermined,False,,False,0.0,0.0,0.9129021734651788,True,1.0,0.36363636363636365,0.9541025350890338,True,1.0,0.36363636363636365,1.0,True,1.0,0.2727272727272727,,False,0.0,0.0,,False,0.0,0.0
54,0.54,P4,0.9067009441016574,True,0.09329905589834264,3,temporal|spatial|spectral,flow_3d|phase|coherence,1.5183085241435688,2.620767511107526,1.0,5.454545454545454,undetermined,False,,False,0.0,0.0,0.9037336759216852,True,1.0,0.36363636363636365,0.8396939203578725,True,1.0,0.36363636363636365,1.0,True,1.0,0.2727272727272727,,False,0.0,0.0,,False,0.0,0.0
55,0.55,P1,0.9401296566068679,True,0.05987034339313213,3,temporal|spatial|spectral,flow_3d|phase|coherence,0.7447683057228698,1.8529469980163293,1.0,5.357142857142857,undetermined,False,,False,0.0,0.0,0.9515612518004095,True,1.0,0.36363636363636365,0.8837953038684772,True,1.0,0.36363636363636365,1.0,True,1.0,0.2727272727272727,,False,0.0,0.0,,False,0.0,0.0
55,0.55,P2,0.9559055149193155,True,0.044094485080684476,3,temporal|spatial|spectral,flow_3d|phase|coherence,1.0760651372157906,0.8015632838677265,1.0,5.357142857142857,undetermined,False,,False,0.0,0.0,0.9307750285902043,True,1.0,0.36363636363636365,0.9479651374379134,True,1.0,0.36363636363636365,1.0,True,1.0,0.2727272727272727,,False,0.0,0.0,,False,0.0,0.0
55,0.55,P3,0.9515650909113926,True,0.04843490908860737,3,temporal|spatial|spectral,flow_3d|phase|coherence,1.2696676795406798,0.8015632838677265,1.0,5.357142857142857,undetermined,False,,False,0.0,0.0,0.9188388625684163,True,1.0,0.36363636363636365,0.9479651374379134,True,1.0,0.36363636363636365,1.0,True,1.0,0.2727272727272727,,False,0.0,0.0,,False,0.0,0.0
55,0.55,P4,0.9117674573881,True,0.08823254261189994,3,temporal|spatial|spectral,flow_3d|phase|coherence,1.2335259472362576,2.6814270499655484,1.0,5.357142857142857,undetermined,False,,False,0.0,0.0,0.9210554270588762,True,1.0,0.36363636363636365,0.8363050807583992,True,1.0,0.36363636363636365,1.0,True,1.0,0.2727272727272727,,False,0.0,0.0,,False,0.0,0.0
56,0.56,P1,0.93400384384583,True,0.06599615615416998,3,temporal|spatial|spectral,flow_3d|phase|coherence,0.7830957392775426,2.099665738264941,1.0,5.263157894736842,undetermined,False,,False,0.0,0.0,0.9491329620818943,True,1.0,0.36363636363636365,0.8693776084941379,True,1.0,0.36363636363636365,1.0,True,1.0,0.2727272727272727,,False,0.0,0.0,,False,0.0,0.0
56,0.56,P2,0.9569448835258905,True,0.043055116474109534,3,temporal|spatial|spectral,flow_3d|phase|coherence,1.011475807408491,0.8199019559853897,1.0,5.263157894736842,undetermined,False,,False,0.0,0.0,0.9347915455420721,True,1.0,0.36363636363636365,0.9468068841541267,True,1.0,0.36363636363636365,1.0,True,1.0,0.2727272727272727,,False,0.0,0.0,,False,0.0,0.0
56,0.56,P3,0.956114731076547,True,0.043885268923453014,3,temporal|spatial|spectral,flow_3d|phase|coherence,1.0481531516438176,0.8199019559853897,1.0,5.263157894736842,undetermined,False,,False,0.0,0.0,0.9325086263063774,True,1.0,0.36363636363636365,0.9468068841541267,True,1.0,0.36363636363636365,1.0,True,1.0,0.2727272727272727,,False,0.0,0.0,,False,0.0,0.0
56,0.56,P4,0.9250651675934767,True,0.07493483240652332,3,temporal|spatial|spectral,flow_3d|phase|coherence,0.8279972561326807,2.479609826572075,1.0,5.263157894736842,undetermined,False,,False,0.0,0.0,0.9462960429530375,True,1.0,0.36363636363636365,0.8476331679290233,True,1.0,0.36363636363636365,1.0,True,1.0,0.2727272727272727,,False,0.0,0.0,,False,0.0,0.0
57,0.57,P1,0.9340199606801012,True,0.06598003931989882,3,temporal|spatial|spectral,flow_3d|phase|coherence,0.7447683057228689,2.140854566820788,1.0,5.172413793103448,undetermined,False,,False,0.0,0.0,0.9515612518004096,True,1.0,0.36363636363636365,0.8669936400698685,True,1.0,0.36363636363636365,1.0,True,1.0,0.2727272727272727,,False,0.0,0.0,,False,0.0,0.0
57,0.57,P2,0.9620967652220458,True,0.03790323477795421,3,temporal|spatial|spectral,flow_3d|phase|coherence,0.8478761782057296,0.7579829120583761,1.0,5.172413793103448,undetermined,False,,False,0.0,0.0,0.9450427838980408,True,1.0,0.36363636363636365,0.950723320462585,True,1.0,0.36363636363636365,1.0,True,1.0,0.2727272727272727,,False,0.0,0.0,,False,0.0,0.0
57,0.57,P3,0.9649456555338396,True,0.0350543444661604,3,temporal|spatial|spectral,flow_3d|phase|coherence,0.7240380903517019,0.7579829120583761,1.0,5.172413793103448,undetermined,False,,False,0.0,0.0,0.9528772322554739,True,1.0,0.36363636363636365,0.950723320462585,True,1.0,0.36363636363636365,1.0,True,1.0,0.2727272727272727,,False,0.0,0.0,,False,0.0,0.0
57,0.57,P4,0.9456819429649556,True,0.05431805703504444,3,temporal|spatial|spectral,flow_3d|phase|coherence,0.34141842460285554,2.0350711168962143,1.0,5.172413793103448,undetermined,False,,False,0.0,0.0,0.977495854251196,True,1.0,0.36363636363636365,0.8731294889024318,True,1.0,0.36363636363636365,1.0,True,1.0,0.2727272727272727,,False,0.0,0.0,,False,0.0,0.0
58,0.58,P1,0.9401541839042122,True,0.05984581609578776,3,temporal|spatial|spectral,flow_3d|phase|coherence,0.6335377612981627,1.9724816341653764,1.0,5.084745762711865,undetermined,False,,False,0.0,0.0,0.9586436570792517,True,1.0,0.36363636363636365,0.8767803486573319,True,1.0,0.36363636363636365,1.0,True,1.0,0.2727272727272727,,False,0.0,0.0,,False,0.0,0.0
58,0.58,P2,0.9709444467643689,True,0.029055553235631137,3,temporal|spatial|spectral,flow_3d|phase|coherence,0.6012805211795205,0.6218672195216066,1.0,5.084745762711865,undetermined,False,,False,0.0,0.0,0.9607074219048075,True,1.0,0.36363636363636365,0.9593898066972066,True,1.0,0.36363636363636365,1.0,True,1.0,0.2727272727272727,,False,0.0,0.0,,False,0.0,0.0
58,0.58,P3,0.9773425655522021,True,0.022657434447797886,3,temporal|spatial|spectral,flow_3d|phase|coherence,0.3290491361059822,0.6218672195216071,1.0,5.084745762711865,undetermined,False,,False,0.0,0.0,0.978302248571349,True,1.0,0.36363636363636365,0.9593898066972066,True,1.0,0.36363636363636365,1.0,True,1.0,0.2727272727272727,,False,0.0,0.0,,False,0.0,0.0
58,0.58,P4,0.9634843426622022,True,0.036515657337797824,3,temporal|spatial|spectral,flow_3d|phase|coherence,0.17858082112911866,1.3913254671243447,1.0,5.084745762711865,undetermined,False,,False,0.0,0.0,0.9881652006509113,True,1.0,0.36363636363636365,0.9114167416701445,True,1.0,0.36363636363636365,1.0,True,1.0,0.2727272727272727,,False,0.0,0.0,,False,0.0,0.0
59,0.59,P1,0.951979828879864,True,0.04802017112013601,3,temporal|spatial|spectral,flow_3d|phase|coherence,0.46029212668038966,1.6110284560701604,1.0,5.0,undetermined,False,,False,0.0,0.0,0.9697798987100454,True,1.0,0.36363636363636365,0.8981646307095806,True,1.0,0.36363636363636365,1.0,True,1.0,0.2727272727272727,,False,0.0,0.0,,False,0.0,0.0
59,0.59,P2,0.9827430996876245,True,0.01725690031237548,3,temporal|spatial|spectral,flow_3d|phase|coherence,0.295827337372424,0.4248788307343565,1.0,5.0,undetermined,False,,False,0.0,0.0,0.9804713804602755,True,1.0,0.36363636363636365,0.972072143680692,True,1.0,0.36363636363636365,1.0,True,1.0,0.2727272727272727,,False,0.0,0.0,,False,0.0,0.0
59,0.59,P3,0.9874728030593789,True,0.0125271969406211,3,temporal|spatial|spectral,flow_3d|phase|coherence,0.09814944020207683,0.4248788307343565,1.0,5.0,undetermined,False,,False,0.0,0.0,0.9934780647326001,True,1.0,0.36363636363636365,0.972072143680692,True,1.0,0.36363636363636365,1.0,True,1.0,0.2727272727272727,,False,0.0,0.0,,False,0.0,0.0
59,0.59,P4,0.9693342428424859,True,0.030665757157514073,3,temporal|spatial|spectral,flow_3d|phase|coherence,0.6810993318434058,0.6113871866957652,1.0,5.0,undetermined,False,,False,0.0,0.0,0.9556088311298979,True,1.0,0.36363636363636365,0.9600603366869385,True,1.0,0.36363636363636365,1.0,True,1.0,0.2727272727272727,,False,0.0,0.0,,False,0.0,0.0
60,0.6,P1,0.9733575428614482,True,0.026642457138551845,3,temporal|spatial|spectral,flow_3d|phase|coherence,0.2419898916594011,0.8845274514787786,1.0,4.918032786885246,undetermined,False,,False,0.0,0.0,0.9839967749314339,True,1.0,0.36363636363636365,0.9427364679375485,True,1.0,0.36363636363636365,1.0,True,1.0,0.2727272727272727,,False,0.0,0.0,,False,0.0,0.0
60,0.6,P2,0.9985559287180384,True,0.0014440712819615564,3,temporal|spatial|spectral,flow_3d|phase|coherence,0.03858348736680428,0.021048794830819784,1.0,4.918032786885246,undetermined,False,,False,0.0,0.0,0.9974310728642191,True,1.0,0.36363636363636365,0.9985977311103867,True,1.0,0.36363636363636365,1.0,True,1.0,0.2727272727272727,,False,0.0,0.0,,False,0.0,0.0
60,0.6,P3,0.9782908126735983,True,0.021709187326401702,3,temporal|spatial|spectral,flow_3d|phase|coherence,0.5157404654556128,0.39364947821072427,1.0,4.918032786885246,undetermined,False,,False,0.0,0.0,0.9662016707204645,True,1.0,0.36363636363636365,0.9740980641319309,True,1.0,0.36363636363636365,1.0,True,1.0,0.2727272727272727,,False,0.0,0.0,,False,0.0,0.0
60,0.6,P4,0.9733961526801272,True,0.026603847319872753,3,temporal|spatial|spectral,flow_3d|phase|coherence,1.116947094458565,0.02104879483081934,1.0,4.918032786885246,undetermined,False,,False,0.0,0.0,0.9282416887599633,True,1.0,0.36363636363636365,0.9985977311103867,True,1.0,0.36363636363636365,1.0,True,1.0,0.2727272727272727,,False,0.0,0.0,,False,0.0,0.0
61,0.61,P1,0.9952395593525492,True,0.004760440647450848,3,temporal|spatial|spectral,flow_3d|phase|coherence,2.6645352591003757e-14,0.1976648545570634,1.0,4.838709677419355,undetermined,False,,False,0.0,0.0,0.9999999999999982,True,1.0,0.36363636363636365,0.9869087882195119,True,1.0,0.36363636363636365,1.0,True,1.0,0.2727272727272727,,False,0.0,0.0,,False,0.0,0.0
61,0.61,P2,0.9830397763003201,True,0.016960223699679866,3,temporal|spatial|spectral,flow_3d|phase|coherence,0.36921749153575156,0.3386939002168097,1.0,4.838709677419355,undetermined,False,,False,0.0,0.0,0.9756859670298211,True,1.0,0.36363636363636365,0.9776734177960592,True,1.0,0.36363636363636365,1.0,True,1.0,0.2727272727272727,,False,0.0,0.0,,False,0.0,0.0
61,0.61,P3,0.9744548592975373,True,0.02554514070246272,3,temporal|spatial|spectral,flow_3d|phase|coherence,0.8828472205754014,0.19766485455706384,1.0,4.838709677419355,undetermined,False,,False,0.0,0.0,0.9428420748487158,True,1.0,0.36363636363636365,0.9869087882195119,True,1.0,0.36363636363636365,1.0,True,1.0,0.2727272727272727,,False,0.0,0.0,,False,0.0,0.0
61,0.61,P4,0.9482662905094934,True,0.051733709490506596,3,temporal|spatial|spectral,flow_3d|phase|coherence,1.4434602932402711,0.7776464911493504,1.0,4.838709677419355,undetermined,False,,False,0.0,0.0,0.9082544701130617,True,1.0,0.36363636363636365,0.9494778287880453,True,1.0,0.36363636363636365,1.0,True,1.0,0.2727272727272727,,False,0.0,0.0,,False,0.0,0.0
62,0.62,P1,0.9878578943537993,True,0.012142105646200663,3,temporal|spatial|spectral,flow_3d|phase|coherence,0.2419898916593457,0.2631075689066913,1.0,4.761904761904762,undetermined,False,,False,0.0,0.0,0.9839967749314376,True,1.0,0.36363636363636365,0.9826124345415107,True,1.0,0.36363636363636365,1.0,True,1.0,0.2727272727272727,,False,0.0,0.0,,False,0.0,0.0
62,0.62,P2,0.9752176973313929,True,0.024782302668607148,3,temporal|spatial|spectral,flow_3d|phase|coherence,0.6637099151435137,0.37774630019639677,1.0,4.761904761904762,undetermined,False,,False,0.0,0.0,0.9567173055409742,True,1.0,0.36363636363636365,0.9751313621203562,True,1.0,0.36363636363636365,1.0,True,1.0,0.2727272727272727,,False,0.0,0.0,,False,0.0,0.0
62,0.62,P3,0.9665365901102542,True,0.03346340988974583,3,temporal|spatial|spectral,flow_3d|phase|coherence,1.163534738586856,0.2631075689066913,1.0,4.761904761904762,undetermined,False,,False,0.0,0.0,0.9253631882616884,True,1.0,0.36363636363636365,0.9826124345415107,True,1.0,0.36363636363636365,1.0,True,1.0,0.2727272727272727,,False,0.0,0.0,,False,0.0,0.0
62,0.62,P4,0.9235452649368382,True,0.0764547350631618,3,temporal|spatial|spectral,flow_3d|phase|coherence,1.6286775413402808,1.7035617173665303,1.0,4.761904761904762,undetermined,False,,False,0.0,0.0,0.8971084665655281,True,1.0,0.36363636363636365,0.892641012010777,True,1.0,0.36363636363636365,1.0,True,1.0,0.2727272727272727,,False,0.0,0.0,,False,0.0,0.0
63,0.63,P1,0.9688111313751462,True,0.031188868624853816,3,temporal|spatial|spectral,flow_3d|phase|coherence,0.4602921266804154,0.8572766553216926,1.0,4.6875,undetermined,False,,False,0.0,0.0,0.9697798987100438,True,1.0,0.36363636363636365,0.9444507125716081,True,1.0,0.36363636363636365,1.0,True,1.0,0.2727272727272727,,False,0.0,0.0,,False,0.0,0.0
63,0.63,P2,0.9661439040412099,True,0.03385609595879013,3,temporal|spatial|spectral,flow_3d|phase|coherence,0.8932337879182342,0.5389737253735793,1.0,4.6875,undetermined,False,,False,0.0,0.0,0.9421894413152591,True,1.0,0.36363636363636365,0.9647062947980681,True,1.0,0.36363636363636365,1.0,True,1.0,0.2727272727272727,,False,0.0,0.0,,False,0.0,0.0
63,0.63,P3,0.956304325496689,True,0.04369567450331102,3,temporal|spatial|spectral,flow_3d|phase|coherence,1.3303273695623048,0.5389737253735793,1.0,4.6875,undetermined,False,,False,0.0,0.0,0.9151306003178267,True,1.0,0.36363636363636365,0.9647062947980681,True,1.0,0.36363636363636365,1.0,True,1.0,0.2727272727272727,,False,0.0,0.0,,False,0.0,0.0
63,0.63,P4,0.9102570722103908,True,0.08974292778960924,3,temporal|spatial|spectral,flow_3d|phase|coherence,1.6544684840302768,2.3035689883013903,1.0,4.6875,undetermined,False,,False,0.0,0.0,0.8955673070072766,True,1.0,0.36363636363636365,0.857639641571298,True,1.0,0.36363636363636365,1.0,True,1.0,0.2727272727272727,,False,0.0,0.0,,False,0.0,0.0
64,0.64,P1,0.9520093644696576,True,0.04799063553034244,3,temporal|spatial|spectral,flow_3d|phase|coherence,0.6335377612981619,1.424848895360964,1.0,4.6875,undetermined,False,,False,0.0,0.0,0.9586436570792518,True,1.0,0.36363636363636365,0.9093820952123065,True,1.0,0.36363636363636365,1.0,True,1.0,0.2727272727272727,,False,0.0,0.0,,False,0.0,0.0
64,0.64,P2,0.9590578900960869,True,0.040942109903913115,3,temporal|spatial|spectral,flow_3d|phase|coherence,1.0353217140057307,0.7047620127052818,1.0,4.6875,undetermined,False,,False,0.0,0.0,0.9333066626752051,True,1.0,0.36363636363636365,0.9541025350890338,True,1.0,0.36363636363636365,1.0,True,1.0,0.2727272727272727,,False,0.0,0.0,,False,0.0,0.0
64,0.64,P3,0.9516380758378955,True,0.0483619241621045,3,temporal|spatial|spectral,flow_3d|phase|coherence,1.3668982886691357,0.7047620127052818,1.0,4.6875,undetermined,False,,False,0.0,0.0,0.9129021734651788,True,1.0,0.36363636363636365,0.9541025350890338,True,1.0,0.36363636363636365,1.0,True,1.0,0.2727272727272727,,False,0.0,0.0,,False,0.0,0.0
64,0.64,P4,0.9067009441016574,True,0.09329905589834264,3,temporal|spatial|spectral,flow_3d|phase|coherence,1.518308524143567,2.620767511107524,1.0,4.6875,undetermined,False,,False,0.0,0.0,0.9037336759216853,True,1.0,0.36363636363636365,0.8396939203578726,True,1.0,0.36363636363636365,1.0,True,1.0,0.2727272727272727,,False,0.0,0.0,,False,0.0,0.0
65,0.65,P1,0.940129656606868,True,0.05987034339313202,3,temporal|spatial|spectral,flow_3d|phase|coherence,0.744768305722868,1.8529469980163285,1.0,4.6875,undetermined,False,,False,0.0,0.0,0.9515612518004096,True,1.0,0.36363636363636365,0.8837953038684773,True,1.0,0.36363636363636365,1.0,True,1.0,0.2727272727272727,,False,0.0,0.0,,False,0.0,0.0
65,0.65,P2,0.9559055149193155,True,0.044094485080684476,3,temporal|spatial|spectral,flow_3d|phase|coherence,1.0760651372157888,0.8015632838677265,1.0,4.6875,undetermined,False,,False,0.0,0.0,0.9307750285902043,True,1.0,0.36363636363636365,0.9479651374379134,True,1.0,0.36363636363636365,1.0,True,1.0,0.2727272727272727,,False,0.0,0.0,,False,0.0,0.0
65,0.65,P3,0.9515650909113926,True,0.04843490908860737,3,temporal|spatial|spectral,flow_3d|phase|coherence,1.269667679540678,0.8015632838677265,1.0,4.6875,undetermined,False,,False,0.0,0.0,0.9188388625684164,True,1.0,0.36363636363636365,0.9479651374379134,True,1.0,0.36363636363636365,1.0,True,1.0,0.2727272727272727,,False,0.0,0.0,,False,0.0,0.0
65,0.65,P4,0.9117674573881,True,0.08823254261189994,3,temporal|spatial|spectral,flow_3d|phase|coherence,1.2335259472362594,2.68142704996555,1.0,4.6875,undetermined,False,,False,0.0,0.0,0.9210554270588761,True,1.0,0.36363636363636365,0.8363050807583992,True,1.0,0.36363636363636365,1.0,True,1.0,0.2727272727272727,,False,0.0,0.0,,False,0.0,0.0
66,0.66,P1,0.9340038438458299,True,0.0659961561541701,3,temporal|spatial|spectral,flow_3d|phase|coherence,0.7830957392775435,2.0996657382649433,1.0,4.6875,undetermined,False,,False,0.0,0.0,0.9491329620818943,True,1.0,0.36363636363636365,0.8693776084941378,True,1.0,0.36363636363636365,1.0,True,1.0,0.2727272727272727,,False,0.0,0.0,,False,0.0,0.0
66,0.66,P2,0.9569448835258905,True,0.043055116474109534,3,temporal|spatial|spectral,flow_3d|phase|coherence,1.0114758074084946,0.8199019559853893,1.0,4.6875,undetermined,False,,False,0.0,0.0,0.9347915455420719,True,1.0,0.36363636363636365,0.9468068841541267,True,1.0,0.36363636363636365,1.0,True,1.0,0.2727272727272727,,False,0.0,0.0,,False,0.0,0.0
66,0.66,P3,0.956114731076547,True,0.043885268923453014,3,temporal|spatial|spectral,flow_3d|phase|coherence,1.0481531516438203,0.8199019559853893,1.0,4.6875,undetermined,False,,False,0.0,0.0,0.9325086263063773,True,1.0,0.36363636363636365,0.9468068841541267,True,1.0,0.36363636363636365,1.0,True,1.0,0.2727272727272727,,False,0.0,0.0,,False,0.0,0.0
66,0.66,P4,0.9250651675934767,True,0.07493483240652332,3,temporal|spatial|spectral,flow_3d|phase|coherence,0.8279972561326803,2.479609826572073,1.0,4.6875,undetermined,False,,False,0.0,0.0,0.9462960429530375,True,1.0,0.36363636363636365,0.8476331679290234,True,1.0,0.36363636363636365,1.0,True,1.0,0.2727272727272727,,False,0.0,0.0,,False,0.0,0.0
67,0.67,P1,0.9340199606801003,True,0.06598003931989971,3,temporal|spatial|spectral,flow_3d|phase|coherence,0.7447683057228867,2.1408545668208103,1.0,4.6875,undetermined,False,,False,0.0,0.0,0.9515612518004085,True,1.0,0.36363636363636365,0.8669936400698671,True,1.0,0.36363636363636365,1.0,True,1.0,0.2727272727272727,,False,0.0,0.0,,False,0.0,0.0
67,0.67,P2,0.9620967652220449,True,0.0379032347779551,3,temporal|spatial|spectral,flow_3d|phase|coherence,0.8478761782057589,0.7579829120583841,1.0,4.6875,undetermined,False,,False,0.0,0.0,0.945042783898039,True,1.0,0.36363636363636365,0.9507233204625846,True,1.0,0.36363636363636365,1.0,True,1.0,0.2727272727272727,,False,0.0,0.0,,False,0.0,0.0
67,0.67,P3,0.9649456555338385,True,0.03505434446616151,3,temporal|spatial|spectral,flow_3d|phase|coherence,0.7240380903517485,0.7579829120583841,1.0,4.6875,undetermined,False,,False,0.0,0.0,0.952877232255471,True,1.0,0.36363636363636365,0.9507233204625846,True,1.0,0.36363636363636365,1.0,True,1.0,0.2727272727272727,,False,0.0,0.0,,False,0.0,0.0
67,0.67,P4,0.9456819429649537,True,0.05431805703504633,3,temporal|spatial|spectral,flow_3d|phase|coherence,0.3414184246029168,2.0350711168962357,1.0,4.6875,undetermined,False,,False,0.0,0.0,0.977495854251192,True,1.0,0.36363636363636365,0.8731294889024306,True,1.0,0.36363636363636365,1.0,True,1.0,0.2727272727272727,,False,0.0,0.0,,False,0.0,0.0
68,0.68,P1,0.9401541839042136,True,0.05984581609578643,3,temporal|spatial|spectral,flow_3d|phase|coherence,0.633537761298129,1.9724816341653533,1.0,4.6875,undetermined,False,,False,0.0,0.0,0.9586436570792538,True,1.0,0.36363636363636365,0.8767803486573332,True,1.0,0.36363636363636365,1.0,True,1.0,0.2727272727272727,,False,0.0,0.0,,False,0.0,0.0
68,0.68,P2,0.9709444467643704,True,0.029055553235629583,3,temporal|spatial|spectral,flow_3d|phase|coherence,0.6012805211794574,0.6218672195215986,1.0,4.6875,undetermined,False,,False,0.0,0.0,0.9607074219048115,True,1.0,0.36363636363636365,0.9593898066972072,True,1.0,0.36363636363636365,1.0,True,1.0,0.2727272727272727,,False,0.0,0.0,,False,0.0,0.0
68,0.68,P3,0.9773425655522044,True,0.022657434447795555,3,temporal|spatial|spectral,flow_3d|phase|coherence,0.3290491361058867,0.6218672195215991,1.0,4.6875,undetermined,False,,False,0.0,0.0,0.9783022485713552,True,1.0,0.36363636363636365,0.9593898066972072,True,1.0,0.36363636363636365,1.0,True,1.0,0.2727272727272727,,False,0.0,0.0,,False,0.0,0.0
68,0.68,P4,0.9634843426621996,True,0.03651565733780038,3,temporal|spatial|spectral,flow_3d|phase|coherence,0.17858082112924034,1.3913254671243243,1.0,4.6875,undetermined,False,,False,0.0,0.0,0.9881652006509032,True,1.0,0.36363636363636365,0.9114167416701457,True,1.0,0.36363636363636365,1.0,True,1.0,0.2727272727272727,,False,0.0,0.0,,False,0.0,0.0
69,0.69,P1,0.9519798288798637,True,0.048020171120136346,3,temporal|spatial|spectral,flow_3d|phase|coherence,0.46029212668040653,1.6110284560701604,1.0,4.6875,undetermined,False,,False,0.0,0.0,0.9697798987100443,True,1.0,0.36363636363636365,0.8981646307095806,True,1.0,0.36363636363636365,1.0,True,1.0,0.2727272727272727,,False,0.0,0.0,,False,0.0,0.0
69,0.69,P2,0.9827430996876237,True,0.017256900312376255,3,temporal|spatial|spectral,flow_3d|phase|coherence,0.2958273373724555,0.42487883073435695,1.0,4.6875,undetermined,False,,False,0.0,0.0,0.9804713804602734,True,1.0,0.36363636363636365,0.972072143680692,True,1.0,0.36363636363636365,1.0,True,1.0,0.2727272727272727,,False,0.0,0.0,,False,0.0,0.0
69,0.69,P3,0.98747280305938,True,0.012527196940619989,3,temporal|spatial|spectral,flow_3d|phase|coherence,0.09814944020202887,0.4248788307343565,1.0,4.6875,undetermined,False,,False,0.0,0.0,0.9934780647326032,True,1.0,0.36363636363636365,0.972072143680692,True,1.0,0.36363636363636365,1.0,True,1.0,0.2727272727272727,,False,0.0,0.0,,False,0.0,0.0
69,0.69,P4,0.9693342428424874,True,0.03066575715751263,3,temporal|spatial|spectral,flow_3d|phase|coherence,0.6810993318433454,0.6113871866957661,1.0,4.6875,undetermined,False,,False,0.0,0.0,0.9556088311299017,True,1.0,0.36363636363636365,0.9600603366869385,True,1.0,0.36363636363636365,1.0,True,1.0,0.2727272727272727,,False,0.0,0.0,,False,0.0,0.0
70,0.7,P1,0.973357542861448,True,0.026642457138551956,3,temporal|spatial|spectral,flow_3d|phase|coherence,0.24198989165940102,0.8845274514787795,1.0,4.6875,undetermined,False,,False,0.0,0.0,0.9839967749314339,True,1.0,0.36363636363636365,0.9427364679375484,True,1.0,0.36363636363636365,1.0,True,1.0,0.2727272727272727,,False,0.0,0.0,,False,0.0,0.0
70,0.7,P2,0.9985559287180384,True,0.0014440712819615564,3,temporal|spatial|spectral,flow_3d|phase|coherence,0.03858348736680384,0.021048794830818895,1.0,4.6875,undetermined,False,,False,0.0,0.0,0.9974310728642191,True,1.0,0.36363636363636365,0.9985977311103867,True,1.0,0.36363636363636365,1.0,True,1.0,0.2727272727272727,,False,0.0,0.0,,False,0.0,0.0
70,0.7,P3,0.9782908126735983,True,0.021709187326401702,3,temporal|spatial|spectral,flow_3d|phase|coherence,0.515740465455611,0.39364947821072516,1.0,4.6875,undetermined,False,,False,0.0,0.0,0.9662016707204646,True,1.0,0.36363636363636365,0.9740980641319308,True,1.0,0.36363636363636365,1.0,True,1.0,0.2727272727272727,,False,0.0,0.0,,False,0.0,0.0
70,0.7,P4,0.9733961526801274,True,0.026603847319872642,3,temporal|spatial|spectral,flow_3d|phase|coherence,1.1169470944585633,0.02104879483081845,1.0,4.6875,undetermined,False,,False,0.0,0.0,0.9282416887599634,True,1.0,0.36363636363636365,0.9985977311103867,True,1.0,0.36363636363636365,1.0,True,1.0,0.2727272727272727,,False,0.0,0.0,,False,0.0,0.0
71,0.71,P1,0.9952395593525492,True,0.004760440647450848,3,temporal|spatial|spectral,flow_3d|phase|coherence,2.6645352591003757e-14,0.1976648545570625,1.0,4.6875,undetermined,False,,False,0.0,0.0,0.9999999999999982,True,1.0,0.36363636363636365,0.986908788219512,True,1.0,0.36363636363636365,1.0,True,1.0,0.2727272727272727,,False,0.0,0.0,,False,0.0,0.0
71,0.71,P2,0.98303977630032,True,0.016960223699679977,3,temporal|spatial|spectral,flow_3d|phase|coherence,0.36921749153575245,0.3386939002168101,1.0,4.6875,undetermined,False,,False,0.0,0.0,0.975685967029821,True,1.0,0.36363636363636365,0.9776734177960592,True,1.0,0.36363636363636365,1.0,True,1.0,0.2727272727272727,,False,0.0,0.0,,False,0.0,0.0
71,0.71,P3,0.9744548592975373,True,0.02554514070246272,3,temporal|spatial|spectral,flow_3d|phase|coherence,0.8828472205754068,0.19766485455706295,1.0,4.6875,undetermined,False,,False,0.0,0.0,0.9428420748487155,True,1.0,0.36363636363636365,0.9869087882195119,True,1.0,0.36363636363636365,1.0,True,1.0,0.2727272727272727,,False,0.0,0.0,,False,0.0,0.0
71,0.71,P4,0.9482662905094934,True,0.051733709490506596,3,temporal|spatial|spectral,flow_3d|phase|coherence,1.4434602932402747,0.7776464911493495,1.0,4.6875,undetermined,False,,False,0.0,0.0,0.9082544701130615,True,1.0,0.36363636363636365,0.9494778287880454,True,1.0,0.36363636363636365,1.0,True,1.0,0.2727272727272727,,False,0.0,0.0,,False,0.0,0.0
72,0.72,P1,0.9878578943537993,True,0.012142105646200663,3,temporal|spatial|spectral,flow_3d|phase|coherence,0.2419898916593457,0.26310756890669085,1.0,4.6875,undetermined,False,,False,0.0,0.0,0.9839967749314376,True,1.0,0.36363636363636365,0.9826124345415107,True,1.0,0.36363636363636365,1.0,True,1.0,0.2727272727272727,,False,0.0,0.0,,False,0.0,0.0
72,0.72,P2,0.9752176973313929,True,0.024782302668607148,3,temporal|spatial|spectral,flow_3d|phase|coherence,0.6637099151435137,0.37774630019639543,1.0,4.6875,undetermined,False,,False,0.0,0.0,0.9567173055409742,True,1.0,0.36363636363636365,0.9751313621203563,True,1.0,0.36363636363636365,1.0,True,1.0,0.2727272727272727,,False,0.0,0.0,,False,0.0,0.0
72,0.72,P3,0.9665365901102543,True,0.03346340988974572,3,temporal|spatial|spectral,flow_3d|phase|coherence,1.1635347385868524,0.26310756890669085,1.0,4.6875,undetermined,False,,False,0.0,0.0,0.9253631882616886,True,1.0,0.36363636363636365,0.9826124345415107,True,1.0,0.36363636363636365,1.0,True,1.0,0.2727272727272727,,False,0.0,0.0,,False,0.0,0.0
72,0.72,P4,0.9235452649368382,True,0.0764547350631618,3,temporal|spatial|spectral,flow_3d|phase|coherence,1.6286775413402808,1.7035617173665316,1.0,4.6875,undetermined,False,,False,0.0,0.0,0.8971084665655281,True,1.0,0.36363636363636365,0.892641012010777,True,1.0,0.36363636363636365,1.0,True,1.0,0.2727272727272727,,False,0.0,0.0,,False,0.0,0.0
73,0.73,P1,0.9688111313751461,True,0.031188868624853927,3,temporal|spatial|spectral,flow_3d|phase|coherence,0.4602921266804332,0.8572766553216784,1.0,4.6875,undetermined,False,,False,0.0,0.0,0.9697798987100427,True,1.0,0.36363636363636365,0.944450712571609,True,1.0,0.36363636363636365,1.0,True,1.0,0.2727272727272727,,False,0.0,0.0,,False,0.0,0.0
73,0.73,P2,0.9661439040412099,True,0.03385609595879013,3,temporal|spatial|spectral,flow_3d|phase|coherence,0.8932337879182448,0.5389737253735714,1.0,4.6875,undetermined,False,,False,0.0,0.0,0.9421894413152584,True,1.0,0.36363636363636365,0.9647062947980686,True,1.0,0.36363636363636365,1.0,True,1.0,0.2727272727272727,,False,0.0,0.0,,False,0.0,0.0
73,0.73,P3,0.9563043254966892,True,0.0436956745033108,3,temporal|spatial|spectral,flow_3d|phase|coherence,1.3303273695623012,0.5389737253735714,1.0,4.6875,undetermined,False,,False,0.0,0.0,0.9151306003178269,True,1.0,0.36363636363636365,0.9647062947980686,True,1.0,0.36363636363636365,1.0,True,1.0,0.2727272727272727,,False,0.0,0.0,,False,0.0,0.0
73,0.73,P4,0.910257072210392,True,0.08974292778960802,3,temporal|spatial|spectral,flow_3d|phase|coherence,1.6544684840302502,2.303568988301361,1.0,4.6875,undetermined,False,,False,0.0,0.0,0.8955673070072782,True,1.0,0.36363636363636365,0.8576396415712997,True,1.0,0.36363636363636365,1.0,True,1.0,0.2727272727272727,,False,0.0,0.0,,False,0.0,0.0
74,0.74,P1,0.9520093644696581,True,0.047990635530341885,3,temporal|spatial|spectral,flow_3d|phase|coherence,0.6335377612981281,1.4248488953609773,1.0,4.6875,undetermined,False,,False,0.0,0.0,0.9586436570792539,True,1.0,0.36363636363636365,0.9093820952123057,True,1.0,0.36363636363636365,1.0,True,1.0,0.2727272727272727,,False,0.0,0.0,,False,0.0,0.0
74,0.74,P2,0.9590578900960871,True,0.04094210990391289,3,temporal|spatial|spectral,flow_3d|phase|coherence,1.0353217140057076,0.7047620127052907,1.0,4.6875,undetermined,False,,False,0.0,0.0,0.9333066626752066,True,1.0,0.36363636363636365,0.9541025350890332,True,1.0,0.36363636363636365,1.0,True,1.0,0.2727272727272727,,False,0.0,0.0,,False,0.0,0.0
74,0.74,P3,0.9516380758378951,True,0.04836192416210494,3,temporal|spatial|spectral,flow_3d|phase|coherence,1.3668982886691463,0.7047620127052907,1.0,4.6875,undetermined,False,,False,0.0,0.0,0.9129021734651781,True,1.0,0.36363636363636365,0.9541025350890332,True,1.0,0.36363636363636365,1.0,True,1.0,0.2727272727272727,,False,0.0,0.0,,False,0.0,0.0
74,0.74,P4,0.9067009441016558,True,0.0932990558983442,3,temporal|spatial|spectral,flow_3d|phase|coherence,1.5183085241436167,2.620767511107551,1.0,4.6875,undetermined,False,,False,0.0,0.0,0.9037336759216823,True,1.0,0.36363636363636365,0.839693920357871,True,1.0,0.36363636363636365,1.0,True,1.0,0.2727272727272727,,False,0.0,0.0,,False,0.0,0.0
75,0.75,P1,0.940129656606868,True,0.05987034339313202,3,temporal|spatial|spectral,flow_3d|phase|coherence,0.7447683057228858,1.8529469980163054,1.0,4.6875,undetermined,False,,False,0.0,0.0,0.9515612518004085,True,1.0,0.36363636363636365,0.8837953038684786,True,1.0,0.36363636363636365,1.0,True,1.0,0.2727272727272727,,False,0.0,0.0,,False,0.0,0.0
75,0.75,P2,0.9559055149193159,True,0.04409448508068414,3,temporal|spatial|spectral,flow_3d|phase|coherence,1.076065137215787,0.8015632838677176,1.0,4.6875,undetermined,False,,False,0.0,0.0,0.9307750285902044,True,1.0,0.36363636363636365,0.947965137437914,True,1.0,0.36363636363636365,1.0,True,1.0,0.2727272727272727,,False,0.0,0.0,,False,0.0,0.0
75,0.75,P3,0.9515650909113937,True,0.04843490908860626,3,temporal|spatial|spectral,flow_3d|phase|coherence,1.2696676795406407,0.8015632838677176,1.0,4.6875,undetermined,False,,False,0.0,0.0,0.9188388625684186,True,1.0,0.36363636363636365,0.947965137437914,True,1.0,0.36363636363636365,1.0,True,1.0,0.2727272727272727,,False,0.0,0.0,,False,0.0,0.0
75,0.75,P4,0.9117674573881023,True,0.08823254261189772,3,temporal|spatial|spectral,flow_3d|phase|coherence,1.2335259472361866,2.6814270499655235,1.0,4.6875,undetermined,False,,False,0.0,0.0,0.9210554270588805,True,1.0,0.36363636363636365,0.8363050807584006,True,1.0,0.36363636363636365,1.0,True,1.0,0.2727272727272727,,False,0.0,0.0,,False,0.0,0.0
76,0.76,P1,0.9340038438458295,True,0.06599615615417054,3,temporal|spatial|spectral,flow_3d|phase|coherence,0.7830957392775435,2.0996657382649646,1.0,4.6875,undetermined,False,,False,0.0,0.0,0.9491329620818943,True,1.0,0.36363636363636365,0.8693776084941366,True,1.0,0.36363636363636365,1.0,True,1.0,0.2727272727272727,,False,0.0,0.0,,False,0.0,0.0
76,0.76,P2,0.9569448835258896,True,0.04305511647411042,3,temporal|spatial|spectral,flow_3d|phase|coherence,1.0114758074085213,0.8199019559853982,1.0,4.6875,undetermined,False,,False,0.0,0.0,0.9347915455420702,True,1.0,0.36363636363636365,0.9468068841541262,True,1.0,0.36363636363636365,1.0,True,1.0,0.2727272727272727,,False,0.0,0.0,,False,0.0,0.0
76,0.76,P3,0.9561147310765453,True,0.04388526892345468,3,temporal|spatial|spectral,flow_3d|phase|coherence,1.0481531516438825,0.8199019559853982,1.0,4.6875,undetermined,False,,False,0.0,0.0,0.9325086263063734,True,1.0,0.36363636363636365,0.9468068841541262,True,1.0,0.36363636363636365,1.0,True,1.0,0.2727272727272727,,False,0.0,0.0,,False,0.0,0.0
76,0.76,P4,0.9250651675934738,True,0.07493483240652621,3,temporal|spatial|spectral,flow_3d|phase|coherence,0.8279972561327815,2.479609826572103,1.0,4.6875,undetermined,False,,False,0.0,0.0,0.9462960429530312,True,1.0,0.36363636363636365,0.8476331679290218,True,1.0,0.36363636363636365,1.0,True,1.0,0.2727272727272727,,False,0.0,0.0,,False,0.0,0.0
77,0.77,P1,0.9340199606801003,True,0.06598003931989971,3,temporal|spatial|spectral,flow_3d|phase|coherence,0.7447683057228867,2.1408545668208108,1.0,4.6875,undetermined,False,,False,0.0,0.0,0.9515612518004085,True,1.0,0.36363636363636365,0.8669936400698671,True,1.0,0.36363636363636365,1.0,True,1.0,0.2727272727272727,,False,0.0,0.0,,False,0.0,0.0
77,0.77,P2,0.9620967652220451,True,0.037903234777954875,3,temporal|spatial|spectral,flow_3d|phase|coherence,0.8478761782057473,0.7579829120583836,1.0,4.6875,undetermined,False,,False,0.0,0.0,0.9450427838980396,True,1.0,0.36363636363636365,0.9507233204625846,True,1.0,0.36363636363636365,1.0,True,1.0,0.2727272727272727,,False,0.0,0.0,,False,0.0,0.0
77,0.77,P3,0.9649456555338392,True,0.03505434446616085,3,temporal|spatial|spectral,flow_3d|phase|coherence,0.7240380903517183,0.7579829120583836,1.0,4.6875,undetermined,False,,False,0.0,0.0,0.9528772322554729,True,1.0,0.36363636363636365,0.9507233204625846,True,1.0,0.36363636363636365,1.0,True,1.0,0.2727272727272727,,False,0.0,0.0,,False,0.0,0.0
77,0.77,P4,0.945681942964955,True,0.054318057035045,3,temporal|spatial|spectral,flow_3d|phase|coherence,0.34141842460286487,2.035071116896235,1.0,4.6875,undetermined,False,,False,0.0,0.0,0.9774958542511955,True,1.0,0.36363636363636365,0.8731294889024306,True,1.0,0.36363636363636365,1.0,True,1.0,0.2727272727272727,,False,0.0,0.0,,False,0.0,0.0
78,0.78,P1,0.9401541839042135,True,0.05984581609578654,3,temporal|spatial|spectral,flow_3d|phase|coherence,0.6335377612981281,1.9724816341653542,1.0,4.6875,undetermined,False,,False,0.0,0.0,0.9586436570792539,True,1.0,0.36363636363636365,0.8767803486573331,True,1.0,0.36363636363636365,1.0,True,1.0,0.2727272727272727,,False,0.0,0.0,,False,0.0,0.0
78,0.78,P2,0.9709444467643704,True,0.029055553235629583,3,temporal|spatial|spectral,flow_3d|phase|coherence,0.6012805211794561,0.6218672195215991,1.0,4.6875,undetermined,False,,False,0.0,0.0,0.9607074219048116,True,1.0,0.36363636363636365,0.9593898066972072,True,1.0,0.36363636363636365,1.0,True,1.0,0.2727272727272727,,False,0.0,0.0,,False,0.0,0.0
78,0.78,P3,0.9773425655522044,True,0.022657434447795555,3,temporal|spatial|spectral,flow_3d|phase|coherence,0.3290491361058867,0.6218672195215991,1.0,4.6875,undetermined,False,,False,0.0,0.0,0.9783022485713552,True,1.0,0.36363636363636365,0.9593898066972072,True,1.0,0.36363636363636365,1.0,True,1.0,0.2727272727272727,,False,0.0,0.0,,False,0.0,0.0
78,0.78,P4,0.9634843426621997,True,0.03651565733780027,3,temporal|spatial|spectral,flow_3d|phase|coherence,0.17858082112923945,1.3913254671243243,1.0,4.6875,undetermined,False,,False,0.0,0.0,0.9881652006509033,True,1.0,0.36363636363636365,0.9114167416701457,True,1.0,0.36363636363636365,1.0,True,1.0,0.2727272727272727,,False,0.0,0.0,,False,0.0,0.0
79,0.79,P1,0.9519798288798627,True,0.048020171120137345,3,temporal|spatial|spectral,flow_3d|phase|coherence,0.46029212668043407,1.6110284560701764,1.0,4.6875,undetermined,False,,False,0.0,0.0,0.9697798987100426,True,1.0,0.36363636363636365,0.8981646307095796,True,1.0,0.36363636363636365,1.0,True,1.0,0.2727272727272727,,False,0.0,0.0,,False,0.0,0.0
79,0.79,P2,0.9827430996876227,True,0.017256900312377255,3,temporal|spatial|spectral,flow_3d|phase|coherence,0.295827337372495,0.4248788307343605,1.0,4.6875,undetermined,False,,False,0.0,0.0,0.9804713804602708,True,1.0,0.36363636363636365,0.9720721436806917,True,1.0,0.36363636363636365,1.0,True,1.0,0.2727272727272727,,False,0.0,0.0,,False,0.0,0.0
79,0.79,P3,0.9874728030593811,True,0.012527196940618879,3,temporal|spatial|spectral,flow_3d|phase|coherence,0.09814944020198269,0.42487883073436006,1.0,4.6875,undetermined,False,,False,0.0,0.0,0.9934780647326064,True,1.0,0.36363636363636365,0.9720721436806917,True,1.0,0.36363636363636365,1.0,True,1.0,0.2727272727272727,,False,0.0,0.0,,False,0.0,0.0
79,0.79,P4,0.9693342428424885,True,0.03066575715751152,3,temporal|spatial|spectral,flow_3d|phase|coherence,0.6810993318432992,0.6113871866957679,1.0,4.6875,undetermined,False,,False,0.0,0.0,0.9556088311299047,True,1.0,0.36363636363636365,0.9600603366869384,True,1.0,0.36363636363636365,1.0,True,1.0,0.2727272727272727,,False,0.0,0.0,,False,0.0,0.0
80,0.8,P1,0.9733575428614498,True,0.02664245713855018,3,temporal|spatial|spectral,flow_3d|phase|coherence,0.24198989165934764,0.8845274514787649,1.0,4.6875,undetermined,False,,False,0.0,0.0,0.9839967749314373,True,1.0,0.36363636363636365,0.9427364679375494,True,1.0,0.36363636363636365,1.0,True,1.0,0.2727272727272727,,False,0.0,0.0,,False,0.0,0.0
80,0.8,P2,0.9985559287180366,True,0.0014440712819634438,3,temporal|spatial|spectral,flow_3d|phase|coherence,0.038583487366882,0.02104879483082156,1.0,4.6875,undetermined,False,,False,0.0,0.0,0.9974310728642138,True,1.0,0.36363636363636365,0.9985977311103866,True,1.0,0.36363636363636365,1.0,True,1.0,0.2727272727272727,,False,0.0,0.0,,False,0.0,0.0
80,0.8,P3,0.9782908126735963,True,0.0217091873264037,3,temporal|spatial|spectral,flow_3d|phase|coherence,0.5157404654557034,0.3936494782107207,1.0,4.6875,undetermined,False,,False,0.0,0.0,0.9662016707204586,True,1.0,0.36363636363636365,0.9740980641319311,True,1.0,0.36363636363636365,1.0,True,1.0,0.2727272727272727,,False,0.0,0.0,,False,0.0,0.0
80,0.8,P4,0.9733961526801254,True,0.02660384731987464,3,temporal|spatial|spectral,flow_3d|phase|coherence,1.116947094458654,0.021048794830821116,1.0,4.6875,undetermined,False,,False,0.0,0.0,0.9282416887599578,True,1.0,0.36363636363636365,0.9985977311103866,True,1.0,0.36363636363636365,1.0,True,1.0,0.2727272727272727,,False,0.0,0.0,,False,0.0,0.0
81,0.81,P1,0.9952395593525492,True,0.004760440647450848,3,temporal|spatial|spectral,flow_3d|phase|coherence,2.7977620220553945e-14,0.1976648545570625,1.0,4.6875,undetermined,False,,False,0.0,0.0,0.9999999999999981,True,1.0,0.36363636363636365,0.986908788219512,True,1.0,0.36363636363636365,1.0,True,1.0,0.2727272727272727,,False,0.0,0.0,,False,0.0,0.0
81,0.81,P2,0.9830397763003217,True,0.016960223699678312,3,temporal|spatial|spectral,flow_3d|phase|coherence,0.3692174915356832,0.3386939002168132,1.0,4.6875,undetermined,False,,False,0.0,0.0,0.9756859670298256,True,1.0,0.36363636363636365,0.977673417796059,True,1.0,0.36363636363636365,1.0,True,1.0,0.2727272727272727,,False,0.0,0.0,,False,0.0,0.0
81,0.81,P3,0.9744548592975391,True,0.025545140702460944,3,temporal|spatial|spectral,flow_3d|phase|coherence,0.8828472205753322,0.19766485455706206,1.0,4.6875,undetermined,False,,False,0.0,0.0,0.9428420748487203,True,1.0,0.36363636363636365,0.986908788219512,True,1.0,0.36363636363636365,1.0,True,1.0,0.2727272727272727,,False,0.0,0.0,,False,0.0,0.0
81,0.81,P4,0.9482662905094943,True,0.05173370949050571,3,temporal|spatial|spectral,flow_3d|phase|coherence,1.4434602932402179,0.7776464911493646,1.0,4.6875,undetermined,False,,False,0.0,0.0,0.9082544701130649,True,1.0,0.36363636363636365,0.9494778287880444,True,1.0,0.36363636363636365,1.0,True,1.0,0.2727272727272727,,False,0.0,0.0,,False,0.0,0.0
82,0.82,P1,0.9878578943537981,True,0.012142105646201884,3,temporal|spatial|spectral,flow_3d|phase|coherence,0.24198989165939988,0.26310756890668974,1.0,4.6875,undetermined,False,,False,0.0,0.0,0.983996774931434,True,1.0,0.36363636363636365,0.9826124345415108,True,1.0,0.36363636363636365,1.0,True,1.0,0.2727272727272727,,False,0.0,0.0,,False,0.0,0.0
82,0.82,P2,0.9752176973313917,True,0.024782302668608258,3,temporal|spatial|spectral,flow_3d|phase|coherence,0.6637099151435724,0.3777463001963921,1.0,4.6875,undetermined,False,,False,0.0,0.0,0.9567173055409706,True,1.0,0.36363636363636365,0.9751313621203566,True,1.0,0.36363636363636365,1.0,True,1.0,0.2727272727272727,,False,0.0,0.0,,False,0.0,0.0
82,0.82,P3,0.9665365901102532,True,0.03346340988974683,3,temporal|spatial|spectral,flow_3d|phase|coherence,1.163534738586904,0.26310756890668974,1.0,4.6875,undetermined,False,,False,0.0,0.0,0.9253631882616854,True,1.0,0.36363636363636365,0.9826124345415108,True,1.0,0.36363636363636365,1.0,True,1.0,0.2727272727272727,,False,0.0,0.0,,False,0.0,0.0
82,0.82,P4,0.9235452649368381,True,0.07645473506316192,3,temporal|spatial|spectral,flow_3d|phase|coherence,1.628677541340302,1.7035617173665163,1.0,4.6875,undetermined,False,,False,0.0,0.0,0.8971084665655268,True,1.0,0.36363636363636365,0.8926410120107778,True,1.0,0.36363636363636365,1.0,True,1.0,0.2727272727272727,,False,0.0,0.0,,False,0.0,0.0
83,0.83,P1,0.9688111313751466,True,0.031188868624853372,3,temporal|spatial|spectral,flow_3d|phase|coherence,0.46029212668040653,0.8572766553216784,1.0,4.6875,undetermined,False,,False,0.0,0.0,0.9697798987100443,True,1.0,0.36363636363636365,0.944450712571609,True,1.0,0.36363636363636365,1.0,True,1.0,0.2727272727272727,,False,0.0,0.0,,False,0.0,0.0
83,0.83,P2,0.9661439040412105,True,0.03385609595878947,3,temporal|spatial|spectral,flow_3d|phase|coherence,0.8932337879182164,0.5389737253735714,1.0,4.6875,undetermined,False,,False,0.0,0.0,0.9421894413152602,True,1.0,0.36363636363636365,0.9647062947980686,True,1.0,0.36363636363636365,1.0,True,1.0,0.2727272727272727,,False,0.0,0.0,,False,0.0,0.0
83,0.83,P3,0.9563043254966899,True,0.043695674503310133,3,temporal|spatial|spectral,flow_3d|phase|coherence,1.3303273695622764,0.5389737253735714,1.0,4.6875,undetermined,False,,False,0.0,0.0,0.9151306003178284,True,1.0,0.36363636363636365,0.9647062947980686,True,1.0,0.36363636363636365,1.0,True,1.0,0.2727272727272727,,False,0.0,0.0,,False,0.0,0.0
83,0.83,P4,0.9102570722103922,True,0.0897429277896078,3,temporal|spatial|spectral,flow_3d|phase|coherence,1.6544684840302395,2.303568988301361,1.0,4.6875,undetermined,False,,False,0.0,0.0,0.8955673070072788,True,1.0,0.36363636363636365,0.8576396415712997,True,1.0,0.36363636363636365,1.0,True,1.0,0.2727272727272727,,False,0.0,0.0,,False,0.0,0.0
84,0.84,P1,0.9520093644696581,True,0.047990635530341885,3,temporal|spatial|spectral,flow_3d|phase|coherence,0.6335377612981281,1.4248488953609773,1.0,4.6875,undetermined,False,,False,0.0,0.0,0.9586436570792539,True,1.0,0.36363636363636365,0.9093820952123057,True,1.0,0.36363636363636365,1.0,True,1.0,0.2727272727272727,,False,0.0,0.0,,False,0.0,0.0
84,0.84,P2,0.9590578900960871,True,0.04094210990391289,3,temporal|spatial|spectral,flow_3d|phase|coherence,1.0353217140057076,0.7047620127052898,1.0,4.6875,undetermined,False,,False,0.0,0.0,0.9333066626752066,True,1.0,0.36363636363636365,0.9541025350890332,True,1.0,0.36363636363636365,1.0,True,1.0,0.2727272727272727,,False,0.0,0.0,,False,0.0,0.0
84,0.84,P3,0.9516380758378951,True,0.04836192416210494,3,temporal|spatial|spectral,flow_3d|phase|coherence,1.3668982886691445,0.7047620127052898,1.0,4.6875,undetermined,False,,False,0.0,0.0,0.9129021734651782,True,1.0,0.36363636363636365,0.9541025350890332,True,1.0,0.36363636363636365,1.0,True,1.0,0.2727272727272727,,False,0.0,0.0,,False,0.0,0.0
84,0.84,P4,0.9067009441016558,True,0.0932990558983442,3,temporal|spatial|spectral,flow_3d|phase|coherence,1.518308524143615,2.62076751110755,1.0,4.6875,undetermined,False,,False,0.0,0.0,0.9037336759216824,True,1.0,0.36363636363636365,0.8396939203578712,True,1.0,0.36363636363636365,1.0,True,1.0,0.2727272727272727,,False,0.0,0.0,,False,0.0,0.0
85,0.85,P1,0.940129656606868,True,0.05987034339313202,3,temporal|spatial|spectral,flow_3d|phase|coherence,0.7447683057228858,1.8529469980163054,1.0,4.6875,undetermined,False,,False,0.0,0.0,0.9515612518004085,True,1.0,0.36363636363636365,0.8837953038684786,True,1.0,0.36363636363636365,1.0,True,1.0,0.2727272727272727,,False,0.0,0.0,,False,0.0,0.0
85,0.85,P2,0.9559055149193159,True,0.04409448508068414,3,temporal|spatial|spectral,flow_3d|phase|coherence,1.076065137215787,0.8015632838677176,1.0,4.6875,undetermined,False,,False,0.0,0.0,0.9307750285902044,True,1.0,0.36363636363636365,0.947965137437914,True,1.0,0.36363636363636365,1.0,True,1.0,0.2727272727272727,,False,0.0,0.0,,False,0.0,0.0
85,0.85,P3,0.9515650909113936,True,0.04843490908860637,3,temporal|spatial|spectral,flow_3d|phase|coherence,1.2696676795406425,0.8015632838677176,1.0,4.6875,undetermined,False,,False,0.0,0.0,0.9188388625684185,True,1.0,0.36363636363636365,0.947965137437914,True,1.0,0.36363636363636365,1.0,True,1.0,0.2727272727272727,,False,0.0,0.0,,False,0.0,0.0
85,0.85,P4,0.9117674573881023,True,0.08823254261189772,3,temporal|spatial|spectral,flow_3d|phase|coherence,1.2335259472361884,2.6814270499655235,1.0,4.6875,undetermined,False,,False,0.0,0.0,0.9210554270588804,True,1.0,0.36363636363636365,0.8363050807584006,True,1.0,0.36363636363636365,1.0,True,1.0,0.2727272727272727,,False,0.0,0.0,,False,0.0,0.0
86,0.86,P1,0.9340038438458296,True,0.06599615615417043,3,temporal|spatial|spectral,flow_3d|phase|coherence,0.7830957392775435,2.0996657382649637,1.0,4.6875,undetermined,False,,False,0.0,0.0,0.9491329620818943,True,1.0,0.36363636363636365,0.8693776084941367,True,1.0,0.36363636363636365,1.0,True,1.0,0.2727272727272727,,False,0.0,0.0,,False,0.0,0.0
86,0.86,P2,0.9569448835258896,True,0.04305511647411042,3,temporal|spatial|spectral,flow_3d|phase|coherence,1.0114758074085195,0.8199019559853991,1.0,4.6875,undetermined,False,,False,0.0,0.0,0.9347915455420703,True,1.0,0.36363636363636365,0.9468068841541261,True,1.0,0.36363636363636365,1.0,True,1.0,0.2727272727272727,,False,0.0,0.0,,False,0.0,0.0
86,0.86,P3,0.9561147310765452,True,0.04388526892345479,3,temporal|spatial|spectral,flow_3d|phase|coherence,1.0481531516438825,0.8199019559853991,1.0,4.6875,undetermined,False,,False,0.0,0.0,0.9325086263063734,True,1.0,0.36363636363636365,0.9468068841541261,True,1.0,0.36363636363636365,1.0,True,1.0,0.2727272727272727,,False,0.0,0.0,,False,0.0,0.0
86,0.86,P4,0.9250651675934738,True,0.07493483240652621,3,temporal|spatial|spectral,flow_3d|phase|coherence,0.8279972561327815,2.479609826572104,1.0,4.6875,undetermined,False,,False,0.0,0.0,0.9462960429530312,True,1.0,0.36363636363636365,0.8476331679290217,True,1.0,0.36363636363636365,1.0,True,1.0,0.2727272727272727,,False,0.0,0.0,,False,0.0,0.0
87,0.87,P1,0.9340199606801012,True,0.06598003931989882,3,temporal|spatial|spectral,flow_3d|phase|coherence,0.7447683057228689,2.140854566820788,1.0,4.6875,undetermined,False,,False,0.0,0.0,0.9515612518004096,True,1.0,0.36363636363636365,0.8669936400698685,True,1.0,0.36363636363636365,1.0,True,1.0,0.2727272727272727,,False,0.0,0.0,,False,0.0,0.0
87,0.87,P2,0.962096765222046,True,0.03790323477795399,3,temporal|spatial|spectral,flow_3d|phase|coherence,0.8478761782057163,0.7579829120583761,1.0,4.6875,undetermined,False,,False,0.0,0.0,0.9450427838980416,True,1.0,0.36363636363636365,0.950723320462585,True,1.0,0.36363636363636365,1.0,True,1.0,0.2727272727272727,,False,0.0,0.0,,False,0.0,0.0
87,0.87,P3,0.9649456555338404,True,0.035054344466159626,3,temporal|spatial|spectral,flow_3d|phase|coherence,0.7240380903516703,0.7579829120583761,1.0,4.6875,undetermined,False,,False,0.0,0.0,0.9528772322554759,True,1.0,0.36363636363636365,0.950723320462585,True,1.0,0.36363636363636365,1.0,True,1.0,0.2727272727272727,,False,0.0,0.0,,False,0.0,0.0
87,0.87,P4,0.9456819429649568,True,0.05431805703504322,3,temporal|spatial|spectral,flow_3d|phase|coherence,0.3414184246028047,2.0350711168962152,1.0,4.6875,undetermined,False,,False,0.0,0.0,0.9774958542511993,True,1.0,0.36363636363636365,0.8731294889024317,True,1.0,0.36363636363636365,1.0,True,1.0,0.2727272727272727,,False,0.0,0.0,,False,0.0,0.0
88,0.88,P1,0.9401541839042122,True,0.05984581609578776,3,temporal|spatial|spectral,flow_3d|phase|coherence,0.6335377612981627,1.9724816341653781,1.0,4.6875,undetermined,False,,False,0.0,0.0,0.9586436570792517,True,1.0,0.36363636363636365,0.8767803486573318,True,1.0,0.36363636363636365,1.0,True,1.0,0.2727272727272727,,False,0.0,0.0,,False,0.0,0.0
88,0.88,P2,0.9709444467643688,True,0.02905555323563125,3,temporal|spatial|spectral,flow_3d|phase|coherence,0.6012805211795222,0.6218672195216066,1.0,4.6875,undetermined,False,,False,0.0,0.0,0.9607074219048074,True,1.0,0.36363636363636365,0.9593898066972066,True,1.0,0.36363636363636365,1.0,True,1.0,0.2727272727272727,,False,0.0,0.0,,False,0.0,0.0
88,0.88,P3,0.9773425655522021,True,0.022657434447797886,3,temporal|spatial|spectral,flow_3d|phase|coherence,0.32904913610598285,0.6218672195216062,1.0,4.6875,undetermined,False,,False,0.0,0.0,0.9783022485713488,True,1.0,0.36363636363636365,0.9593898066972067,True,1.0,0.36363636363636365,1.0,True,1.0,0.2727272727272727,,False,0.0,0.0,,False,0.0,0.0
88,0.88,P4,0.9634843426622022,True,0.036515657337797824,3,temporal|spatial|spectral,flow_3d|phase|coherence,0.17858082112911866,1.3913254671243438,1.0,4.6875,undetermined,False,,False,0.0,0.0,0.9881652006509113,True,1.0,0.36363636363636365,0.9114167416701446,True,1.0,0.36363636363636365,1.0,True,1.0,0.2727272727272727,,False,0.0,0.0,,False,0.0,0.0
89,0.89,P1,0.951979828879863,True,0.04802017112013701,3,temporal|spatial|spectral,flow_3d|phase|coherence,0.4602921266804172,1.6110284560701764,1.0,4.6875,undetermined,False,,False,0.0,0.0,0.9697798987100437,True,1.0,0.36363636363636365,0.8981646307095796,True,1.0,0.36363636363636365,1.0,True,1.0,0.2727272727272727,,False,0.0,0.0,,False,0.0,0.0
89,0.89,P2,0.9827430996876235,True,0.017256900312376477,3,temporal|spatial|spectral,flow_3d|phase|coherence,0.2958273373724617,0.4248788307343605,1.0,4.6875,undetermined,False,,False,0.0,0.0,0.9804713804602729,True,1.0,0.36363636363636365,0.9720721436806917,True,1.0,0.36363636363636365,1.0,True,1.0,0.2727272727272727,,False,0.0,0.0,,False,0.0,0.0
89,0.89,P3,0.98747280305938,True,0.012527196940619989,3,temporal|spatial|spectral,flow_3d|phase|coherence,0.09814944020202976,0.42487883073436095,1.0,4.6875,undetermined,False,,False,0.0,0.0,0.9934780647326032,True,1.0,0.36363636363636365,0.9720721436806917,True,1.0,0.36363636363636365,1.0,True,1.0,0.2727272727272727,,False,0.0,0.0,,False,0.0,0.0
89,0.89,P4,0.9693342428424869,True,0.030665757157513074,3,temporal|spatial|spectral,flow_3d|phase|coherence,0.6810993318433614,0.6113871866957679,1.0,4.6875,undetermined,False,,False,0.0,0.0,0.9556088311299007,True,1.0,0.36363636363636365,0.9600603366869384,True,1.0,0.36363636363636365,1.0,True,1.0,0.2727272727272727,,False,0.0,0.0,,False,0.0,0.0
90,0.9,P1,0.9733575428614497,True,0.02664245713855029,3,temporal|spatial|spectral,flow_3d|phase|coherence,0.24198989165934753,0.8845274514787658,1.0,4.6875,undetermined,False,,False,0.0,0.0,0.9839967749314374,True,1.0,0.36363636363636365,0.9427364679375493,True,1.0,0.36363636363636365,1.0,True,1.0,0.2727272727272727,,False,0.0,0.0,,False,0.0,0.0
90,0.9,P2,0.9985559287180366,True,0.0014440712819634438,3,temporal|spatial|spectral,flow_3d|phase|coherence,0.038583487366882,0.021048794830820672,1.0,4.6875,undetermined,False,,False,0.0,0.0,0.9974310728642138,True,1.0,0.36363636363636365,0.9985977311103866,True,1.0,0.36363636363636365,1.0,True,1.0,0.2727272727272727,,False,0.0,0.0,,False,0.0,0.0
90,0.9,P3,0.9782908126735963,True,0.0217091873264037,3,temporal|spatial|spectral,flow_3d|phase|coherence,0.5157404654557052,0.39364947821071894,1.0,4.6875,undetermined,False,,False,0.0,0.0,0.9662016707204585,True,1.0,0.36363636363636365,0.9740980641319312,True,1.0,0.36363636363636365,1.0,True,1.0,0.2727272727272727,,False,0.0,0.0,,False,0.0,0.0
90,0.9,P4,0.9733961526801254,True,0.02660384731987464,3,temporal|spatial|spectral,flow_3d|phase|coherence,1.1169470944586504,0.021048794830820228,1.0,4.6875,undetermined,False,,False,0.0,0.0,0.928241688759958,True,1.0,0.36363636363636365,0.9985977311103866,True,1.0,0.36363636363636365,1.0,True,1.0,0.2727272727272727,,False,0.0,0.0,,False,0.0,0.0
91,0.91,P1,0.9952395593525492,True,0.004760440647450848,3,temporal|spatial|spectral,flow_3d|phase|coherence,2.7977620220553945e-14,0.1976648545570634,1.0,4.6875,undetermined,False,,False,0.0,0.0,0.9999999999999981,True,1.0,0.36363636363636365,0.9869087882195119,True,1.0,0.36363636363636365,1.0,True,1.0,0.2727272727272727,,False,0.0,0.0,,False,0.0,0.0
91,0.91,P2,0.9830397763003218,True,0.0169602236996782,3,temporal|spatial|spectral,flow_3d|phase|coherence,0.3692174915356814,0.33869390021681367,1.0,4.6875,undetermined,False,,False,0.0,0.0,0.9756859670298257,True,1.0,0.36363636363636365,0.977673417796059,True,1.0,0.36363636363636365,1.0,True,1.0,0.2727272727272727,,False,0.0,0.0,,False,0.0,0.0
91,0.91,P3,0.9744548592975391,True,0.025545140702460944,3,temporal|spatial|spectral,flow_3d|phase|coherence,0.8828472205753304,0.19766485455706295,1.0,4.6875,undetermined,False,,False,0.0,0.0,0.9428420748487204,True,1.0,0.36363636363636365,0.9869087882195119,True,1.0,0.36363636363636365,1.0,True,1.0,0.2727272727272727,,False,0.0,0.0,,False,0.0,0.0
91,0.91,P4,0.9482662905094943,True,0.05173370949050571,3,temporal|spatial|spectral,flow_3d|phase|coherence,1.4434602932402179,0.7776464911493655,1.0,4.6875,undetermined,False,,False,0.0,0.0,0.9082544701130649,True,1.0,0.36363636363636365,0.9494778287880443,True,1.0,0.36363636363636365,1.0,True,1.0,0.2727272727272727,,False,0.0,0.0,,False,0.0,0.0
92,0.92,P1,0.9878578943537981,True,0.012142105646201884,3,temporal|spatial|spectral,flow_3d|phase|coherence,0.24198989165939988,0.26310756890668974,1.0,4.6875,undetermined,False,,False,0.0,0.0,0.983996774931434,True,1.0,0.36363636363636365,0.9826124345415108,True,1.0,0.36363636363636365,1.0,True,1.0,0.2727272727272727,,False,0.0,0.0,,False,0.0,0.0
92,0.92,P2,0.9752176973313917,True,0.024782302668608258,3,temporal|spatial|spectral,flow_3d|phase|coherence,0.6637099151435741,0.3777463001963921,1.0,4.6875,undetermined,False,,False,0.0,0.0,0.9567173055409705,True,1.0,0.36363636363636365,0.9751313621203566,True,1.0,0.36363636363636365,1.0,True,1.0,0.2727272727272727,,False,0.0,0.0,,False,0.0,0.0
92,0.92,P3,0.9665365901102532,True,0.03346340988974683,3,temporal|spatial|spectral,flow_3d|phase|coherence,1.1635347385869057,0.26310756890668974,1.0,4.6875,undetermined,False,,False,0.0,0.0,0.9253631882616854,True,1.0,0.36363636363636365,0.9826124345415108,True,1.0,0.36363636363636365,1.0,True,1.0,0.2727272727272727,,False,0.0,0.0,,False,0.0,0.0
92,0.92,P4,0.9235452649368381,True,0.07645473506316192,3,temporal|spatial|spectral,flow_3d|phase|coherence,1.628677541340302,1.7035617173665163,1.0,4.6875,undetermined,False,,False,0.0,0.0,0.8971084665655268,True,1.0,0.36363636363636365,0.8926410120107778,True,1.0,0.36363636363636365,1.0,True,1.0,0.2727272727272727,,False,0.0,0.0,,False,0.0,0.0
93,0.93,P1,0.9688111313751467,True,0.03118886862485326,3,temporal|spatial|spectral,flow_3d|phase|coherence,0.46029212668038877,0.8572766553216917,1.0,4.6875,undetermined,False,,False,0.0,0.0,0.9697798987100454,True,1.0,0.36363636363636365,0.9444507125716081,True,1.0,0.36363636363636365,1.0,True,1.0,0.2727272727272727,,False,0.0,0.0,,False,0.0,0.0
93,0.93,P2,0.9661439040412105,True,0.03385609595878947,3,temporal|spatial|spectral,flow_3d|phase|coherence,0.8932337879182057,0.5389737253735785,1.0,4.6875,undetermined,False,,False,0.0,0.0,0.9421894413152608,True,1.0,0.36363636363636365,0.9647062947980681,True,1.0,0.36363636363636365,1.0,True,1.0,0.2727272727272727,,False,0.0,0.0,,False,0.0,0.0
93,0.93,P3,0.9563043254966896,True,0.043695674503310356,3,temporal|spatial|spectral,flow_3d|phase|coherence,1.33032736956228,0.5389737253735785,1.0,4.6875,undetermined,False,,False,0.0,0.0,0.9151306003178282,True,1.0,0.36363636363636365,0.9647062947980681,True,1.0,0.36363636363636365,1.0,True,1.0,0.2727272727272727,,False,0.0,0.0,,False,0.0,0.0
93,0.93,P4,0.9102570722103911,True,0.0897429277896089,3,temporal|spatial|spectral,flow_3d|phase|coherence,1.6544684840302644,2.3035689883013895,1.0,4.6875,undetermined,False,,False,0.0,0.0,0.8955673070072773,True,1.0,0.36363636363636365,0.8576396415712981,True,1.0,0.36363636363636365,1.0,True,1.0,0.2727272727272727,,False,0.0,0.0,,False,0.0,0.0
94,0.94,P1,0.9520093644696576,True,0.04799063553034244,3,temporal|spatial|spectral,flow_3d|phase|coherence,0.633537761298161,1.424848895360964,1.0,4.6875,undetermined,False,,False,0.0,0.0,0.9586436570792518,True,1.0,0.36363636363636365,0.9093820952123065,True,1.0,0.36363636363636365,1.0,True,1.0,0.2727272727272727,,False,0.0,0.0,,False,0.0,0.0
94,0.94,P2,0.9590578900960869,True,0.040942109903913115,3,temporal|spatial|spectral,flow_3d|phase|coherence,1.035321714005729,0.7047620127052827,1.0,4.6875,undetermined,False,,False,0.0,0.0,0.9333066626752052,True,1.0,0.36363636363636365,0.9541025350890336,True,1.0,0.36363636363636365,1.0,True,1.0,0.2727272727272727,,False,0.0,0.0,,False,0.0,0.0
94,0.94,P3,0.9516380758378953,True,0.04836192416210472,3,temporal|spatial|spectral,flow_3d|phase|coherence,1.3668982886691374,0.7047620127052827,1.0,4.6875,undetermined,False,,False,0.0,0.0,0.9129021734651787,True,1.0,0.36363636363636365,0.9541025350890336,True,1.0,0.36363636363636365,1.0,True,1.0,0.2727272727272727,,False,0.0,0.0,,False,0.0,0.0
94,0.94,P4,0.9067009441016576,True,0.09329905589834242,3,temporal|spatial|spectral,flow_3d|phase|coherence,1.5183085241435652,2.6207675111075215,1.0,4.6875,undetermined,False,,False,0.0,0.0,0.9037336759216854,True,1.0,0.36363636363636365,0.8396939203578727,True,1.0,0.36363636363636365,1.0,True,1.0,0.2727272727272727,,False,0.0,0.0,,False,0.0,0.0
95,0.95,P1,0.9401296566068684,True,0.059870343393131575,3,temporal|spatial|spectral,flow_3d|phase|coherence,0.744768305722868,1.8529469980163054,1.0,4.6875,undetermined,False,,False,0.0,0.0,0.9515612518004096,True,1.0,0.36363636363636365,0.8837953038684786,True,1.0,0.36363636363636365,1.0,True,1.0,0.2727272727272727,,False,0.0,0.0,,False,0.0,0.0
95,0.95,P2,0.9559055149193161,True,0.04409448508068392,3,temporal|spatial|spectral,flow_3d|phase|coherence,1.0760651372157763,0.8015632838677167,1.0,4.6875,undetermined,False,,False,0.0,0.0,0.9307750285902051,True,1.0,0.36363636363636365,0.9479651374379141,True,1.0,0.36363636363636365,1.0,True,1.0,0.2727272727272727,,False,0.0,0.0,,False,0.0,0.0
95,0.95,P3,0.9515650909113936,True,0.04843490908860637,3,temporal|spatial|spectral,flow_3d|phase|coherence,1.2696676795406443,0.8015632838677167,1.0,4.6875,undetermined,False,,False,0.0,0.0,0.9188388625684184,True,1.0,0.36363636363636365,0.9479651374379141,True,1.0,0.36363636363636365,1.0,True,1.0,0.2727272727272727,,False,0.0,0.0,,False,0.0,0.0
95,0.95,P4,0.9117674573881016,True,0.08823254261189839,3,temporal|spatial|spectral,flow_3d|phase|coherence,1.2335259472362115,2.6814270499655226,1.0,4.6875,undetermined,False,,False,0.0,0.0,0.921055427058879,True,1.0,0.36363636363636365,0.8363050807584006,True,1.0,0.36363636363636365,1.0,True,1.0,0.2727272727272727,,False,0.0,0.0,,False,0.0,0.0
96,0.96,P1,0.9340038438458295,True,0.06599615615417054,3,temporal|spatial|spectral,flow_3d|phase|coherence,0.7830957392775426,2.0996657382649646,1.0,4.6875,undetermined,False,,False,0.0,0.0,0.9491329620818943,True,1.0,0.36363636363636365,0.8693776084941366,True,1.0,0.36363636363636365,1.0,True,1.0,0.2727272727272727,,False,0.0,0.0,,False,0.0,0.0
96,0.96,P2,0.9569448835258896,True,0.04305511647411042,3,temporal|spatial|spectral,flow_3d|phase|coherence,1.0114758074085195,0.8199019559853991,1.0,4.6875,undetermined,False,,False,0.0,0.0,0.9347915455420703,True,1.0,0.36363636363636365,0.9468068841541261,True,1.0,0.36363636363636365,1.0,True,1.0,0.2727272727272727,,False,0.0,0.0,,False,0.0,0.0
96,0.96,P3,0.9561147310765452,True,0.04388526892345479,3,temporal|spatial|spectral,flow_3d|phase|coherence,1.0481531516438842,0.8199019559853991,1.0,4.6875,undetermined,False,,False,0.0,0.0,0.9325086263063733,True,1.0,0.36363636363636365,0.9468068841541261,True,1.0,0.36363636363636365,1.0,True,1.0,0.2727272727272727,,False,0.0,0.0,,False,0.0,0.0
96,0.96,P4,0.9250651675934738,True,0.07493483240652621,3,temporal|spatial|spectral,flow_3d|phase|coherence,0.8279972561327829,2.479609826572103,1.0,4.6875,undetermined,False,,False,0.0,0.0,0.946296042953031,True,1.0,0.36363636363636365,0.8476331679290218,True,1.0,0.36363636363636365,1.0,True,1.0,0.2727272727272727,,False,0.0,0.0,,False,0.0,0.0
97,0.97,P1,0.9340199606801011,True,0.06598003931989893,3,temporal|spatial|spectral,flow_3d|phase|coherence,0.7447683057228707,2.1408545668207872,1.0,4.6875,undetermined,False,,False,0.0,0.0,0.9515612518004095,True,1.0,0.36363636363636365,0.8669936400698685,True,1.0,0.36363636363636365,1.0,True,1.0,0.2727272727272727,,False,0.0,0.0,,False,0.0,0.0
97,0.97,P2,0.962096765222046,True,0.03790323477795399,3,temporal|spatial|spectral,flow_3d|phase|coherence,0.8478761782057163,0.7579829120583761,1.0,4.6875,undetermined,False,,False,0.0,0.0,0.9450427838980416,True,1.0,0.36363636363636365,0.950723320462585,True,1.0,0.36363636363636365,1.0,True,1.0,0.2727272727272727,,False,0.0,0.0,,False,0.0,0.0
97,0.97,P3,0.9649456555338404,True,0.035054344466159626,3,temporal|spatial|spectral,flow_3d|phase|coherence,0.7240380903516703,0.7579829120583761,1.0,4.6875,undetermined,False,,False,0.0,0.0,0.9528772322554759,True,1.0,0.36363636363636365,0.950723320462585,True,1.0,0.36363636363636365,1.0,True,1.0,0.2727272727272727,,False,0.0,0.0,,False,0.0,0.0
97,0.97,P4,0.9456819429649568,True,0.05431805703504322,3,temporal|spatial|spectral,flow_3d|phase|coherence,0.3414184246028056,2.0350711168962152,1.0,4.6875,undetermined,False,,False,0.0,0.0,0.9774958542511993,True,1.0,0.36363636363636365,0.8731294889024317,True,1.0,0.36363636363636365,1.0,True,1.0,0.2727272727272727,,False,0.0,0.0,,False,0.0,0.0
98,0.98,P1,0.9401541839042122,True,0.05984581609578776,3,temporal|spatial|spectral,flow_3d|phase|coherence,0.633537761298161,1.9724816341653781,1.0,4.6875,undetermined,False,,False,0.0,0.0,0.9586436570792518,True,1.0,0.36363636363636365,0.8767803486573318,True,1.0,0.36363636363636365,1.0,True,1.0,0.2727272727272727,,False,0.0,0.0,,False,0.0,0.0
98,0.98,P2,0.9709444467643689,True,0.029055553235631137,3,temporal|spatial|spectral,flow_3d|phase|coherence,0.6012805211795205,0.6218672195216075,1.0,4.6875,undetermined,False,,False,0.0,0.0,0.9607074219048075,True,1.0,0.36363636363636365,0.9593898066972066,True,1.0,0.36363636363636365,1.0,True,1.0,0.2727272727272727,,False,0.0,0.0,,False,0.0,0.0
98,0.98,P3,0.977342565552202,True,0.022657434447797997,3,temporal|spatial|spectral,flow_3d|phase|coherence,0.32904913610598285,0.6218672195216071,1.0,4.6875,undetermined,False,,False,0.0,0.0,0.9783022485713488,True,1.0,0.36363636363636365,0.9593898066972066,True,1.0,0.36363636363636365,1.0,True,1.0,0.2727272727272727,,False,0.0,0.0,,False,0.0,0.0
98,0.98,P4,0.9634843426622022,True,0.036515657337797824,3,temporal|spatial|spectral,flow_3d|phase|coherence,0.17858082112911866,1.3913254671243447,1.0,4.6875,undetermined,False,,False,0.0,0.0,0.9881652006509113,True,1.0,0.36363636363636365,0.9114167416701445,True,1.0,0.36363636363636365,1.0,True,1.0,0.2727272727272727,,False,0.0,0.0,,False,0.0,0.0
99,0.99,P1,0.951979828879864,True,0.04802017112013601,3,temporal|spatial|spectral,flow_3d|phase|coherence,0.460292126680391,1.6110284560701613,1.0,4.6875,undetermined,False,,False,0.0,0.0,0.9697798987100453,True,1.0,0.36363636363636365,0.8981646307095805,True,1.0,0.36363636363636365,1.0,True,1.0,0.2727272727272727,,False,0.0,0.0,,False,0.0,0.0
99,0.99,P2,0.9827430996876245,True,0.01725690031237548,3,temporal|spatial|spectral,flow_3d|phase|coherence,0.2958273373724248,0.42487883073435695,1.0,4.6875,undetermined,False,,False,0.0,0.0,0.9804713804602754,True,1.0,0.36363636363636365,0.972072143680692,True,1.0,0.36363636363636365,1.0,True,1.0,0.2727272727272727,,False,0.0,0.0,,False,0.0,0.0
99,0.99,P3,0.9874728030593789,True,0.0125271969406211,3,temporal|spatial|spectral,flow_3d|phase|coherence,0.09814944020207594,0.42487883073435695,1.0,4.6875,undetermined,False,,False,0.0,0.0,0.9934780647326001,True,1.0,0.36363636363636365,0.972072143680692,True,1.0,0.36363636363636365,1.0,True,1.0,0.2727272727272727,,False,0.0,0.0,,False,0.0,0.0
99,0.99,P4,0.969334242842486,True,0.030665757157513962,3,temporal|spatial|spectral,flow_3d|phase|coherence,0.6810993318434484,0.6113871866957212,1.0,4.6875,undetermined,False,,False,0.0,0.0,0.9556088311298951,True,1.0,0.36363636363636365,0.9600603366869414,True,1.0,0.36363636363636365,1.0,True,1.0,0.2727272727272727,,False,0.0,0.0,,False,0.0,0.0
100,1.0,P1,0.9733575428614479,True,0.026642457138552067,3,temporal|spatial|spectral,flow_3d|phase|coherence,0.24198989165940163,0.8845274514787875,1.0,4.6875,undetermined,False,,False,0.0,0.0,0.9839967749314339,True,1.0,0.36363636363636365,0.942736467937548,True,1.0,0.36363636363636365,1.0,True,1.0,0.2727272727272727,,False,0.0,0.0,,False,0.0,0.0
100,1.0,P2,0.9985559287180387,True,0.0014440712819613344,3,temporal|spatial|spectral,flow_3d|phase|coherence,0.038583487366804725,0.021048794830810458,1.0,4.6875,undetermined,False,,False,0.0,0.0,0.9974310728642191,True,1.0,0.36363636363636365,0.9985977311103873,True,1.0,0.36363636363636365,1.0,True,1.0,0.2727272727272727,,False,0.0,0.0,,False,0.0,0.0
100,1.0,P3,0.9782908126735985,True,0.02170918732640148,3,temporal|spatial|spectral,flow_3d|phase|coherence,0.515740465455572,0.39364947821075713,1.0,4.6875,undetermined,False,,False,0.0,0.0,0.9662016707204671,True,1.0,0.36363636363636365,0.9740980641319288,True,1.0,0.36363636363636365,1.0,True,1.0,0.2727272727272727,,False,0.0,0.0,,False,0.0,0.0
100,1.0,P4,0.9733961526801289,True,0.026603847319871088,3,temporal|spatial|spectral,flow_3d|phase|coherence,1.1169470944585047,0.021048794830810458,1.0,4.6875,undetermined,False,,False,0.0,0.0,0.928241688759967,True,1.0,0.36363636363636365,0.9985977311103873,True,1.0,0.36363636363636365,1.0,True,1.0,0.2727272727272727,,False,0.0,0.0,,False,0.0,0.0
101,1.01,P1,0.9952395593525498,True,0.0047604406474501815,3,temporal|spatial|spectral,flow_3d|phase|coherence,8.881784197001252e-16,0.1976648545570563,1.0,4.6875,undetermined,False,,False,0.0,0.0,0.9999999999999999,True,1.0,0.36363636363636365,0.9869087882195123,True,1.0,0.36363636363636365,1.0,True,1.0,0.2727272727272727,,False,0.0,0.0,,False,0.0,0.0
101,1.01,P2,0.9830397763003206,True,0.016960223699679422,3,temporal|spatial|spectral,flow_3d|phase|coherence,0.3692174915357196,0.33869390021682166,1.0,4.6875,undetermined,False,,False,0.0,0.0,0.9756859670298231,True,1.0,0.36363636363636365,0.9776734177960584,True,1.0,0.36363636363636365,1.0,True,1.0,0.2727272727272727,,False,0.0,0.0,,False,0.0,0.0
101,1.01,P3,0.9744548592975368,True,0.025545140702463165,3,temporal|spatial|spectral,flow_3d|phase|coherence,0.8828472205754316,0.19766485455705585,1.0,4.6875,undetermined,False,,False,0.0,0.0,0.942842074848714,True,1.0,0.36363636363636365,0.9869087882195124,True,1.0,0.36363636363636365,1.0,True,1.0,0.2727272727272727,,False,0.0,0.0,,False,0.0,0.0
101,1.01,P4,0.948266290509494,True,0.05173370949050604,3,temporal|spatial|spectral,flow_3d|phase|coherence,1.4434602932402605,0.7776464911493406,1.0,4.6875,undetermined,False,,False,0.0,0.0,0.9082544701130624,True,1.0,0.36363636363636365,0.949477828788046,True,1.0,0.36363636363636365,1.0,True,1.0,0.2727272727272727,,False,0.0,0.0,,False,0.0,0.0
102,1.02,P1,0.9878578943537983,True,0.012142105646201662,3,temporal|spatial|spectral,flow_3d|phase|coherence,0.2419898916593768,0.26310756890670217,1.0,4.6875,undetermined,False,,False,0.0,0.0,0.9839967749314354,True,1.0,0.36363636363636365,0.98261243454151,True,1.0,0.36363636363636365,1.0,True,1.0,0.2727272727272727,,False,0.0,0.0,,False,0.0,0.0
102,1.02,P2,0.9752176973313917,True,0.024782302668608258,3,temporal|spatial|spectral,flow_3d|phase|coherence,0.6637099151435528,0.37774630019640365,1.0,4.6875,undetermined,False,,False,0.0,0.0,0.9567173055409718,True,1.0,0.36363636363636365,0.9751313621203558,True,1.0,0.36363636363636365,1.0,True,1.0,0.2727272727272727,,False,0.0,0.0,,False,0.0,0.0
102,1.02,P3,0.9665365901102532,True,0.03346340988974683,3,temporal|spatial|spectral,flow_3d|phase|coherence,1.1635347385868933,0.26310756890670217,1.0,4.6875,undetermined,False,,False,0.0,0.0,0.9253631882616862,True,1.0,0.36363636363636365,0.98261243454151,True,1.0,0.36363636363636365,1.0,True,1.0,0.2727272727272727,,False,0.0,0.0,,False,0.0,0.0
102,1.02,P4,0.9235452649368381,True,0.07645473506316192,3,temporal|spatial|spectral,flow_3d|phase|coherence,1.6286775413403092,1.7035617173665127,1.0,4.6875,undetermined,False,,False,0.0,0.0,0.8971084665655265,True,1.0,0.36363636363636365,0.8926410120107781,True,1.0,0.36363636363636365,1.0,True,1.0,0.2727272727272727,,False,0.0,0.0,,False,0.0,0.0
103,1.03,P1,0.9688111313751455,True,0.031188868624854482,3,temporal|spatial|spectral,flow_3d|phase|coherence,0.46029212668045183,0.8572766553216802,1.0,4.6875,undetermined,False,,False,0.0,0.0,0.9697798987100414,True,1.0,0.36363636363636365,0.9444507125716088,True,1.0,0.36363636363636365,1.0,True,1.0,0.2727272727272727,,False,0.0,0.0,,False,0.0,0.0
103,1.03,P2,0.9661439040412094,True,0.03385609595879058,3,temporal|spatial|spectral,flow_3d|phase|coherence,0.893233787918259,0.538973725373574,1.0,4.6875,undetermined,False,,False,0.0,0.0,0.9421894413152575,True,1.0,0.36363636363636365,0.9647062947980685,True,1.0,0.36363636363636365,1.0,True,1.0,0.2727272727272727,,False,0.0,0.0,,False,0.0,0.0
103,1.03,P3,0.9563043254966892,True,0.0436956745033108,3,temporal|spatial|spectral,flow_3d|phase|coherence,1.3303273695623012,0.538973725373574,1.0,4.6875,undetermined,False,,False,0.0,0.0,0.9151306003178269,True,1.0,0.36363636363636365,0.9647062947980685,True,1.0,0.36363636363636365,1.0,True,1.0,0.2727272727272727,,False,0.0,0.0,,False,0.0,0.0
103,1.03,P4,0.9102570722103935,True,0.08974292778960646,3,temporal|spatial|spectral,flow_3d|phase|coherence,1.654468484030227,2.3035689883013104,1.0,4.6875,undetermined,False,,False,0.0,0.0,0.8955673070072795,True,1.0,0.36363636363636365,0.8576396415713027,True,1.0,0.36363636363636365,1.0,True,1.0,0.2727272727272727,,False,0.0,0.0,,False,0.0,0.0
104,1.04,P1,0.9520093644696584,True,0.04799063553034155,3,temporal|spatial|spectral,flow_3d|phase|coherence,0.6335377612981041,1.4248488953609835,1.0,4.6875,undetermined,False,,False,0.0,0.0,0.9586436570792555,True,1.0,0.36363636363636365,0.9093820952123053,True,1.0,0.36363636363636365,1.0,True,1.0,0.2727272727272727,,False,0.0,0.0,,False,0.0,0.0
104,1.04,P2,0.9590578900960876,True,0.04094210990391245,3,temporal|spatial|spectral,flow_3d|phase|coherence,1.0353217140056863,0.704762012705296,1.0,4.6875,undetermined,False,,False,0.0,0.0,0.9333066626752079,True,1.0,0.36363636363636365,0.9541025350890329,True,1.0,0.36363636363636365,1.0,True,1.0,0.2727272727272727,,False,0.0,0.0,,False,0.0,0.0
104,1.04,P3,0.9516380758378953,True,0.04836192416210472,3,temporal|spatial|spectral,flow_3d|phase|coherence,1.3668982886691303,0.704762012705296,1.0,4.6875,undetermined,False,,False,0.0,0.0,0.912902173465179,True,1.0,0.36363636363636365,0.9541025350890329,True,1.0,0.36363636363636365,1.0,True,1.0,0.2727272727272727,,False,0.0,0.0,,False,0.0,0.0
104,1.04,P4,0.906700944101656,True,0.09329905589834397,3,temporal|spatial|spectral,flow_3d|phase|coherence,1.5183085241436274,2.6207675111075295,1.0,4.6875,undetermined,False,,False,0.0,0.0,0.9037336759216816,True,1.0,0.36363636363636365,0.8396939203578723,True,1.0,0.36363636363636365,1.0,True,1.0,0.2727272727272727,,False,0.0,0.0,,False,0.0,0.0
105,1.05,P1,0.9401296566068673,True,0.059870343393132686,3,temporal|spatial|spectral,flow_3d|phase|coherence,0.7447683057228858,1.8529469980163356,1.0,4.6875,undetermined,False,,False,0.0,0.0,0.9515612518004085,True,1.0,0.36363636363636365,0.8837953038684768,True,1.0,0.36363636363636365,1.0,True,1.0,0.2727272727272727,,False,0.0,0.0,,False,0.0,0.0
105,1.05,P2,0.9559055149193152,True,0.04409448508068481,3,temporal|spatial|spectral,flow_3d|phase|coherence,1.0760651372157994,0.8015632838677345,1.0,4.6875,undetermined,False,,False,0.0,0.0,0.9307750285902038,True,1.0,0.36363636363636365,0.947965137437913,True,1.0,0.36363636363636365,1.0,True,1.0,0.2727272727272727,,False,0.0,0.0,,False,0.0,0.0
105,1.05,P3,0.9515650909113925,True,0.04843490908860748,3,temporal|spatial|spectral,flow_3d|phase|coherence,1.2696676795406763,0.8015632838677345,1.0,4.6875,undetermined,False,,False,0.0,0.0,0.9188388625684165,True,1.0,0.36363636363636365,0.947965137437913,True,1.0,0.36363636363636365,1.0,True,1.0,0.2727272727272727,,False,0.0,0.0,,False,0.0,0.0
105,1.05,P4,0.9117674573881009,True,0.08823254261189906,3,temporal|spatial|spectral,flow_3d|phase|coherence,1.2335259472362399,2.6814270499655315,1.0,4.6875,undetermined,False,,False,0.0,0.0,0.9210554270588772,True,1.0,0.36363636363636365,0.8363050807584002,True,1.0,0.36363636363636365,1.0,True,1.0,0.2727272727272727,,False,0.0,0.0,,False,0.0,0.0
106,1.06,P1,0.9340038438458291,True,0.06599615615417087,3,temporal|spatial|spectral,flow_3d|phase|coherence,0.7830957392775515,2.0996657382649713,1.0,4.6875,undetermined,False,,False,0.0,0.0,0.9491329620818938,True,1.0,0.36363636363636365,0.8693776084941363,True,1.0,0.36363636363636365,1.0,True,1.0,0.2727272727272727,,False,0.0,0.0,,False,0.0,0.0
106,1.06,P2,0.9569448835258896,True,0.04305511647411042,3,temporal|spatial|spectral,flow_3d|phase|coherence,1.0114758074085177,0.8199019559854039,1.0,4.6875,undetermined,False,,False,0.0,0.0,0.9347915455420704,True,1.0,0.36363636363636365,0.9468068841541258,True,1.0,0.36363636363636365,1.0,True,1.0,0.2727272727272727,,False,0.0,0.0,,False,0.0,0.0
106,1.06,P3,0.9561147310765458,True,0.043885268923454235,3,temporal|spatial|spectral,flow_3d|phase|coherence,1.0481531516438567,0.8199019559854039,1.0,4.6875,undetermined,False,,False,0.0,0.0,0.932508626306375,True,1.0,0.36363636363636365,0.9468068841541258,True,1.0,0.36363636363636365,1.0,True,1.0,0.2727272727272727,,False,0.0,0.0,,False,0.0,0.0
106,1.06,P4,0.9250651675934749,True,0.0749348324065251,3,temporal|spatial|spectral,flow_3d|phase|coherence,0.8279972561327433,2.4796098265720876,1.0,4.6875,undetermined,False,,False,0.0,0.0,0.9462960429530335,True,1.0,0.36363636363636365,0.8476331679290227,True,1.0,0.36363636363636365,1.0,True,1.0,0.2727272727272727,,False,0.0,0.0,,False,0.0,0.0
107,1.07,P1,0.9340199606801002,True,0.06598003931989982,3,temporal|spatial|spectral,flow_3d|phase|coherence,0.7447683057228858,2.1408545668208134,1.0,4.6875,undetermined,False,,False,0.0,0.0,0.9515612518004085,True,1.0,0.36363636363636365,0.866993640069867,True,1.0,0.36363636363636365,1.0,True,1.0,0.2727272727272727,,False,0.0,0.0,,False,0.0,0.0
107,1.07,P2,0.9620967652220451,True,0.037903234777954875,3,temporal|spatial|spectral,flow_3d|phase|coherence,0.8478761782057465,0.7579829120583854,1.0,4.6875,undetermined,False,,False,0.0,0.0,0.9450427838980398,True,1.0,0.36363636363636365,0.9507233204625845,True,1.0,0.36363636363636365,1.0,True,1.0,0.2727272727272727,,False,0.0,0.0,,False,0.0,0.0
107,1.07,P3,0.9649456555338393,True,0.035054344466160736,3,temporal|spatial|spectral,flow_3d|phase|coherence,0.724038090351709,0.7579829120583854,1.0,4.6875,undetermined,False,,False,0.0,0.0,0.9528772322554735,True,1.0,0.36363636363636365,0.9507233204625845,True,1.0,0.36363636363636365,1.0,True,1.0,0.2727272727272727,,False,0.0,0.0,,False,0.0,0.0
107,1.07,P4,0.9456819429649551,True,0.05431805703504489,3,temporal|spatial|spectral,flow_3d|phase|coherence,0.34141842460286576,2.0350711168962254,1.0,4.6875,undetermined,False,,False,0.0,0.0,0.9774958542511953,True,1.0,0.36363636363636365,0.8731294889024311,True,1.0,0.36363636363636365,1.0,True,1.0,0.2727272727272727,,False,0.0,0.0,,False,0.0,0.0
108,1.08,P1,0.9401541839042145,True,0.05984581609578554,3,temporal|spatial|spectral,flow_3d|phase|coherence,0.6335377612981032,1.9724816341653315,1.0,4.6875,undetermined,False,,False,0.0,0.0,0.9586436570792555,True,1.0,0.36363636363636365,0.8767803486573345,True,1.0,0.36363636363636365,1.0,True,1.0,0.2727272727272727,,False,0.0,0.0,,False,0.0,0.0
108,1.08,P2,0.9709444467643715,True,0.029055553235628473,3,temporal|spatial|spectral,flow_3d|phase|coherence,0.6012805211794143,0.6218672195215924,1.0,4.6875,undetermined,False,,False,0.0,0.0,0.9607074219048143,True,1.0,0.36363636363636365,0.9593898066972076,True,1.0,0.36363636363636365,1.0,True,1.0,0.2727272727272727,,False,0.0,0.0,,False,0.0,0.0
108,1.08,P3,0.977342565552206,True,0.022657434447794,3,temporal|spatial|spectral,flow_3d|phase|coherence,0.32904913610582787,0.6218672195215924,1.0,4.6875,undetermined,False,,False,0.0,0.0,0.978302248571359,True,1.0,0.36363636363636365,0.9593898066972076,True,1.0,0.36363636363636365,1.0,True,1.0,0.2727272727272727,,False,0.0,0.0,,False,0.0,0.0
108,1.08,P4,0.9634843426621986,True,0.03651565733780138,3,temporal|spatial|spectral,flow_3d|phase|coherence,0.17858082112929452,1.3913254671243096,1.0,4.6875,undetermined,False,,False,0.0,0.0,0.9881652006508996,True,1.0,0.36363636363636365,0.9114167416701466,True,1.0,0.36363636363636365,1.0,True,1.0,0.2727272727272727,,False,0.0,0.0,,False,0.0,0.0
109,1.09,P1,0.9519798288798622,True,0.04802017112013779,3,temporal|spatial|spectral,flow_3d|phase|coherence,0.46029212668045183,1.611028456070175,1.0,4.6875,undetermined,False,,False,0.0,0.0,0.9697798987100414,True,1.0,0.36363636363636365,0.8981646307095797,True,1.0,0.36363636363636365,1.0,True,1.0,0.2727272727272727,,False,0.0,0.0,,False,0.0,0.0
109,1.09,P2,0.982743099687622,True,0.017256900312378032,3,temporal|spatial|spectral,flow_3d|phase|coherence,0.29582733737252914,0.4248788307343587,1.0,4.6875,undetermined,False,,False,0.0,0.0,0.9804713804602686,True,1.0,0.36363636363636365,0.9720721436806918,True,1.0,0.36363636363636365,1.0,True,1.0,0.2727272727272727,,False,0.0,0.0,,False,0.0,0.0
109,1.09,P3,0.9874728030593822,True,0.012527196940617769,3,temporal|spatial|spectral,flow_3d|phase|coherence,0.09814944020193828,0.4248788307343587,1.0,4.6875,undetermined,False,,False,0.0,0.0,0.9934780647326092,True,1.0,0.36363636363636365,0.9720721436806918,True,1.0,0.36363636363636365,1.0,True,1.0,0.2727272727272727,,False,0.0,0.0,,False,0.0,0.0
109,1.09,P4,0.9693342428424896,True,0.03066575715751041,3,temporal|spatial|spectral,flow_3d|phase|coherence,0.6810993318432317,0.6113871866957825,1.0,4.6875,undetermined,False,,False,0.0,0.0,0.955608831129909,True,1.0,0.36363636363636365,0.9600603366869374,True,1.0,0.36363636363636365,1.0,True,1.0,0.2727272727272727,,False,0.0,0.0,,False,0.0,0.0
110,1.1,P1,0.9733575428614487,True,0.02664245713855129,3,temporal|spatial|spectral,flow_3d|phase|coherence,0.2419898916593758,0.8845274514787782,1.0,4.6875,undetermined,False,,False,0.0,0.0,0.9839967749314356,True,1.0,0.36363636363636365,0.9427364679375485,True,1.0,0.36363636363636365,1.0,True,1.0,0.2727272727272727,,False,0.0,0.0,,False,0.0,0.0
110,1.1,P2,0.9985559287180374,True,0.0014440712819625556,3,temporal|spatial|spectral,flow_3d|phase|coherence,0.03858348736684558,0.021048794830816675,1.0,4.6875,undetermined,False,,False,0.0,0.0,0.9974310728642163,True,1.0,0.36363636363636365,0.9985977311103869,True,1.0,0.36363636363636365,1.0,True,1.0,0.2727272727272727,,False,0.0,0.0,,False,0.0,0.0
110,1.1,P3,0.9782908126735973,True,0.0217091873264027,3,temporal|spatial|spectral,flow_3d|phase|coherence,0.5157404654556696,0.39364947821071006,1.0,4.6875,undetermined,False,,False,0.0,0.0,0.9662016707204608,True,1.0,0.36363636363636365,0.9740980641319318,True,1.0,0.36363636363636365,1.0,True,1.0,0.2727272727272727,,False,0.0,0.0,,False,0.0,0.0
110,1.1,P4,0.973396152680126,True,0.026603847319873974,3,temporal|spatial|spectral,flow_3d|phase|coherence,1.1169470944586202,0.021048794830816675,1.0,4.6875,undetermined,False,,False,0.0,0.0,0.9282416887599599,True,1.0,0.36363636363636365,0.9985977311103869,True,1.0,0.36363636363636365,1.0,True,1.0,0.2727272727272727,,False,0.0,0.0,,False,0.0,0.0
111,1.11,P1,0.99523955935255,True,0.004760440647449959,3,temporal|spatial|spectral,flow_3d|phase|coherence,1.7763568394002505e-15,0.1976648545570523,1.0,4.6875,undetermined,False,,False,0.0,0.0,0.9999999999999999,True,1.0,0.36363636363636365,0.9869087882195127,True,1.0,0.36363636363636365,1.0,True,1.0,0.2727272727272727,,False,0.0,0.0,,False,0.0,0.0
111,1.11,P2,0.9830397763003205,True,0.016960223699679533,3,temporal|spatial|spectral,flow_3d|phase|coherence,0.36921749153572403,0.33869390021682033,1.0,4.6875,undetermined,False,,False,0.0,0.0,0.9756859670298229,True,1.0,0.36363636363636365,0.9776734177960585,True,1.0,0.36363636363636365,1.0,True,1.0,0.2727272727272727,,False,0.0,0.0,,False,0.0,0.0
111,1.11,P3,0.974454859297538,True,0.025545140702462055,3,temporal|spatial|spectral,flow_3d|phase|coherence,0.8828472205753854,0.1976648545570523,1.0,4.6875,undetermined,False,,False,0.0,0.0,0.9428420748487168,True,1.0,0.36363636363636365,0.9869087882195127,True,1.0,0.36363636363636365,1.0,True,1.0,0.2727272727272727,,False,0.0,0.0,,False,0.0,0.0
111,1.11,P4,0.9482662905094935,True,0.051733709490506485,3,temporal|spatial|spectral,flow_3d|phase|coherence,1.443460293240264,0.7776464911493548,1.0,4.6875,undetermined,False,,False,0.0,0.0,0.9082544701130622,True,1.0,0.36363636363636365,0.9494778287880451,True,1.0,0.36363636363636365,1.0,True,1.0,0.2727272727272727,,False,0.0,0.0,,False,0.0,0.0
112,1.12,P1,0.9878578943537973,True,0.012142105646202661,3,temporal|spatial|spectral,flow_3d|phase|coherence,0.24198989165942564,0.26310756890669573,1.0,4.6875,undetermined,False,,False,0.0,0.0,0.9839967749314322,True,1.0,0.36363636363636365,0.9826124345415105,True,1.0,0.36363636363636365,1.0,True,1.0,0.2727272727272727,,False,0.0,0.0,,False,0.0,0.0
112,1.12,P2,0.975217697331391,True,0.024782302668609035,3,temporal|spatial|spectral,flow_3d|phase|coherence,0.663709915143599,0.377746300196395,1.0,4.6875,undetermined,False,,False,0.0,0.0,0.9567173055409688,True,1.0,0.36363636363636365,0.9751313621203563,True,1.0,0.36363636363636365,1.0,True,1.0,0.2727272727272727,,False,0.0,0.0,,False,0.0,0.0
112,1.12,P3,0.9665365901102527,True,0.033463409889747275,3,temporal|spatial|spectral,flow_3d|phase|coherence,1.1635347385869217,0.26310756890669573,1.0,4.6875,undetermined,False,,False,0.0,0.0,0.9253631882616844,True,1.0,0.36363636363636365,0.9826124345415105,True,1.0,0.36363636363636365,1.0,True,1.0,0.2727272727272727,,False,0.0,0.0,,False,0.0,0.0
112,1.12,P4,0.9235452649368392,True,0.0764547350631608,3,temporal|spatial|spectral,flow_3d|phase|coherence,1.6286775413402914,1.7035617173664725,1.0,4.6875,undetermined,False,,False,0.0,0.0,0.8971084665655275,True,1.0,0.36363636363636365,0.8926410120107804,True,1.0,0.36363636363636365,1.0,True,1.0,0.2727272727272727,,False,0.0,0.0,,False,0.0,0.0
113,1.13,P1,0.9688111313751471,True,0.031188868624852928,3,temporal|spatial|spectral,flow_3d|phase|coherence,0.460292126680395,0.8572766553216731,1.0,4.6875,undetermined,False,,False,0.0,0.0,0.9697798987100451,True,1.0,0.36363636363636365,0.9444507125716093,True,1.0,0.36363636363636365,1.0,True,1.0,0.2727272727272727,,False,0.0,0.0,,False,0.0,0.0
113,1.13,P2,0.966143904041211,True,0.03385609595878902,3,temporal|spatial|spectral,flow_3d|phase|coherence,0.8932337879181951,0.5389737253735731,1.0,4.6875,undetermined,False,,False,0.0,0.0,0.9421894413152616,True,1.0,0.36363636363636365,0.9647062947980685,True,1.0,0.36363636363636365,1.0,True,1.0,0.2727272727272727,,False,0.0,0.0,,False,0.0,0.0
113,1.13,P3,0.9563043254966903,True,0.04369567450330969,3,temporal|spatial|spectral,flow_3d|phase|coherence,1.3303273695622497,0.5389737253735731,1.0,4.6875,undetermined,False,,False,0.0,0.0,0.91513060031783,True,1.0,0.36363636363636365,0.9647062947980685,True,1.0,0.36363636363636365,1.0,True,1.0,0.2727272727272727,,False,0.0,0.0,,False,0.0,0.0
113,1.13,P4,0.9102570722103942,True,0.0897429277896058,3,temporal|spatial|spectral,flow_3d|phase|coherence,1.654468484030204,2.303568988301304,1.0,4.6875,undetermined,False,,False,0.0,0.0,0.8955673070072809,True,1.0,0.36363636363636365,0.857639641571303,True,1.0,0.36363636363636365,1.0,True,1.0,0.2727272727272727,,False,0.0,0.0,,False,0.0,0.0
114,1.14,P1,0.9520093644696586,True,0.04799063553034144,3,temporal|spatial|spectral,flow_3d|phase|coherence,0.6335377612981024,1.424848895360979,1.0,4.6875,undetermined,False,,False,0.0,0.0,0.9586436570792556,True,1.0,0.36363636363636365,0.9093820952123056,True,1.0,0.36363636363636365,1.0,True,1.0,0.2727272727272727,,False,0.0,0.0,,False,0.0,0.0
114,1.14,P2,0.9590578900960876,True,0.04094210990391245,3,temporal|spatial|spectral,flow_3d|phase|coherence,1.0353217140056863,0.7047620127052951,1.0,4.6875,undetermined,False,,False,0.0,0.0,0.9333066626752079,True,1.0,0.36363636363636365,0.9541025350890329,True,1.0,0.36363636363636365,1.0,True,1.0,0.2727272727272727,,False,0.0,0.0,,False,0.0,0.0
114,1.14,P3,0.9516380758378953,True,0.04836192416210472,3,temporal|spatial|spectral,flow_3d|phase|coherence,1.3668982886691303,0.7047620127052951,1.0,4.6875,undetermined,False,,False,0.0,0.0,0.912902173465179,True,1.0,0.36363636363636365,0.9541025350890329,True,1.0,0.36363636363636365,1.0,True,1.0,0.2727272727272727,,False,0.0,0.0,,False,0.0,0.0
114,1.14,P4,0.9067009441016559,True,0.09329905589834409,3,temporal|spatial|spectral,flow_3d|phase|coherence,1.518308524143631,2.620767511107527,1.0,4.6875,undetermined,False,,False,0.0,0.0,0.9037336759216814,True,1.0,0.36363636363636365,0.8396939203578725,True,1.0,0.36363636363636365,1.0,True,1.0,0.2727272727272727,,False,0.0,0.0,,False,0.0,0.0
115,1.15,P1,0.9401296566068675,True,0.059870343393132464,3,temporal|spatial|spectral,flow_3d|phase|coherence,0.7447683057228858,1.8529469980163302,1.0,4.6875,undetermined,False,,False,0.0,0.0,0.9515612518004085,True,1.0,0.36363636363636365,0.8837953038684772,True,1.0,0.36363636363636365,1.0,True,1.0,0.2727272727272727,,False,0.0,0.0,,False,0.0,0.0
115,1.15,P2,0.9559055149193152,True,0.04409448508068481,3,temporal|spatial|spectral,flow_3d|phase|coherence,1.0760651372157994,0.8015632838677327,1.0,4.6875,undetermined,False,,False,0.0,0.0,0.9307750285902038,True,1.0,0.36363636363636365,0.9479651374379131,True,1.0,0.36363636363636365,1.0,True,1.0,0.2727272727272727,,False,0.0,0.0,,False,0.0,0.0
115,1.15,P3,0.9515650909113926,True,0.04843490908860737,3,temporal|spatial|spectral,flow_3d|phase|coherence,1.2696676795406745,0.8015632838677327,1.0,4.6875,undetermined,False,,False,0.0,0.0,0.9188388625684166,True,1.0,0.36363636363636365,0.9479651374379131,True,1.0,0.36363636363636365,1.0,True,1.0,0.2727272727272727,,False,0.0,0.0,,False,0.0,0.0
115,1.15,P4,0.9117674573881007,True,0.08823254261189928,3,temporal|spatial|spectral,flow_3d|phase|coherence,1.2335259472362434,2.6814270499655333,1.0,4.6875,undetermined,False,,False,0.0,0.0,0.921055427058877,True,1.0,0.36363636363636365,0.8363050807584,True,1.0,0.36363636363636365,1.0,True,1.0,0.2727272727272727,,False,0.0,0.0,,False,0.0,0.0
116,1.16,P1,0.9340038438458291,True,0.06599615615417087,3,temporal|spatial|spectral,flow_3d|phase|coherence,0.7830957392775515,2.09966573826497,1.0,4.6875,undetermined,False,,False,0.0,0.0,0.9491329620818938,True,1.0,0.36363636363636365,0.8693776084941363,True,1.0,0.36363636363636365,1.0,True,1.0,0.2727272727272727,,False,0.0,0.0,,False,0.0,0.0
116,1.16,P2,0.9569448835258895,True,0.04305511647411053,3,temporal|spatial|spectral,flow_3d|phase|coherence,1.0114758074085195,0.8199019559854044,1.0,4.6875,undetermined,False,,False,0.0,0.0,0.9347915455420703,True,1.0,0.36363636363636365,0.9468068841541257,True,1.0,0.36363636363636365,1.0,True,1.0,0.2727272727272727,,False,0.0,0.0,,False,0.0,0.0
116,1.16,P3,0.9561147310765457,True,0.043885268923454346,3,temporal|spatial|spectral,flow_3d|phase|coherence,1.048153151643863,0.8199019559854044,1.0,4.6875,undetermined,False,,False,0.0,0.0,0.9325086263063747,True,1.0,0.36363636363636365,0.9468068841541257,True,1.0,0.36363636363636365,1.0,True,1.0,0.2727272727272727,,False,0.0,0.0,,False,0.0,0.0
116,1.16,P4,0.9250651675934747,True,0.07493483240652532,3,temporal|spatial|spectral,flow_3d|phase|coherence,0.82799725613275,2.4796098265720925,1.0,4.6875,undetermined,False,,False,0.0,0.0,0.9462960429530332,True,1.0,0.36363636363636365,0.8476331679290223,True,1.0,0.36363636363636365,1.0,True,1.0,0.2727272727272727,,False,0.0,0.0,,False,0.0,0.0
117,1.17,P1,0.934019960680102,True,0.06598003931989804,3,temporal|spatial|spectral,flow_3d|phase|coherence,0.744768305722852,2.1408545668207677,1.0,4.6875,undetermined,False,,False,0.0,0.0,0.9515612518004107,True,1.0,0.36363636363636365,0.8669936400698696,True,1.0,0.36363636363636365,1.0,True,1.0,0.2727272727272727,,False,0.0,0.0,,False,0.0,0.0
117,1.17,P2,0.9620967652220469,True,0.0379032347779531,3,temporal|spatial|spectral,flow_3d|phase|coherence,0.8478761782056834,0.7579829120583708,1.0,4.6875,undetermined,False,,False,0.0,0.0,0.9450427838980437,True,1.0,0.36363636363636365,0.9507233204625853,True,1.0,0.36363636363636365,1.0,True,1.0,0.2727272727272727,,False,0.0,0.0,,False,0.0,0.0
117,1.17,P3,0.9649456555338418,True,0.03505434446615818,3,temporal|spatial|spectral,flow_3d|phase|coherence,0.7240380903516157,0.7579829120583708,1.0,4.6875,undetermined,False,,False,0.0,0.0,0.9528772322554795,True,1.0,0.36363636363636365,0.9507233204625853,True,1.0,0.36363636363636365,1.0,True,1.0,0.2727272727272727,,False,0.0,0.0,,False,0.0,0.0
117,1.17,P4,0.9456819429649586,True,0.054318057035041445,3,temporal|spatial|spectral,flow_3d|phase|coherence,0.34141842460274985,2.035071116896193,1.0,4.6875,undetermined,False,,False,0.0,0.0,0.9774958542512029,True,1.0,0.36363636363636365,0.873129488902433,True,1.0,0.36363636363636365,1.0,True,1.0,0.2727272727272727,,False,0.0,0.0,,False,0.0,0.0
118,1.18,P1,0.9401541839042118,True,0.05984581609578821,3,temporal|spatial|spectral,flow_3d|phase|coherence,0.6335377612981743,1.9724816341653808,1.0,4.6875,undetermined,False,,False,0.0,0.0,0.9586436570792509,True,1.0,0.36363636363636365,0.8767803486573316,True,1.0,0.36363636363636365,1.0,True,1.0,0.2727272727272727,,False,0.0,0.0,,False,0.0,0.0
118,1.18,P2,0.9709444467643681,True,0.029055553235631915,3,temporal|spatial|spectral,flow_3d|phase|coherence,0.6012805211795484,0.6218672195216097,1.0,4.6875,undetermined,False,,False,0.0,0.0,0.9607074219048057,True,1.0,0.36363636363636365,0.9593898066972065,True,1.0,0.36363636363636365,1.0,True,1.0,0.2727272727272727,,False,0.0,0.0,,False,0.0,0.0
118,1.18,P3,0.977342565552201,True,0.022657434447798996,3,temporal|spatial|spectral,flow_3d|phase|coherence,0.32904913610602615,0.6218672195216097,1.0,4.6875,undetermined,False,,False,0.0,0.0,0.9783022485713461,True,1.0,0.36363636363636365,0.9593898066972065,True,1.0,0.36363636363636365,1.0,True,1.0,0.2727272727272727,,False,0.0,0.0,,False,0.0,0.0
118,1.18,P4,0.9634843426622035,True,0.03651565733779649,3,temporal|spatial|spectral,flow_3d|phase|coherence,0.1785808211290485,1.3913254671243571,1.0,4.6875,undetermined,False,,False,0.0,0.0,0.9881652006509158,True,1.0,0.36363636363636365,0.9114167416701437,True,1.0,0.36363636363636365,1.0,True,1.0,0.2727272727272727,,False,0.0,0.0,,False,0.0,0.0
119,1.19,P1,0.9519798288798629,True,0.04802017112013712,3,temporal|spatial|spectral,flow_3d|phase|coherence,0.4602921266804185,1.6110284560701804,1.0,4.6875,undetermined,False,,False,0.0,0.0,0.9697798987100436,True,1.0,0.36363636363636365,0.8981646307095794,True,1.0,0.36363636363636365,1.0,True,1.0,0.2727272727272727,,False,0.0,0.0,,False,0.0,0.0
119,1.19,P2,0.9827430996876234,True,0.01725690031237659,3,temporal|spatial|spectral,flow_3d|phase|coherence,0.2958273373724665,0.4248788307343614,1.0,4.6875,undetermined,False,,False,0.0,0.0,0.9804713804602727,True,1.0,0.36363636363636365,0.9720721436806916,True,1.0,0.36363636363636365,1.0,True,1.0,0.2727272727272727,,False,0.0,0.0,,False,0.0,0.0
119,1.19,P3,0.98747280305938,True,0.012527196940619989,3,temporal|spatial|spectral,flow_3d|phase|coherence,0.09814944020202976,0.42487883073436183,1.0,4.6875,undetermined,False,,False,0.0,0.0,0.9934780647326032,True,1.0,0.36363636363636365,0.9720721436806916,True,1.0,0.36363636363636365,1.0,True,1.0,0.2727272727272727,,False,0.0,0.0,,False,0.0,0.0
119,1.19,P4,0.9693342428424867,True,0.030665757157513296,3,temporal|spatial|spectral,flow_3d|phase|coherence,0.6810993318433489,0.611387186695791,1.0,4.6875,undetermined,False,,False,0.0,0.0,0.9556088311299015,True,1.0,0.36363636363636365,0.9600603366869368,True,1.0,0.36363636363636365,1.0,True,1.0,0.2727272727272727,,False,0.0,0.0,,False,0.0,0.0
120,1.2,P1,0.9733575428614485,True,0.026642457138551512,3,temporal|spatial|spectral,flow_3d|phase|coherence,0.24198989165937923,0.8845274514787884,1.0,4.6875,undetermined,False,,False,0.0,0.0,0.9839967749314353,True,1.0,0.36363636363636365,0.9427364679375478,True,1.0,0.36363636363636365,1.0,True,1.0,0.2727272727272727,,False,0.0,0.0,,False,0.0,0.0
120,1.2,P2,0.9985559287180378,True,0.0014440712819622226,3,temporal|spatial|spectral,flow_3d|phase|coherence,0.03858348736684114,0.021048794830810014,1.0,4.6875,undetermined,False,,False,0.0,0.0,0.9974310728642166,True,1.0,0.36363636363636365,0.9985977311103873,True,1.0,0.36363636363636365,1.0,True,1.0,0.2727272727272727,,False,0.0,0.0,,False,0.0,0.0
120,1.2,P3,0.9782908126735974,True,0.02170918732640259,3,temporal|spatial|spectral,flow_3d|phase|coherence,0.5157404654556643,0.39364947821071006,1.0,4.6875,undetermined,False,,False,0.0,0.0,0.9662016707204611,True,1.0,0.36363636363636365,0.9740980641319318,True,1.0,0.36363636363636365,1.0,True,1.0,0.2727272727272727,,False,0.0,0.0,,False,0.0,0.0
120,1.2,P4,0.9733961526801265,True,0.02660384731987353,3,temporal|spatial|spectral,flow_3d|phase|coherence,1.116947094458613,0.02104879483080957,1.0,4.6875,undetermined,False,,False,0.0,0.0,0.9282416887599604,True,1.0,0.36363636363636365,0.9985977311103874,True,1.0,0.36363636363636365,1.0,True,1.0,0.2727272727272727,,False,0.0,0.0,,False,0.0,0.0
121,1.21,P1,0.9952395593525498,True,0.0047604406474501815,3,temporal|spatial|spectral,flow_3d|phase|coherence,8.881784197001252e-16,0.19766485455705807,1.0,4.6875,undetermined,False,,False,0.0,0.0,0.9999999999999999,True,1.0,0.36363636363636365,0.9869087882195122,True,1.0,0.36363636363636365,1.0,True,1.0,0.2727272727272727,,False,0.0,0.0,,False,0.0,0.0
121,1.21,P2,0.9830397763003207,True,0.01696022369967931,3,temporal|spatial|spectral,flow_3d|phase|coherence,0.3692174915357205,0.33869390021681944,1.0,4.6875,undetermined,False,,False,0.0,0.0,0.9756859670298231,True,1.0,0.36363636363636365,0.9776734177960585,True,1.0,0.36363636363636365,1.0,True,1.0,0.2727272727272727,,False,0.0,0.0,,False,0.0,0.0
121,1.21,P3,0.974454859297538,True,0.025545140702462055,3,temporal|spatial|spectral,flow_3d|phase|coherence,0.8828472205753819,0.19766485455705762,1.0,4.6875,undetermined,False,,False,0.0,0.0,0.9428420748487171,True,1.0,0.36363636363636365,0.9869087882195122,True,1.0,0.36363636363636365,1.0,True,1.0,0.2727272727272727,,False,0.0,0.0,,False,0.0,0.0
121,1.21,P4,0.948266290509494,True,0.05173370949050604,3,temporal|spatial|spectral,flow_3d|phase|coherence,1.4434602932402605,0.7776464911493406,1.0,4.6875,undetermined,False,,False,0.0,0.0,0.9082544701130624,True,1.0,0.36363636363636365,0.949477828788046,True,1.0,0.36363636363636365,1.0,True,1.0,0.2727272727272727,,False,0.0,0.0,,False,0.0,0.0
122,1.22,P1,0.9878578943537974,True,0.01214210564620255,3,temporal|spatial|spectral,flow_3d|phase|coherence,0.24198989165942297,0.2631075689066915,1.0,4.6875,undetermined,False,,False,0.0,0.0,0.9839967749314324,True,1.0,0.36363636363636365,0.9826124345415107,True,1.0,0.36363636363636365,1.0,True,1.0,0.2727272727272727,,False,0.0,0.0,,False,0.0,0.0
122,1.22,P2,0.975217697331391,True,0.024782302668609035,3,temporal|spatial|spectral,flow_3d|phase|coherence,0.6637099151435972,0.37774630019639566,1.0,4.6875,undetermined,False,,False,0.0,0.0,0.9567173055409689,True,1.0,0.36363636363636365,0.9751313621203563,True,1.0,0.36363636363636365,1.0,True,1.0,0.2727272727272727,,False,0.0,0.0,,False,0.0,0.0
122,1.22,P3,0.9665365901102527,True,0.033463409889747275,3,temporal|spatial|spectral,flow_3d|phase|coherence,1.1635347385869217,0.2631075689066915,1.0,4.6875,undetermined,False,,False,0.0,0.0,0.9253631882616844,True,1.0,0.36363636363636365,0.9826124345415107,True,1.0,0.36363636363636365,1.0,True,1.0,0.2727272727272727,,False,0.0,0.0,,False,0.0,0.0
122,1.22,P4,0.9235452649368393,True,0.0764547350631607,3,temporal|spatial|spectral,flow_3d|phase|coherence,1.628677541340295,1.703561717366463,1.0,4.6875,undetermined,False,,False,0.0,0.0,0.8971084665655272,True,1.0,0.36363636363636365,0.8926410120107809,True,1.0,0.36363636363636365,1.0,True,1.0,0.2727272727272727,,False,0.0,0.0,,False,0.0,0.0
123,1.23,P1,0.9688111313751475,True,0.031188868624852484,3,temporal|spatial|spectral,flow_3d|phase|coherence,0.46029212668035946,0.8572766553216917,1.0,4.6875,undetermined,False,,False,0.0,0.0,0.9697798987100474,True,1.0,0.36363636363636365,0.9444507125716081,True,1.0,0.36363636363636365,1.0,True,1.0,0.2727272727272727,,False,0.0,0.0,,False,0.0,0.0
123,1.23,P2,0.9661439040412112,True,0.0338560959587888,3,temporal|spatial|spectral,flow_3d|phase|coherence,0.893233787918172,0.5389737253735838,1.0,4.6875,undetermined,False,,False,0.0,0.0,0.942189441315263,True,1.0,0.36363636363636365,0.9647062947980678,True,1.0,0.36363636363636365,1.0,True,1.0,0.2727272727272727,,False,0.0,0.0,,False,0.0,0.0
123,1.23,P3,0.9563043254966901,True,0.04369567450330991,3,temporal|spatial|spectral,flow_3d|phase|coherence,1.3303273695622515,0.5389737253735838,1.0,4.6875,undetermined,False,,False,0.0,0.0,0.9151306003178299,True,1.0,0.36363636363636365,0.9647062947980678,True,1.0,0.36363636363636365,1.0,True,1.0,0.2727272727272727,,False,0.0,0.0,,False,0.0,0.0
123,1.23,P4,0.910257072210392,True,0.08974292778960802,3,temporal|spatial|spectral,flow_3d|phase|coherence,1.6544684840302537,2.3035689883013575,1.0,4.6875,undetermined,False,,False,0.0,0.0,0.8955673070072779,True,1.0,0.36363636363636365,0.8576396415712999,True,1.0,0.36363636363636365,1.0,True,1.0,0.2727272727272727,,False,0.0,0.0,,False,0.0,0.0
124,1.24,P1,0.9520093644696574,True,0.04799063553034255,3,temporal|spatial|spectral,flow_3d|phase|coherence,0.6335377612981512,1.4248488953609835,1.0,4.6875,undetermined,False,,False,0.0,0.0,0.9586436570792525,True,1.0,0.36363636363636365,0.9093820952123053,True,1.0,0.36363636363636365,1.0,True,1.0,0.2727272727272727,,False,0.0,0.0,,False,0.0,0.0
124,1.24,P2,0.9590578900960866,True,0.04094210990391345,3,temporal|spatial|spectral,flow_3d|phase|coherence,1.035321714005729,0.7047620127052969,1.0,4.6875,undetermined,False,,False,0.0,0.0,0.9333066626752052,True,1.0,0.36363636363636365,0.9541025350890328,True,1.0,0.36363636363636365,1.0,True,1.0,0.2727272727272727,,False,0.0,0.0,,False,0.0,0.0
124,1.24,P3,0.9516380758378946,True,0.048361924162105385,3,temporal|spatial|spectral,flow_3d|phase|coherence,1.3668982886691552,0.7047620127052969,1.0,4.6875,undetermined,False,,False,0.0,0.0,0.9129021734651775,True,1.0,0.36363636363636365,0.9541025350890328,True,1.0,0.36363636363636365,1.0,True,1.0,0.2727272727272727,,False,0.0,0.0,,False,0.0,0.0
124,1.24,P4,0.9067009441016564,True,0.09329905589834364,3,temporal|spatial|spectral,flow_3d|phase|coherence,1.5183085241436132,2.6207675111075286,1.0,4.6875,undetermined,False,,False,0.0,0.0,0.9037336759216825,True,1.0,0.36363636363636365,0.8396939203578724,True,1.0,0.36363636363636365,1.0,True,1.0,0.2727272727272727,,False,0.0,0.0,,False,0.0,0.0
125,1.25,P1,0.9401296566068673,True,0.059870343393132686,3,temporal|spatial|spectral,flow_3d|phase|coherence,0.7447683057228858,1.8529469980163347,1.0,4.6875,undetermined,False,,False,0.0,0.0,0.9515612518004085,True,1.0,0.36363636363636365,0.8837953038684768,True,1.0,0.36363636363636365,1.0,True,1.0,0.2727272727272727,,False,0.0,0.0,,False,0.0,0.0
125,1.25,P2,0.9559055149193152,True,0.04409448508068481,3,temporal|spatial|spectral,flow_3d|phase|coherence,1.0760651372158012,0.8015632838677327,1.0,4.6875,undetermined,False,,False,0.0,0.0,0.9307750285902036,True,1.0,0.36363636363636365,0.9479651374379131,True,1.0,0.36363636363636365,1.0,True,1.0,0.2727272727272727,,False,0.0,0.0,,False,0.0,0.0
125,1.25,P3,0.9515650909113926,True,0.04843490908860737,3,temporal|spatial|spectral,flow_3d|phase|coherence,1.2696676795406727,0.8015632838677327,1.0,4.6875,undetermined,False,,False,0.0,0.0,0.9188388625684167,True,1.0,0.36363636363636365,0.9479651374379131,True,1.0,0.36363636363636365,1.0,True,1.0,0.2727272727272727,,False,0.0,0.0,,False,0.0,0.0
125,1.25,P4,0.9117674573881007,True,0.08823254261189928,3,temporal|spatial|spectral,flow_3d|phase|coherence,1.2335259472362416,2.6814270499655333,1.0,4.6875,undetermined,False,,False,0.0,0.0,0.9210554270588771,True,1.0,0.36363636363636365,0.8363050807584,True,1.0,0.36363636363636365,1.0,True,1.0,0.2727272727272727,,False,0.0,0.0,,False,0.0,0.0
126,1.26,P1,0.9340038438458291,True,0.06599615615417087,3,temporal|spatial|spectral,flow_3d|phase|coherence,0.7830957392775506,2.099665738264972,1.0,4.6875,undetermined,False,,False,0.0,0.0,0.9491329620818938,True,1.0,0.36363636363636365,0.8693776084941361,True,1.0,0.36363636363636365,1.0,True,1.0,0.2727272727272727,,False,0.0,0.0,,False,0.0,0.0
126,1.26,P2,0.9569448835258896,True,0.04305511647411042,3,temporal|spatial|spectral,flow_3d|phase|coherence,1.0114758074085177,0.8199019559854039,1.0,4.6875,undetermined,False,,False,0.0,0.0,0.9347915455420704,True,1.0,0.36363636363636365,0.9468068841541258,True,1.0,0.36363636363636365,1.0,True,1.0,0.2727272727272727,,False,0.0,0.0,,False,0.0,0.0
126,1.26,P3,0.9561147310765457,True,0.043885268923454346,3,temporal|spatial|spectral,flow_3d|phase|coherence,1.0481531516438602,0.8199019559854039,1.0,4.6875,undetermined,False,,False,0.0,0.0,0.9325086263063748,True,1.0,0.36363636363636365,0.9468068841541258,True,1.0,0.36363636363636365,1.0,True,1.0,0.2727272727272727,,False,0.0,0.0,,False,0.0,0.0
126,1.26,P4,0.9250651675934749,True,0.0749348324065251,3,temporal|spatial|spectral,flow_3d|phase|coherence,0.8279972561327433,2.4796098265720876,1.0,4.6875,undetermined,False,,False,0.0,0.0,0.9462960429530335,True,1.0,0.36363636363636365,0.8476331679290227,True,1.0,0.36363636363636365,1.0,True,1.0,0.2727272727272727,,False,0.0,0.0,,False,0.0,0.0
127,1.27,P1,0.934019960680102,True,0.06598003931989804,3,temporal|spatial|spectral,flow_3d|phase|coherence,0.7447683057228529,2.140854566820765,1.0,4.6875,undetermined,False,,False,0.0,0.0,0.9515612518004106,True,1.0,0.36363636363636365,0.8669936400698698,True,1.0,0.36363636363636365,1.0,True,1.0,0.2727272727272727,,False,0.0,0.0,,False,0.0,0.0
127,1.27,P2,0.962096765222047,True,0.03790323477795299,3,temporal|spatial|spectral,flow_3d|phase|coherence,0.847876178205679,0.7579829120583708,1.0,4.6875,undetermined,False,,False,0.0,0.0,0.945042783898044,True,1.0,0.36363636363636365,0.9507233204625853,True,1.0,0.36363636363636365,1.0,True,1.0,0.2727272727272727,,False,0.0,0.0,,False,0.0,0.0
127,1.27,P3,0.9649456555338418,True,0.03505434446615818,3,temporal|spatial|spectral,flow_3d|phase|coherence,0.7240380903516126,0.7579829120583708,1.0,4.6875,undetermined,False,,False,0.0,0.0,0.9528772322554796,True,1.0,0.36363636363636365,0.9507233204625853,True,1.0,0.36363636363636365,1.0,True,1.0,0.2727272727272727,,False,0.0,0.0,,False,0.0,0.0
127,1.27,P4,0.9456819429649588,True,0.05431805703504122,3,temporal|spatial|spectral,flow_3d|phase|coherence,0.34141842460274496,2.035071116896187,1.0,4.6875,undetermined,False,,False,0.0,0.0,0.9774958542512032,True,1.0,0.36363636363636365,0.8731294889024334,True,1.0,0.36363636363636365,1.0,True,1.0,0.2727272727272727,,False,0.0,0.0,,False,0.0,0.0
128,1.28,P1,0.940154183904212,True,0.059845816095787985,3,temporal|spatial|spectral,flow_3d|phase|coherence,0.6335377612981707,1.9724816341653781,1.0,4.6875,undetermined,False,,False,0.0,0.0,0.9586436570792511,True,1.0,0.36363636363636365,0.8767803486573318,True,1.0,0.36363636363636365,1.0,True,1.0,0.2727272727272727,,False,0.0,0.0,,False,0.0,0.0
128,1.28,P2,0.9709444467643682,True,0.029055553235631804,3,temporal|spatial|spectral,flow_3d|phase|coherence,0.6012805211795471,0.6218672195216075,1.0,4.6875,undetermined,False,,False,0.0,0.0,0.9607074219048057,True,1.0,0.36363636363636365,0.9593898066972066,True,1.0,0.36363636363636365,1.0,True,1.0,0.2727272727272727,,False,0.0,0.0,,False,0.0,0.0
128,1.28,P3,0.9773425655522011,True,0.022657434447798885,3,temporal|spatial|spectral,flow_3d|phase|coherence,0.32904913610602105,0.621867219521608,1.0,4.6875,undetermined,False,,False,0.0,0.0,0.9783022485713464,True,1.0,0.36363636363636365,0.9593898066972066,True,1.0,0.36363636363636365,1.0,True,1.0,0.2727272727272727,,False,0.0,0.0,,False,0.0,0.0
128,1.28,P4,0.9634843426622035,True,0.03651565733779649,3,temporal|spatial|spectral,flow_3d|phase|coherence,0.17858082112905294,1.39132546712435,1.0,4.6875,undetermined,False,,False,0.0,0.0,0.9881652006509156,True,1.0,0.36363636363636365,0.9114167416701442,True,1.0,0.36363636363636365,1.0,True,1.0,0.2727272727272727,,False,0.0,0.0,,False,0.0,0.0
129,1.29,P1,0.9519798288798631,True,0.0480201711201369,3,temporal|spatial|spectral,flow_3d|phase|coherence,0.4602921266804172,1.6110284560701755,1.0,4.6875,undetermined,False,,False,0.0,0.0,0.9697798987100437,True,1.0,0.36363636363636365,0.8981646307095797,True,1.0,0.36363636363636365,1.0,True,1.0,0.2727272727272727,,False,0.0,0.0,,False,0.0,0.0
129,1.29,P2,0.9827430996876235,True,0.017256900312376477,3,temporal|spatial|spectral,flow_3d|phase|coherence,0.29582733737246336,0.4248788307343587,1.0,4.6875,undetermined,False,,False,0.0,0.0,0.9804713804602728,True,1.0,0.36363636363636365,0.9720721436806918,True,1.0,0.36363636363636365,1.0,True,1.0,0.2727272727272727,,False,0.0,0.0,,False,0.0,0.0
129,1.29,P3,0.9874728030593799,True,0.0125271969406201,3,temporal|spatial|spectral,flow_3d|phase|coherence,0.0981494402020342,0.42487883073435917,1.0,4.6875,undetermined,False,,False,0.0,0.0,0.9934780647326029,True,1.0,0.36363636363636365,0.9720721436806918,True,1.0,0.36363636363636365,1.0,True,1.0,0.2727272727272727,,False,0.0,0.0,,False,0.0,0.0
129,1.29,P4,0.9693342428424867,True,0.030665757157513296,3,temporal|spatial|spectral,flow_3d|phase|coherence,0.6810993318433525,0.611387186695783,1.0,4.6875,undetermined,False,,False,0.0,0.0,0.9556088311299012,True,1.0,0.36363636363636365,0.9600603366869374,True,1.0,0.36363636363636365,1.0,True,1.0,0.2727272727272727,,False,0.0,0.0,,False,0.0,0.0
130,1.3,P1,0.9733575428614487,True,0.02664245713855129,3,temporal|spatial|spectral,flow_3d|phase|coherence,0.24198989165937648,0.8845274514787786,1.0,4.6875,undetermined,False,,False,0.0,0.0,0.9839967749314354,True,1.0,0.36363636363636365,0.9427364679375485,True,1.0,0.36363636363636365,1.0,True,1.0,0.2727272727272727,,False,0.0,0.0,,False,0.0,0.0
130,1.3,P2,0.9985559287180374,True,0.0014440712819625556,3,temporal|spatial|spectral,flow_3d|phase|coherence,0.03858348736684514,0.021048794830816675,1.0,4.6875,undetermined,False,,False,0.0,0.0,0.9974310728642163,True,1.0,0.36363636363636365,0.9985977311103869,True,1.0,0.36363636363636365,1.0,True,1.0,0.2727272727272727,,False,0.0,0.0,,False,0.0,0.0
130,1.3,P3,0.9782908126735973,True,0.0217091873264027,3,temporal|spatial|spectral,flow_3d|phase|coherence,0.5157404654556696,0.39364947821071006,1.0,4.6875,undetermined,False,,False,0.0,0.0,0.9662016707204608,True,1.0,0.36363636363636365,0.9740980641319318,True,1.0,0.36363636363636365,1.0,True,1.0,0.2727272727272727,,False,0.0,0.0,,False,0.0,0.0
130,1.3,P4,0.973396152680126,True,0.026603847319873974,3,temporal|spatial|spectral,flow_3d|phase|coherence,1.1169470944586202,0.021048794830816675,1.0,4.6875,undetermined,False,,False,0.0,0.0,0.9282416887599599,True,1.0,0.36363636363636365,0.9985977311103869,True,1.0,0.36363636363636365,1.0,True,1.0,0.2727272727272727,,False,0.0,0.0,,False,0.0,0.0
131,1.31,P1,0.9952395593525487,True,0.004760440647451292,3,temporal|spatial|spectral,flow_3d|phase|coherence,5.5067062021407764e-14,0.19766485455705451,1.0,4.6875,undetermined,False,,False,0.0,0.0,0.9999999999999963,True,1.0,0.36363636363636365,0.9869087882195124,True,1.0,0.36363636363636365,1.0,True,1.0,0.2727272727272727,,False,0.0,0.0,,False,0.0,0.0
131,1.31,P2,0.9830397763003194,True,0.016960223699680643,3,temporal|spatial|spectral,flow_3d|phase|coherence,0.3692174915357853,0.33869390021681056,1.0,4.6875,undetermined,False,,False,0.0,0.0,0.9756859670298189,True,1.0,0.36363636363636365,0.9776734177960592,True,1.0,0.36363636363636365,1.0,True,1.0,0.2727272727272727,,False,0.0,0.0,,False,0.0,0.0
131,1.31,P3,0.9744548592975368,True,0.025545140702463165,3,temporal|spatial|spectral,flow_3d|phase|coherence,0.8828472205754352,0.19766485455705407,1.0,4.6875,undetermined,False,,False,0.0,0.0,0.9428420748487137,True,1.0,0.36363636363636365,0.9869087882195126,True,1.0,0.36363636363636365,1.0,True,1.0,0.2727272727272727,,False,0.0,0.0,,False,0.0,0.0
131,1.31,P4,0.9482662905094937,True,0.05173370949050626,3,temporal|spatial|spectral,flow_3d|phase|coherence,1.443460293240289,0.7776464911493246,1.0,4.6875,undetermined,False,,False,0.0,0.0,0.9082544701130607,True,1.0,0.36363636363636365,0.949477828788047,True,1.0,0.36363636363636365,1.0,True,1.0,0.2727272727272727,,False,0.0,0.0,,False,0.0,0.0
132,1.32,P1,0.9878578943537999,True,0.012142105646200108,3,temporal|spatial|spectral,flow_3d|phase|coherence,0.24198989165931728,0.26310756890669706,1.0,4.6875,undetermined,False,,False,0.0,0.0,0.9839967749314393,True,1.0,0.36363636363636365,0.9826124345415104,True,1.0,0.36363636363636365,1.0,True,1.0,0.2727272727272727,,False,0.0,0.0,,False,0.0,0.0
132,1.32,P2,0.9752176973313935,True,0.024782302668606482,3,temporal|spatial|spectral,flow_3d|phase|coherence,0.6637099151434764,0.3777463001964043,1.0,4.6875,undetermined,False,,False,0.0,0.0,0.9567173055409767,True,1.0,0.36363636363636365,0.9751313621203558,True,1.0,0.36363636363636365,1.0,True,1.0,0.2727272727272727,,False,0.0,0.0,,False,0.0,0.0
132,1.32,P3,0.966536590110255,True,0.033463409889745055,3,temporal|spatial|spectral,flow_3d|phase|coherence,1.1635347385868204,0.26310756890669706,1.0,4.6875,undetermined,False,,False,0.0,0.0,0.9253631882616906,True,1.0,0.36363636363636365,0.9826124345415104,True,1.0,0.36363636363636365,1.0,True,1.0,0.2727272727272727,,False,0.0,0.0,,False,0.0,0.0
132,1.32,P4,0.9235452649368396,True,0.07645473506316036,3,temporal|spatial|spectral,flow_3d|phase|coherence,1.6286775413402452,1.7035617173665005,1.0,4.6875,undetermined,False,,False,0.0,0.0,0.8971084665655302,True,1.0,0.36363636363636365,0.8926410120107787,True,1.0,0.36363636363636365,1.0,True,1.0,0.2727272727272727,,False,0.0,0.0,,False,0.0,0.0
133,1.33,P1,0.968811131375146,True,0.031188868624854038,3,temporal|spatial|spectral,flow_3d|phase|coherence,0.4602921266804154,0.8572766553216988,1.0,4.6875,undetermined,False,,False,0.0,0.0,0.9697798987100438,True,1.0,0.36363636363636365,0.9444507125716076,True,1.0,0.36363636363636365,1.0,True,1.0,0.2727272727272727,,False,0.0,0.0,,False,0.0,0.0
133,1.33,P2,0.9661439040412096,True,0.033856095958790355,3,temporal|spatial|spectral,flow_3d|phase|coherence,0.8932337879182359,0.5389737253735865,1.0,4.6875,undetermined,False,,False,0.0,0.0,0.942189441315259,True,1.0,0.36363636363636365,0.9647062947980677,True,1.0,0.36363636363636365,1.0,True,1.0,0.2727272727272727,,False,0.0,0.0,,False,0.0,0.0
133,1.33,P3,0.9563043254966888,True,0.043695674503311244,3,temporal|spatial|spectral,flow_3d|phase|coherence,1.3303273695623066,0.5389737253735865,1.0,4.6875,undetermined,False,,False,0.0,0.0,0.9151306003178266,True,1.0,0.36363636363636365,0.9647062947980677,True,1.0,0.36363636363636365,1.0,True,1.0,0.2727272727272727,,False,0.0,0.0,,False,0.0,0.0
133,1.33,P4,0.9102570722103913,True,0.08974292778960868,3,temporal|spatial|spectral,flow_3d|phase|coherence,1.6544684840302786,2.303568988301362,1.0,4.6875,undetermined,False,,False,0.0,0.0,0.8955673070072765,True,1.0,0.36363636363636365,0.8576396415712997,True,1.0,0.36363636363636365,1.0,True,1.0,0.2727272727272727,,False,0.0,0.0,,False,0.0,0.0
134,1.34,P1,0.9520093644696572,True,0.04799063553034277,3,temporal|spatial|spectral,flow_3d|phase|coherence,0.6335377612981512,1.4248488953609897,1.0,4.6875,undetermined,False,,False,0.0,0.0,0.9586436570792525,True,1.0,0.36363636363636365,0.909382095212305,True,1.0,0.36363636363636365,1.0,True,1.0,0.2727272727272727,,False,0.0,0.0,,False,0.0,0.0
134,1.34,P2,0.9590578900960866,True,0.04094210990391345,3,temporal|spatial|spectral,flow_3d|phase|coherence,1.0353217140057307,0.7047620127052978,1.0,4.6875,undetermined,False,,False,0.0,0.0,0.9333066626752051,True,1.0,0.36363636363636365,0.9541025350890328,True,1.0,0.36363636363636365,1.0,True,1.0,0.2727272727272727,,False,0.0,0.0,,False,0.0,0.0
134,1.34,P3,0.9516380758378947,True,0.048361924162105274,3,temporal|spatial|spectral,flow_3d|phase|coherence,1.3668982886691534,0.7047620127052978,1.0,4.6875,undetermined,False,,False,0.0,0.0,0.9129021734651777,True,1.0,0.36363636363636365,0.9541025350890328,True,1.0,0.36363636363636365,1.0,True,1.0,0.2727272727272727,,False,0.0,0.0,,False,0.0,0.0
134,1.34,P4,0.9067009441016562,True,0.09329905589834375,3,temporal|spatial|spectral,flow_3d|phase|coherence,1.5183085241436096,2.6207675111075295,1.0,4.6875,undetermined,False,,False,0.0,0.0,0.9037336759216826,True,1.0,0.36363636363636365,0.8396939203578723,True,1.0,0.36363636363636365,1.0,True,1.0,0.2727272727272727,,False,0.0,0.0,,False,0.0,0.0
135,1.35,P1,0.9401296566068673,True,0.059870343393132686,3,temporal|spatial|spectral,flow_3d|phase|coherence,0.7447683057228875,1.8529469980163373,1.0,4.6875,undetermined,False,,False,0.0,0.0,0.9515612518004084,True,1.0,0.36363636363636365,0.8837953038684767,True,1.0,0.36363636363636365,1.0,True,1.0,0.2727272727272727,,False,0.0,0.0,,False,0.0,0.0
135,1.35,P2,0.9559055149193152,True,0.04409448508068481,3,temporal|spatial|spectral,flow_3d|phase|coherence,1.0760651372157977,0.8015632838677353,1.0,4.6875,undetermined,False,,False,0.0,0.0,0.9307750285902038,True,1.0,0.36363636363636365,0.9479651374379129,True,1.0,0.36363636363636365,1.0,True,1.0,0.2727272727272727,,False,0.0,0.0,,False,0.0,0.0
135,1.35,P3,0.9515650909113926,True,0.04843490908860737,3,temporal|spatial|spectral,flow_3d|phase|coherence,1.2696676795406727,0.8015632838677353,1.0,4.6875,undetermined,False,,False,0.0,0.0,0.9188388625684167,True,1.0,0.36363636363636365,0.9479651374379129,True,1.0,0.36363636363636365,1.0,True,1.0,0.2727272727272727,,False,0.0,0.0,,False,0.0,0.0
135,1.35,P4,0.9117674573881008,True,0.08823254261189917,3,temporal|spatial|spectral,flow_3d|phase|coherence,1.233525947236238,2.6814270499655324,1.0,4.6875,undetermined,False,,False,0.0,0.0,0.9210554270588773,True,1.0,0.36363636363636365,0.8363050807584,True,1.0,0.36363636363636365,1.0,True,1.0,0.2727272727272727,,False,0.0,0.0,,False,0.0,0.0
136,1.36,P1,0.9340038438458305,True,0.06599615615416954,3,temporal|spatial|spectral,flow_3d|phase|coherence,0.7830957392775346,2.0996657382649246,1.0,4.6875,undetermined,False,,False,0.0,0.0,0.9491329620818949,True,1.0,0.36363636363636365,0.8693776084941389,True,1.0,0.36363636363636365,1.0,True,1.0,0.2727272727272727,,False,0.0,0.0,,False,0.0,0.0
136,1.36,P2,0.9569448835258911,True,0.04305511647410887,3,temporal|spatial|spectral,flow_3d|phase|coherence,1.0114758074084715,0.8199019559853848,1.0,4.6875,undetermined,False,,False,0.0,0.0,0.9347915455420733,True,1.0,0.36363636363636365,0.9468068841541271,True,1.0,0.36363636363636365,1.0,True,1.0,0.2727272727272727,,False,0.0,0.0,,False,0.0,0.0
136,1.36,P3,0.9561147310765482,True,0.04388526892345179,3,temporal|spatial|spectral,flow_3d|phase|coherence,1.0481531516437705,0.8199019559853848,1.0,4.6875,undetermined,False,,False,0.0,0.0,0.9325086263063804,True,1.0,0.36363636363636365,0.9468068841541271,True,1.0,0.36363636363636365,1.0,True,1.0,0.2727272727272727,,False,0.0,0.0,,False,0.0,0.0
136,1.36,P4,0.9250651675934789,True,0.0749348324065211,3,temporal|spatial|spectral,flow_3d|phase|coherence,0.8279972561326212,2.479609826572032,1.0,4.6875,undetermined,False,,False,0.0,0.0,0.9462960429530413,True,1.0,0.36363636363636365,0.8476331679290258,True,1.0,0.36363636363636365,1.0,True,1.0,0.2727272727272727,,False,0.0,0.0,,False,0.0,0.0
137,1.37,P1,0.9340199606801001,True,0.06598003931989993,3,temporal|spatial|spectral,flow_3d|phase|coherence,0.7447683057228867,2.140854566820814,1.0,4.6875,undetermined,False,,False,0.0,0.0,0.9515612518004085,True,1.0,0.36363636363636365,0.8669936400698669,True,1.0,0.36363636363636365,1.0,True,1.0,0.2727272727272727,,False,0.0,0.0,,False,0.0,0.0
137,1.37,P2,0.9620967652220445,True,0.03790323477795554,3,temporal|spatial|spectral,flow_3d|phase|coherence,0.847876178205774,0.7579829120583867,1.0,4.6875,undetermined,False,,False,0.0,0.0,0.945042783898038,True,1.0,0.36363636363636365,0.9507233204625843,True,1.0,0.36363636363636365,1.0,True,1.0,0.2727272727272727,,False,0.0,0.0,,False,0.0,0.0
137,1.37,P3,0.9649456555338376,True,0.0350543444661624,3,temporal|spatial|spectral,flow_3d|phase|coherence,0.7240380903517782,0.7579829120583867,1.0,4.6875,undetermined,False,,False,0.0,0.0,0.9528772322554692,True,1.0,0.36363636363636365,0.9507233204625843,True,1.0,0.36363636363636365,1.0,True,1.0,0.2727272727272727,,False,0.0,0.0,,False,0.0,0.0
137,1.37,P4,0.9456819429649523,True,0.05431805703504766,3,temporal|spatial|spectral,flow_3d|phase|coherence,0.3414184246029768,2.035071116896233,1.0,4.6875,undetermined,False,,False,0.0,0.0,0.9774958542511881,True,1.0,0.36363636363636365,0.8731294889024307,True,1.0,0.36363636363636365,1.0,True,1.0,0.2727272727272727,,False,0.0,0.0,,False,0.0,0.0
138,1.38,P1,0.9401541839042145,True,0.05984581609578554,3,temporal|spatial|spectral,flow_3d|phase|coherence,0.6335377612981059,1.9724816341653346,1.0,4.6875,undetermined,False,,False,0.0,0.0,0.9586436570792554,True,1.0,0.36363636363636365,0.8767803486573343,True,1.0,0.36363636363636365,1.0,True,1.0,0.2727272727272727,,False,0.0,0.0,,False,0.0,0.0
138,1.38,P2,0.9709444467643715,True,0.029055553235628473,3,temporal|spatial|spectral,flow_3d|phase|coherence,0.6012805211794192,0.6218672195215942,1.0,4.6875,undetermined,False,,False,0.0,0.0,0.960707421904814,True,1.0,0.36363636363636365,0.9593898066972075,True,1.0,0.36363636363636365,1.0,True,1.0,0.2727272727272727,,False,0.0,0.0,,False,0.0,0.0
138,1.38,P3,0.9773425655522059,True,0.02265743444779411,3,temporal|spatial|spectral,flow_3d|phase|coherence,0.3290491361058334,0.6218672195215937,1.0,4.6875,undetermined,False,,False,0.0,0.0,0.9783022485713586,True,1.0,0.36363636363636365,0.9593898066972075,True,1.0,0.36363636363636365,1.0,True,1.0,0.2727272727272727,,False,0.0,0.0,,False,0.0,0.0
138,1.38,P4,0.9634843426621986,True,0.03651565733780138,3,temporal|spatial|spectral,flow_3d|phase|coherence,0.17858082112928741,1.391325467124318,1.0,4.6875,undetermined,False,,False,0.0,0.0,0.9881652006509001,True,1.0,0.36363636363636365,0.9114167416701462,True,1.0,0.36363636363636365,1.0,True,1.0,0.2727272727272727,,False,0.0,0.0,,False,0.0,0.0
139,1.39,P1,0.951979828879862,True,0.04802017112013801,3,temporal|spatial|spectral,flow_3d|phase|coherence,0.46029212668045316,1.6110284560701813,1.0,4.6875,undetermined,False,,False,0.0,0.0,0.9697798987100413,True,1.0,0.36363636363636365,0.8981646307095793,True,1.0,0.36363636363636365,1.0,True,1.0,0.2727272727272727,,False,0.0,0.0,,False,0.0,0.0
139,1.39,P2,0.9827430996876219,True,0.017256900312378143,3,temporal|spatial|spectral,flow_3d|phase|coherence,0.29582733737253225,0.42487883073436183,1.0,4.6875,undetermined,False,,False,0.0,0.0,0.9804713804602684,True,1.0,0.36363636363636365,0.9720721436806916,True,1.0,0.36363636363636365,1.0,True,1.0,0.2727272727272727,,False,0.0,0.0,,False,0.0,0.0
139,1.39,P3,0.9874728030593823,True,0.012527196940617658,3,temporal|spatial|spectral,flow_3d|phase|coherence,0.09814944020193206,0.42487883073436183,1.0,4.6875,undetermined,False,,False,0.0,0.0,0.9934780647326097,True,1.0,0.36363636363636365,0.9720721436806916,True,1.0,0.36363636363636365,1.0,True,1.0,0.2727272727272727,,False,0.0,0.0,,False,0.0,0.0
139,1.39,P4,0.9693342428424895,True,0.03066575715751052,3,temporal|spatial|spectral,flow_3d|phase|coherence,0.6810993318432264,0.6113871866957918,1.0,4.6875,undetermined,False,,False,0.0,0.0,0.9556088311299094,True,1.0,0.36363636363636365,0.9600603366869368,True,1.0,0.36363636363636365,1.0,True,1.0,0.2727272727272727,,False,0.0,0.0,,False,0.0,0.0
140,1.4,P1,0.9733575428614485,True,0.026642457138551512,3,temporal|spatial|spectral,flow_3d|phase|coherence,0.24198989165937906,0.8845274514787889,1.0,4.6875,undetermined,False,,False,0.0,0.0,0.9839967749314353,True,1.0,0.36363636363636365,0.9427364679375478,True,1.0,0.36363636363636365,1.0,True,1.0,0.2727272727272727,,False,0.0,0.0,,False,0.0,0.0
140,1.4,P2,0.9985559287180378,True,0.0014440712819622226,3,temporal|spatial|spectral,flow_3d|phase|coherence,0.038583487366841585,0.021048794830810014,1.0,4.6875,undetermined,False,,False,0.0,0.0,0.9974310728642166,True,1.0,0.36363636363636365,0.9985977311103873,True,1.0,0.36363636363636365,1.0,True,1.0,0.2727272727272727,,False,0.0,0.0,,False,0.0,0.0
140,1.4,P3,0.9782908126735974,True,0.02170918732640259,3,temporal|spatial|spectral,flow_3d|phase|coherence,0.5157404654556661,0.39364947821070917,1.0,4.6875,undetermined,False,,False,0.0,0.0,0.966201670720461,True,1.0,0.36363636363636365,0.9740980641319319,True,1.0,0.36363636363636365,1.0,True,1.0,0.2727272727272727,,False,0.0,0.0,,False,0.0,0.0
140,1.4,P4,0.9733961526801265,True,0.02660384731987353,3,temporal|spatial|spectral,flow_3d|phase|coherence,1.1169470944586148,0.02104879483080957,1.0,4.6875,undetermined,False,,False,0.0,0.0,0.9282416887599603,True,1.0,0.36363636363636365,0.9985977311103874,True,1.0,0.36363636363636365,1.0,True,1.0,0.2727272727272727,,False,0.0,0.0,,False,0.0,0.0
141,1.41,P1,0.9952395593525486,True,0.004760440647451403,3,temporal|spatial|spectral,flow_3d|phase|coherence,5.240252676230739e-14,0.19766485455705896,1.0,4.6875,undetermined,False,,False,0.0,0.0,0.9999999999999966,True,1.0,0.36363636363636365,0.9869087882195122,True,1.0,0.36363636363636365,1.0,True,1.0,0.2727272727272727,,False,0.0,0.0,,False,0.0,0.0
141,1.41,P2,0.9830397763003194,True,0.016960223699680643,3,temporal|spatial|spectral,flow_3d|phase|coherence,0.36921749153578,0.3386939002168119,1.0,4.6875,undetermined,False,,False,0.0,0.0,0.9756859670298192,True,1.0,0.36363636363636365,0.9776734177960591,True,1.0,0.36363636363636365,1.0,True,1.0,0.2727272727272727,,False,0.0,0.0,,False,0.0,0.0
141,1.41,P3,0.9744548592975367,True,0.025545140702463276,3,temporal|spatial|spectral,flow_3d|phase|coherence,0.8828472205754334,0.19766485455705896,1.0,4.6875,undetermined,False,,False,0.0,0.0,0.9428420748487139,True,1.0,0.36363636363636365,0.9869087882195122,True,1.0,0.36363636363636365,1.0,True,1.0,0.2727272727272727,,False,0.0,0.0,,False,0.0,0.0
141,1.41,P4,0.9482662905094941,True,0.05173370949050593,3,temporal|spatial|spectral,flow_3d|phase|coherence,1.4434602932402854,0.7776464911493108,1.0,4.6875,undetermined,False,,False,0.0,0.0,0.9082544701130609,True,1.0,0.36363636363636365,0.9494778287880479,True,1.0,0.36363636363636365,1.0,True,1.0,0.2727272727272727,,False,0.0,0.0,,False,0.0,0.0
142,1.42,P1,0.9878578943538001,True,0.012142105646199886,3,temporal|spatial|spectral,flow_3d|phase|coherence,0.24198989165931462,0.26310756890669107,1.0,4.6875,undetermined,False,,False,0.0,0.0,0.9839967749314396,True,1.0,0.36363636363636365,0.9826124345415107,True,1.0,0.36363636363636365,1.0,True,1.0,0.2727272727272727,,False,0.0,0.0,,False,0.0,0.0
142,1.42,P2,0.9752176973313937,True,0.02478230266860626,3,temporal|spatial|spectral,flow_3d|phase|coherence,0.6637099151434747,0.3777463001964023,1.0,4.6875,undetermined,False,,False,0.0,0.0,0.9567173055409768,True,1.0,0.36363636363636365,0.9751313621203559,True,1.0,0.36363636363636365,1.0,True,1.0,0.2727272727272727,,False,0.0,0.0,,False,0.0,0.0
142,1.42,P3,0.9665365901102552,True,0.03346340988974483,3,temporal|spatial|spectral,flow_3d|phase|coherence,1.163534738586815,0.26310756890669107,1.0,4.6875,undetermined,False,,False,0.0,0.0,0.925363188261691,True,1.0,0.36363636363636365,0.9826124345415107,True,1.0,0.36363636363636365,1.0,True,1.0,0.2727272727272727,,False,0.0,0.0,,False,0.0,0.0
142,1.42,P4,0.9235452649368399,True,0.07645473506316014,3,temporal|spatial|spectral,flow_3d|phase|coherence,1.6286775413402452,1.7035617173664928,1.0,4.6875,undetermined,False,,False,0.0,0.0,0.8971084665655302,True,1.0,0.36363636363636365,0.8926410120107792,True,1.0,0.36363636363636365,1.0,True,1.0,0.2727272727272727,,False,0.0,0.0,,False,0.0,0.0
143,1.43,P1,0.9688111313751462,True,0.031188868624853816,3,temporal|spatial|spectral,flow_3d|phase|coherence,0.46029212668041186,0.8572766553216917,1.0,4.6875,undetermined,False,,False,0.0,0.0,0.969779898710044,True,1.0,0.36363636363636365,0.9444507125716081,True,1.0,0.36363636363636365,1.0,True,1.0,0.2727272727272727,,False,0.0,0.0,,False,0.0,0.0
143,1.43,P2,0.9661439040412099,True,0.03385609595879013,3,temporal|spatial|spectral,flow_3d|phase|coherence,0.8932337879182306,0.5389737253735847,1.0,4.6875,undetermined,False,,False,0.0,0.0,0.9421894413152593,True,1.0,0.36363636363636365,0.9647062947980678,True,1.0,0.36363636363636365,1.0,True,1.0,0.2727272727272727,,False,0.0,0.0,,False,0.0,0.0
143,1.43,P3,0.9563043254966889,True,0.04369567450331113,3,temporal|spatial|spectral,flow_3d|phase|coherence,1.3303273695623066,0.5389737253735847,1.0,4.6875,undetermined,False,,False,0.0,0.0,0.9151306003178266,True,1.0,0.36363636363636365,0.9647062947980678,True,1.0,0.36363636363636365,1.0,True,1.0,0.2727272727272727,,False,0.0,0.0,,False,0.0,0.0
143,1.43,P4,0.9102570722103915,True,0.08974292778960846,3,temporal|spatial|spectral,flow_3d|phase|coherence,1.6544684840302768,2.3035689883013566,1.0,4.6875,undetermined,False,,False,0.0,0.0,0.8955673070072766,True,1.0,0.36363636363636365,0.8576396415713,True,1.0,0.36363636363636365,1.0,True,1.0,0.2727272727272727,,False,0.0,0.0,,False,0.0,0.0
144,1.44,P1,0.9520093644696573,True,0.04799063553034266,3,temporal|spatial|spectral,flow_3d|phase|coherence,0.6335377612981521,1.4248488953609826,1.0,4.6875,undetermined,False,,False,0.0,0.0,0.9586436570792524,True,1.0,0.36363636363636365,0.9093820952123054,True,1.0,0.36363636363636365,1.0,True,1.0,0.2727272727272727,,False,0.0,0.0,,False,0.0,0.0
144,1.44,P2,0.9590578900960866,True,0.04094210990391345,3,temporal|spatial|spectral,flow_3d|phase|coherence,1.0353217140057307,0.704762012705296,1.0,4.6875,undetermined,False,,False,0.0,0.0,0.9333066626752051,True,1.0,0.36363636363636365,0.9541025350890329,True,1.0,0.36363636363636365,1.0,True,1.0,0.2727272727272727,,False,0.0,0.0,,False,0.0,0.0
144,1.44,P3,0.9516380758378947,True,0.048361924162105274,3,temporal|spatial|spectral,flow_3d|phase|coherence,1.3668982886691534,0.704762012705296,1.0,4.6875,undetermined,False,,False,0.0,0.0,0.9129021734651777,True,1.0,0.36363636363636365,0.9541025350890329,True,1.0,0.36363636363636365,1.0,True,1.0,0.2727272727272727,,False,0.0,0.0,,False,0.0,0.0
144,1.44,P4,0.9067009441016562,True,0.09329905589834375,3,temporal|spatial|spectral,flow_3d|phase|coherence,1.518308524143615,2.6207675111075295,1.0,4.6875,undetermined,False,,False,0.0,0.0,0.9037336759216824,True,1.0,0.36363636363636365,0.8396939203578723,True,1.0,0.36363636363636365,1.0,True,1.0,0.2727272727272727,,False,0.0,0.0,,False,0.0,0.0
145,1.45,P1,0.9401296566068673,True,0.059870343393132686,3,temporal|spatial|spectral,flow_3d|phase|coherence,0.7447683057228858,1.8529469980163347,1.0,4.6875,undetermined,False,,False,0.0,0.0,0.9515612518004085,True,1.0,0.36363636363636365,0.8837953038684768,True,1.0,0.36363636363636365,1.0,True,1.0,0.2727272727272727,,False,0.0,0.0,,False,0.0,0.0
145,1.45,P2,0.9559055149193152,True,0.04409448508068481,3,temporal|spatial|spectral,flow_3d|phase|coherence,1.0760651372157994,0.8015632838677336,1.0,4.6875,undetermined,False,,False,0.0,0.0,0.9307750285902038,True,1.0,0.36363636363636365,0.947965137437913,True,1.0,0.36363636363636365,1.0,True,1.0,0.2727272727272727,,False,0.0,0.0,,False,0.0,0.0
145,1.45,P3,0.9515650909113926,True,0.04843490908860737,3,temporal|spatial|spectral,flow_3d|phase|coherence,1.2696676795406745,0.8015632838677336,1.0,4.6875,undetermined,False,,False,0.0,0.0,0.9188388625684166,True,1.0,0.36363636363636365,0.947965137437913,True,1.0,0.36363636363636365,1.0,True,1.0,0.2727272727272727,,False,0.0,0.0,,False,0.0,0.0
145,1.45,P4,0.9117674573881008,True,0.08823254261189917,3,temporal|spatial|spectral,flow_3d|phase|coherence,1.2335259472362399,2.6814270499655324,1.0,4.6875,undetermined,False,,False,0.0,0.0,0.9210554270588772,True,1.0,0.36363636363636365,0.8363050807584,True,1.0,0.36363636363636365,1.0,True,1.0,0.2727272727272727,,False,0.0,0.0,,False,0.0,0.0
146,1.46,P1,0.9340038438458305,True,0.06599615615416954,3,temporal|spatial|spectral,flow_3d|phase|coherence,0.7830957392775346,2.0996657382649224,1.0,4.6875,undetermined,False,,False,0.0,0.0,0.9491329620818949,True,1.0,0.36363636363636365,0.869377608494139,True,1.0,0.36363636363636365,1.0,True,1.0,0.2727272727272727,,False,0.0,0.0,,False,0.0,0.0
146,1.46,P2,0.956944883525891,True,0.04305511647410898,3,temporal|spatial|spectral,flow_3d|phase|coherence,1.0114758074084698,0.8199019559853862,1.0,4.6875,undetermined,False,,False,0.0,0.0,0.9347915455420734,True,1.0,0.36363636363636365,0.946806884154127,True,1.0,0.36363636363636365,1.0,True,1.0,0.2727272727272727,,False,0.0,0.0,,False,0.0,0.0
146,1.46,P3,0.956114731076548,True,0.043885268923452014,3,temporal|spatial|spectral,flow_3d|phase|coherence,1.048153151643775,0.8199019559853862,1.0,4.6875,undetermined,False,,False,0.0,0.0,0.9325086263063801,True,1.0,0.36363636363636365,0.946806884154127,True,1.0,0.36363636363636365,1.0,True,1.0,0.2727272727272727,,False,0.0,0.0,,False,0.0,0.0
146,1.46,P4,0.9250651675934787,True,0.07493483240652132,3,temporal|spatial|spectral,flow_3d|phase|coherence,0.8279972561326256,2.479609826572036,1.0,4.6875,undetermined,False,,False,0.0,0.0,0.9462960429530409,True,1.0,0.36363636363636365,0.8476331679290255,True,1.0,0.36363636363636365,1.0,True,1.0,0.2727272727272727,,False,0.0,0.0,,False,0.0,0.0
147,1.47,P1,0.9340199606801001,True,0.06598003931989993,3,temporal|spatial|spectral,flow_3d|phase|coherence,0.7447683057228867,2.1408545668208157,1.0,4.6875,undetermined,False,,False,0.0,0.0,0.9515612518004085,True,1.0,0.36363636363636365,0.8669936400698668,True,1.0,0.36363636363636365,1.0,True,1.0,0.2727272727272727,,False,0.0,0.0,,False,0.0,0.0
147,1.47,P2,0.9620967652220445,True,0.03790323477795554,3,temporal|spatial|spectral,flow_3d|phase|coherence,0.8478761782057784,0.7579829120583876,1.0,4.6875,undetermined,False,,False,0.0,0.0,0.9450427838980378,True,1.0,0.36363636363636365,0.9507233204625843,True,1.0,0.36363636363636365,1.0,True,1.0,0.2727272727272727,,False,0.0,0.0,,False,0.0,0.0
147,1.47,P3,0.9649456555338376,True,0.0350543444661624,3,temporal|spatial|spectral,flow_3d|phase|coherence,0.7240380903517813,0.7579829120583876,1.0,4.6875,undetermined,False,,False,0.0,0.0,0.9528772322554689,True,1.0,0.36363636363636365,0.9507233204625843,True,1.0,0.36363636363636365,1.0,True,1.0,0.2727272727272727,,False,0.0,0.0,,False,0.0,0.0
147,1.47,P4,0.945681942964952,True,0.054318057035047995,3,temporal|spatial|spectral,flow_3d|phase|coherence,0.341418424602983,2.035071116896239,1.0,4.6875,undetermined,False,,False,0.0,0.0,0.9774958542511878,True,1.0,0.36363636363636365,0.8731294889024304,True,1.0,0.36363636363636365,1.0,True,1.0,0.2727272727272727,,False,0.0,0.0,,False,0.0,0.0
148,1.48,P1,0.9401541839042123,True,0.05984581609578765,3,temporal|spatial|spectral,flow_3d|phase|coherence,0.6335377612981548,1.9724816341653781,1.0,4.6875,undetermined,False,,False,0.0,0.0,0.9586436570792523,True,1.0,0.36363636363636365,0.8767803486573318,True,1.0,0.36363636363636365,1.0,True,1.0,0.2727272727272727,,False,0.0,0.0,,False,0.0,0.0
148,1.48,P2,0.9709444467643693,True,0.029055553235630693,3,temporal|spatial|spectral,flow_3d|phase|coherence,0.6012805211794965,0.6218672195216084,1.0,4.6875,undetermined,False,,False,0.0,0.0,0.9607074219048091,True,1.0,0.36363636363636365,0.9593898066972065,True,1.0,0.36363636363636365,1.0,True,1.0,0.2727272727272727,,False,0.0,0.0,,False,0.0,0.0
148,1.48,P3,0.9773425655522031,True,0.022657434447796887,3,temporal|spatial|spectral,flow_3d|phase|coherence,0.3290491361059378,0.621867219521608,1.0,4.6875,undetermined,False,,False,0.0,0.0,0.9783022485713518,True,1.0,0.36363636363636365,0.9593898066972066,True,1.0,0.36363636363636365,1.0,True,1.0,0.2727272727272727,,False,0.0,0.0,,False,0.0,0.0
148,1.48,P4,0.9634843426622006,True,0.03651565733779938,3,temporal|spatial|spectral,flow_3d|phase|coherence,0.17858082112917195,1.39132546712435,1.0,4.6875,undetermined,False,,False,0.0,0.0,0.9881652006509077,True,1.0,0.36363636363636365,0.9114167416701442,True,1.0,0.36363636363636365,1.0,True,1.0,0.2727272727272727,,False,0.0,0.0,,False,0.0,0.0
149,1.49,P1,0.951979828879863,True,0.04802017112013701,3,temporal|spatial|spectral,flow_3d|phase|coherence,0.4602921266804172,1.6110284560701764,1.0,4.6875,undetermined,False,,False,0.0,0.0,0.9697798987100437,True,1.0,0.36363636363636365,0.8981646307095796,True,1.0,0.36363636363636365,1.0,True,1.0,0.2727272727272727,,False,0.0,0.0,,False,0.0,0.0
149,1.49,P2,0.9827430996876234,True,0.01725690031237659,3,temporal|spatial|spectral,flow_3d|phase|coherence,0.29582733737246425,0.4248788307343596,1.0,4.6875,undetermined,False,,False,0.0,0.0,0.9804713804602728,True,1.0,0.36363636363636365,0.9720721436806917,True,1.0,0.36363636363636365,1.0,True,1.0,0.2727272727272727,,False,0.0,0.0,,False,0.0,0.0
149,1.49,P3,0.98747280305938,True,0.012527196940619989,3,temporal|spatial|spectral,flow_3d|phase|coherence,0.09814944020203331,0.42487883073435917,1.0,4.6875,undetermined,False,,False,0.0,0.0,0.993478064732603,True,1.0,0.36363636363636365,0.9720721436806918,True,1.0,0.36363636363636365,1.0,True,1.0,0.2727272727272727,,False,0.0,0.0,,False,0.0,0.0
149,1.49,P4,0.9693342428424867,True,0.030665757157513296,3,temporal|spatial|spectral,flow_3d|phase|coherence,0.6810993318433542,0.6113871866957803,1.0,4.6875,undetermined,False,,False,0.0,0.0,0.9556088311299011,True,1.0,0.36363636363636365,0.9600603366869375,True,1.0,0.36363636363636365,1.0,True,1.0,0.2727272727272727,,False,0.0,0.0,,False,0.0,0.0
150,1.5,P1,0.9733575428614503,True,0.026642457138549736,3,temporal|spatial|spectral,flow_3d|phase|coherence,0.24198989165931947,0.8845274514787707,1.0,4.6875,undetermined,False,,False,0.0,0.0,0.9839967749314392,True,1.0,0.36363636363636365,0.942736467937549,True,1.0,0.36363636363636365,1.0,True,1.0,0.2727272727272727,,False,0.0,0.0,,False,0.0,0.0
150,1.5,P2,0.998555928718036,True,0.001444071281963999,3,temporal|spatial|spectral,flow_3d|phase|coherence,0.03858348736691841,0.021048794830808237,1.0,4.6875,undetermined,False,,False,0.0,0.0,0.9974310728642115,True,1.0,0.36363636363636365,0.9985977311103875,True,1.0,0.36363636363636365,1.0,True,1.0,0.2727272727272727,,False,0.0,0.0,,False,0.0,0.0
150,1.5,P3,0.9782908126735959,True,0.021709187326404145,3,temporal|spatial|spectral,flow_3d|phase|coherence,0.515740465455746,0.3936494782106994,1.0,4.6875,undetermined,False,,False,0.0,0.0,0.9662016707204559,True,1.0,0.36363636363636365,0.9740980641319326,True,1.0,0.36363636363636365,1.0,True,1.0,0.2727272727272727,,False,0.0,0.0,,False,0.0,0.0
150,1.5,P4,0.9733961526801251,True,0.026603847319874863,3,temporal|spatial|spectral,flow_3d|phase|coherence,1.1169470944586752,0.02104879483080868,1.0,4.6875,undetermined,False,,False,0.0,0.0,0.9282416887599565,True,1.0,0.36363636363636365,0.9985977311103874,True,1.0,0.36363636363636365,1.0,True,1.0,0.2727272727272727,,False,0.0,0.0,,False,0.0,0.0
151,1.51,P1,0.9952395593525484,True,0.004760440647451625,3,temporal|spatial|spectral,flow_3d|phase|coherence,5.81756864903582e-14,0.1976648545570634,1.0,4.6875,undetermined,False,,False,0.0,0.0,0.9999999999999961,True,1.0,0.36363636363636365,0.9869087882195119,True,1.0,0.36363636363636365,1.0,True,1.0,0.2727272727272727,,False,0.0,0.0,,False,0.0,0.0
151,1.51,P2,0.9830397763003226,True,0.016960223699677424,3,temporal|spatial|spectral,flow_3d|phase|coherence,0.3692174915356379,0.33869390021681944,1.0,4.6875,undetermined,False,,False,0.0,0.0,0.9756859670298285,True,1.0,0.36363636363636365,0.9776734177960585,True,1.0,0.36363636363636365,1.0,True,1.0,0.2727272727272727,,False,0.0,0.0,,False,0.0,0.0
151,1.51,P3,0.97445485929754,True,0.025545140702459945,3,temporal|spatial|spectral,flow_3d|phase|coherence,0.8828472205752842,0.1976648545570634,1.0,4.6875,undetermined,False,,False,0.0,0.0,0.9428420748487233,True,1.0,0.36363636363636365,0.9869087882195119,True,1.0,0.36363636363636365,1.0,True,1.0,0.2727272727272727,,False,0.0,0.0,,False,0.0,0.0
151,1.51,P4,0.9482662905094963,True,0.05173370949050371,3,temporal|spatial|spectral,flow_3d|phase|coherence,1.4434602932401681,0.7776464911493277,1.0,4.6875,undetermined,False,,False,0.0,0.0,0.908254470113068,True,1.0,0.36363636363636365,0.9494778287880468,True,1.0,0.36363636363636365,1.0,True,1.0,0.2727272727272727,,False,0.0,0.0,,False,0.0,0.0
152,1.52,P1,0.9878578943537986,True,0.01214210564620144,3,temporal|spatial|spectral,flow_3d|phase|coherence,0.24198989165937412,0.2631075689066955,1.0,4.6875,undetermined,False,,False,0.0,0.0,0.9839967749314357,True,1.0,0.36363636363636365,0.9826124345415105,True,1.0,0.36363636363636365,1.0,True,1.0,0.2727272727272727,,False,0.0,0.0,,False,0.0,0.0
152,1.52,P2,0.975217697331392,True,0.024782302668608036,3,temporal|spatial|spectral,flow_3d|phase|coherence,0.6637099151435493,0.3777463001964023,1.0,4.6875,undetermined,False,,False,0.0,0.0,0.956717305540972,True,1.0,0.36363636363636365,0.9751313621203559,True,1.0,0.36363636363636365,1.0,True,1.0,0.2727272727272727,,False,0.0,0.0,,False,0.0,0.0
152,1.52,P3,0.9665365901102534,True,0.03346340988974661,3,temporal|spatial|spectral,flow_3d|phase|coherence,1.1635347385868915,0.2631075689066955,1.0,4.6875,undetermined,False,,False,0.0,0.0,0.9253631882616862,True,1.0,0.36363636363636365,0.9826124345415105,True,1.0,0.36363636363636365,1.0,True,1.0,0.2727272727272727,,False,0.0,0.0,,False,0.0,0.0
152,1.52,P4,0.9235452649368382,True,0.0764547350631618,3,temporal|spatial|spectral,flow_3d|phase|coherence,1.6286775413403092,1.7035617173665025,1.0,4.6875,undetermined,False,,False,0.0,0.0,0.8971084665655265,True,1.0,0.36363636363636365,0.8926410120107786,True,1.0,0.36363636363636365,1.0,True,1.0,0.2727272727272727,,False,0.0,0.0,,False,0.0,0.0
153,1.53,P1,0.968811131375146,True,0.031188868624854038,3,temporal|spatial|spectral,flow_3d|phase|coherence,0.4602921266804154,0.8572766553216988,1.0,4.6875,undetermined,False,,False,0.0,0.0,0.9697798987100438,True,1.0,0.36363636363636365,0.9444507125716076,True,1.0,0.36363636363636365,1.0,True,1.0,0.2727272727272727,,False,0.0,0.0,,False,0.0,0.0
153,1.53,P2,0.9661439040412096,True,0.033856095958790355,3,temporal|spatial|spectral,flow_3d|phase|coherence,0.8932337879182324,0.5389737253735873,1.0,4.6875,undetermined,False,,False,0.0,0.0,0.9421894413152592,True,1.0,0.36363636363636365,0.9647062947980676,True,1.0,0.36363636363636365,1.0,True,1.0,0.2727272727272727,,False,0.0,0.0,,False,0.0,0.0
153,1.53,P3,0.9563043254966888,True,0.043695674503311244,3,temporal|spatial|spectral,flow_3d|phase|coherence,1.3303273695623101,0.5389737253735873,1.0,4.6875,undetermined,False,,False,0.0,0.0,0.9151306003178263,True,1.0,0.36363636363636365,0.9647062947980676,True,1.0,0.36363636363636365,1.0,True,1.0,0.2727272727272727,,False,0.0,0.0,,False,0.0,0.0
153,1.53,P4,0.9102570722103913,True,0.08974292778960868,3,temporal|spatial|spectral,flow_3d|phase|coherence,1.6544684840302768,2.303568988301361,1.0,4.6875,undetermined,False,,False,0.0,0.0,0.8955673070072766,True,1.0,0.36363636363636365,0.8576396415712997,True,1.0,0.36363636363636365,1.0,True,1.0,0.2727272727272727,,False,0.0,0.0,,False,0.0,0.0
154,1.54,P1,0.9520093644696572,True,0.04799063553034277,3,temporal|spatial|spectral,flow_3d|phase|coherence,0.6335377612981521,1.4248488953609888,1.0,4.6875,undetermined,False,,False,0.0,0.0,0.9586436570792524,True,1.0,0.36363636363636365,0.909382095212305,True,1.0,0.36363636363636365,1.0,True,1.0,0.2727272727272727,,False,0.0,0.0,,False,0.0,0.0
154,1.54,P2,0.9590578900960864,True,0.04094210990391356,3,temporal|spatial|spectral,flow_3d|phase|coherence,1.0353217140057325,0.7047620127052969,1.0,4.6875,undetermined,False,,False,0.0,0.0,0.933306662675205,True,1.0,0.36363636363636365,0.9541025350890328,True,1.0,0.36363636363636365,1.0,True,1.0,0.2727272727272727,,False,0.0,0.0,,False,0.0,0.0
154,1.54,P3,0.9516380758378948,True,0.04836192416210516,3,temporal|spatial|spectral,flow_3d|phase|coherence,1.3668982886691516,0.7047620127052969,1.0,4.6875,undetermined,False,,False,0.0,0.0,0.9129021734651778,True,1.0,0.36363636363636365,0.9541025350890328,True,1.0,0.36363636363636365,1.0,True,1.0,0.2727272727272727,,False,0.0,0.0,,False,0.0,0.0
154,1.54,P4,0.9067009441016564,True,0.09329905589834364,3,temporal|spatial|spectral,flow_3d|phase|coherence,1.5183085241436096,2.6207675111075286,1.0,4.6875,undetermined,False,,False,0.0,0.0,0.9037336759216826,True,1.0,0.36363636363636365,0.8396939203578724,True,1.0,0.36363636363636365,1.0,True,1.0,0.2727272727272727,,False,0.0,0.0,,False,0.0,0.0
155,1.55,P1,0.9401296566068683,True,0.059870343393131686,3,temporal|spatial|spectral,flow_3d|phase|coherence,0.7447683057228858,1.852946998016293,1.0,4.6875,undetermined,False,,False,0.0,0.0,0.9515612518004085,True,1.0,0.36363636363636365,0.8837953038684794,True,1.0,0.36363636363636365,1.0,True,1.0,0.2727272727272727,,False,0.0,0.0,,False,0.0,0.0
155,1.55,P2,0.9559055149193162,True,0.04409448508068381,3,temporal|spatial|spectral,flow_3d|phase|coherence,1.076065137215771,0.8015632838677167,1.0,4.6875,undetermined,False,,False,0.0,0.0,0.9307750285902054,True,1.0,0.36363636363636365,0.9479651374379141,True,1.0,0.36363636363636365,1.0,True,1.0,0.2727272727272727,,False,0.0,0.0,,False,0.0,0.0
155,1.55,P3,0.9515650909113944,True,0.04843490908860559,3,temporal|spatial|spectral,flow_3d|phase|coherence,1.2696676795406105,0.8015632838677167,1.0,4.6875,undetermined,False,,False,0.0,0.0,0.9188388625684205,True,1.0,0.36363636363636365,0.9479651374379141,True,1.0,0.36363636363636365,1.0,True,1.0,0.2727272727272727,,False,0.0,0.0,,False,0.0,0.0
155,1.55,P4,0.9117674573881044,True,0.08823254261189561,3,temporal|spatial|spectral,flow_3d|phase|coherence,1.233525947236135,2.681427049965473,1.0,4.6875,undetermined,False,,False,0.0,0.0,0.9210554270588837,True,1.0,0.36363636363636365,0.8363050807584034,True,1.0,0.36363636363636365,1.0,True,1.0,0.2727272727272727,,False,0.0,0.0,,False,0.0,0.0
156,1.56,P1,0.9340038438458296,True,0.06599615615417043,3,temporal|spatial|spectral,flow_3d|phase|coherence,0.7830957392775337,2.0996657382649695,1.0,4.6875,undetermined,False,,False,0.0,0.0,0.9491329620818949,True,1.0,0.36363636363636365,0.8693776084941364,True,1.0,0.36363636363636365,1.0,True,1.0,0.2727272727272727,,False,0.0,0.0,,False,0.0,0.0
156,1.56,P2,0.9569448835258895,True,0.04305511647411053,3,temporal|spatial|spectral,flow_3d|phase|coherence,1.011475807408523,0.8199019559854039,1.0,4.6875,undetermined,False,,False,0.0,0.0,0.9347915455420701,True,1.0,0.36363636363636365,0.9468068841541258,True,1.0,0.36363636363636365,1.0,True,1.0,0.2727272727272727,,False,0.0,0.0,,False,0.0,0.0
156,1.56,P3,0.9561147310765448,True,0.043885268923455234,3,temporal|spatial|spectral,flow_3d|phase|coherence,1.0481531516438976,0.8199019559854039,1.0,4.6875,undetermined,False,,False,0.0,0.0,0.9325086263063724,True,1.0,0.36363636363636365,0.9468068841541258,True,1.0,0.36363636363636365,1.0,True,1.0,0.2727272727272727,,False,0.0,0.0,,False,0.0,0.0
156,1.56,P4,0.9250651675934729,True,0.0749348324065271,3,temporal|spatial|spectral,flow_3d|phase|coherence,0.8279972561328304,2.479609826572093,1.0,4.6875,undetermined,False,,False,0.0,0.0,0.946296042953028,True,1.0,0.36363636363636365,0.8476331679290223,True,1.0,0.36363636363636365,1.0,True,1.0,0.2727272727272727,,False,0.0,0.0,,False,0.0,0.0
157,1.57,P1,0.9340199606801001,True,0.06598003931989993,3,temporal|spatial|spectral,flow_3d|phase|coherence,0.7447683057228875,2.140854566820814,1.0,4.6875,undetermined,False,,False,0.0,0.0,0.9515612518004084,True,1.0,0.36363636363636365,0.8669936400698669,True,1.0,0.36363636363636365,1.0,True,1.0,0.2727272727272727,,False,0.0,0.0,,False,0.0,0.0
157,1.57,P2,0.962096765222045,True,0.037903234777954986,3,temporal|spatial|spectral,flow_3d|phase|coherence,0.8478761782057491,0.7579829120583867,1.0,4.6875,undetermined,False,,False,0.0,0.0,0.9450427838980395,True,1.0,0.36363636363636365,0.9507233204625843,True,1.0,0.36363636363636365,1.0,True,1.0,0.2727272727272727,,False,0.0,0.0,,False,0.0,0.0
157,1.57,P3,0.9649456555338392,True,0.03505434446616085,3,temporal|spatial|spectral,flow_3d|phase|coherence,0.7240380903517143,0.7579829120583867,1.0,4.6875,undetermined,False,,False,0.0,0.0,0.9528772322554732,True,1.0,0.36363636363636365,0.9507233204625843,True,1.0,0.36363636363636365,1.0,True,1.0,0.2727272727272727,,False,0.0,0.0,,False,0.0,0.0
157,1.57,P4,0.9456819429649548,True,0.05431805703504522,3,temporal|spatial|spectral,flow_3d|phase|coherence,0.341418424602872,2.035071116896233,1.0,4.6875,undetermined,False,,False,0.0,0.0,0.977495854251195,True,1.0,0.36363636363636365,0.8731294889024307,True,1.0,0.36363636363636365,1.0,True,1.0,0.2727272727272727,,False,0.0,0.0,,False,0.0,0.0
158,1.58,P1,0.9401541839042125,True,0.05984581609578754,3,temporal|spatial|spectral,flow_3d|phase|coherence,0.6335377612981512,1.972481634165376,1.0,4.6875,undetermined,False,,False,0.0,0.0,0.9586436570792525,True,1.0,0.36363636363636365,0.8767803486573319,True,1.0,0.36363636363636365,1.0,True,1.0,0.2727272727272727,,False,0.0,0.0,,False,0.0,0.0
158,1.58,P2,0.9709444467643694,True,0.029055553235630582,3,temporal|spatial|spectral,flow_3d|phase|coherence,0.6012805211794934,0.6218672195216066,1.0,4.6875,undetermined,False,,False,0.0,0.0,0.9607074219048092,True,1.0,0.36363636363636365,0.9593898066972066,True,1.0,0.36363636363636365,1.0,True,1.0,0.2727272727272727,,False,0.0,0.0,,False,0.0,0.0
158,1.58,P3,0.9773425655522032,True,0.022657434447796776,3,temporal|spatial|spectral,flow_3d|phase|coherence,0.32904913610593267,0.6218672195216066,1.0,4.6875,undetermined,False,,False,0.0,0.0,0.9783022485713522,True,1.0,0.36363636363636365,0.9593898066972066,True,1.0,0.36363636363636365,1.0,True,1.0,0.2727272727272727,,False,0.0,0.0,,False,0.0,0.0
158,1.58,P4,0.9634843426622007,True,0.03651565733779927,3,temporal|spatial|spectral,flow_3d|phase|coherence,0.17858082112917728,1.3913254671243425,1.0,4.6875,undetermined,False,,False,0.0,0.0,0.9881652006509074,True,1.0,0.36363636363636365,0.9114167416701446,True,1.0,0.36363636363636365,1.0,True,1.0,0.2727272727272727,,False,0.0,0.0,,False,0.0,0.0
159,1.59,P1,0.9519798288798631,True,0.0480201711201369,3,temporal|spatial|spectral,flow_3d|phase|coherence,0.4602921266804154,1.611028456070171,1.0,4.6875,undetermined,False,,False,0.0,0.0,0.9697798987100438,True,1.0,0.36363636363636365,0.89816463070958,True,1.0,0.36363636363636365,1.0,True,1.0,0.2727272727272727,,False,0.0,0.0,,False,0.0,0.0
159,1.59,P2,0.9827430996876236,True,0.017256900312376366,3,temporal|spatial|spectral,flow_3d|phase|coherence,0.29582733737246114,0.42487883073435606,1.0,4.6875,undetermined,False,,False,0.0,0.0,0.980471380460273,True,1.0,0.36363636363636365,0.972072143680692,True,1.0,0.36363636363636365,1.0,True,1.0,0.2727272727272727,,False,0.0,0.0,,False,0.0,0.0
159,1.59,P3,0.9874728030593798,True,0.012527196940620211,3,temporal|spatial|spectral,flow_3d|phase|coherence,0.09814944020203953,0.4248788307343565,1.0,4.6875,undetermined,False,,False,0.0,0.0,0.9934780647326026,True,1.0,0.36363636363636365,0.972072143680692,True,1.0,0.36363636363636365,1.0,True,1.0,0.2727272727272727,,False,0.0,0.0,,False,0.0,0.0
159,1.59,P4,0.9693342428424869,True,0.030665757157513074,3,temporal|spatial|spectral,flow_3d|phase|coherence,0.681099331843356,0.611387186695775,1.0,4.6875,undetermined,False,,False,0.0,0.0,0.955608831129901,True,1.0,0.36363636363636365,0.9600603366869379,True,1.0,0.36363636363636365,1.0,True,1.0,0.2727272727272727,,False,0.0,0.0,,False,0.0,0.0
160,1.6,P1,0.9733575428614506,True,0.026642457138549402,3,temporal|spatial|spectral,flow_3d|phase|coherence,0.24198989165931759,0.8845274514787596,1.0,4.6875,undetermined,False,,False,0.0,0.0,0.9839967749314393,True,1.0,0.36363636363636365,0.9427364679375497,True,1.0,0.36363636363636365,1.0,True,1.0,0.2727272727272727,,False,0.0,0.0,,False,0.0,0.0
160,1.6,P2,0.9985559287180357,True,0.001444071281964332,3,temporal|spatial|spectral,flow_3d|phase|coherence,0.03858348736692241,0.021048794830815343,1.0,4.6875,undetermined,False,,False,0.0,0.0,0.9974310728642112,True,1.0,0.36363636363636365,0.998597731110387,True,1.0,0.36363636363636365,1.0,True,1.0,0.2727272727272727,,False,0.0,0.0,,False,0.0,0.0
160,1.6,P3,0.9782908126735956,True,0.021709187326404367,3,temporal|spatial|spectral,flow_3d|phase|coherence,0.5157404654557496,0.39364947821070073,1.0,4.6875,undetermined,False,,False,0.0,0.0,0.9662016707204557,True,1.0,0.36363636363636365,0.9740980641319325,True,1.0,0.36363636363636365,1.0,True,1.0,0.2727272727272727,,False,0.0,0.0,,False,0.0,0.0
160,1.6,P4,0.9733961526801247,True,0.026603847319875307,3,temporal|spatial|spectral,flow_3d|phase|coherence,1.1169470944586841,0.021048794830815343,1.0,4.6875,undetermined,False,,False,0.0,0.0,0.9282416887599559,True,1.0,0.36363636363636365,0.998597731110387,True,1.0,0.36363636363636365,1.0,True,1.0,0.2727272727272727,,False,0.0,0.0,,False,0.0,0.0
161,1.61,P1,0.9952395593525485,True,0.004760440647451514,3,temporal|spatial|spectral,flow_3d|phase|coherence,5.5067062021407764e-14,0.19766485455705984,1.0,4.6875,undetermined,False,,False,0.0,0.0,0.9999999999999963,True,1.0,0.36363636363636365,0.9869087882195121,True,1.0,0.36363636363636365,1.0,True,1.0,0.2727272727272727,,False,0.0,0.0,,False,0.0,0.0
161,1.61,P2,0.9830397763003225,True,0.016960223699677535,3,temporal|spatial|spectral,flow_3d|phase|coherence,0.36921749153564054,0.338693900216819,1.0,4.6875,undetermined,False,,False,0.0,0.0,0.9756859670298283,True,1.0,0.36363636363636365,0.9776734177960587,True,1.0,0.36363636363636365,1.0,True,1.0,0.2727272727272727,,False,0.0,0.0,,False,0.0,0.0
161,1.61,P3,0.9744548592975402,True,0.025545140702459834,3,temporal|spatial|spectral,flow_3d|phase|coherence,0.882847220575286,0.1976648545570594,1.0,4.6875,undetermined,False,,False,0.0,0.0,0.9428420748487232,True,1.0,0.36363636363636365,0.9869087882195121,True,1.0,0.36363636363636365,1.0,True,1.0,0.2727272727272727,,False,0.0,0.0,,False,0.0,0.0
161,1.61,P4,0.9482662905094961,True,0.05173370949050393,3,temporal|spatial|spectral,flow_3d|phase|coherence,1.4434602932401681,0.7776464911493388,1.0,4.6875,undetermined,False,,False,0.0,0.0,0.908254470113068,True,1.0,0.36363636363636365,0.9494778287880461,True,1.0,0.36363636363636365,1.0,True,1.0,0.2727272727272727,,False,0.0,0.0,,False,0.0,0.0
162,1.62,P1,0.9878578943537983,True,0.012142105646201662,3,temporal|spatial|spectral,flow_3d|phase|coherence,0.2419898916593768,0.2631075689067015,1.0,4.6875,undetermined,False,,False,0.0,0.0,0.9839967749314354,True,1.0,0.36363636363636365,0.98261243454151,True,1.0,0.36363636363636365,1.0,True,1.0,0.2727272727272727,,False,0.0,0.0,,False,0.0,0.0
162,1.62,P2,0.9752176973313917,True,0.024782302668608258,3,temporal|spatial|spectral,flow_3d|phase|coherence,0.6637099151435528,0.37774630019640343,1.0,4.6875,undetermined,False,,False,0.0,0.0,0.9567173055409718,True,1.0,0.36363636363636365,0.9751313621203558,True,1.0,0.36363636363636365,1.0,True,1.0,0.2727272727272727,,False,0.0,0.0,,False,0.0,0.0
162,1.62,P3,0.9665365901102531,True,0.03346340988974694,3,temporal|spatial|spectral,flow_3d|phase|coherence,1.1635347385868986,0.2631075689067015,1.0,4.6875,undetermined,False,,False,0.0,0.0,0.9253631882616858,True,1.0,0.36363636363636365,0.98261243454151,True,1.0,0.36363636363636365,1.0,True,1.0,0.2727272727272727,,False,0.0,0.0,,False,0.0,0.0
162,1.62,P4,0.9235452649368381,True,0.07645473506316192,3,temporal|spatial|spectral,flow_3d|phase|coherence,1.6286775413403092,1.7035617173665103,1.0,4.6875,undetermined,False,,False,0.0,0.0,0.8971084665655265,True,1.0,0.36363636363636365,0.8926410120107782,True,1.0,0.36363636363636365,1.0,True,1.0,0.2727272727272727,,False,0.0,0.0,,False,0.0,0.0
163,1.63,P1,0.9688111313751456,True,0.03118886862485437,3,temporal|spatial|spectral,flow_3d|phase|coherence,0.46029212668045005,0.8572766553216802,1.0,4.6875,undetermined,False,,False,0.0,0.0,0.9697798987100416,True,1.0,0.36363636363636365,0.9444507125716088,True,1.0,0.36363636363636365,1.0,True,1.0,0.2727272727272727,,False,0.0,0.0,,False,0.0,0.0
163,1.63,P2,0.9661439040412094,True,0.03385609595879058,3,temporal|spatial|spectral,flow_3d|phase|coherence,0.893233787918259,0.538973725373574,1.0,4.6875,undetermined,False,,False,0.0,0.0,0.9421894413152575,True,1.0,0.36363636363636365,0.9647062947980685,True,1.0,0.36363636363636365,1.0,True,1.0,0.2727272727272727,,False,0.0,0.0,,False,0.0,0.0
163,1.63,P3,0.9563043254966892,True,0.0436956745033108,3,temporal|spatial|spectral,flow_3d|phase|coherence,1.3303273695623012,0.538973725373574,1.0,4.6875,undetermined,False,,False,0.0,0.0,0.9151306003178269,True,1.0,0.36363636363636365,0.9647062947980685,True,1.0,0.36363636363636365,1.0,True,1.0,0.2727272727272727,,False,0.0,0.0,,False,0.0,0.0
163,1.63,P4,0.9102570722103935,True,0.08974292778960646,3,temporal|spatial|spectral,flow_3d|phase|coherence,1.6544684840302288,2.3035689883013104,1.0,4.6875,undetermined,False,,False,0.0,0.0,0.8955673070072794,True,1.0,0.36363636363636365,0.8576396415713027,True,1.0,0.36363636363636365,1.0,True,1.0,0.2727272727272727,,False,0.0,0.0,,False,0.0,0.0
164,1.64,P1,0.9520093644696584,True,0.04799063553034155,3,temporal|spatial|spectral,flow_3d|phase|coherence,0.6335377612981059,1.4248488953609817,1.0,4.6875,undetermined,False,,False,0.0,0.0,0.9586436570792554,True,1.0,0.36363636363636365,0.9093820952123054,True,1.0,0.36363636363636365,1.0,True,1.0,0.2727272727272727,,False,0.0,0.0,,False,0.0,0.0
164,1.64,P2,0.9590578900960876,True,0.04094210990391245,3,temporal|spatial|spectral,flow_3d|phase|coherence,1.0353217140056845,0.704762012705296,1.0,4.6875,undetermined,False,,False,0.0,0.0,0.933306662675208,True,1.0,0.36363636363636365,0.9541025350890329,True,1.0,0.36363636363636365,1.0,True,1.0,0.2727272727272727,,False,0.0,0.0,,False,0.0,0.0
164,1.64,P3,0.9516380758378953,True,0.04836192416210472,3,temporal|spatial|spectral,flow_3d|phase|coherence,1.3668982886691285,0.704762012705296,1.0,4.6875,undetermined,False,,False,0.0,0.0,0.9129021734651791,True,1.0,0.36363636363636365,0.9541025350890329,True,1.0,0.36363636363636365,1.0,True,1.0,0.2727272727272727,,False,0.0,0.0,,False,0.0,0.0
164,1.64,P4,0.906700944101656,True,0.09329905589834397,3,temporal|spatial|spectral,flow_3d|phase|coherence,1.5183085241436256,2.6207675111075295,1.0,4.6875,undetermined,False,,False,0.0,0.0,0.9037336759216817,True,1.0,0.36363636363636365,0.8396939203578723,True,1.0,0.36363636363636365,1.0,True,1.0,0.2727272727272727,,False,0.0,0.0,,False,0.0,0.0
165,1.65,P1,0.9401296566068684,True,0.059870343393131575,3,temporal|spatial|spectral,flow_3d|phase|coherence,0.7447683057228858,1.8529469980162885,1.0,4.6875,undetermined,False,,False,0.0,0.0,0.9515612518004085,True,1.0,0.36363636363636365,0.8837953038684796,True,1.0,0.36363636363636365,1.0,True,1.0,0.2727272727272727,,False,0.0,0.0,,False,0.0,0.0
165,1.65,P2,0.9559055149193161,True,0.04409448508068392,3,temporal|spatial|spectral,flow_3d|phase|coherence,1.0760651372157728,0.8015632838677158,1.0,4.6875,undetermined,False,,False,0.0,0.0,0.9307750285902053,True,1.0,0.36363636363636365,0.9479651374379141,True,1.0,0.36363636363636365,1.0,True,1.0,0.2727272727272727,,False,0.0,0.0,,False,0.0,0.0
165,1.65,P3,0.9515650909113944,True,0.04843490908860559,3,temporal|spatial|spectral,flow_3d|phase|coherence,1.2696676795406123,0.8015632838677158,1.0,4.6875,undetermined,False,,False,0.0,0.0,0.9188388625684204,True,1.0,0.36363636363636365,0.9479651374379141,True,1.0,0.36363636363636365,1.0,True,1.0,0.2727272727272727,,False,0.0,0.0,,False,0.0,0.0
165,1.65,P4,0.9117674573881045,True,0.0882325426118955,3,temporal|spatial|spectral,flow_3d|phase|coherence,1.233525947236135,2.681427049965472,1.0,4.6875,undetermined,False,,False,0.0,0.0,0.9210554270588837,True,1.0,0.36363636363636365,0.8363050807584035,True,1.0,0.36363636363636365,1.0,True,1.0,0.2727272727272727,,False,0.0,0.0,,False,0.0,0.0
166,1.66,P1,0.9340038438458296,True,0.06599615615417043,3,temporal|spatial|spectral,flow_3d|phase|coherence,0.7830957392775337,2.099665738264968,1.0,4.6875,undetermined,False,,False,0.0,0.0,0.9491329620818949,True,1.0,0.36363636363636365,0.8693776084941364,True,1.0,0.36363636363636365,1.0,True,1.0,0.2727272727272727,,False,0.0,0.0,,False,0.0,0.0
166,1.66,P2,0.9569448835258894,True,0.043055116474110644,3,temporal|spatial|spectral,flow_3d|phase|coherence,1.0114758074085248,0.8199019559854044,1.0,4.6875,undetermined,False,,False,0.0,0.0,0.93479154554207,True,1.0,0.36363636363636365,0.9468068841541257,True,1.0,0.36363636363636365,1.0,True,1.0,0.2727272727272727,,False,0.0,0.0,,False,0.0,0.0
166,1.66,P3,0.9561147310765448,True,0.043885268923455234,3,temporal|spatial|spectral,flow_3d|phase|coherence,1.048153151643902,0.8199019559854044,1.0,4.6875,undetermined,False,,False,0.0,0.0,0.9325086263063722,True,1.0,0.36363636363636365,0.9468068841541257,True,1.0,0.36363636363636365,1.0,True,1.0,0.2727272727272727,,False,0.0,0.0,,False,0.0,0.0
166,1.66,P4,0.9250651675934726,True,0.07493483240652743,3,temporal|spatial|spectral,flow_3d|phase|coherence,0.8279972561328388,2.479609826572098,1.0,4.6875,undetermined,False,,False,0.0,0.0,0.9462960429530275,True,1.0,0.36363636363636365,0.8476331679290221,True,1.0,0.36363636363636365,1.0,True,1.0,0.2727272727272727,,False,0.0,0.0,,False,0.0,0.0
167,1.67,P1,0.9340199606801001,True,0.06598003931989993,3,temporal|spatial|spectral,flow_3d|phase|coherence,0.7447683057228875,2.1408545668208148,1.0,4.6875,undetermined,False,,False,0.0,0.0,0.9515612518004084,True,1.0,0.36363636363636365,0.8669936400698669,True,1.0,0.36363636363636365,1.0,True,1.0,0.2727272727272727,,False,0.0,0.0,,False,0.0,0.0
167,1.67,P2,0.9620967652220449,True,0.0379032347779551,3,temporal|spatial|spectral,flow_3d|phase|coherence,0.8478761782057509,0.7579829120583876,1.0,4.6875,undetermined,False,,False,0.0,0.0,0.9450427838980394,True,1.0,0.36363636363636365,0.9507233204625843,True,1.0,0.36363636363636365,1.0,True,1.0,0.2727272727272727,,False,0.0,0.0,,False,0.0,0.0
167,1.67,P3,0.9649456555338389,True,0.03505434446616107,3,temporal|spatial|spectral,flow_3d|phase|coherence,0.7240380903517178,0.7579829120583876,1.0,4.6875,undetermined,False,,False,0.0,0.0,0.9528772322554729,True,1.0,0.36363636363636365,0.9507233204625843,True,1.0,0.36363636363636365,1.0,True,1.0,0.2727272727272727,,False,0.0,0.0,,False,0.0,0.0
167,1.67,P4,0.9456819429649546,True,0.05431805703504544,3,temporal|spatial|spectral,flow_3d|phase|coherence,0.34141842460287575,2.035071116896239,1.0,4.6875,undetermined,False,,False,0.0,0.0,0.9774958542511948,True,1.0,0.36363636363636365,0.8731294889024304,True,1.0,0.36363636363636365,1.0,True,1.0,0.2727272727272727,,False,0.0,0.0,,False,0.0,0.0
168,1.68,P1,0.9401541839042122,True,0.05984581609578776,3,temporal|spatial|spectral,flow_3d|phase|coherence,0.6335377612981539,1.972481634165379,1.0,4.6875,undetermined,False,,False,0.0,0.0,0.9586436570792523,True,1.0,0.36363636363636365,0.8767803486573317,True,1.0,0.36363636363636365,1.0,True,1.0,0.2727272727272727,,False,0.0,0.0,,False,0.0,0.0
168,1.68,P2,0.9709444467643693,True,0.029055553235630693,3,temporal|spatial|spectral,flow_3d|phase|coherence,0.6012805211794978,0.621867219521608,1.0,4.6875,undetermined,False,,False,0.0,0.0,0.960707421904809,True,1.0,0.36363636363636365,0.9593898066972066,True,1.0,0.36363636363636365,1.0,True,1.0,0.2727272727272727,,False,0.0,0.0,,False,0.0,0.0
168,1.68,P3,0.977342565552203,True,0.022657434447796998,3,temporal|spatial|spectral,flow_3d|phase|coherence,0.3290491361059382,0.621867219521608,1.0,4.6875,undetermined,False,,False,0.0,0.0,0.9783022485713517,True,1.0,0.36363636363636365,0.9593898066972066,True,1.0,0.36363636363636365,1.0,True,1.0,0.2727272727272727,,False,0.0,0.0,,False,0.0,0.0
168,1.68,P4,0.9634843426622006,True,0.03651565733779938,3,temporal|spatial|spectral,flow_3d|phase|coherence,0.17858082112917106,1.39132546712435,1.0,4.6875,undetermined,False,,False,0.0,0.0,0.9881652006509077,True,1.0,0.36363636363636365,0.9114167416701442,True,1.0,0.36363636363636365,1.0,True,1.0,0.2727272727272727,,False,0.0,0.0,,False,0.0,0.0
169,1.69,P1,0.951979828879863,True,0.04802017112013701,3,temporal|spatial|spectral,flow_3d|phase|coherence,0.46029212668041763,1.6110284560701764,1.0,4.6875,undetermined,False,,False,0.0,0.0,0.9697798987100437,True,1.0,0.36363636363636365,0.8981646307095796,True,1.0,0.36363636363636365,1.0,True,1.0,0.2727272727272727,,False,0.0,0.0,,False,0.0,0.0
169,1.69,P2,0.9827430996876234,True,0.01725690031237659,3,temporal|spatial|spectral,flow_3d|phase|coherence,0.29582733737246336,0.4248788307343596,1.0,4.6875,undetermined,False,,False,0.0,0.0,0.9804713804602728,True,1.0,0.36363636363636365,0.9720721436806917,True,1.0,0.36363636363636365,1.0,True,1.0,0.2727272727272727,,False,0.0,0.0,,False,0.0,0.0
169,1.69,P3,0.9874728030593799,True,0.0125271969406201,3,temporal|spatial|spectral,flow_3d|phase|coherence,0.09814944020203331,0.4248788307343596,1.0,4.6875,undetermined,False,,False,0.0,0.0,0.993478064732603,True,1.0,0.36363636363636365,0.9720721436806917,True,1.0,0.36363636363636365,1.0,True,1.0,0.2727272727272727,,False,0.0,0.0,,False,0.0,0.0
169,1.69,P4,0.9693342428424868,True,0.030665757157513185,3,temporal|spatial|spectral,flow_3d|phase|coherence,0.6810993318433507,0.6113871866957834,1.0,4.6875,undetermined,False,,False,0.0,0.0,0.9556088311299014,True,1.0,0.36363636363636365,0.9600603366869374,True,1.0,0.36363636363636365,1.0,True,1.0,0.2727272727272727,,False,0.0,0.0,,False,0.0,0.0
170,1.7,P1,0.9733575428614503,True,0.026642457138549736,3,temporal|spatial|spectral,flow_3d|phase|coherence,0.24198989165932017,0.8845274514787707,1.0,4.6875,undetermined,False,,False,0.0,0.0,0.9839967749314392,True,1.0,0.36363636363636365,0.942736467937549,True,1.0,0.36363636363636365,1.0,True,1.0,0.2727272727272727,,False,0.0,0.0,,False,0.0,0.0
170,1.7,P2,0.998555928718036,True,0.001444071281963999,3,temporal|spatial|spectral,flow_3d|phase|coherence,0.038583487366917524,0.02104879483080868,1.0,4.6875,undetermined,False,,False,0.0,0.0,0.9974310728642115,True,1.0,0.36363636363636365,0.9985977311103874,True,1.0,0.36363636363636365,1.0,True,1.0,0.2727272727272727,,False,0.0,0.0,,False,0.0,0.0
170,1.7,P3,0.9782908126735959,True,0.021709187326404145,3,temporal|spatial|spectral,flow_3d|phase|coherence,0.515740465455746,0.3936494782106994,1.0,4.6875,undetermined,False,,False,0.0,0.0,0.9662016707204559,True,1.0,0.36363636363636365,0.9740980641319326,True,1.0,0.36363636363636365,1.0,True,1.0,0.2727272727272727,,False,0.0,0.0,,False,0.0,0.0
170,1.7,P4,0.973396152680125,True,0.026603847319874974,3,temporal|spatial|spectral,flow_3d|phase|coherence,1.116947094458677,0.02104879483080868,1.0,4.6875,undetermined,False,,False,0.0,0.0,0.9282416887599564,True,1.0,0.36363636363636365,0.9985977311103874,True,1.0,0.36363636363636365,1.0,True,1.0,0.2727272727272727,,False,0.0,0.0,,False,0.0,0.0
171,1.71,P1,0.9952395593525484,True,0.004760440647451625,3,temporal|spatial|spectral,flow_3d|phase|coherence,5.861977570020827e-14,0.19766485455706428,1.0,4.6875,undetermined,False,,False,0.0,0.0,0.9999999999999961,True,1.0,0.36363636363636365,0.9869087882195118,True,1.0,0.36363636363636365,1.0,True,1.0,0.2727272727272727,,False,0.0,0.0,,False,0.0,0.0
171,1.71,P2,0.9830397763003226,True,0.016960223699677424,3,temporal|spatial|spectral,flow_3d|phase|coherence,0.36921749153563876,0.33869390021681767,1.0,4.6875,undetermined,False,,False,0.0,0.0,0.9756859670298285,True,1.0,0.36363636363636365,0.9776734177960587,True,1.0,0.36363636363636365,1.0,True,1.0,0.2727272727272727,,False,0.0,0.0,,False,0.0,0.0
171,1.71,P3,0.9744548592975402,True,0.025545140702459834,3,temporal|spatial|spectral,flow_3d|phase|coherence,0.8828472205752824,0.19766485455706384,1.0,4.6875,undetermined,False,,False,0.0,0.0,0.9428420748487234,True,1.0,0.36363636363636365,0.9869087882195119,True,1.0,0.36363636363636365,1.0,True,1.0,0.2727272727272727,,False,0.0,0.0,,False,0.0,0.0
171,1.71,P4,0.9482662905094963,True,0.05173370949050371,3,temporal|spatial|spectral,flow_3d|phase|coherence,1.4434602932401681,0.7776464911493273,1.0,4.6875,undetermined,False,,False,0.0,0.0,0.908254470113068,True,1.0,0.36363636363636365,0.9494778287880468,True,1.0,0.36363636363636365,1.0,True,1.0,0.2727272727272727,,False,0.0,0.0,,False,0.0,0.0
172,1.72,P1,0.9878578943537986,True,0.01214210564620144,3,temporal|spatial|spectral,flow_3d|phase|coherence,0.24198989165937412,0.2631075689066955,1.0,4.6875,undetermined,False,,False,0.0,0.0,0.9839967749314357,True,1.0,0.36363636363636365,0.9826124345415105,True,1.0,0.36363636363636365,1.0,True,1.0,0.2727272727272727,,False,0.0,0.0,,False,0.0,0.0
172,1.72,P2,0.975217697331392,True,0.024782302668608036,3,temporal|spatial|spectral,flow_3d|phase|coherence,0.6637099151435475,0.3777463001964032,1.0,4.6875,undetermined,False,,False,0.0,0.0,0.9567173055409721,True,1.0,0.36363636363636365,0.9751313621203559,True,1.0,0.36363636363636365,1.0,True,1.0,0.2727272727272727,,False,0.0,0.0,,False,0.0,0.0
172,1.72,P3,0.9665365901102534,True,0.03346340988974661,3,temporal|spatial|spectral,flow_3d|phase|coherence,1.1635347385868933,0.2631075689066955,1.0,4.6875,undetermined,False,,False,0.0,0.0,0.9253631882616862,True,1.0,0.36363636363636365,0.9826124345415105,True,1.0,0.36363636363636365,1.0,True,1.0,0.2727272727272727,,False,0.0,0.0,,False,0.0,0.0
172,1.72,P4,0.9235452649368382,True,0.0764547350631618,3,temporal|spatial|spectral,flow_3d|phase|coherence,1.6286775413403092,1.7035617173665025,1.0,4.6875,undetermined,False,,False,0.0,0.0,0.8971084665655265,True,1.0,0.36363636363636365,0.8926410120107786,True,1.0,0.36363636363636365,1.0,True,1.0,0.2727272727272727,,False,0.0,0.0,,False,0.0,0.0
173,1.73,P1,0.968811131375146,True,0.031188868624854038,3,temporal|spatial|spectral,flow_3d|phase|coherence,0.4602921266804145,0.857276655321698,1.0,4.6875,undetermined,False,,False,0.0,0.0,0.9697798987100438,True,1.0,0.36363636363636365,0.9444507125716077,True,1.0,0.36363636363636365,1.0,True,1.0,0.2727272727272727,,False,0.0,0.0,,False,0.0,0.0
173,1.73,P2,0.9661439040412096,True,0.033856095958790355,3,temporal|spatial|spectral,flow_3d|phase|coherence,0.8932337879182324,0.5389737253735873,1.0,4.6875,undetermined,False,,False,0.0,0.0,0.9421894413152592,True,1.0,0.36363636363636365,0.9647062947980676,True,1.0,0.36363636363636365,1.0,True,1.0,0.2727272727272727,,False,0.0,0.0,,False,0.0,0.0
173,1.73,P3,0.9563043254966888,True,0.043695674503311244,3,temporal|spatial|spectral,flow_3d|phase|coherence,1.3303273695623083,0.5389737253735873,1.0,4.6875,undetermined,False,,False,0.0,0.0,0.9151306003178264,True,1.0,0.36363636363636365,0.9647062947980676,True,1.0,0.36363636363636365,1.0,True,1.0,0.2727272727272727,,False,0.0,0.0,,False,0.0,0.0
173,1.73,P4,0.9102570722103913,True,0.08974292778960868,3,temporal|spatial|spectral,flow_3d|phase|coherence,1.654468484030275,2.303568988301361,1.0,4.6875,undetermined,False,,False,0.0,0.0,0.8955673070072767,True,1.0,0.36363636363636365,0.8576396415712997,True,1.0,0.36363636363636365,1.0,True,1.0,0.2727272727272727,,False,0.0,0.0,,False,0.0,0.0
174,1.74,P1,0.9520093644696577,True,0.04799063553034233,3,temporal|spatial|spectral,flow_3d|phase|coherence,0.6335377612981699,1.4248488953609506,1.0,4.6875,undetermined,False,,False,0.0,0.0,0.9586436570792513,True,1.0,0.36363636363636365,0.9093820952123073,True,1.0,0.36363636363636365,1.0,True,1.0,0.2727272727272727,,False,0.0,0.0,,False,0.0,0.0
174,1.74,P2,0.9590578900960869,True,0.040942109903913115,3,temporal|spatial|spectral,flow_3d|phase|coherence,1.0353217140057307,0.7047620127052792,1.0,4.6875,undetermined,False,,False,0.0,0.0,0.9333066626752051,True,1.0,0.36363636363636365,0.9541025350890339,True,1.0,0.36363636363636365,1.0,True,1.0,0.2727272727272727,,False,0.0,0.0,,False,0.0,0.0
174,1.74,P3,0.951638075837896,True,0.04836192416210405,3,temporal|spatial|spectral,flow_3d|phase|coherence,1.3668982886691143,0.7047620127052792,1.0,4.6875,undetermined,False,,False,0.0,0.0,0.91290217346518,True,1.0,0.36363636363636365,0.9541025350890339,True,1.0,0.36363636363636365,1.0,True,1.0,0.2727272727272727,,False,0.0,0.0,,False,0.0,0.0
174,1.74,P4,0.9067009441016594,True,0.09329905589834064,3,temporal|spatial|spectral,flow_3d|phase|coherence,1.5183085241435297,2.620767511107468,1.0,4.6875,undetermined,False,,False,0.0,0.0,0.9037336759216875,True,1.0,0.36363636363636365,0.8396939203578757,True,1.0,0.36363636363636365,1.0,True,1.0,0.2727272727272727,,False,0.0,0.0,,False,0.0,0.0
175,1.75,P1,0.9401296566068683,True,0.059870343393131686,3,temporal|spatial|spectral,flow_3d|phase|coherence,0.744768305722852,1.8529469980163302,1.0,4.6875,undetermined,False,,False,0.0,0.0,0.9515612518004107,True,1.0,0.36363636363636365,0.8837953038684772,True,1.0,0.36363636363636365,1.0,True,1.0,0.2727272727272727,,False,0.0,0.0,,False,0.0,0.0
175,1.75,P2,0.9559055149193156,True,0.044094485080684365,3,temporal|spatial|spectral,flow_3d|phase|coherence,1.0760651372157781,0.8015632838677327,1.0,4.6875,undetermined,False,,False,0.0,0.0,0.930775028590205,True,1.0,0.36363636363636365,0.9479651374379131,True,1.0,0.36363636363636365,1.0,True,1.0,0.2727272727272727,,False,0.0,0.0,,False,0.0,0.0
175,1.75,P3,0.9515650909113924,True,0.04843490908860759,3,temporal|spatial|spectral,flow_3d|phase|coherence,1.2696676795406852,0.8015632838677327,1.0,4.6875,undetermined,False,,False,0.0,0.0,0.918838862568416,True,1.0,0.36363636363636365,0.9479651374379131,True,1.0,0.36363636363636365,1.0,True,1.0,0.2727272727272727,,False,0.0,0.0,,False,0.0,0.0
175,1.75,P4,0.9117674573880996,True,0.08823254261190039,3,temporal|spatial|spectral,flow_3d|phase|coherence,1.2335259472362967,2.6814270499655333,1.0,4.6875,undetermined,False,,False,0.0,0.0,0.9210554270588738,True,1.0,0.36363636363636365,0.8363050807584,True,1.0,0.36363636363636365,1.0,True,1.0,0.2727272727272727,,False,0.0,0.0,,False,0.0,0.0
176,1.76,P1,0.9340038438458291,True,0.06599615615417087,3,temporal|spatial|spectral,flow_3d|phase|coherence,0.7830957392775515,2.0996657382649686,1.0,4.6875,undetermined,False,,False,0.0,0.0,0.9491329620818938,True,1.0,0.36363636363636365,0.8693776084941364,True,1.0,0.36363636363636365,1.0,True,1.0,0.2727272727272727,,False,0.0,0.0,,False,0.0,0.0
176,1.76,P2,0.9569448835258896,True,0.04305511647411042,3,temporal|spatial|spectral,flow_3d|phase|coherence,1.0114758074085177,0.8199019559854048,1.0,4.6875,undetermined,False,,False,0.0,0.0,0.9347915455420704,True,1.0,0.36363636363636365,0.9468068841541257,True,1.0,0.36363636363636365,1.0,True,1.0,0.2727272727272727,,False,0.0,0.0,,False,0.0,0.0
176,1.76,P3,0.9561147310765457,True,0.043885268923454346,3,temporal|spatial|spectral,flow_3d|phase|coherence,1.048153151643862,0.8199019559854048,1.0,4.6875,undetermined,False,,False,0.0,0.0,0.9325086263063747,True,1.0,0.36363636363636365,0.9468068841541257,True,1.0,0.36363636363636365,1.0,True,1.0,0.2727272727272727,,False,0.0,0.0,,False,0.0,0.0
176,1.76,P4,0.9250651675934747,True,0.07493483240652532,3,temporal|spatial|spectral,flow_3d|phase|coherence,0.82799725613275,2.479609826572094,1.0,4.6875,undetermined,False,,False,0.0,0.0,0.9462960429530332,True,1.0,0.36363636363636365,0.8476331679290223,True,1.0,0.36363636363636365,1.0,True,1.0,0.2727272727272727,,False,0.0,0.0,,False,0.0,0.0
177,1.77,P1,0.9340199606801001,True,0.06598003931989993,3,temporal|spatial|spectral,flow_3d|phase|coherence,0.7447683057228858,2.1408545668208157,1.0,4.6875,undetermined,False,,False,0.0,0.0,0.9515612518004085,True,1.0,0.36363636363636365,0.8669936400698668,True,1.0,0.36363636363636365,1.0,True,1.0,0.2727272727272727,,False,0.0,0.0,,False,0.0,0.0
177,1.77,P2,0.9620967652220449,True,0.0379032347779551,3,temporal|spatial|spectral,flow_3d|phase|coherence,0.8478761782057509,0.7579829120583867,1.0,4.6875,undetermined,False,,False,0.0,0.0,0.9450427838980394,True,1.0,0.36363636363636365,0.9507233204625843,True,1.0,0.36363636363636365,1.0,True,1.0,0.2727272727272727,,False,0.0,0.0,,False,0.0,0.0
177,1.77,P3,0.9649456555338392,True,0.03505434446616085,3,temporal|spatial|spectral,flow_3d|phase|coherence,0.7240380903517147,0.7579829120583867,1.0,4.6875,undetermined,False,,False,0.0,0.0,0.9528772322554732,True,1.0,0.36363636363636365,0.9507233204625843,True,1.0,0.36363636363636365,1.0,True,1.0,0.2727272727272727,,False,0.0,0.0,,False,0.0,0.0
177,1.77,P4,0.9456819429649548,True,0.05431805703504522,3,temporal|spatial|spectral,flow_3d|phase|coherence,0.34141842460287175,2.035071116896233,1.0,4.6875,undetermined,False,,False,0.0,0.0,0.977495854251195,True,1.0,0.36363636363636365,0.8731294889024307,True,1.0,0.36363636363636365,1.0,True,1.0,0.2727272727272727,,False,0.0,0.0,,False,0.0,0.0
178,1.78,P1,0.9401541839042125,True,0.05984581609578754,3,temporal|spatial|spectral,flow_3d|phase|coherence,0.633537761298153,1.9724816341653755,1.0,4.6875,undetermined,False,,False,0.0,0.0,0.9586436570792524,True,1.0,0.36363636363636365,0.8767803486573319,True,1.0,0.36363636363636365,1.0,True,1.0,0.2727272727272727,,False,0.0,0.0,,False,0.0,0.0
178,1.78,P2,0.9709444467643694,True,0.029055553235630582,3,temporal|spatial|spectral,flow_3d|phase|coherence,0.6012805211794929,0.6218672195216066,1.0,4.6875,undetermined,False,,False,0.0,0.0,0.9607074219048093,True,1.0,0.36363636363636365,0.9593898066972066,True,1.0,0.36363636363636365,1.0,True,1.0,0.2727272727272727,,False,0.0,0.0,,False,0.0,0.0
178,1.78,P3,0.9773425655522032,True,0.022657434447796776,3,temporal|spatial|spectral,flow_3d|phase|coherence,0.32904913610593267,0.6218672195216071,1.0,4.6875,undetermined,False,,False,0.0,0.0,0.9783022485713522,True,1.0,0.36363636363636365,0.9593898066972066,True,1.0,0.36363636363636365,1.0,True,1.0,0.2727272727272727,,False,0.0,0.0,,False,0.0,0.0
178,1.78,P4,0.9634843426622007,True,0.03651565733779927,3,temporal|spatial|spectral,flow_3d|phase|coherence,0.1785808211291764,1.3913254671243438,1.0,4.6875,undetermined,False,,False,0.0,0.0,0.9881652006509074,True,1.0,0.36363636363636365,0.9114167416701446,True,1.0,0.36363636363636365,1.0,True,1.0,0.2727272727272727,,False,0.0,0.0,,False,0.0,0.0
179,1.79,P1,0.9519798288798651,True,0.0480201711201349,3,temporal|spatial|spectral,flow_3d|phase|coherence,0.46029212668036124,1.61102845607014,1.0,4.6875,undetermined,False,,False,0.0,0.0,0.9697798987100472,True,1.0,0.36363636363636365,0.8981646307095819,True,1.0,0.36363636363636365,1.0,True,1.0,0.2727272727272727,,False,0.0,0.0,,False,0.0,0.0
179,1.79,P2,0.9827430996876256,True,0.017256900312374368,3,temporal|spatial|spectral,flow_3d|phase|coherence,0.295827337372383,0.4248788307343494,1.0,4.6875,undetermined,False,,False,0.0,0.0,0.9804713804602782,True,1.0,0.36363636363636365,0.9720721436806924,True,1.0,0.36363636363636365,1.0,True,1.0,0.2727272727272727,,False,0.0,0.0,,False,0.0,0.0
179,1.79,P3,0.9874728030593778,True,0.01252719694062221,3,temporal|spatial|spectral,flow_3d|phase|coherence,0.09814944020213101,0.4248788307343494,1.0,4.6875,undetermined,False,,False,0.0,0.0,0.9934780647325965,True,1.0,0.36363636363636365,0.9720721436806924,True,1.0,0.36363636363636365,1.0,True,1.0,0.2727272727272727,,False,0.0,0.0,,False,0.0,0.0
179,1.79,P4,0.9693342428424849,True,0.030665757157515072,3,temporal|spatial|spectral,flow_3d|phase|coherence,0.6810993318434484,0.6113871866957696,1.0,4.6875,undetermined,False,,False,0.0,0.0,0.9556088311298951,True,1.0,0.36363636363636365,0.9600603366869382,True,1.0,0.36363636363636365,1.0,True,1.0,0.2727272727272727,,False,0.0,0.0,,False,0.0,0.0
180,1.8,P1,0.9733575428614473,True,0.026642457138552733,3,temporal|spatial|spectral,flow_3d|phase|coherence,0.24198989165942578,0.8845274514787911,1.0,4.6875,undetermined,False,,False,0.0,0.0,0.9839967749314322,True,1.0,0.36363636363636365,0.9427364679375477,True,1.0,0.36363636363636365,1.0,True,1.0,0.2727272727272727,,False,0.0,0.0,,False,0.0,0.0
180,1.8,P2,0.9985559287180397,True,0.0014440712819603352,3,temporal|spatial|spectral,flow_3d|phase|coherence,0.038583487366765645,0.021048794830808237,1.0,4.6875,undetermined,False,,False,0.0,0.0,0.9974310728642216,True,1.0,0.36363636363636365,0.9985977311103875,True,1.0,0.36363636363636365,1.0,True,1.0,0.2727272727272727,,False,0.0,0.0,,False,0.0,0.0
180,1.8,P3,0.9782908126735999,True,0.021709187326400148,3,temporal|spatial|spectral,flow_3d|phase|coherence,0.5157404654555631,0.3936494782107087,1.0,4.6875,undetermined,False,,False,0.0,0.0,0.9662016707204677,True,1.0,0.36363636363636365,0.9740980641319319,True,1.0,0.36363636363636365,1.0,True,1.0,0.2727272727272727,,False,0.0,0.0,,False,0.0,0.0
180,1.8,P4,0.9733961526801289,True,0.026603847319871088,3,temporal|spatial|spectral,flow_3d|phase|coherence,1.1169470944585012,0.021048794830808237,1.0,4.6875,undetermined,False,,False,0.0,0.0,0.9282416887599673,True,1.0,0.36363636363636365,0.9985977311103875,True,1.0,0.36363636363636365,1.0,True,1.0,0.2727272727272727,,False,0.0,0.0,,False,0.0,0.0
181,1.81,P1,0.9952395593525498,True,0.0047604406474501815,3,temporal|spatial|spectral,flow_3d|phase|coherence,1.7763568394002505e-15,0.1976648545570585,1.0,4.6875,undetermined,False,,False,0.0,0.0,0.9999999999999999,True,1.0,0.36363636363636365,0.9869087882195122,True,1.0,0.36363636363636365,1.0,True,1.0,0.2727272727272727,,False,0.0,0.0,,False,0.0,0.0
181,1.81,P2,0.9830397763003207,True,0.01696022369967931,3,temporal|spatial|spectral,flow_3d|phase|coherence,0.3692174915357196,0.3386939002168199,1.0,4.6875,undetermined,False,,False,0.0,0.0,0.9756859670298231,True,1.0,0.36363636363636365,0.9776734177960585,True,1.0,0.36363636363636365,1.0,True,1.0,0.2727272727272727,,False,0.0,0.0,,False,0.0,0.0
181,1.81,P3,0.974454859297538,True,0.025545140702462055,3,temporal|spatial|spectral,flow_3d|phase|coherence,0.8828472205753819,0.1976648545570585,1.0,4.6875,undetermined,False,,False,0.0,0.0,0.9428420748487171,True,1.0,0.36363636363636365,0.9869087882195122,True,1.0,0.36363636363636365,1.0,True,1.0,0.2727272727272727,,False,0.0,0.0,,False,0.0,0.0
181,1.81,P4,0.9482662905094938,True,0.05173370949050615,3,temporal|spatial|spectral,flow_3d|phase|coherence,1.443460293240264,0.7776464911493397,1.0,4.6875,undetermined,False,,False,0.0,0.0,0.9082544701130622,True,1.0,0.36363636363636365,0.949477828788046,True,1.0,0.36363636363636365,1.0,True,1.0,0.2727272727272727,,False,0.0,0.0,,False,0.0,0.0
182,1.82,P1,0.9878578943537984,True,0.01214210564620155,3,temporal|spatial|spectral,flow_3d|phase|coherence,0.2419898916593759,0.2631075689067002,1.0,4.6875,undetermined,False,,False,0.0,0.0,0.9839967749314356,True,1.0,0.36363636363636365,0.9826124345415101,True,1.0,0.36363636363636365,1.0,True,1.0,0.2727272727272727,,False,0.0,0.0,,False,0.0,0.0
182,1.82,P2,0.9752176973313919,True,0.024782302668608147,3,temporal|spatial|spectral,flow_3d|phase|coherence,0.663709915143551,0.3777463001964039,1.0,4.6875,undetermined,False,,False,0.0,0.0,0.9567173055409719,True,1.0,0.36363636363636365,0.9751313621203558,True,1.0,0.36363636363636365,1.0,True,1.0,0.2727272727272727,,False,0.0,0.0,,False,0.0,0.0
182,1.82,P3,0.9665365901102532,True,0.03346340988974683,3,temporal|spatial|spectral,flow_3d|phase|coherence,1.1635347385868933,0.2631075689067002,1.0,4.6875,undetermined,False,,False,0.0,0.0,0.9253631882616862,True,1.0,0.36363636363636365,0.9826124345415101,True,1.0,0.36363636363636365,1.0,True,1.0,0.2727272727272727,,False,0.0,0.0,,False,0.0,0.0
182,1.82,P4,0.9235452649368381,True,0.07645473506316192,3,temporal|spatial|spectral,flow_3d|phase|coherence,1.6286775413403056,1.703561717366509,1.0,4.6875,undetermined,False,,False,0.0,0.0,0.8971084665655266,True,1.0,0.36363636363636365,0.8926410120107783,True,1.0,0.36363636363636365,1.0,True,1.0,0.2727272727272727,,False,0.0,0.0,,False,0.0,0.0
183,1.83,P1,0.9688111313751457,True,0.03118886862485426,3,temporal|spatial|spectral,flow_3d|phase|coherence,0.4602921266804181,0.8572766553217059,1.0,4.6875,undetermined,False,,False,0.0,0.0,0.9697798987100436,True,1.0,0.36363636363636365,0.9444507125716072,True,1.0,0.36363636363636365,1.0,True,1.0,0.2727272727272727,,False,0.0,0.0,,False,0.0,0.0
183,1.83,P2,0.9661439040412095,True,0.033856095958790466,3,temporal|spatial|spectral,flow_3d|phase|coherence,0.8932337879182395,0.5389737253735882,1.0,4.6875,undetermined,False,,False,0.0,0.0,0.9421894413152587,True,1.0,0.36363636363636365,0.9647062947980676,True,1.0,0.36363636363636365,1.0,True,1.0,0.2727272727272727,,False,0.0,0.0,,False,0.0,0.0
183,1.83,P3,0.9563043254966886,True,0.043695674503311355,3,temporal|spatial|spectral,flow_3d|phase|coherence,1.330327369562312,0.5389737253735882,1.0,4.6875,undetermined,False,,False,0.0,0.0,0.9151306003178262,True,1.0,0.36363636363636365,0.9647062947980676,True,1.0,0.36363636363636365,1.0,True,1.0,0.2727272727272727,,False,0.0,0.0,,False,0.0,0.0
183,1.83,P4,0.9102570722103911,True,0.0897429277896089,3,temporal|spatial|spectral,flow_3d|phase|coherence,1.6544684840302821,2.3035689883013672,1.0,4.6875,undetermined,False,,False,0.0,0.0,0.8955673070072763,True,1.0,0.36363636363636365,0.8576396415712993,True,1.0,0.36363636363636365,1.0,True,1.0,0.2727272727272727,,False,0.0,0.0,,False,0.0,0.0
184,1.84,P1,0.9520093644696574,True,0.04799063553034255,3,temporal|spatial|spectral,flow_3d|phase|coherence,0.6335377612981707,1.424848895360956,1.0,4.6875,undetermined,False,,False,0.0,0.0,0.9586436570792511,True,1.0,0.36363636363636365,0.909382095212307,True,1.0,0.36363636363636365,1.0,True,1.0,0.2727272727272727,,False,0.0,0.0,,False,0.0,0.0
184,1.84,P2,0.9590578900960869,True,0.040942109903913115,3,temporal|spatial|spectral,flow_3d|phase|coherence,1.0353217140057271,0.7047620127052818,1.0,4.6875,undetermined,False,,False,0.0,0.0,0.9333066626752053,True,1.0,0.36363636363636365,0.9541025350890338,True,1.0,0.36363636363636365,1.0,True,1.0,0.2727272727272727,,False,0.0,0.0,,False,0.0,0.0
184,1.84,P3,0.951638075837896,True,0.04836192416210405,3,temporal|spatial|spectral,flow_3d|phase|coherence,1.3668982886691143,0.7047620127052818,1.0,4.6875,undetermined,False,,False,0.0,0.0,0.91290217346518,True,1.0,0.36363636363636365,0.9541025350890338,True,1.0,0.36363636363636365,1.0,True,1.0,0.2727272727272727,,False,0.0,0.0,,False,0.0,0.0
184,1.84,P4,0.9067009441016595,True,0.09329905589834053,3,temporal|spatial|spectral,flow_3d|phase|coherence,1.5183085241435244,2.620767511107471,1.0,4.6875,undetermined,False,,False,0.0,0.0,0.9037336759216879,True,1.0,0.36363636363636365,0.8396939203578756,True,1.0,0.36363636363636365,1.0,True,1.0,0.2727272727272727,,False,0.0,0.0,,False,0.0,0.0
185,1.85,P1,0.9401296566068682,True,0.0598703433931318,3,temporal|spatial|spectral,flow_3d|phase|coherence,0.744768305722852,1.8529469980163338,1.0,4.6875,undetermined,False,,False,0.0,0.0,0.9515612518004107,True,1.0,0.36363636363636365,0.8837953038684769,True,1.0,0.36363636363636365,1.0,True,1.0,0.2727272727272727,,False,0.0,0.0,,False,0.0,0.0
185,1.85,P2,0.9559055149193156,True,0.044094485080684365,3,temporal|spatial|spectral,flow_3d|phase|coherence,1.0760651372157781,0.8015632838677336,1.0,4.6875,undetermined,False,,False,0.0,0.0,0.930775028590205,True,1.0,0.36363636363636365,0.947965137437913,True,1.0,0.36363636363636365,1.0,True,1.0,0.2727272727272727,,False,0.0,0.0,,False,0.0,0.0
185,1.85,P3,0.9515650909113924,True,0.04843490908860759,3,temporal|spatial|spectral,flow_3d|phase|coherence,1.2696676795406816,0.8015632838677336,1.0,4.6875,undetermined,False,,False,0.0,0.0,0.9188388625684162,True,1.0,0.36363636363636365,0.947965137437913,True,1.0,0.36363636363636365,1.0,True,1.0,0.2727272727272727,,False,0.0,0.0,,False,0.0,0.0
185,1.85,P4,0.9117674573880998,True,0.08823254261190017,3,temporal|spatial|spectral,flow_3d|phase|coherence,1.2335259472362896,2.6814270499655306,1.0,4.6875,undetermined,False,,False,0.0,0.0,0.9210554270588742,True,1.0,0.36363636363636365,0.8363050807584002,True,1.0,0.36363636363636365,1.0,True,1.0,0.2727272727272727,,False,0.0,0.0,,False,0.0,0.0
186,1.86,P1,0.9340038438458291,True,0.06599615615417087,3,temporal|spatial|spectral,flow_3d|phase|coherence,0.7830957392775524,2.0996657382649704,1.0,4.6875,undetermined,False,,False,0.0,0.0,0.9491329620818937,True,1.0,0.36363636363636365,0.8693776084941363,True,1.0,0.36363636363636365,1.0,True,1.0,0.2727272727272727,,False,0.0,0.0,,False,0.0,0.0
186,1.86,P2,0.9569448835258896,True,0.04305511647411042,3,temporal|spatial|spectral,flow_3d|phase|coherence,1.0114758074085177,0.8199019559854039,1.0,4.6875,undetermined,False,,False,0.0,0.0,0.9347915455420704,True,1.0,0.36363636363636365,0.9468068841541258,True,1.0,0.36363636363636365,1.0,True,1.0,0.2727272727272727,,False,0.0,0.0,,False,0.0,0.0
186,1.86,P3,0.9561147310765457,True,0.043885268923454346,3,temporal|spatial|spectral,flow_3d|phase|coherence,1.0481531516438585,0.8199019559854039,1.0,4.6875,undetermined,False,,False,0.0,0.0,0.9325086263063749,True,1.0,0.36363636363636365,0.9468068841541258,True,1.0,0.36363636363636365,1.0,True,1.0,0.2727272727272727,,False,0.0,0.0,,False,0.0,0.0
186,1.86,P4,0.9250651675934747,True,0.07493483240652532,3,temporal|spatial|spectral,flow_3d|phase|coherence,0.8279972561327487,2.479609826572091,1.0,4.6875,undetermined,False,,False,0.0,0.0,0.9462960429530332,True,1.0,0.36363636363636365,0.8476331679290224,True,1.0,0.36363636363636365,1.0,True,1.0,0.2727272727272727,,False,0.0,0.0,,False,0.0,0.0
187,1.87,P1,0.9340199606801001,True,0.06598003931989993,3,temporal|spatial|spectral,flow_3d|phase|coherence,0.7447683057228858,2.140854566820814,1.0,4.6875,undetermined,False,,False,0.0,0.0,0.9515612518004085,True,1.0,0.36363636363636365,0.8669936400698669,True,1.0,0.36363636363636365,1.0,True,1.0,0.2727272727272727,,False,0.0,0.0,,False,0.0,0.0
187,1.87,P2,0.9620967652220451,True,0.037903234777954875,3,temporal|spatial|spectral,flow_3d|phase|coherence,0.8478761782057473,0.7579829120583859,1.0,4.6875,undetermined,False,,False,0.0,0.0,0.9450427838980396,True,1.0,0.36363636363636365,0.9507233204625845,True,1.0,0.36363636363636365,1.0,True,1.0,0.2727272727272727,,False,0.0,0.0,,False,0.0,0.0
187,1.87,P3,0.9649456555338392,True,0.03505434446616085,3,temporal|spatial|spectral,flow_3d|phase|coherence,0.7240380903517116,0.7579829120583859,1.0,4.6875,undetermined,False,,False,0.0,0.0,0.9528772322554734,True,1.0,0.36363636363636365,0.9507233204625845,True,1.0,0.36363636363636365,1.0,True,1.0,0.2727272727272727,,False,0.0,0.0,,False,0.0,0.0
187,1.87,P4,0.9456819429649551,True,0.05431805703504489,3,temporal|spatial|spectral,flow_3d|phase|coherence,0.3414184246028653,2.0350711168962277,1.0,4.6875,undetermined,False,,False,0.0,0.0,0.9774958542511955,True,1.0,0.36363636363636365,0.873129488902431,True,1.0,0.36363636363636365,1.0,True,1.0,0.2727272727272727,,False,0.0,0.0,,False,0.0,0.0
188,1.88,P1,0.9401541839042145,True,0.05984581609578554,3,temporal|spatial|spectral,flow_3d|phase|coherence,0.633537761298105,1.972481634165332,1.0,4.6875,undetermined,False,,False,0.0,0.0,0.9586436570792554,True,1.0,0.36363636363636365,0.8767803486573345,True,1.0,0.36363636363636365,1.0,True,1.0,0.2727272727272727,,False,0.0,0.0,,False,0.0,0.0
188,1.88,P2,0.9709444467643715,True,0.029055553235628473,3,temporal|spatial|spectral,flow_3d|phase|coherence,0.6012805211794165,0.6218672195215924,1.0,4.6875,undetermined,False,,False,0.0,0.0,0.9607074219048142,True,1.0,0.36363636363636365,0.9593898066972076,True,1.0,0.36363636363636365,1.0,True,1.0,0.2727272727272727,,False,0.0,0.0,,False,0.0,0.0
188,1.88,P3,0.9773425655522059,True,0.02265743444779411,3,temporal|spatial|spectral,flow_3d|phase|coherence,0.3290491361058292,0.621867219521592,1.0,4.6875,undetermined,False,,False,0.0,0.0,0.9783022485713588,True,1.0,0.36363636363636365,0.9593898066972076,True,1.0,0.36363636363636365,1.0,True,1.0,0.2727272727272727,,False,0.0,0.0,,False,0.0,0.0
188,1.88,P4,0.9634843426621986,True,0.03651565733780138,3,temporal|spatial|spectral,flow_3d|phase|coherence,0.17858082112929363,1.3913254671243118,1.0,4.6875,undetermined,False,,False,0.0,0.0,0.9881652006508997,True,1.0,0.36363636363636365,0.9114167416701465,True,1.0,0.36363636363636365,1.0,True,1.0,0.2727272727272727,,False,0.0,0.0,,False,0.0,0.0
189,1.89,P1,0.9519798288798641,True,0.0480201711201359,3,temporal|spatial|spectral,flow_3d|phase|coherence,0.46029212668039765,1.6110284560701453,1.0,4.6875,undetermined,False,,False,0.0,0.0,0.9697798987100449,True,1.0,0.36363636363636365,0.8981646307095815,True,1.0,0.36363636363636365,1.0,True,1.0,0.2727272727272727,,False,0.0,0.0,,False,0.0,0.0
189,1.89,P2,0.982743099687624,True,0.017256900312376033,3,temporal|spatial|spectral,flow_3d|phase|coherence,0.2958273373724509,0.4248788307343525,1.0,4.6875,undetermined,False,,False,0.0,0.0,0.9804713804602737,True,1.0,0.36363636363636365,0.9720721436806922,True,1.0,0.36363636363636365,1.0,True,1.0,0.2727272727272727,,False,0.0,0.0,,False,0.0,0.0
189,1.89,P3,0.9874728030593801,True,0.012527196940619878,3,temporal|spatial|spectral,flow_3d|phase|coherence,0.09814944020202887,0.42487883073435295,1.0,4.6875,undetermined,False,,False,0.0,0.0,0.9934780647326032,True,1.0,0.36363636363636365,0.9720721436806922,True,1.0,0.36363636363636365,1.0,True,1.0,0.2727272727272727,,False,0.0,0.0,,False,0.0,0.0
189,1.89,P4,0.9693342428424876,True,0.030665757157512408,3,temporal|spatial|spectral,flow_3d|phase|coherence,0.6810993318433223,0.6113871866957794,1.0,4.6875,undetermined,False,,False,0.0,0.0,0.9556088311299032,True,1.0,0.36363636363636365,0.9600603366869376,True,1.0,0.36363636363636365,1.0,True,1.0,0.2727272727272727,,False,0.0,0.0,,False,0.0,0.0
190,1.9,P1,0.9733575428614469,True,0.026642457138553066,3,temporal|spatial|spectral,flow_3d|phase|coherence,0.24198989165942744,0.8845274514788013,1.0,4.6875,undetermined,False,,False,0.0,0.0,0.9839967749314321,True,1.0,0.36363636363636365,0.9427364679375471,True,1.0,0.36363636363636365,1.0,True,1.0,0.2727272727272727,,False,0.0,0.0,,False,0.0,0.0
190,1.9,P2,0.9985559287180399,True,0.0014440712819601131,3,temporal|spatial|spectral,flow_3d|phase|coherence,0.03858348736676165,0.021048794830802464,1.0,4.6875,undetermined,False,,False,0.0,0.0,0.9974310728642218,True,1.0,0.36363636363636365,0.9985977311103879,True,1.0,0.36363636363636365,1.0,True,1.0,0.2727272727272727,,False,0.0,0.0,,False,0.0,0.0
190,1.9,P3,0.9782908126735999,True,0.021709187326400148,3,temporal|spatial|spectral,flow_3d|phase|coherence,0.5157404654555613,0.3936494782107083,1.0,4.6875,undetermined,False,,False,0.0,0.0,0.9662016707204678,True,1.0,0.36363636363636365,0.9740980641319319,True,1.0,0.36363636363636365,1.0,True,1.0,0.2727272727272727,,False,0.0,0.0,,False,0.0,0.0
190,1.9,P4,0.9733961526801292,True,0.026603847319870755,3,temporal|spatial|spectral,flow_3d|phase|coherence,1.1169470944584976,0.021048794830802464,1.0,4.6875,undetermined,False,,False,0.0,0.0,0.9282416887599675,True,1.0,0.36363636363636365,0.9985977311103879,True,1.0,0.36363636363636365,1.0,True,1.0,0.2727272727272727,,False,0.0,0.0,,False,0.0,0.0
191,1.91,P1,0.9952395593525496,True,0.0047604406474504035,3,temporal|spatial|spectral,flow_3d|phase|coherence,4.884981308350689e-15,0.19766485455706428,1.0,4.6875,undetermined,False,,False,0.0,0.0,0.9999999999999997,True,1.0,0.36363636363636365,0.9869087882195118,True,1.0,0.36363636363636365,1.0,True,1.0,0.2727272727272727,,False,0.0,0.0,,False,0.0,0.0
191,1.91,P2,0.9830397763003207,True,0.01696022369967931,3,temporal|spatial|spectral,flow_3d|phase|coherence,0.36921749153571604,0.33869390021681856,1.0,4.6875,undetermined,False,,False,0.0,0.0,0.9756859670298235,True,1.0,0.36363636363636365,0.9776734177960587,True,1.0,0.36363636363636365,1.0,True,1.0,0.2727272727272727,,False,0.0,0.0,,False,0.0,0.0
191,1.91,P3,0.974454859297538,True,0.025545140702462055,3,temporal|spatial|spectral,flow_3d|phase|coherence,0.8828472205753766,0.19766485455706384,1.0,4.6875,undetermined,False,,False,0.0,0.0,0.9428420748487174,True,1.0,0.36363636363636365,0.9869087882195119,True,1.0,0.36363636363636365,1.0,True,1.0,0.2727272727272727,,False,0.0,0.0,,False,0.0,0.0
191,1.91,P4,0.9482662905094943,True,0.05173370949050571,3,temporal|spatial|spectral,flow_3d|phase|coherence,1.443460293240257,0.777646491149329,1.0,4.6875,undetermined,False,,False,0.0,0.0,0.9082544701130626,True,1.0,0.36363636363636365,0.9494778287880467,True,1.0,0.36363636363636365,1.0,True,1.0,0.2727272727272727,,False,0.0,0.0,,False,0.0,0.0
192,1.92,P1,0.9878578943537986,True,0.01214210564620144,3,temporal|spatial|spectral,flow_3d|phase|coherence,0.24198989165937324,0.26310756890669507,1.0,4.6875,undetermined,False,,False,0.0,0.0,0.9839967749314357,True,1.0,0.36363636363636365,0.9826124345415105,True,1.0,0.36363636363636365,1.0,True,1.0,0.2727272727272727,,False,0.0,0.0,,False,0.0,0.0
192,1.92,P2,0.975217697331392,True,0.024782302668608036,3,temporal|spatial|spectral,flow_3d|phase|coherence,0.6637099151435475,0.37774630019640365,1.0,4.6875,undetermined,False,,False,0.0,0.0,0.9567173055409721,True,1.0,0.36363636363636365,0.9751313621203558,True,1.0,0.36363636363636365,1.0,True,1.0,0.2727272727272727,,False,0.0,0.0,,False,0.0,0.0
192,1.92,P3,0.9665365901102534,True,0.03346340988974661,3,temporal|spatial|spectral,flow_3d|phase|coherence,1.1635347385868915,0.26310756890669507,1.0,4.6875,undetermined,False,,False,0.0,0.0,0.9253631882616862,True,1.0,0.36363636363636365,0.9826124345415105,True,1.0,0.36363636363636365,1.0,True,1.0,0.2727272727272727,,False,0.0,0.0,,False,0.0,0.0
192,1.92,P4,0.9235452649368383,True,0.0764547350631617,3,temporal|spatial|spectral,flow_3d|phase|coherence,1.628677541340302,1.7035617173665003,1.0,4.6875,undetermined,False,,False,0.0,0.0,0.8971084665655268,True,1.0,0.36363636363636365,0.8926410120107787,True,1.0,0.36363636363636365,1.0,True,1.0,0.2727272727272727,,False,0.0,0.0,,False,0.0,0.0
193,1.93,P1,0.9688111313751457,True,0.03118886862485426,3,temporal|spatial|spectral,flow_3d|phase|coherence,0.46029212668044917,0.8572766553216722,1.0,4.6875,undetermined,False,,False,0.0,0.0,0.9697798987100416,True,1.0,0.36363636363636365,0.9444507125716093,True,1.0,0.36363636363636365,1.0,True,1.0,0.2727272727272727,,False,0.0,0.0,,False,0.0,0.0
193,1.93,P2,0.9661439040412095,True,0.033856095958790466,3,temporal|spatial|spectral,flow_3d|phase|coherence,0.8932337879182572,0.5389737253735722,1.0,4.6875,undetermined,False,,False,0.0,0.0,0.9421894413152576,True,1.0,0.36363636363636365,0.9647062947980686,True,1.0,0.36363636363636365,1.0,True,1.0,0.2727272727272727,,False,0.0,0.0,,False,0.0,0.0
193,1.93,P3,0.9563043254966892,True,0.0436956745033108,3,temporal|spatial|spectral,flow_3d|phase|coherence,1.330327369562303,0.5389737253735722,1.0,4.6875,undetermined,False,,False,0.0,0.0,0.9151306003178268,True,1.0,0.36363636363636365,0.9647062947980686,True,1.0,0.36363636363636365,1.0,True,1.0,0.2727272727272727,,False,0.0,0.0,,False,0.0,0.0
193,1.93,P4,0.9102570722103938,True,0.08974292778960624,3,temporal|spatial|spectral,flow_3d|phase|coherence,1.654468484030227,2.3035689883013015,1.0,4.6875,undetermined,False,,False,0.0,0.0,0.8955673070072795,True,1.0,0.36363636363636365,0.8576396415713031,True,1.0,0.36363636363636365,1.0,True,1.0,0.2727272727272727,,False,0.0,0.0,,False,0.0,0.0
194,1.94,P1,0.9520093644696587,True,0.04799063553034133,3,temporal|spatial|spectral,flow_3d|phase|coherence,0.6335377612981015,1.4248488953609764,1.0,4.6875,undetermined,False,,False,0.0,0.0,0.9586436570792556,True,1.0,0.36363636363636365,0.9093820952123057,True,1.0,0.36363636363636365,1.0,True,1.0,0.2727272727272727,,False,0.0,0.0,,False,0.0,0.0
194,1.94,P2,0.9590578900960876,True,0.04094210990391245,3,temporal|spatial|spectral,flow_3d|phase|coherence,1.0353217140056845,0.7047620127052943,1.0,4.6875,undetermined,False,,False,0.0,0.0,0.933306662675208,True,1.0,0.36363636363636365,0.954102535089033,True,1.0,0.36363636363636365,1.0,True,1.0,0.2727272727272727,,False,0.0,0.0,,False,0.0,0.0
194,1.94,P3,0.9516380758378953,True,0.04836192416210472,3,temporal|spatial|spectral,flow_3d|phase|coherence,1.3668982886691285,0.7047620127052943,1.0,4.6875,undetermined,False,,False,0.0,0.0,0.9129021734651791,True,1.0,0.36363636363636365,0.954102535089033,True,1.0,0.36363636363636365,1.0,True,1.0,0.2727272727272727,,False,0.0,0.0,,False,0.0,0.0
194,1.94,P4,0.9067009441016559,True,0.09329905589834409,3,temporal|spatial|spectral,flow_3d|phase|coherence,1.518308524143631,2.620767511107526,1.0,4.6875,undetermined,False,,False,0.0,0.0,0.9037336759216814,True,1.0,0.36363636363636365,0.8396939203578725,True,1.0,0.36363636363636365,1.0,True,1.0,0.2727272727272727,,False,0.0,0.0,,False,0.0,0.0
195,1.95,P1,0.9401296566068675,True,0.059870343393132464,3,temporal|spatial|spectral,flow_3d|phase|coherence,0.7447683057228858,1.8529469980163293,1.0,4.6875,undetermined,False,,False,0.0,0.0,0.9515612518004085,True,1.0,0.36363636363636365,0.8837953038684772,True,1.0,0.36363636363636365,1.0,True,1.0,0.2727272727272727,,False,0.0,0.0,,False,0.0,0.0
195,1.95,P2,0.9559055149193152,True,0.04409448508068481,3,temporal|spatial|spectral,flow_3d|phase|coherence,1.0760651372157994,0.8015632838677327,1.0,4.6875,undetermined,False,,False,0.0,0.0,0.9307750285902038,True,1.0,0.36363636363636365,0.9479651374379131,True,1.0,0.36363636363636365,1.0,True,1.0,0.2727272727272727,,False,0.0,0.0,,False,0.0,0.0
195,1.95,P3,0.9515650909113926,True,0.04843490908860737,3,temporal|spatial|spectral,flow_3d|phase|coherence,1.2696676795406763,0.8015632838677327,1.0,4.6875,undetermined,False,,False,0.0,0.0,0.9188388625684165,True,1.0,0.36363636363636365,0.9479651374379131,True,1.0,0.36363636363636365,1.0,True,1.0,0.2727272727272727,,False,0.0,0.0,,False,0.0,0.0
195,1.95,P4,0.9117674573881007,True,0.08823254261189928,3,temporal|spatial|spectral,flow_3d|phase|coherence,1.2335259472362452,2.6814270499655333,1.0,4.6875,undetermined,False,,False,0.0,0.0,0.921055427058877,True,1.0,0.36363636363636365,0.8363050807584,True,1.0,0.36363636363636365,1.0,True,1.0,0.2727272727272727,,False,0.0,0.0,,False,0.0,0.0
196,1.96,P1,0.9340038438458291,True,0.06599615615417087,3,temporal|spatial|spectral,flow_3d|phase|coherence,0.7830957392775506,2.099665738264969,1.0,4.6875,undetermined,False,,False,0.0,0.0,0.9491329620818938,True,1.0,0.36363636363636365,0.8693776084941364,True,1.0,0.36363636363636365,1.0,True,1.0,0.2727272727272727,,False,0.0,0.0,,False,0.0,0.0
196,1.96,P2,0.9569448835258895,True,0.04305511647411053,3,temporal|spatial|spectral,flow_3d|phase|coherence,1.0114758074085195,0.8199019559854044,1.0,4.6875,undetermined,False,,False,0.0,0.0,0.9347915455420703,True,1.0,0.36363636363636365,0.9468068841541257,True,1.0,0.36363636363636365,1.0,True,1.0,0.2727272727272727,,False,0.0,0.0,,False,0.0,0.0
196,1.96,P3,0.9561147310765457,True,0.043885268923454346,3,temporal|spatial|spectral,flow_3d|phase|coherence,1.048153151643863,0.8199019559854044,1.0,4.6875,undetermined,False,,False,0.0,0.0,0.9325086263063747,True,1.0,0.36363636363636365,0.9468068841541257,True,1.0,0.36363636363636365,1.0,True,1.0,0.2727272727272727,,False,0.0,0.0,,False,0.0,0.0
196,1.96,P4,0.9250651675934747,True,0.07493483240652532,3,temporal|spatial|spectral,flow_3d|phase|coherence,0.8279972561327513,2.4796098265720934,1.0,4.6875,undetermined,False,,False,0.0,0.0,0.946296042953033,True,1.0,0.36363636363636365,0.8476331679290223,True,1.0,0.36363636363636365,1.0,True,1.0,0.2727272727272727,,False,0.0,0.0,,False,0.0,0.0
197,1.97,P1,0.9340199606801001,True,0.06598003931989993,3,temporal|spatial|spectral,flow_3d|phase|coherence,0.7447683057228867,2.1408545668208148,1.0,4.6875,undetermined,False,,False,0.0,0.0,0.9515612518004085,True,1.0,0.36363636363636365,0.8669936400698669,True,1.0,0.36363636363636365,1.0,True,1.0,0.2727272727272727,,False,0.0,0.0,,False,0.0,0.0
197,1.97,P2,0.962096765222045,True,0.037903234777954986,3,temporal|spatial|spectral,flow_3d|phase|coherence,0.84787617820575,0.7579829120583867,1.0,4.6875,undetermined,False,,False,0.0,0.0,0.9450427838980395,True,1.0,0.36363636363636365,0.9507233204625843,True,1.0,0.36363636363636365,1.0,True,1.0,0.2727272727272727,,False,0.0,0.0,,False,0.0,0.0
197,1.97,P3,0.9649456555338392,True,0.03505434446616085,3,temporal|spatial|spectral,flow_3d|phase|coherence,0.7240380903517147,0.7579829120583867,1.0,4.6875,undetermined,False,,False,0.0,0.0,0.9528772322554732,True,1.0,0.36363636363636365,0.9507233204625843,True,1.0,0.36363636363636365,1.0,True,1.0,0.2727272727272727,,False,0.0,0.0,,False,0.0,0.0
197,1.97,P4,0.9456819429649548,True,0.05431805703504522,3,temporal|spatial|spectral,flow_3d|phase|coherence,0.3414184246028724,2.035071116896233,1.0,4.6875,undetermined,False,,False,0.0,0.0,0.9774958542511949,True,1.0,0.36363636363636365,0.8731294889024307,True,1.0,0.36363636363636365,1.0,True,1.0,0.2727272727272727,,False,0.0,0.0,,False,0.0,0.0
198,1.98,P1,0.9401541839042145,True,0.05984581609578554,3,temporal|spatial|spectral,flow_3d|phase|coherence,0.6335377612981059,1.9724816341653355,1.0,4.6875,undetermined,False,,False,0.0,0.0,0.9586436570792554,True,1.0,0.36363636363636365,0.8767803486573342,True,1.0,0.36363636363636365,1.0,True,1.0,0.2727272727272727,,False,0.0,0.0,,False,0.0,0.0
198,1.98,P2,0.9709444467643714,True,0.029055553235628584,3,temporal|spatial|spectral,flow_3d|phase|coherence,0.6012805211794188,0.6218672195215946,1.0,4.6875,undetermined,False,,False,0.0,0.0,0.960707421904814,True,1.0,0.36363636363636365,0.9593898066972074,True,1.0,0.36363636363636365,1.0,True,1.0,0.2727272727272727,,False,0.0,0.0,,False,0.0,0.0
198,1.98,P3,0.9773425655522058,True,0.022657434447794222,3,temporal|spatial|spectral,flow_3d|phase|coherence,0.3290491361058343,0.6218672195215946,1.0,4.6875,undetermined,False,,False,0.0,0.0,0.9783022485713585,True,1.0,0.36363636363636365,0.9593898066972074,True,1.0,0.36363636363636365,1.0,True,1.0,0.2727272727272727,,False,0.0,0.0,,False,0.0,0.0
198,1.98,P4,0.9634843426621986,True,0.03651565733780138,3,temporal|spatial|spectral,flow_3d|phase|coherence,0.17858082112928653,1.3913254671243207,1.0,4.6875,undetermined,False,,False,0.0,0.0,0.9881652006509002,True,1.0,0.36363636363636365,0.911416741670146,True,1.0,0.36363636363636365,1.0,True,1.0,0.2727272727272727,,False,0.0,0.0,,False,0.0,0.0
199,1.99,P1,0.951979828879862,True,0.04802017112013801,3,temporal|spatial|spectral,flow_3d|phase|coherence,0.4602921266804545,1.6110284560701809,1.0,4.6875,undetermined,False,,False,0.0,0.0,0.9697798987100412,True,1.0,0.36363636363636365,0.8981646307095794,True,1.0,0.36363636363636365,1.0,True,1.0,0.2727272727272727,,False,0.0,0.0,,False,0.0,0.0
199,1.99,P2,0.9827430996876219,True,0.017256900312378143,3,temporal|spatial|spectral,flow_3d|phase|coherence,0.29582733737253303,0.4248788307343614,1.0,4.6875,undetermined,False,,False,0.0,0.0,0.9804713804602683,True,1.0,0.36363636363636365,0.9720721436806916,True,1.0,0.36363636363636365,1.0,True,1.0,0.2727272727272727,,False,0.0,0.0,,False,0.0,0.0
199,1.99,P3,0.9874728030593822,True,0.012527196940617769,3,temporal|spatial|spectral,flow_3d|phase|coherence,0.09814944020193295,0.42487883073436183,1.0,4.6875,undetermined,False,,False,0.0,0.0,0.9934780647326096,True,1.0,0.36363636363636365,0.9720721436806916,True,1.0,0.36363636363636365,1.0,True,1.0,0.2727272727272727,,False,0.0,0.0,,False,0.0,0.0
199,1.99,P4,0.9693342428424895,True,0.03066575715751052,3,temporal|spatial|spectral,flow_3d|phase|coherence,0.6810993318432246,0.6113871866957954,1.0,4.6875,undetermined,False,,False,0.0,0.0,0.9556088311299095,True,1.0,0.36363636363636365,0.9600603366869366,True,1.0,0.36363636363636365,1.0,True,1.0,0.2727272727272727,,False,0.0,0.0,,False,0.0,0.0
200,2.0,P1,0.9733575428614485,True,0.026642457138551512,3,temporal|spatial|spectral,flow_3d|phase|coherence,0.2419898916593794,0.8845274514787915,1.0,4.6875,undetermined,False,,False,0.0,0.0,0.9839967749314353,True,1.0,0.36363636363636365,0.9427364679375477,True,1.0,0.36363636363636365,1.0,True,1.0,0.2727272727272727,,False,0.0,0.0,,False,0.0,0.0
200,2.0,P2,0.9985559287180379,True,0.0014440712819621115,3,temporal|spatial|spectral,flow_3d|phase|coherence,0.03858348736684025,0.021048794830808237,1.0,4.6875,undetermined,False,,False,0.0,0.0,0.9974310728642166,True,1.0,0.36363636363636365,0.9985977311103875,True,1.0,0.36363636363636365,1.0,True,1.0,0.2727272727272727,,False,0.0,0.0,,False,0.0,0.0
200,2.0,P3,0.9782908126735975,True,0.02170918732640248,3,temporal|spatial|spectral,flow_3d|phase|coherence,0.5157404654556608,0.39364947821071006,1.0,4.6875,undetermined,False,,False,0.0,0.0,0.9662016707204614,True,1.0,0.36363636363636365,0.9740980641319318,True,1.0,0.36363636363636365,1.0,True,1.0,0.2727272727272727,,False,0.0,0.0,,False,0.0,0.0
200,2.0,P4,0.9733961526801265,True,0.02660384731987353,3,temporal|spatial|spectral,flow_3d|phase|coherence,1.116947094458613,0.02104879483080868,1.0,4.6875,undetermined,False,,False,0.0,0.0,0.9282416887599604,True,1.0,0.36363636363636365,0.9985977311103874,True,1.0,0.36363636363636365,1.0,True,1.0,0.2727272727272727,,False,0.0,0.0,,False,0.0,0.0
201,2.01,P1,0.9952395593525486,True,0.004760440647451403,3,temporal|spatial|spectral,flow_3d|phase|coherence,5.240252676230739e-14,0.19766485455705984,1.0,4.6875,undetermined,False,,False,0.0,0.0,0.9999999999999966,True,1.0,0.36363636363636365,0.9869087882195121,True,1.0,0.36363636363636365,1.0,True,1.0,0.2727272727272727,,False,0.0,0.0,,False,0.0,0.0
201,2.01,P2,0.9830397763003194,True,0.016960223699680643,3,temporal|spatial|spectral,flow_3d|phase|coherence,0.3692174915357809,0.3386939002168119,1.0,4.6875,undetermined,False,,False,0.0,0.0,0.9756859670298192,True,1.0,0.36363636363636365,0.9776734177960591,True,1.0,0.36363636363636365,1.0,True,1.0,0.2727272727272727,,False,0.0,0.0,,False,0.0,0.0
201,2.01,P3,0.9744548592975366,True,0.025545140702463387,3,temporal|spatial|spectral,flow_3d|phase|coherence,0.8828472205754352,0.19766485455705984,1.0,4.6875,undetermined,False,,False,0.0,0.0,0.9428420748487137,True,1.0,0.36363636363636365,0.9869087882195121,True,1.0,0.36363636363636365,1.0,True,1.0,0.2727272727272727,,False,0.0,0.0,,False,0.0,0.0
201,2.01,P4,0.9482662905094952,True,0.05173370949050482,3,temporal|spatial|spectral,flow_3d|phase|coherence,1.4434602932402605,0.7776464911492851,1.0,4.6875,undetermined,False,,False,0.0,0.0,0.9082544701130624,True,1.0,0.36363636363636365,0.9494778287880494,True,1.0,0.36363636363636365,1.0,True,1.0,0.2727272727272727,,False,0.0,0.0,,False,0.0,0.0
202,2.02,P1,0.987857894353801,True,0.012142105646198997,3,temporal|spatial|spectral,flow_3d|phase|coherence,0.24198989165926754,0.2631075689067015,1.0,4.6875,undetermined,False,,False,0.0,0.0,0.9839967749314427,True,1.0,0.36363636363636365,0.98261243454151,True,1.0,0.36363636363636365,1.0,True,1.0,0.2727272727272727,,False,0.0,0.0,,False,0.0,0.0
202,2.02,P2,0.9752176973313945,True,0.024782302668605483,3,temporal|spatial|spectral,flow_3d|phase|coherence,0.6637099151434303,0.37774630019641053,1.0,4.6875,undetermined,False,,False,0.0,0.0,0.9567173055409796,True,1.0,0.36363636363636365,0.9751313621203553,True,1.0,0.36363636363636365,1.0,True,1.0,0.2727272727272727,,False,0.0,0.0,,False,0.0,0.0
202,2.02,P3,0.9665365901102554,True,0.03346340988974461,3,temporal|spatial|spectral,flow_3d|phase|coherence,1.1635347385867902,0.2631075689067015,1.0,4.6875,undetermined,False,,False,0.0,0.0,0.9253631882616925,True,1.0,0.36363636363636365,0.98261243454151,True,1.0,0.36363636363636365,1.0,True,1.0,0.2727272727272727,,False,0.0,0.0,,False,0.0,0.0
202,2.02,P4,0.923545264936837,True,0.07645473506316303,3,temporal|spatial|spectral,flow_3d|phase|coherence,1.6286775413403056,1.7035617173665618,1.0,4.6875,undetermined,False,,False,0.0,0.0,0.8971084665655266,True,1.0,0.36363636363636365,0.8926410120107751,True,1.0,0.36363636363636365,1.0,True,1.0,0.2727272727272727,,False,0.0,0.0,,False,0.0,0.0
203,2.03,P1,0.968811131375144,True,0.031188868624856037,3,temporal|spatial|spectral,flow_3d|phase|coherence,0.460292126680538,0.8572766553216624,1.0,4.6875,undetermined,False,,False,0.0,0.0,0.9697798987100359,True,1.0,0.36363636363636365,0.94445071257161,True,1.0,0.36363636363636365,1.0,True,1.0,0.2727272727272727,,False,0.0,0.0,,False,0.0,0.0
203,2.03,P2,0.9661439040412078,True,0.03385609595879224,3,temporal|spatial|spectral,flow_3d|phase|coherence,0.8932337879183585,0.53897372537355,1.0,4.6875,undetermined,False,,False,0.0,0.0,0.9421894413152513,True,1.0,0.36363636363636365,0.96470629479807,True,1.0,0.36363636363636365,1.0,True,1.0,0.2727272727272727,,False,0.0,0.0,,False,0.0,0.0
203,2.03,P3,0.9563043254966888,True,0.043695674503311244,3,temporal|spatial|spectral,flow_3d|phase|coherence,1.3303273695623474,0.53897372537355,1.0,4.6875,undetermined,False,,False,0.0,0.0,0.9151306003178241,True,1.0,0.36363636363636365,0.96470629479807,True,1.0,0.36363636363636365,1.0,True,1.0,0.2727272727272727,,False,0.0,0.0,,False,0.0,0.0
203,2.03,P4,0.910257072210396,True,0.08974292778960402,3,temporal|spatial|spectral,flow_3d|phase|coherence,1.654468484030179,2.303568988301242,1.0,4.6875,undetermined,False,,False,0.0,0.0,0.8955673070072824,True,1.0,0.36363636363636365,0.8576396415713066,True,1.0,0.36363636363636365,1.0,True,1.0,0.2727272727272727,,False,0.0,0.0,,False,0.0,0.0
204,2.04,P1,0.9520093644696592,True,0.047990635530340775,3,temporal|spatial|spectral,flow_3d|phase|coherence,0.6335377612980206,1.4248488953610332,1.0,4.6875,undetermined,False,,False,0.0,0.0,0.9586436570792608,True,1.0,0.36363636363636365,0.9093820952123023,True,1.0,0.36363636363636365,1.0,True,1.0,0.2727272727272727,,False,0.0,0.0,,False,0.0,0.0
204,2.04,P2,0.9590578900960884,True,0.04094210990391156,3,temporal|spatial|spectral,flow_3d|phase|coherence,1.0353217140056028,0.7047620127053387,1.0,4.6875,undetermined,False,,False,0.0,0.0,0.9333066626752131,True,1.0,0.36363636363636365,0.9541025350890301,True,1.0,0.36363636363636365,1.0,True,1.0,0.2727272727272727,,False,0.0,0.0,,False,0.0,0.0
204,2.04,P3,0.9516380758378931,True,0.04836192416210694,3,temporal|spatial|spectral,flow_3d|phase|coherence,1.36689828866918,0.7047620127053387,1.0,4.6875,undetermined,False,,False,0.0,0.0,0.912902173465176,True,1.0,0.36363636363636365,0.9541025350890301,True,1.0,0.36363636363636365,1.0,True,1.0,0.2727272727272727,,False,0.0,0.0,,False,0.0,0.0
204,2.04,P4,0.9067009441016494,True,0.09329905589835064,3,temporal|spatial|spectral,flow_3d|phase|coherence,1.5183085241438068,2.6207675111076574,1.0,4.6875,undetermined,False,,False,0.0,0.0,0.9037336759216709,True,1.0,0.36363636363636365,0.8396939203578652,True,1.0,0.36363636363636365,1.0,True,1.0,0.2727272727272727,,False,0.0,0.0,,False,0.0,0.0
205,2.05,P1,0.940129656606868,True,0.05987034339313202,3,temporal|spatial|spectral,flow_3d|phase|coherence,0.7447683057229533,1.8529469980162387,1.0,4.6875,undetermined,False,,False,0.0,0.0,0.9515612518004043,True,1.0,0.36363636363636365,0.8837953038684825,True,1.0,0.36363636363636365,1.0,True,1.0,0.2727272727272727,,False,0.0,0.0,,False,0.0,0.0
205,2.05,P2,0.955905514919316,True,0.04409448508068403,3,temporal|spatial|spectral,flow_3d|phase|coherence,1.076065137215787,0.8015632838677105,1.0,4.6875,undetermined,False,,False,0.0,0.0,0.9307750285902044,True,1.0,0.36363636363636365,0.9479651374379144,True,1.0,0.36363636363636365,1.0,True,1.0,0.2727272727272727,,False,0.0,0.0,,False,0.0,0.0
205,2.05,P3,0.9515650909113964,True,0.048434909088603595,3,temporal|spatial|spectral,flow_3d|phase|coherence,1.2696676795405306,0.8015632838677105,1.0,4.6875,undetermined,False,,False,0.0,0.0,0.9188388625684254,True,1.0,0.36363636363636365,0.9479651374379144,True,1.0,0.36363636363636365,1.0,True,1.0,0.2727272727272727,,False,0.0,0.0,,False,0.0,0.0
205,2.05,P4,0.91176745738811,True,0.08823254261188995,3,temporal|spatial|spectral,flow_3d|phase|coherence,1.2335259472359272,2.681427049965426,1.0,4.6875,undetermined,False,,False,0.0,0.0,0.9210554270588964,True,1.0,0.36363636363636365,0.836305080758406,True,1.0,0.36363636363636365,1.0,True,1.0,0.2727272727272727,,False,0.0,0.0,,False,0.0,0.0
206,2.06,P1,0.9340038438458302,True,0.06599615615416976,3,temporal|spatial|spectral,flow_3d|phase|coherence,0.7830957392775169,2.099665738264956,1.0,4.6875,undetermined,False,,False,0.0,0.0,0.949132962081896,True,1.0,0.36363636363636365,0.8693776084941371,True,1.0,0.36363636363636365,1.0,True,1.0,0.2727272727272727,,False,0.0,0.0,,False,0.0,0.0
206,2.06,P2,0.956944883525889,True,0.04305511647411098,3,temporal|spatial|spectral,flow_3d|phase|coherence,1.0114758074085302,0.8199019559854146,1.0,4.6875,undetermined,False,,False,0.0,0.0,0.9347915455420697,True,1.0,0.36363636363636365,0.9468068841541252,True,1.0,0.36363636363636365,1.0,True,1.0,0.2727272727272727,,False,0.0,0.0,,False,0.0,0.0
206,2.06,P3,0.9561147310765437,True,0.043885268923456344,3,temporal|spatial|spectral,flow_3d|phase|coherence,1.0481531516439384,0.8199019559854146,1.0,4.6875,undetermined,False,,False,0.0,0.0,0.93250862630637,True,1.0,0.36363636363636365,0.9468068841541252,True,1.0,0.36363636363636365,1.0,True,1.0,0.2727272727272727,,False,0.0,0.0,,False,0.0,0.0
206,2.06,P4,0.9250651675934707,True,0.07493483240652932,3,temporal|spatial|spectral,flow_3d|phase|coherence,0.8279972561329156,2.479609826572107,1.0,4.6875,undetermined,False,,False,0.0,0.0,0.9462960429530227,True,1.0,0.36363636363636365,0.8476331679290215,True,1.0,0.36363636363636365,1.0,True,1.0,0.2727272727272727,,False,0.0,0.0,,False,0.0,0.0
207,2.07,P1,0.9340199606801003,True,0.06598003931989971,3,temporal|spatial|spectral,flow_3d|phase|coherence,0.7447683057228867,2.140854566820807,1.0,4.6875,undetermined,False,,False,0.0,0.0,0.9515612518004085,True,1.0,0.36363636363636365,0.8669936400698673,True,1.0,0.36363636363636365,1.0,True,1.0,0.2727272727272727,,False,0.0,0.0,,False,0.0,0.0
207,2.07,P2,0.9620967652220447,True,0.03790323477795532,3,temporal|spatial|spectral,flow_3d|phase|coherence,0.8478761782057553,0.757982912058397,1.0,4.6875,undetermined,False,,False,0.0,0.0,0.9450427838980392,True,1.0,0.36363636363636365,0.9507233204625838,True,1.0,0.36363636363636365,1.0,True,1.0,0.2727272727272727,,False,0.0,0.0,,False,0.0,0.0
207,2.07,P3,0.9649456555338387,True,0.03505434446616129,3,temporal|spatial|spectral,flow_3d|phase|coherence,0.7240380903517196,0.757982912058397,1.0,4.6875,undetermined,False,,False,0.0,0.0,0.9528772322554728,True,1.0,0.36363636363636365,0.9507233204625838,True,1.0,0.36363636363636365,1.0,True,1.0,0.2727272727272727,,False,0.0,0.0,,False,0.0,0.0
207,2.07,P4,0.9456819429649542,True,0.054318057035045775,3,temporal|spatial|spectral,flow_3d|phase|coherence,0.3414184246028795,2.0350711168962494,1.0,4.6875,undetermined,False,,False,0.0,0.0,0.9774958542511945,True,1.0,0.36363636363636365,0.8731294889024297,True,1.0,0.36363636363636365,1.0,True,1.0,0.2727272727272727,,False,0.0,0.0,,False,0.0,0.0
208,2.08,P1,0.9401541839042125,True,0.05984581609578754,3,temporal|spatial|spectral,flow_3d|phase|coherence,0.6335377612981556,1.9724816341653737,1.0,4.6875,undetermined,False,,False,0.0,0.0,0.9586436570792521,True,1.0,0.36363636363636365,0.876780348657332,True,1.0,0.36363636363636365,1.0,True,1.0,0.2727272727272727,,False,0.0,0.0,,False,0.0,0.0
208,2.08,P2,0.9709444467643691,True,0.029055553235630915,3,temporal|spatial|spectral,flow_3d|phase|coherence,0.6012805211795058,0.6218672195216133,1.0,4.6875,undetermined,False,,False,0.0,0.0,0.9607074219048084,True,1.0,0.36363636363636365,0.9593898066972063,True,1.0,0.36363636363636365,1.0,True,1.0,0.2727272727272727,,False,0.0,0.0,,False,0.0,0.0
208,2.08,P3,0.977342565552203,True,0.022657434447796998,3,temporal|spatial|spectral,flow_3d|phase|coherence,0.32904913610593867,0.6218672195216133,1.0,4.6875,undetermined,False,,False,0.0,0.0,0.9783022485713517,True,1.0,0.36363636363636365,0.9593898066972063,True,1.0,0.36363636363636365,1.0,True,1.0,0.2727272727272727,,False,0.0,0.0,,False,0.0,0.0
208,2.08,P4,0.9634843426622005,True,0.03651565733779949,3,temporal|spatial|spectral,flow_3d|phase|coherence,0.17858082112917106,1.3913254671243571,1.0,4.6875,undetermined,False,,False,0.0,0.0,0.9881652006509077,True,1.0,0.36363636363636365,0.9114167416701437,True,1.0,0.36363636363636365,1.0,True,1.0,0.2727272727272727,,False,0.0,0.0,,False,0.0,0.0
209,2.09,P1,0.951979828879863,True,0.04802017112013701,3,temporal|spatial|spectral,flow_3d|phase|coherence,0.46029212668041675,1.611028456070176,1.0,4.6875,undetermined,False,,False,0.0,0.0,0.9697798987100437,True,1.0,0.36363636363636365,0.8981646307095796,True,1.0,0.36363636363636365,1.0,True,1.0,0.2727272727272727,,False,0.0,0.0,,False,0.0,0.0
209,2.09,P2,0.9827430996876233,True,0.0172569003123767,3,temporal|spatial|spectral,flow_3d|phase|coherence,0.29582733737247136,0.42487883073436095,1.0,4.6875,undetermined,False,,False,0.0,0.0,0.9804713804602724,True,1.0,0.36363636363636365,0.9720721436806917,True,1.0,0.36363636363636365,1.0,True,1.0,0.2727272727272727,,False,0.0,0.0,,False,0.0,0.0
209,2.09,P3,0.9874728030593799,True,0.0125271969406201,3,temporal|spatial|spectral,flow_3d|phase|coherence,0.09814944020203331,0.42487883073436095,1.0,4.6875,undetermined,False,,False,0.0,0.0,0.993478064732603,True,1.0,0.36363636363636365,0.9720721436806917,True,1.0,0.36363636363636365,1.0,True,1.0,0.2727272727272727,,False,0.0,0.0,,False,0.0,0.0
209,2.09,P4,0.9693342428424867,True,0.030665757157513296,3,temporal|spatial|spectral,flow_3d|phase|coherence,0.6810993318433525,0.6113871866957865,1.0,4.6875,undetermined,False,,False,0.0,0.0,0.9556088311299012,True,1.0,0.36363636363636365,0.9600603366869371,True,1.0,0.36363636363636365,1.0,True,1.0,0.2727272727272727,,False,0.0,0.0,,False,0.0,0.0
210,2.1,P1,0.9733575428614486,True,0.0266424571385514,3,temporal|spatial|spectral,flow_3d|phase|coherence,0.24198989165937754,0.884527451478784,1.0,4.6875,undetermined,False,,False,0.0,0.0,0.9839967749314354,True,1.0,0.36363636363636365,0.9427364679375482,True,1.0,0.36363636363636365,1.0,True,1.0,0.2727272727272727,,False,0.0,0.0,,False,0.0,0.0
210,2.1,P2,0.9985559287180377,True,0.0014440712819623336,3,temporal|spatial|spectral,flow_3d|phase|coherence,0.0385834873668367,0.021048794830816675,1.0,4.6875,undetermined,False,,False,0.0,0.0,0.997431072864217,True,1.0,0.36363636363636365,0.9985977311103869,True,1.0,0.36363636363636365,1.0,True,1.0,0.2727272727272727,,False,0.0,0.0,,False,0.0,0.0
210,2.1,P3,0.9782908126735974,True,0.02170918732640259,3,temporal|spatial|spectral,flow_3d|phase|coherence,0.5157404654556661,0.3936494782107083,1.0,4.6875,undetermined,False,,False,0.0,0.0,0.966201670720461,True,1.0,0.36363636363636365,0.9740980641319319,True,1.0,0.36363636363636365,1.0,True,1.0,0.2727272727272727,,False,0.0,0.0,,False,0.0,0.0
210,2.1,P4,0.9733961526801262,True,0.026603847319873752,3,temporal|spatial|spectral,flow_3d|phase|coherence,1.1169470944586166,0.021048794830816675,1.0,4.6875,undetermined,False,,False,0.0,0.0,0.9282416887599602,True,1.0,0.36363636363636365,0.9985977311103869,True,1.0,0.36363636363636365,1.0,True,1.0,0.2727272727272727,,False,0.0,0.0,,False,0.0,0.0
211,2.11,P1,0.9952395593525474,True,0.004760440647452624,3,temporal|spatial|spectral,flow_3d|phase|coherence,1.092459456231154e-13,0.19766485455705451,1.0,4.6875,undetermined,False,,False,0.0,0.0,0.9999999999999927,True,1.0,0.36363636363636365,0.9869087882195124,True,1.0,0.36363636363636365,1.0,True,1.0,0.2727272727272727,,False,0.0,0.0,,False,0.0,0.0
211,2.11,P2,0.9830397763003179,True,0.016960223699682087,3,temporal|spatial|spectral,flow_3d|phase|coherence,0.3692174915358386,0.3386939002168168,1.0,4.6875,undetermined,False,,False,0.0,0.0,0.9756859670298155,True,1.0,0.36363636363636365,0.9776734177960588,True,1.0,0.36363636363636365,1.0,True,1.0,0.2727272727272727,,False,0.0,0.0,,False,0.0,0.0
211,2.11,P3,0.9744548592975355,True,0.025545140702464497,3,temporal|spatial|spectral,flow_3d|phase|coherence,0.882847220575492,0.19766485455705496,1.0,4.6875,undetermined,False,,False,0.0,0.0,0.9428420748487102,True,1.0,0.36363636363636365,0.9869087882195124,True,1.0,0.36363636363636365,1.0,True,1.0,0.2727272727272727,,False,0.0,0.0,,False,0.0,0.0
211,2.11,P4,0.9482662905094938,True,0.05173370949050615,3,temporal|spatial|spectral,flow_3d|phase|coherence,1.4434602932403138,0.7776464911492917,1.0,4.6875,undetermined,False,,False,0.0,0.0,0.9082544701130592,True,1.0,0.36363636363636365,0.949477828788049,True,1.0,0.36363636363636365,1.0,True,1.0,0.2727272727272727,,False,0.0,0.0,,False,0.0,0.0
212,2.12,P1,0.9878578943538034,True,0.012142105646196555,3,temporal|spatial|spectral,flow_3d|phase|coherence,0.24198989165916185,0.26310756890670706,1.0,4.6875,undetermined,False,,False,0.0,0.0,0.9839967749314495,True,1.0,0.36363636363636365,0.9826124345415097,True,1.0,0.36363636363636365,1.0,True,1.0,0.2727272727272727,,False,0.0,0.0,,False,0.0,0.0
212,2.12,P2,0.9752176973313968,True,0.02478230266860315,3,temporal|spatial|spectral,flow_3d|phase|coherence,0.6637099151433006,0.37774630019643873,1.0,4.6875,undetermined,False,,False,0.0,0.0,0.9567173055409879,True,1.0,0.36363636363636365,0.9751313621203536,True,1.0,0.36363636363636365,1.0,True,1.0,0.2727272727272727,,False,0.0,0.0,,False,0.0,0.0
212,2.12,P3,0.9665365901102577,True,0.03346340988974228,3,temporal|spatial|spectral,flow_3d|phase|coherence,1.1635347385866854,0.26310756890670706,1.0,4.6875,undetermined,False,,False,0.0,0.0,0.9253631882616989,True,1.0,0.36363636363636365,0.9826124345415097,True,1.0,0.36363636363636365,1.0,True,1.0,0.2727272727272727,,False,0.0,0.0,,False,0.0,0.0
212,2.12,P4,0.923545264936839,True,0.07645473506316103,3,temporal|spatial|spectral,flow_3d|phase|coherence,1.6286775413402061,1.7035617173665745,1.0,4.6875,undetermined,False,,False,0.0,0.0,0.8971084665655326,True,1.0,0.36363636363636365,0.8926410120107744,True,1.0,0.36363636363636365,1.0,True,1.0,0.2727272727272727,,False,0.0,0.0,,False,0.0,0.0
213,2.13,P1,0.968811131375143,True,0.031188868624857036,3,temporal|spatial|spectral,flow_3d|phase|coherence,0.46029212668059394,0.8572766553216482,1.0,4.6875,undetermined,False,,False,0.0,0.0,0.9697798987100322,True,1.0,0.36363636363636365,0.9444507125716108,True,1.0,0.36363636363636365,1.0,True,1.0,0.2727272727272727,,False,0.0,0.0,,False,0.0,0.0
213,2.13,P2,0.9661439040412062,True,0.0338560959587938,3,temporal|spatial|spectral,flow_3d|phase|coherence,0.8932337879184029,0.5389737253735722,1.0,4.6875,undetermined,False,,False,0.0,0.0,0.9421894413152485,True,1.0,0.36363636363636365,0.9647062947980686,True,1.0,0.36363636363636365,1.0,True,1.0,0.2727272727272727,,False,0.0,0.0,,False,0.0,0.0
213,2.13,P3,0.956304325496687,True,0.04369567450331302,3,temporal|spatial|spectral,flow_3d|phase|coherence,1.3303273695624007,0.5389737253735722,1.0,4.6875,undetermined,False,,False,0.0,0.0,0.9151306003178208,True,1.0,0.36363636363636365,0.9647062947980686,True,1.0,0.36363636363636365,1.0,True,1.0,0.2727272727272727,,False,0.0,0.0,,False,0.0,0.0
213,2.13,P4,0.9102570722103943,True,0.08974292778960569,3,temporal|spatial|spectral,flow_3d|phase|coherence,1.6544684840302288,2.3035689883012678,1.0,4.6875,undetermined,False,,False,0.0,0.0,0.8955673070072794,True,1.0,0.36363636363636365,0.857639641571305,True,1.0,0.36363636363636365,1.0,True,1.0,0.2727272727272727,,False,0.0,0.0,,False,0.0,0.0
214,2.14,P1,0.9520093644696592,True,0.047990635530340775,3,temporal|spatial|spectral,flow_3d|phase|coherence,0.6335377612980206,1.4248488953610385,1.0,4.6875,undetermined,False,,False,0.0,0.0,0.9586436570792608,True,1.0,0.36363636363636365,0.909382095212302,True,1.0,0.36363636363636365,1.0,True,1.0,0.2727272727272727,,False,0.0,0.0,,False,0.0,0.0
214,2.14,P2,0.9590578900960874,True,0.04094210990391256,3,temporal|spatial|spectral,flow_3d|phase|coherence,1.0353217140056437,0.7047620127053404,1.0,4.6875,undetermined,False,,False,0.0,0.0,0.9333066626752106,True,1.0,0.36363636363636365,0.95410253508903,True,1.0,0.36363636363636365,1.0,True,1.0,0.2727272727272727,,False,0.0,0.0,,False,0.0,0.0
214,2.14,P3,0.9516380758378931,True,0.04836192416210694,3,temporal|spatial|spectral,flow_3d|phase|coherence,1.36689828866918,0.7047620127053404,1.0,4.6875,undetermined,False,,False,0.0,0.0,0.912902173465176,True,1.0,0.36363636363636365,0.95410253508903,True,1.0,0.36363636363636365,1.0,True,1.0,0.2727272727272727,,False,0.0,0.0,,False,0.0,0.0
214,2.14,P4,0.9067009441016494,True,0.09329905589835064,3,temporal|spatial|spectral,flow_3d|phase|coherence,1.518308524143805,2.620767511107661,1.0,4.6875,undetermined,False,,False,0.0,0.0,0.9037336759216709,True,1.0,0.36363636363636365,0.8396939203578649,True,1.0,0.36363636363636365,1.0,True,1.0,0.2727272727272727,,False,0.0,0.0,,False,0.0,0.0
215,2.15,P1,0.9401296566068678,True,0.05987034339313224,3,temporal|spatial|spectral,flow_3d|phase|coherence,0.744768305722955,1.8529469980162423,1.0,4.6875,undetermined,False,,False,0.0,0.0,0.9515612518004042,True,1.0,0.36363636363636365,0.8837953038684823,True,1.0,0.36363636363636365,1.0,True,1.0,0.2727272727272727,,False,0.0,0.0,,False,0.0,0.0
215,2.15,P2,0.9559055149193159,True,0.04409448508068414,3,temporal|spatial|spectral,flow_3d|phase|coherence,1.0760651372157888,0.8015632838677105,1.0,4.6875,undetermined,False,,False,0.0,0.0,0.9307750285902043,True,1.0,0.36363636363636365,0.9479651374379144,True,1.0,0.36363636363636365,1.0,True,1.0,0.2727272727272727,,False,0.0,0.0,,False,0.0,0.0
215,2.15,P3,0.9515650909113964,True,0.048434909088603595,3,temporal|spatial|spectral,flow_3d|phase|coherence,1.2696676795405288,0.8015632838677105,1.0,4.6875,undetermined,False,,False,0.0,0.0,0.9188388625684255,True,1.0,0.36363636363636365,0.9479651374379144,True,1.0,0.36363636363636365,1.0,True,1.0,0.2727272727272727,,False,0.0,0.0,,False,0.0,0.0
215,2.15,P4,0.9117674573881103,True,0.08823254261188973,3,temporal|spatial|spectral,flow_3d|phase|coherence,1.2335259472359201,2.6814270499654222,1.0,4.6875,undetermined,False,,False,0.0,0.0,0.9210554270588969,True,1.0,0.36363636363636365,0.8363050807584063,True,1.0,0.36363636363636365,1.0,True,1.0,0.2727272727272727,,False,0.0,0.0,,False,0.0,0.0
216,2.16,P1,0.9340038438458302,True,0.06599615615416976,3,temporal|spatial|spectral,flow_3d|phase|coherence,0.783095739277516,2.0996657382649575,1.0,4.6875,undetermined,False,,False,0.0,0.0,0.949132962081896,True,1.0,0.36363636363636365,0.869377608494137,True,1.0,0.36363636363636365,1.0,True,1.0,0.2727272727272727,,False,0.0,0.0,,False,0.0,0.0
216,2.16,P2,0.9569448835258891,True,0.043055116474110866,3,temporal|spatial|spectral,flow_3d|phase|coherence,1.0114758074085266,0.819901955985415,1.0,4.6875,undetermined,False,,False,0.0,0.0,0.9347915455420699,True,1.0,0.36363636363636365,0.9468068841541251,True,1.0,0.36363636363636365,1.0,True,1.0,0.2727272727272727,,False,0.0,0.0,,False,0.0,0.0
216,2.16,P3,0.9561147310765437,True,0.043885268923456344,3,temporal|spatial|spectral,flow_3d|phase|coherence,1.0481531516439357,0.819901955985415,1.0,4.6875,undetermined,False,,False,0.0,0.0,0.9325086263063701,True,1.0,0.36363636363636365,0.9468068841541251,True,1.0,0.36363636363636365,1.0,True,1.0,0.2727272727272727,,False,0.0,0.0,,False,0.0,0.0
216,2.16,P4,0.9250651675934707,True,0.07493483240652932,3,temporal|spatial|spectral,flow_3d|phase|coherence,0.8279972561329139,2.479609826572105,1.0,4.6875,undetermined,False,,False,0.0,0.0,0.9462960429530228,True,1.0,0.36363636363636365,0.8476331679290217,True,1.0,0.36363636363636365,1.0,True,1.0,0.2727272727272727,,False,0.0,0.0,,False,0.0,0.0
217,2.17,P1,0.9340199606801003,True,0.06598003931989971,3,temporal|spatial|spectral,flow_3d|phase|coherence,0.7447683057228875,2.140854566820806,1.0,4.6875,undetermined,False,,False,0.0,0.0,0.9515612518004084,True,1.0,0.36363636363636365,0.8669936400698675,True,1.0,0.36363636363636365,1.0,True,1.0,0.2727272727272727,,False,0.0,0.0,,False,0.0,0.0
217,2.17,P2,0.9620967652220447,True,0.03790323477795532,3,temporal|spatial|spectral,flow_3d|phase|coherence,0.8478761782057553,0.7579829120583956,1.0,4.6875,undetermined,False,,False,0.0,0.0,0.9450427838980392,True,1.0,0.36363636363636365,0.9507233204625838,True,1.0,0.36363636363636365,1.0,True,1.0,0.2727272727272727,,False,0.0,0.0,,False,0.0,0.0
217,2.17,P3,0.9649456555338389,True,0.03505434446616107,3,temporal|spatial|spectral,flow_3d|phase|coherence,0.7240380903517165,0.7579829120583956,1.0,4.6875,undetermined,False,,False,0.0,0.0,0.952877232255473,True,1.0,0.36363636363636365,0.9507233204625838,True,1.0,0.36363636363636365,1.0,True,1.0,0.2727272727272727,,False,0.0,0.0,,False,0.0,0.0
217,2.17,P4,0.9456819429649546,True,0.05431805703504544,3,temporal|spatial|spectral,flow_3d|phase|coherence,0.3414184246028735,2.0350711168962428,1.0,4.6875,undetermined,False,,False,0.0,0.0,0.9774958542511949,True,1.0,0.36363636363636365,0.8731294889024301,True,1.0,0.36363636363636365,1.0,True,1.0,0.2727272727272727,,False,0.0,0.0,,False,0.0,0.0
218,2.18,P1,0.9401541839042126,True,0.05984581609578743,3,temporal|spatial|spectral,flow_3d|phase|coherence,0.6335377612981512,1.972481634165372,1.0,4.6875,undetermined,False,,False,0.0,0.0,0.9586436570792525,True,1.0,0.36363636363636365,0.8767803486573321,True,1.0,0.36363636363636365,1.0,True,1.0,0.2727272727272727,,False,0.0,0.0,,False,0.0,0.0
218,2.18,P2,0.9709444467643691,True,0.029055553235630915,3,temporal|spatial|spectral,flow_3d|phase|coherence,0.6012805211795009,0.621867219521612,1.0,4.6875,undetermined,False,,False,0.0,0.0,0.9607074219048087,True,1.0,0.36363636363636365,0.9593898066972063,True,1.0,0.36363636363636365,1.0,True,1.0,0.2727272727272727,,False,0.0,0.0,,False,0.0,0.0
218,2.18,P3,0.977342565552203,True,0.022657434447796998,3,temporal|spatial|spectral,flow_3d|phase|coherence,0.32904913610593356,0.6218672195216124,1.0,4.6875,undetermined,False,,False,0.0,0.0,0.9783022485713521,True,1.0,0.36363636363636365,0.9593898066972063,True,1.0,0.36363636363636365,1.0,True,1.0,0.2727272727272727,,False,0.0,0.0,,False,0.0,0.0
218,2.18,P4,0.9634843426622006,True,0.03651565733779938,3,temporal|spatial|spectral,flow_3d|phase|coherence,0.1785808211291755,1.39132546712435,1.0,4.6875,undetermined,False,,False,0.0,0.0,0.9881652006509075,True,1.0,0.36363636363636365,0.9114167416701442,True,1.0,0.36363636363636365,1.0,True,1.0,0.2727272727272727,,False,0.0,0.0,,False,0.0,0.0
219,2.19,P1,0.9519798288798631,True,0.0480201711201369,3,temporal|spatial|spectral,flow_3d|phase|coherence,0.4602921266804172,1.6110284560701706,1.0,4.6875,undetermined,False,,False,0.0,0.0,0.9697798987100437,True,1.0,0.36363636363636365,0.89816463070958,True,1.0,0.36363636363636365,1.0,True,1.0,0.2727272727272727,,False,0.0,0.0,,False,0.0,0.0
219,2.19,P2,0.9827430996876234,True,0.01725690031237659,3,temporal|spatial|spectral,flow_3d|phase|coherence,0.2958273373724691,0.4248788307343587,1.0,4.6875,undetermined,False,,False,0.0,0.0,0.9804713804602725,True,1.0,0.36363636363636365,0.9720721436806918,True,1.0,0.36363636363636365,1.0,True,1.0,0.2727272727272727,,False,0.0,0.0,,False,0.0,0.0
219,2.19,P3,0.9874728030593798,True,0.012527196940620211,3,temporal|spatial|spectral,flow_3d|phase|coherence,0.09814944020203775,0.4248788307343587,1.0,4.6875,undetermined,False,,False,0.0,0.0,0.9934780647326027,True,1.0,0.36363636363636365,0.9720721436806918,True,1.0,0.36363636363636365,1.0,True,1.0,0.2727272727272727,,False,0.0,0.0,,False,0.0,0.0
219,2.19,P4,0.9693342428424867,True,0.030665757157513296,3,temporal|spatial|spectral,flow_3d|phase|coherence,0.6810993318433596,0.6113871866957754,1.0,4.6875,undetermined,False,,False,0.0,0.0,0.9556088311299008,True,1.0,0.36363636363636365,0.9600603366869378,True,1.0,0.36363636363636365,1.0,True,1.0,0.2727272727272727,,False,0.0,0.0,,False,0.0,0.0
220,2.2,P1,0.9733575428614489,True,0.026642457138551068,3,temporal|spatial|spectral,flow_3d|phase|coherence,0.24198989165937387,0.8845274514787742,1.0,4.6875,undetermined,False,,False,0.0,0.0,0.9839967749314357,True,1.0,0.36363636363636365,0.9427364679375487,True,1.0,0.36363636363636365,1.0,True,1.0,0.2727272727272727,,False,0.0,0.0,,False,0.0,0.0
220,2.2,P2,0.9985559287180374,True,0.0014440712819625556,3,temporal|spatial|spectral,flow_3d|phase|coherence,0.038583487366840696,0.021048794830823336,1.0,4.6875,undetermined,False,,False,0.0,0.0,0.9974310728642166,True,1.0,0.36363636363636365,0.9985977311103864,True,1.0,0.36363636363636365,1.0,True,1.0,0.2727272727272727,,False,0.0,0.0,,False,0.0,0.0
220,2.2,P3,0.9782908126735972,True,0.021709187326402812,3,temporal|spatial|spectral,flow_3d|phase|coherence,0.5157404654556732,0.3936494782107083,1.0,4.6875,undetermined,False,,False,0.0,0.0,0.9662016707204606,True,1.0,0.36363636363636365,0.9740980641319319,True,1.0,0.36363636363636365,1.0,True,1.0,0.2727272727272727,,False,0.0,0.0,,False,0.0,0.0
220,2.2,P4,0.9733961526801259,True,0.026603847319874085,3,temporal|spatial|spectral,flow_3d|phase|coherence,1.116947094458622,0.02104879483082378,1.0,4.6875,undetermined,False,,False,0.0,0.0,0.9282416887599598,True,1.0,0.36363636363636365,0.9985977311103864,True,1.0,0.36363636363636365,1.0,True,1.0,0.2727272727272727,,False,0.0,0.0,,False,0.0,0.0
221,2.21,P1,0.9952395593525474,True,0.004760440647452624,3,temporal|spatial|spectral,flow_3d|phase|coherence,1.1102230246251565e-13,0.19766485455705007,1.0,4.6875,undetermined,False,,False,0.0,0.0,0.9999999999999926,True,1.0,0.36363636363636365,0.9869087882195128,True,1.0,0.36363636363636365,1.0,True,1.0,0.2727272727272727,,False,0.0,0.0,,False,0.0,0.0
221,2.21,P2,0.9830397763003178,True,0.016960223699682198,3,temporal|spatial|spectral,flow_3d|phase|coherence,0.36921749153584127,0.3386939002168168,1.0,4.6875,undetermined,False,,False,0.0,0.0,0.9756859670298152,True,1.0,0.36363636363636365,0.9776734177960588,True,1.0,0.36363636363636365,1.0,True,1.0,0.2727272727272727,,False,0.0,0.0,,False,0.0,0.0
221,2.21,P3,0.9744548592975355,True,0.025545140702464497,3,temporal|spatial|spectral,flow_3d|phase|coherence,0.8828472205754938,0.19766485455704963,1.0,4.6875,undetermined,False,,False,0.0,0.0,0.9428420748487101,True,1.0,0.36363636363636365,0.9869087882195128,True,1.0,0.36363636363636365,1.0,True,1.0,0.2727272727272727,,False,0.0,0.0,,False,0.0,0.0
221,2.21,P4,0.9482662905094938,True,0.05173370949050615,3,temporal|spatial|spectral,flow_3d|phase|coherence,1.4434602932403102,0.7776464911492988,1.0,4.6875,undetermined,False,,False,0.0,0.0,0.9082544701130594,True,1.0,0.36363636363636365,0.9494778287880485,True,1.0,0.36363636363636365,1.0,True,1.0,0.2727272727272727,,False,0.0,0.0,,False,0.0,0.0
222,2.22,P1,0.9878578943538032,True,0.012142105646196777,3,temporal|spatial|spectral,flow_3d|phase|coherence,0.2419898916591645,0.2631075689067113,1.0,4.6875,undetermined,False,,False,0.0,0.0,0.9839967749314494,True,1.0,0.36363636363636365,0.9826124345415094,True,1.0,0.36363636363636365,1.0,True,1.0,0.2727272727272727,,False,0.0,0.0,,False,0.0,0.0
222,2.22,P2,0.9752176973313968,True,0.02478230266860315,3,temporal|spatial|spectral,flow_3d|phase|coherence,0.6637099151433041,0.37774630019643807,1.0,4.6875,undetermined,False,,False,0.0,0.0,0.9567173055409877,True,1.0,0.36363636363636365,0.9751313621203536,True,1.0,0.36363636363636365,1.0,True,1.0,0.2727272727272727,,False,0.0,0.0,,False,0.0,0.0
222,2.22,P3,0.9665365901102576,True,0.03346340988974239,3,temporal|spatial|spectral,flow_3d|phase|coherence,1.1635347385866872,0.2631075689067113,1.0,4.6875,undetermined,False,,False,0.0,0.0,0.9253631882616988,True,1.0,0.36363636363636365,0.9826124345415094,True,1.0,0.36363636363636365,1.0,True,1.0,0.2727272727272727,,False,0.0,0.0,,False,0.0,0.0
222,2.22,P4,0.9235452649368384,True,0.07645473506316158,3,temporal|spatial|spectral,flow_3d|phase|coherence,1.6286775413402133,1.7035617173665876,1.0,4.6875,undetermined,False,,False,0.0,0.0,0.8971084665655321,True,1.0,0.36363636363636365,0.8926410120107736,True,1.0,0.36363636363636365,1.0,True,1.0,0.2727272727272727,,False,0.0,0.0,,False,0.0,0.0
223,2.23,P1,0.9688111313751427,True,0.031188868624857258,3,temporal|spatial|spectral,flow_3d|phase|coherence,0.4602921266805966,0.8572766553216544,1.0,4.6875,undetermined,False,,False,0.0,0.0,0.969779898710032,True,1.0,0.36363636363636365,0.9444507125716105,True,1.0,0.36363636363636365,1.0,True,1.0,0.2727272727272727,,False,0.0,0.0,,False,0.0,0.0
223,2.23,P2,0.9661439040412061,True,0.03385609595879391,3,temporal|spatial|spectral,flow_3d|phase|coherence,0.8932337879184029,0.538973725373574,1.0,4.6875,undetermined,False,,False,0.0,0.0,0.9421894413152485,True,1.0,0.36363636363636365,0.9647062947980685,True,1.0,0.36363636363636365,1.0,True,1.0,0.2727272727272727,,False,0.0,0.0,,False,0.0,0.0
223,2.23,P3,0.956304325496687,True,0.04369567450331302,3,temporal|spatial|spectral,flow_3d|phase|coherence,1.3303273695624025,0.538973725373574,1.0,4.6875,undetermined,False,,False,0.0,0.0,0.9151306003178207,True,1.0,0.36363636363636365,0.9647062947980685,True,1.0,0.36363636363636365,1.0,True,1.0,0.2727272727272727,,False,0.0,0.0,,False,0.0,0.0
223,2.23,P4,0.9102570722103943,True,0.08974292778960569,3,temporal|spatial|spectral,flow_3d|phase|coherence,1.6544684840302253,2.303568988301273,1.0,4.6875,undetermined,False,,False,0.0,0.0,0.8955673070072796,True,1.0,0.36363636363636365,0.8576396415713048,True,1.0,0.36363636363636365,1.0,True,1.0,0.2727272727272727,,False,0.0,0.0,,False,0.0,0.0
224,2.24,P1,0.9520093644696599,True,0.04799063553034011,3,temporal|spatial|spectral,flow_3d|phase|coherence,0.6335377612980579,1.4248488953609693,1.0,4.6875,undetermined,False,,False,0.0,0.0,0.9586436570792584,True,1.0,0.36363636363636365,0.9093820952123062,True,1.0,0.36363636363636365,1.0,True,1.0,0.2727272727272727,,False,0.0,0.0,,False,0.0,0.0
224,2.24,P2,0.9590578900960882,True,0.04094210990391178,3,temporal|spatial|spectral,flow_3d|phase|coherence,1.0353217140056383,0.7047620127053085,1.0,4.6875,undetermined,False,,False,0.0,0.0,0.9333066626752109,True,1.0,0.36363636363636365,0.954102535089032,True,1.0,0.36363636363636365,1.0,True,1.0,0.2727272727272727,,False,0.0,0.0,,False,0.0,0.0
224,2.24,P3,0.9516380758378954,True,0.04836192416210461,3,temporal|spatial|spectral,flow_3d|phase|coherence,1.3668982886691072,0.7047620127053085,1.0,4.6875,undetermined,False,,False,0.0,0.0,0.9129021734651804,True,1.0,0.36363636363636365,0.954102535089032,True,1.0,0.36363636363636365,1.0,True,1.0,0.2727272727272727,,False,0.0,0.0,,False,0.0,0.0
224,2.24,P4,0.9067009441016556,True,0.09329905589834442,3,temporal|spatial|spectral,flow_3d|phase|coherence,1.5183085241436363,2.6207675111075366,1.0,4.6875,undetermined,False,,False,0.0,0.0,0.9037336759216811,True,1.0,0.36363636363636365,0.8396939203578719,True,1.0,0.36363636363636365,1.0,True,1.0,0.2727272727272727,,False,0.0,0.0,,False,0.0,0.0
225,2.25,P1,0.9401296566068676,True,0.05987034339313235,3,temporal|spatial|spectral,flow_3d|phase|coherence,0.7447683057228858,1.8529469980163222,1.0,4.6875,undetermined,False,,False,0.0,0.0,0.9515612518004085,True,1.0,0.36363636363636365,0.8837953038684776,True,1.0,0.36363636363636365,1.0,True,1.0,0.2727272727272727,,False,0.0,0.0,,False,0.0,0.0
225,2.25,P2,0.9559055149193147,True,0.04409448508068525,3,temporal|spatial|spectral,flow_3d|phase|coherence,1.0760651372158012,0.801563283867746,1.0,4.6875,undetermined,False,,False,0.0,0.0,0.9307750285902036,True,1.0,0.36363636363636365,0.9479651374379122,True,1.0,0.36363636363636365,1.0,True,1.0,0.2727272727272727,,False,0.0,0.0,,False,0.0,0.0
225,2.25,P3,0.9515650909113922,True,0.048434909088607814,3,temporal|spatial|spectral,flow_3d|phase|coherence,1.2696676795406763,0.801563283867746,1.0,4.6875,undetermined,False,,False,0.0,0.0,0.9188388625684165,True,1.0,0.36363636363636365,0.9479651374379122,True,1.0,0.36363636363636365,1.0,True,1.0,0.2727272727272727,,False,0.0,0.0,,False,0.0,0.0
225,2.25,P4,0.9117674573881003,True,0.08823254261189972,3,temporal|spatial|spectral,flow_3d|phase|coherence,1.2335259472362488,2.6814270499655466,1.0,4.6875,undetermined,False,,False,0.0,0.0,0.9210554270588767,True,1.0,0.36363636363636365,0.8363050807583993,True,1.0,0.36363636363636365,1.0,True,1.0,0.2727272727272727,,False,0.0,0.0,,False,0.0,0.0
226,2.26,P1,0.9340038438458322,True,0.06599615615416776,3,temporal|spatial|spectral,flow_3d|phase|coherence,0.783095739277516,2.099665738264862,1.0,4.6875,undetermined,False,,False,0.0,0.0,0.949132962081896,True,1.0,0.36363636363636365,0.8693776084941426,True,1.0,0.36363636363636365,1.0,True,1.0,0.2727272727272727,,False,0.0,0.0,,False,0.0,0.0
226,2.26,P2,0.9569448835258922,True,0.04305511647410776,3,temporal|spatial|spectral,flow_3d|phase|coherence,1.0114758074084236,0.8199019559853782,1.0,4.6875,undetermined,False,,False,0.0,0.0,0.9347915455420763,True,1.0,0.36363636363636365,0.9468068841541274,True,1.0,0.36363636363636365,1.0,True,1.0,0.2727272727272727,,False,0.0,0.0,,False,0.0,0.0
226,2.26,P3,0.9561147310765501,True,0.043885268923449905,3,temporal|spatial|spectral,flow_3d|phase|coherence,1.048153151643688,0.8199019559853782,1.0,4.6875,undetermined,False,,False,0.0,0.0,0.9325086263063855,True,1.0,0.36363636363636365,0.9468068841541274,True,1.0,0.36363636363636365,1.0,True,1.0,0.2727272727272727,,False,0.0,0.0,,False,0.0,0.0
226,2.26,P4,0.9250651675934823,True,0.07493483240651766,3,temporal|spatial|spectral,flow_3d|phase|coherence,0.8279972561325053,2.479609826571996,1.0,4.6875,undetermined,False,,False,0.0,0.0,0.9462960429530486,True,1.0,0.36363636363636365,0.8476331679290279,True,1.0,0.36363636363636365,1.0,True,1.0,0.2727272727272727,,False,0.0,0.0,,False,0.0,0.0
227,2.27,P1,0.9340199606800967,True,0.06598003931990326,3,temporal|spatial|spectral,flow_3d|phase|coherence,0.7447683057229568,2.1408545668209022,1.0,4.6875,undetermined,False,,False,0.0,0.0,0.9515612518004041,True,1.0,0.36363636363636365,0.8669936400698618,True,1.0,0.36363636363636365,1.0,True,1.0,0.2727272727272727,,False,0.0,0.0,,False,0.0,0.0
227,2.27,P2,0.9620967652220396,True,0.037903234777960426,3,temporal|spatial|spectral,flow_3d|phase|coherence,0.8478761782059454,0.7579829120584298,1.0,4.6875,undetermined,False,,False,0.0,0.0,0.9450427838980272,True,1.0,0.36363636363636365,0.9507233204625817,True,1.0,0.36363636363636365,1.0,True,1.0,0.2727272727272727,,False,0.0,0.0,,False,0.0,0.0
227,2.27,P3,0.9649456555338305,True,0.03505434446616951,3,temporal|spatial|spectral,flow_3d|phase|coherence,0.7240380903520491,0.7579829120584298,1.0,4.6875,undetermined,False,,False,0.0,0.0,0.952877232255452,True,1.0,0.36363636363636365,0.9507233204625817,True,1.0,0.36363636363636365,1.0,True,1.0,0.2727272727272727,,False,0.0,0.0,,False,0.0,0.0
227,2.27,P4,0.9456819429649413,True,0.05431805703505865,3,temporal|spatial|spectral,flow_3d|phase|coherence,0.34141842460334204,2.035071116896341,1.0,4.6875,undetermined,False,,False,0.0,0.0,0.9774958542511644,True,1.0,0.36363636363636365,0.8731294889024244,True,1.0,0.36363636363636365,1.0,True,1.0,0.2727272727272727,,False,0.0,0.0,,False,0.0,0.0
228,2.28,P1,0.9401541839042173,True,0.059845816095782656,3,temporal|spatial|spectral,flow_3d|phase|coherence,0.6335377612980233,1.9724816341652862,1.0,4.6875,undetermined,False,,False,0.0,0.0,0.9586436570792606,True,1.0,0.36363636363636365,0.8767803486573371,True,1.0,0.36363636363636365,1.0,True,1.0,0.2727272727272727,,False,0.0,0.0,,False,0.0,0.0
228,2.28,P2,0.9709444467643755,True,0.029055553235624476,3,temporal|spatial|spectral,flow_3d|phase|coherence,0.6012805211792509,0.6218672195215862,1.0,4.6875,undetermined,False,,False,0.0,0.0,0.9607074219048247,True,1.0,0.36363636363636365,0.959389806697208,True,1.0,0.36363636363636365,1.0,True,1.0,0.2727272727272727,,False,0.0,0.0,,False,0.0,0.0
228,2.28,P3,0.9773425655522125,True,0.02265743444778745,3,temporal|spatial|spectral,flow_3d|phase|coherence,0.3290491361055634,0.6218672195215862,1.0,4.6875,undetermined,False,,False,0.0,0.0,0.9783022485713763,True,1.0,0.36363636363636365,0.959389806697208,True,1.0,0.36363636363636365,1.0,True,1.0,0.2727272727272727,,False,0.0,0.0,,False,0.0,0.0
228,2.28,P4,0.9634843426621909,True,0.03651565733780915,3,temporal|spatial|spectral,flow_3d|phase|coherence,0.17858082112963913,1.3913254671242945,1.0,4.6875,undetermined,False,,False,0.0,0.0,0.988165200650877,True,1.0,0.36363636363636365,0.9114167416701476,True,1.0,0.36363636363636365,1.0,True,1.0,0.2727272727272727,,False,0.0,0.0,,False,0.0,0.0
229,2.29,P1,0.9519798288798611,True,0.0480201711201389,3,temporal|spatial|spectral,flow_3d|phase|coherence,0.4602921266804896,1.6110284560701857,1.0,4.6875,undetermined,False,,False,0.0,0.0,0.969779898710039,True,1.0,0.36363636363636365,0.8981646307095791,True,1.0,0.36363636363636365,1.0,True,1.0,0.2727272727272727,,False,0.0,0.0,,False,0.0,0.0
229,2.29,P2,0.9827430996876199,True,0.01725690031238014,3,temporal|spatial|spectral,flow_3d|phase|coherence,0.295827337372609,0.4248788307343663,1.0,4.6875,undetermined,False,,False,0.0,0.0,0.9804713804602634,True,1.0,0.36363636363636365,0.9720721436806913,True,1.0,0.36363636363636365,1.0,True,1.0,0.2727272727272727,,False,0.0,0.0,,False,0.0,0.0
229,2.29,P3,0.9874728030593846,True,0.012527196940615437,3,temporal|spatial|spectral,flow_3d|phase|coherence,0.0981494402018308,0.4248788307343663,1.0,4.6875,undetermined,False,,False,0.0,0.0,0.9934780647326164,True,1.0,0.36363636363636365,0.9720721436806913,True,1.0,0.36363636363636365,1.0,True,1.0,0.2727272727272727,,False,0.0,0.0,,False,0.0,0.0
229,2.29,P4,0.9693342428424921,True,0.030665757157507856,3,temporal|spatial|spectral,flow_3d|phase|coherence,0.6810993318431002,0.6113871866958052,1.0,4.6875,undetermined,False,,False,0.0,0.0,0.9556088311299173,True,1.0,0.36363636363636365,0.9600603366869359,True,1.0,0.36363636363636365,1.0,True,1.0,0.2727272727272727,,False,0.0,0.0,,False,0.0,0.0
230,2.3,P1,0.973357542861448,True,0.026642457138551956,3,temporal|spatial|spectral,flow_3d|phase|coherence,0.24198989165938267,0.8845274514788048,1.0,4.6875,undetermined,False,,False,0.0,0.0,0.9839967749314351,True,1.0,0.36363636363636365,0.9427364679375468,True,1.0,0.36363636363636365,1.0,True,1.0,0.2727272727272727,,False,0.0,0.0,,False,0.0,0.0
230,2.3,P2,0.9985559287180383,True,0.0014440712819616675,3,temporal|spatial|spectral,flow_3d|phase|coherence,0.03858348736682826,0.021048794830803796,1.0,4.6875,undetermined,False,,False,0.0,0.0,0.9974310728642175,True,1.0,0.36363636363636365,0.9985977311103877,True,1.0,0.36363636363636365,1.0,True,1.0,0.2727272727272727,,False,0.0,0.0,,False,0.0,0.0
230,2.3,P3,0.9782908126735976,True,0.021709187326402368,3,temporal|spatial|spectral,flow_3d|phase|coherence,0.5157404654556572,0.3936494782107065,1.0,4.6875,undetermined,False,,False,0.0,0.0,0.9662016707204616,True,1.0,0.36363636363636365,0.974098064131932,True,1.0,0.36363636363636365,1.0,True,1.0,0.2727272727272727,,False,0.0,0.0,,False,0.0,0.0
230,2.3,P4,0.9733961526801267,True,0.02660384731987331,3,temporal|spatial|spectral,flow_3d|phase|coherence,1.1169470944586077,0.02104879483080424,1.0,4.6875,undetermined,False,,False,0.0,0.0,0.9282416887599607,True,1.0,0.36363636363636365,0.9985977311103877,True,1.0,0.36363636363636365,1.0,True,1.0,0.2727272727272727,,False,0.0,0.0,,False,0.0,0.0
231,2.31,P1,0.9952395593525496,True,0.0047604406474504035,3,temporal|spatial|spectral,flow_3d|phase|coherence,5.329070518200751e-15,0.19766485455706473,1.0,4.6875,undetermined,False,,False,0.0,0.0,0.9999999999999997,True,1.0,0.36363636363636365,0.9869087882195118,True,1.0,0.36363636363636365,1.0,True,1.0,0.2727272727272727,,False,0.0,0.0,,False,0.0,0.0
231,2.31,P2,0.9830397763003207,True,0.01696022369967931,3,temporal|spatial|spectral,flow_3d|phase|coherence,0.36921749153570804,0.33869390021683055,1.0,4.6875,undetermined,False,,False,0.0,0.0,0.9756859670298239,True,1.0,0.36363636363636365,0.9776734177960579,True,1.0,0.36363636363636365,1.0,True,1.0,0.2727272727272727,,False,0.0,0.0,,False,0.0,0.0
231,2.31,P3,0.974454859297538,True,0.025545140702462055,3,temporal|spatial|spectral,flow_3d|phase|coherence,0.8828472205753766,0.19766485455706473,1.0,4.6875,undetermined,False,,False,0.0,0.0,0.9428420748487174,True,1.0,0.36363636363636365,0.9869087882195118,True,1.0,0.36363636363636365,1.0,True,1.0,0.2727272727272727,,False,0.0,0.0,,False,0.0,0.0
231,2.31,P4,0.9482662905094944,True,0.0517337094905056,3,temporal|spatial|spectral,flow_3d|phase|coherence,1.443460293240257,0.7776464911493246,1.0,4.6875,undetermined,False,,False,0.0,0.0,0.9082544701130626,True,1.0,0.36363636363636365,0.949477828788047,True,1.0,0.36363636363636365,1.0,True,1.0,0.2727272727272727,,False,0.0,0.0,,False,0.0,0.0
232,2.32,P1,0.9878578943537986,True,0.01214210564620144,3,temporal|spatial|spectral,flow_3d|phase|coherence,0.24198989165937324,0.2631075689066942,1.0,4.6875,undetermined,False,,False,0.0,0.0,0.9839967749314357,True,1.0,0.36363636363636365,0.9826124345415105,True,1.0,0.36363636363636365,1.0,True,1.0,0.2727272727272727,,False,0.0,0.0,,False,0.0,0.0
232,2.32,P2,0.9752176973313917,True,0.024782302668608258,3,temporal|spatial|spectral,flow_3d|phase|coherence,0.6637099151435422,0.3777463001964205,1.0,4.6875,undetermined,False,,False,0.0,0.0,0.9567173055409725,True,1.0,0.36363636363636365,0.9751313621203547,True,1.0,0.36363636363636365,1.0,True,1.0,0.2727272727272727,,False,0.0,0.0,,False,0.0,0.0
232,2.32,P3,0.9665365901102534,True,0.03346340988974661,3,temporal|spatial|spectral,flow_3d|phase|coherence,1.1635347385868915,0.2631075689066942,1.0,4.6875,undetermined,False,,False,0.0,0.0,0.9253631882616862,True,1.0,0.36363636363636365,0.9826124345415105,True,1.0,0.36363636363636365,1.0,True,1.0,0.2727272727272727,,False,0.0,0.0,,False,0.0,0.0
232,2.32,P4,0.9235452649368383,True,0.0764547350631617,3,temporal|spatial|spectral,flow_3d|phase|coherence,1.6286775413403056,1.7035617173664976,1.0,4.6875,undetermined,False,,False,0.0,0.0,0.8971084665655266,True,1.0,0.36363636363636365,0.892641012010779,True,1.0,0.36363636363636365,1.0,True,1.0,0.2727272727272727,,False,0.0,0.0,,False,0.0,0.0
233,2.33,P1,0.9688111313751462,True,0.031188868624853816,3,temporal|spatial|spectral,flow_3d|phase|coherence,0.4602921266804145,0.8572766553216864,1.0,4.6875,undetermined,False,,False,0.0,0.0,0.9697798987100438,True,1.0,0.36363636363636365,0.9444507125716084,True,1.0,0.36363636363636365,1.0,True,1.0,0.2727272727272727,,False,0.0,0.0,,False,0.0,0.0
233,2.33,P2,0.9661439040412096,True,0.033856095958790355,3,temporal|spatial|spectral,flow_3d|phase|coherence,0.8932337879182288,0.538973725373598,1.0,4.6875,undetermined,False,,False,0.0,0.0,0.9421894413152594,True,1.0,0.36363636363636365,0.9647062947980669,True,1.0,0.36363636363636365,1.0,True,1.0,0.2727272727272727,,False,0.0,0.0,,False,0.0,0.0
233,2.33,P3,0.9563043254966885,True,0.043695674503311466,3,temporal|spatial|spectral,flow_3d|phase|coherence,1.3303273695623101,0.538973725373598,1.0,4.6875,undetermined,False,,False,0.0,0.0,0.9151306003178263,True,1.0,0.36363636363636365,0.9647062947980669,True,1.0,0.36363636363636365,1.0,True,1.0,0.2727272727272727,,False,0.0,0.0,,False,0.0,0.0
233,2.33,P4,0.9102570722103911,True,0.0897429277896089,3,temporal|spatial|spectral,flow_3d|phase|coherence,1.6544684840302804,2.3035689883013717,1.0,4.6875,undetermined,False,,False,0.0,0.0,0.8955673070072764,True,1.0,0.36363636363636365,0.8576396415712991,True,1.0,0.36363636363636365,1.0,True,1.0,0.2727272727272727,,False,0.0,0.0,,False,0.0,0.0
234,2.34,P1,0.9520093644696583,True,0.04799063553034166,3,temporal|spatial|spectral,flow_3d|phase|coherence,0.6335377612981876,1.424848895360899,1.0,4.6875,undetermined,False,,False,0.0,0.0,0.9586436570792501,True,1.0,0.36363636363636365,0.9093820952123104,True,1.0,0.36363636363636365,1.0,True,1.0,0.2727272727272727,,False,0.0,0.0,,False,0.0,0.0
234,2.34,P2,0.9590578900960871,True,0.04094210990391289,3,temporal|spatial|spectral,flow_3d|phase|coherence,1.0353217140057236,0.7047620127052738,1.0,4.6875,undetermined,False,,False,0.0,0.0,0.9333066626752056,True,1.0,0.36363636363636365,0.9541025350890342,True,1.0,0.36363636363636365,1.0,True,1.0,0.2727272727272727,,False,0.0,0.0,,False,0.0,0.0
234,2.34,P3,0.951638075837897,True,0.048361924162103054,3,temporal|spatial|spectral,flow_3d|phase|coherence,1.3668982886690753,0.7047620127052738,1.0,4.6875,undetermined,False,,False,0.0,0.0,0.9129021734651824,True,1.0,0.36363636363636365,0.9541025350890342,True,1.0,0.36363636363636365,1.0,True,1.0,0.2727272727272727,,False,0.0,0.0,,False,0.0,0.0
234,2.34,P4,0.906700944101662,True,0.09329905589833798,3,temporal|spatial|spectral,flow_3d|phase|coherence,1.518308524143448,2.6207675111074202,1.0,4.6875,undetermined,False,,False,0.0,0.0,0.9037336759216924,True,1.0,0.36363636363636365,0.8396939203578784,True,1.0,0.36363636363636365,1.0,True,1.0,0.2727272727272727,,False,0.0,0.0,,False,0.0,0.0
235,2.35,P1,0.9401296566068675,True,0.059870343393132464,3,temporal|spatial|spectral,flow_3d|phase|coherence,0.7447683057228165,1.8529469980163995,1.0,4.6875,undetermined,False,,False,0.0,0.0,0.951561251800413,True,1.0,0.36363636363636365,0.883795303868473,True,1.0,0.36363636363636365,1.0,True,1.0,0.2727272727272727,,False,0.0,0.0,,False,0.0,0.0
235,2.35,P2,0.9559055149193139,True,0.04409448508068614,3,temporal|spatial|spectral,flow_3d|phase|coherence,1.07606513721581,0.8015632838677806,1.0,4.6875,undetermined,False,,False,0.0,0.0,0.9307750285902031,True,1.0,0.36363636363636365,0.9479651374379101,True,1.0,0.36363636363636365,1.0,True,1.0,0.2727272727272727,,False,0.0,0.0,,False,0.0,0.0
235,2.35,P3,0.9515650909113882,True,0.04843490908861181,3,temporal|spatial|spectral,flow_3d|phase|coherence,1.2696676795408237,0.8015632838677806,1.0,4.6875,undetermined,False,,False,0.0,0.0,0.9188388625684074,True,1.0,0.36363636363636365,0.9479651374379101,True,1.0,0.36363636363636365,1.0,True,1.0,0.2727272727272727,,False,0.0,0.0,,False,0.0,0.0
235,2.35,P4,0.911767457388091,True,0.08823254261190905,3,temporal|spatial|spectral,flow_3d|phase|coherence,1.2335259472365632,2.6814270499656665,1.0,4.6875,undetermined,False,,False,0.0,0.0,0.9210554270588575,True,1.0,0.36363636363636365,0.8363050807583926,True,1.0,0.36363636363636365,1.0,True,1.0,0.2727272727272727,,False,0.0,0.0,,False,0.0,0.0
236,2.36,P1,0.9340038438458313,True,0.06599615615416865,3,temporal|spatial|spectral,flow_3d|phase|coherence,0.7830957392775515,2.0996657382648642,1.0,4.6875,undetermined,False,,False,0.0,0.0,0.9491329620818938,True,1.0,0.36363636363636365,0.8693776084941425,True,1.0,0.36363636363636365,1.0,True,1.0,0.2727272727272727,,False,0.0,0.0,,False,0.0,0.0
236,2.36,P2,0.9569448835258925,True,0.043055116474107535,3,temporal|spatial|spectral,flow_3d|phase|coherence,1.0114758074084182,0.8199019559853786,1.0,4.6875,undetermined,False,,False,0.0,0.0,0.9347915455420767,True,1.0,0.36363636363636365,0.9468068841541274,True,1.0,0.36363636363636365,1.0,True,1.0,0.2727272727272727,,False,0.0,0.0,,False,0.0,0.0
236,2.36,P3,0.9561147310765519,True,0.04388526892344813,3,temporal|spatial|spectral,flow_3d|phase|coherence,1.0481531516436142,0.8199019559853786,1.0,4.6875,undetermined,False,,False,0.0,0.0,0.9325086263063901,True,1.0,0.36363636363636365,0.9468068841541274,True,1.0,0.36363636363636365,1.0,True,1.0,0.2727272727272727,,False,0.0,0.0,,False,0.0,0.0
236,2.36,P4,0.9250651675934861,True,0.07493483240651388,3,temporal|spatial|spectral,flow_3d|phase|coherence,0.8279972561323423,2.479609826571992,1.0,4.6875,undetermined,False,,False,0.0,0.0,0.9462960429530588,True,1.0,0.36363636363636365,0.847633167929028,True,1.0,0.36363636363636365,1.0,True,1.0,0.2727272727272727,,False,0.0,0.0,,False,0.0,0.0
237,2.37,P1,0.9340199606800967,True,0.06598003931990326,3,temporal|spatial|spectral,flow_3d|phase|coherence,0.744768305722955,2.1408545668209022,1.0,4.6875,undetermined,False,,False,0.0,0.0,0.9515612518004042,True,1.0,0.36363636363636365,0.8669936400698618,True,1.0,0.36363636363636365,1.0,True,1.0,0.2727272727272727,,False,0.0,0.0,,False,0.0,0.0
237,2.37,P2,0.9620967652220397,True,0.037903234777960315,3,temporal|spatial|spectral,flow_3d|phase|coherence,0.8478761782059419,0.7579829120584298,1.0,4.6875,undetermined,False,,False,0.0,0.0,0.9450427838980274,True,1.0,0.36363636363636365,0.9507233204625817,True,1.0,0.36363636363636365,1.0,True,1.0,0.2727272727272727,,False,0.0,0.0,,False,0.0,0.0
237,2.37,P3,0.9649456555338305,True,0.03505434446616951,3,temporal|spatial|spectral,flow_3d|phase|coherence,0.7240380903520443,0.7579829120584298,1.0,4.6875,undetermined,False,,False,0.0,0.0,0.9528772322554522,True,1.0,0.36363636363636365,0.9507233204625817,True,1.0,0.36363636363636365,1.0,True,1.0,0.2727272727272727,,False,0.0,0.0,,False,0.0,0.0
237,2.37,P4,0.9456819429649417,True,0.05431805703505832,3,temporal|spatial|spectral,flow_3d|phase|coherence,0.3414184246033354,2.0350711168963347,1.0,4.6875,undetermined,False,,False,0.0,0.0,0.9774958542511648,True,1.0,0.36363636363636365,0.8731294889024248,True,1.0,0.36363636363636365,1.0,True,1.0,0.2727272727272727,,False,0.0,0.0,,False,0.0,0.0
238,2.38,P1,0.9401541839042176,True,0.059845816095782434,3,temporal|spatial|spectral,flow_3d|phase|coherence,0.6335377612980224,1.972481634165283,1.0,4.6875,undetermined,False,,False,0.0,0.0,0.9586436570792607,True,1.0,0.36363636363636365,0.8767803486573373,True,1.0,0.36363636363636365,1.0,True,1.0,0.2727272727272727,,False,0.0,0.0,,False,0.0,0.0
238,2.38,P2,0.9709444467643756,True,0.029055553235624365,3,temporal|spatial|spectral,flow_3d|phase|coherence,0.6012805211792496,0.6218672195215835,1.0,4.6875,undetermined,False,,False,0.0,0.0,0.9607074219048248,True,1.0,0.36363636363636365,0.9593898066972082,True,1.0,0.36363636363636365,1.0,True,1.0,0.2727272727272727,,False,0.0,0.0,,False,0.0,0.0
238,2.38,P3,0.9773425655522127,True,0.02265743444778734,3,temporal|spatial|spectral,flow_3d|phase|coherence,0.3290491361055574,0.621867219521584,1.0,4.6875,undetermined,False,,False,0.0,0.0,0.9783022485713766,True,1.0,0.36363636363636365,0.9593898066972082,True,1.0,0.36363636363636365,1.0,True,1.0,0.2727272727272727,,False,0.0,0.0,,False,0.0,0.0
238,2.38,P4,0.9634843426621907,True,0.03651565733780926,3,temporal|spatial|spectral,flow_3d|phase|coherence,0.17858082112964357,1.3913254671242878,1.0,4.6875,undetermined,False,,False,0.0,0.0,0.9881652006508767,True,1.0,0.36363636363636365,0.911416741670148,True,1.0,0.36363636363636365,1.0,True,1.0,0.2727272727272727,,False,0.0,0.0,,False,0.0,0.0
239,2.39,P1,0.9519798288798613,True,0.04802017112013868,3,temporal|spatial|spectral,flow_3d|phase|coherence,0.46029212668048736,1.6110284560701809,1.0,4.6875,undetermined,False,,False,0.0,0.0,0.9697798987100391,True,1.0,0.36363636363636365,0.8981646307095794,True,1.0,0.36363636363636365,1.0,True,1.0,0.2727272727272727,,False,0.0,0.0,,False,0.0,0.0
239,2.39,P2,0.9827430996876201,True,0.01725690031237992,3,temporal|spatial|spectral,flow_3d|phase|coherence,0.29582733737260497,0.4248788307343636,1.0,4.6875,undetermined,False,,False,0.0,0.0,0.9804713804602636,True,1.0,0.36363636363636365,0.9720721436806915,True,1.0,0.36363636363636365,1.0,True,1.0,0.2727272727272727,,False,0.0,0.0,,False,0.0,0.0
239,2.39,P3,0.9874728030593847,True,0.012527196940615326,3,temporal|spatial|spectral,flow_3d|phase|coherence,0.09814944020183525,0.4248788307343636,1.0,4.6875,undetermined,False,,False,0.0,0.0,0.9934780647326161,True,1.0,0.36363636363636365,0.9720721436806915,True,1.0,0.36363636363636365,1.0,True,1.0,0.2727272727272727,,False,0.0,0.0,,False,0.0,0.0
239,2.39,P4,0.969334242842492,True,0.030665757157507967,3,temporal|spatial|spectral,flow_3d|phase|coherence,0.6810993318431056,0.6113871866957981,1.0,4.6875,undetermined,False,,False,0.0,0.0,0.955608831129917,True,1.0,0.36363636363636365,0.9600603366869364,True,1.0,0.36363636363636365,1.0,True,1.0,0.2727272727272727,,False,0.0,0.0,,False,0.0,0.0
240,2.4,P1,0.9733575428614483,True,0.026642457138551734,3,temporal|spatial|spectral,flow_3d|phase|coherence,0.24198989165937992,0.8845274514787937,1.0,4.6875,undetermined,False,,False,0.0,0.0,0.9839967749314352,True,1.0,0.36363636363636365,0.9427364679375475,True,1.0,0.36363636363636365,1.0,True,1.0,0.2727272727272727,,False,0.0,0.0,,False,0.0,0.0
240,2.4,P2,0.998555928718038,True,0.0014440712819620005,3,temporal|spatial|spectral,flow_3d|phase|coherence,0.0385834873668327,0.021048794830810902,1.0,4.6875,undetermined,False,,False,0.0,0.0,0.9974310728642172,True,1.0,0.36363636363636365,0.9985977311103873,True,1.0,0.36363636363636365,1.0,True,1.0,0.2727272727272727,,False,0.0,0.0,,False,0.0,0.0
240,2.4,P3,0.9782908126735974,True,0.02170918732640259,3,temporal|spatial|spectral,flow_3d|phase|coherence,0.5157404654556625,0.39364947821070917,1.0,4.6875,undetermined,False,,False,0.0,0.0,0.9662016707204613,True,1.0,0.36363636363636365,0.9740980641319319,True,1.0,0.36363636363636365,1.0,True,1.0,0.2727272727272727,,False,0.0,0.0,,False,0.0,0.0
240,2.4,P4,0.9733961526801265,True,0.02660384731987353,3,temporal|spatial|spectral,flow_3d|phase|coherence,1.1169470944586148,0.021048794830810458,1.0,4.6875,undetermined,False,,False,0.0,0.0,0.9282416887599603,True,1.0,0.36363636363636365,0.9985977311103873,True,1.0,0.36363636363636365,1.0,True,1.0,0.2727272727272727,,False,0.0,0.0,,False,0.0,0.0
241,2.41,P1,0.9952395593525498,True,0.0047604406474501815,3,temporal|spatial|spectral,flow_3d|phase|coherence,2.220446049250313e-15,0.1976648545570594,1.0,4.6875,undetermined,False,,False,0.0,0.0,0.9999999999999999,True,1.0,0.36363636363636365,0.9869087882195121,True,1.0,0.36363636363636365,1.0,True,1.0,0.2727272727272727,,False,0.0,0.0,,False,0.0,0.0
241,2.41,P2,0.9830397763003206,True,0.016960223699679422,3,temporal|spatial|spectral,flow_3d|phase|coherence,0.3692174915357116,0.3386939002168319,1.0,4.6875,undetermined,False,,False,0.0,0.0,0.9756859670298237,True,1.0,0.36363636363636365,0.9776734177960578,True,1.0,0.36363636363636365,1.0,True,1.0,0.2727272727272727,,False,0.0,0.0,,False,0.0,0.0
241,2.41,P3,0.974454859297538,True,0.025545140702462055,3,temporal|spatial|spectral,flow_3d|phase|coherence,0.8828472205753819,0.1976648545570594,1.0,4.6875,undetermined,False,,False,0.0,0.0,0.9428420748487171,True,1.0,0.36363636363636365,0.9869087882195121,True,1.0,0.36363636363636365,1.0,True,1.0,0.2727272727272727,,False,0.0,0.0,,False,0.0,0.0
241,2.41,P4,0.9482662905094941,True,0.05173370949050593,3,temporal|spatial|spectral,flow_3d|phase|coherence,1.4434602932402605,0.777646491149337,1.0,4.6875,undetermined,False,,False,0.0,0.0,0.9082544701130624,True,1.0,0.36363636363636365,0.9494778287880462,True,1.0,0.36363636363636365,1.0,True,1.0,0.2727272727272727,,False,0.0,0.0,,False,0.0,0.0
242,2.42,P1,0.9878578943537984,True,0.01214210564620155,3,temporal|spatial|spectral,flow_3d|phase|coherence,0.2419898916593759,0.2631075689066995,1.0,4.6875,undetermined,False,,False,0.0,0.0,0.9839967749314356,True,1.0,0.36363636363636365,0.9826124345415101,True,1.0,0.36363636363636365,1.0,True,1.0,0.2727272727272727,,False,0.0,0.0,,False,0.0,0.0
242,2.42,P2,0.9752176973313915,True,0.02478230266860848,3,temporal|spatial|spectral,flow_3d|phase|coherence,0.6637099151435457,0.3777463001964214,1.0,4.6875,undetermined,False,,False,0.0,0.0,0.9567173055409722,True,1.0,0.36363636363636365,0.9751313621203547,True,1.0,0.36363636363636365,1.0,True,1.0,0.2727272727272727,,False,0.0,0.0,,False,0.0,0.0
242,2.42,P3,0.9665365901102532,True,0.03346340988974683,3,temporal|spatial|spectral,flow_3d|phase|coherence,1.1635347385868933,0.2631075689066995,1.0,4.6875,undetermined,False,,False,0.0,0.0,0.9253631882616862,True,1.0,0.36363636363636365,0.9826124345415101,True,1.0,0.36363636363636365,1.0,True,1.0,0.2727272727272727,,False,0.0,0.0,,False,0.0,0.0
242,2.42,P4,0.9235452649368382,True,0.0764547350631618,3,temporal|spatial|spectral,flow_3d|phase|coherence,1.6286775413403056,1.7035617173665065,1.0,4.6875,undetermined,False,,False,0.0,0.0,0.8971084665655266,True,1.0,0.36363636363636365,0.8926410120107784,True,1.0,0.36363636363636365,1.0,True,1.0,0.2727272727272727,,False,0.0,0.0,,False,0.0,0.0
243,2.43,P1,0.9688111313751461,True,0.031188868624853927,3,temporal|spatial|spectral,flow_3d|phase|coherence,0.4602921266804163,0.8572766553216926,1.0,4.6875,undetermined,False,,False,0.0,0.0,0.9697798987100437,True,1.0,0.36363636363636365,0.9444507125716081,True,1.0,0.36363636363636365,1.0,True,1.0,0.2727272727272727,,False,0.0,0.0,,False,0.0,0.0
243,2.43,P2,0.9661439040412094,True,0.03385609595879058,3,temporal|spatial|spectral,flow_3d|phase|coherence,0.8932337879182324,0.5389737253735998,1.0,4.6875,undetermined,False,,False,0.0,0.0,0.9421894413152592,True,1.0,0.36363636363636365,0.9647062947980668,True,1.0,0.36363636363636365,1.0,True,1.0,0.2727272727272727,,False,0.0,0.0,,False,0.0,0.0
243,2.43,P3,0.9563043254966884,True,0.04369567450331158,3,temporal|spatial|spectral,flow_3d|phase|coherence,1.3303273695623101,0.5389737253735998,1.0,4.6875,undetermined,False,,False,0.0,0.0,0.9151306003178263,True,1.0,0.36363636363636365,0.9647062947980668,True,1.0,0.36363636363636365,1.0,True,1.0,0.2727272727272727,,False,0.0,0.0,,False,0.0,0.0
243,2.43,P4,0.9102570722103911,True,0.0897429277896089,3,temporal|spatial|spectral,flow_3d|phase|coherence,1.6544684840302786,2.3035689883013752,1.0,4.6875,undetermined,False,,False,0.0,0.0,0.8955673070072765,True,1.0,0.36363636363636365,0.8576396415712989,True,1.0,0.36363636363636365,1.0,True,1.0,0.2727272727272727,,False,0.0,0.0,,False,0.0,0.0
244,2.44,P1,0.9520093644696582,True,0.047990635530341774,3,temporal|spatial|spectral,flow_3d|phase|coherence,0.6335377612981885,1.4248488953609044,1.0,4.6875,undetermined,False,,False,0.0,0.0,0.95864365707925,True,1.0,0.36363636363636365,0.9093820952123101,True,1.0,0.36363636363636365,1.0,True,1.0,0.2727272727272727,,False,0.0,0.0,,False,0.0,0.0
244,2.44,P2,0.9590578900960871,True,0.04094210990391289,3,temporal|spatial|spectral,flow_3d|phase|coherence,1.0353217140057254,0.7047620127052747,1.0,4.6875,undetermined,False,,False,0.0,0.0,0.9333066626752055,True,1.0,0.36363636363636365,0.9541025350890342,True,1.0,0.36363636363636365,1.0,True,1.0,0.2727272727272727,,False,0.0,0.0,,False,0.0,0.0
244,2.44,P3,0.951638075837897,True,0.048361924162103054,3,temporal|spatial|spectral,flow_3d|phase|coherence,1.3668982886690753,0.7047620127052747,1.0,4.6875,undetermined,False,,False,0.0,0.0,0.9129021734651824,True,1.0,0.36363636363636365,0.9541025350890342,True,1.0,0.36363636363636365,1.0,True,1.0,0.2727272727272727,,False,0.0,0.0,,False,0.0,0.0
244,2.44,P4,0.906700944101662,True,0.09329905589833798,3,temporal|spatial|spectral,flow_3d|phase|coherence,1.518308524143448,2.620767511107423,1.0,4.6875,undetermined,False,,False,0.0,0.0,0.9037336759216924,True,1.0,0.36363636363636365,0.8396939203578783,True,1.0,0.36363636363636365,1.0,True,1.0,0.2727272727272727,,False,0.0,0.0,,False,0.0,0.0
245,2.45,P1,0.9401296566068675,True,0.059870343393132464,3,temporal|spatial|spectral,flow_3d|phase|coherence,0.7447683057228165,1.852946998016404,1.0,4.6875,undetermined,False,,False,0.0,0.0,0.951561251800413,True,1.0,0.36363636363636365,0.8837953038684728,True,1.0,0.36363636363636365,1.0,True,1.0,0.2727272727272727,,False,0.0,0.0,,False,0.0,0.0
245,2.45,P2,0.9559055149193139,True,0.04409448508068614,3,temporal|spatial|spectral,flow_3d|phase|coherence,1.0760651372158083,0.8015632838677824,1.0,4.6875,undetermined,False,,False,0.0,0.0,0.9307750285902032,True,1.0,0.36363636363636365,0.94796513743791,True,1.0,0.36363636363636365,1.0,True,1.0,0.2727272727272727,,False,0.0,0.0,,False,0.0,0.0
245,2.45,P3,0.9515650909113882,True,0.04843490908861181,3,temporal|spatial|spectral,flow_3d|phase|coherence,1.2696676795408237,0.8015632838677824,1.0,4.6875,undetermined,False,,False,0.0,0.0,0.9188388625684074,True,1.0,0.36363636363636365,0.94796513743791,True,1.0,0.36363636363636365,1.0,True,1.0,0.2727272727272727,,False,0.0,0.0,,False,0.0,0.0
245,2.45,P4,0.9117674573880911,True,0.08823254261190894,3,temporal|spatial|spectral,flow_3d|phase|coherence,1.2335259472365578,2.6814270499656647,1.0,4.6875,undetermined,False,,False,0.0,0.0,0.9210554270588578,True,1.0,0.36363636363636365,0.8363050807583927,True,1.0,0.36363636363636365,1.0,True,1.0,0.2727272727272727,,False,0.0,0.0,,False,0.0,0.0
246,2.46,P1,0.9340038438458313,True,0.06599615615416865,3,temporal|spatial|spectral,flow_3d|phase|coherence,0.7830957392775506,2.099665738264866,1.0,4.6875,undetermined,False,,False,0.0,0.0,0.9491329620818938,True,1.0,0.36363636363636365,0.8693776084941424,True,1.0,0.36363636363636365,1.0,True,1.0,0.2727272727272727,,False,0.0,0.0,,False,0.0,0.0
246,2.46,P2,0.9569448835258925,True,0.043055116474107535,3,temporal|spatial|spectral,flow_3d|phase|coherence,1.0114758074084182,0.8199019559853777,1.0,4.6875,undetermined,False,,False,0.0,0.0,0.9347915455420767,True,1.0,0.36363636363636365,0.9468068841541275,True,1.0,0.36363636363636365,1.0,True,1.0,0.2727272727272727,,False,0.0,0.0,,False,0.0,0.0
246,2.46,P3,0.956114731076552,True,0.04388526892344802,3,temporal|spatial|spectral,flow_3d|phase|coherence,1.048153151643609,0.8199019559853777,1.0,4.6875,undetermined,False,,False,0.0,0.0,0.9325086263063904,True,1.0,0.36363636363636365,0.9468068841541275,True,1.0,0.36363636363636365,1.0,True,1.0,0.2727272727272727,,False,0.0,0.0,,False,0.0,0.0
246,2.46,P4,0.9250651675934862,True,0.07493483240651377,3,temporal|spatial|spectral,flow_3d|phase|coherence,0.8279972561323392,2.4796098265719904,1.0,4.6875,undetermined,False,,False,0.0,0.0,0.946296042953059,True,1.0,0.36363636363636365,0.8476331679290281,True,1.0,0.36363636363636365,1.0,True,1.0,0.2727272727272727,,False,0.0,0.0,,False,0.0,0.0
247,2.47,P1,0.9340199606800967,True,0.06598003931990326,3,temporal|spatial|spectral,flow_3d|phase|coherence,0.744768305722955,2.1408545668209014,1.0,4.6875,undetermined,False,,False,0.0,0.0,0.9515612518004042,True,1.0,0.36363636363636365,0.8669936400698619,True,1.0,0.36363636363636365,1.0,True,1.0,0.2727272727272727,,False,0.0,0.0,,False,0.0,0.0
247,2.47,P2,0.9620967652220398,True,0.037903234777960204,3,temporal|spatial|spectral,flow_3d|phase|coherence,0.8478761782059401,0.757982912058428,1.0,4.6875,undetermined,False,,False,0.0,0.0,0.9450427838980275,True,1.0,0.36363636363636365,0.9507233204625818,True,1.0,0.36363636363636365,1.0,True,1.0,0.2727272727272727,,False,0.0,0.0,,False,0.0,0.0
247,2.47,P3,0.9649456555338307,True,0.035054344466169285,3,temporal|spatial|spectral,flow_3d|phase|coherence,0.7240380903520411,0.757982912058428,1.0,4.6875,undetermined,False,,False,0.0,0.0,0.9528772322554524,True,1.0,0.36363636363636365,0.9507233204625818,True,1.0,0.36363636363636365,1.0,True,1.0,0.2727272727272727,,False,0.0,0.0,,False,0.0,0.0
247,2.47,P4,0.9456819429649419,True,0.0543180570350581,3,temporal|spatial|spectral,flow_3d|phase|coherence,0.34141842460332805,2.0350711168963285,1.0,4.6875,undetermined,False,,False,0.0,0.0,0.9774958542511653,True,1.0,0.36363636363636365,0.8731294889024251,True,1.0,0.36363636363636365,1.0,True,1.0,0.2727272727272727,,False,0.0,0.0,,False,0.0,0.0
248,2.48,P1,0.9401541839042176,True,0.059845816095782434,3,temporal|spatial|spectral,flow_3d|phase|coherence,0.6335377612980206,1.9724816341652796,1.0,4.6875,undetermined,False,,False,0.0,0.0,0.9586436570792608,True,1.0,0.36363636363636365,0.8767803486573376,True,1.0,0.36363636363636365,1.0,True,1.0,0.2727272727272727,,False,0.0,0.0,,False,0.0,0.0
248,2.48,P2,0.9709444467643757,True,0.029055553235624254,3,temporal|spatial|spectral,flow_3d|phase|coherence,0.6012805211792451,0.6218672195215817,1.0,4.6875,undetermined,False,,False,0.0,0.0,0.9607074219048252,True,1.0,0.36363636363636365,0.9593898066972083,True,1.0,0.36363636363636365,1.0,True,1.0,0.2727272727272727,,False,0.0,0.0,,False,0.0,0.0
248,2.48,P3,0.9773425655522128,True,0.022657434447787228,3,temporal|spatial|spectral,flow_3d|phase|coherence,0.3290491361055534,0.6218672195215822,1.0,4.6875,undetermined,False,,False,0.0,0.0,0.9783022485713768,True,1.0,0.36363636363636365,0.9593898066972083,True,1.0,0.36363636363636365,1.0,True,1.0,0.2727272727272727,,False,0.0,0.0,,False,0.0,0.0
248,2.48,P4,0.9634843426621909,True,0.03651565733780915,3,temporal|spatial|spectral,flow_3d|phase|coherence,0.1785808211296498,1.3913254671242798,1.0,4.6875,undetermined,False,,False,0.0,0.0,0.9881652006508762,True,1.0,0.36363636363636365,0.9114167416701485,True,1.0,0.36363636363636365,1.0,True,1.0,0.2727272727272727,,False,0.0,0.0,,False,0.0,0.0
249,2.49,P1,0.9519798288798613,True,0.04802017112013868,3,temporal|spatial|spectral,flow_3d|phase|coherence,0.46029212668048514,1.611028456070176,1.0,4.6875,undetermined,False,,False,0.0,0.0,0.9697798987100392,True,1.0,0.36363636363636365,0.8981646307095796,True,1.0,0.36363636363636365,1.0,True,1.0,0.2727272727272727,,False,0.0,0.0,,False,0.0,0.0
249,2.49,P2,0.9827430996876202,True,0.017256900312379808,3,temporal|spatial|spectral,flow_3d|phase|coherence,0.2958273373726018,0.4248788307343614,1.0,4.6875,undetermined,False,,False,0.0,0.0,0.9804713804602638,True,1.0,0.36363636363636365,0.9720721436806916,True,1.0,0.36363636363636365,1.0,True,1.0,0.2727272727272727,,False,0.0,0.0,,False,0.0,0.0
249,2.49,P3,0.9874728030593846,True,0.012527196940615437,3,temporal|spatial|spectral,flow_3d|phase|coherence,0.09814944020183969,0.42487883073436095,1.0,4.6875,undetermined,False,,False,0.0,0.0,0.9934780647326158,True,1.0,0.36363636363636365,0.9720721436806917,True,1.0,0.36363636363636365,1.0,True,1.0,0.2727272727272727,,False,0.0,0.0,,False,0.0,0.0
249,2.49,P4,0.9693342428424923,True,0.030665757157507745,3,temporal|spatial|spectral,flow_3d|phase|coherence,0.6810993318431109,0.6113871866957874,1.0,4.6875,undetermined,False,,False,0.0,0.0,0.9556088311299167,True,1.0,0.36363636363636365,0.960060336686937,True,1.0,0.36363636363636365,1.0,True,1.0,0.2727272727272727,,False,0.0,0.0,,False,0.0,0.0
250,2.5,P1,0.9838634280100895,True,0.016136571989910475,3,temporal|spatial|spectral,flow_3d|phase|coherence,0.24198989165937718,0.43173932832398476,1.0,4.6875,undetermined,False,,False,0.0,0.0,0.9839967749314354,True,1.0,0.36363636363636365,0.9716276520963107,True,1.0,0.36363636363636365,1.0,True,1.0,0.2727272727272727,,False,0.0,0.0,,False,0.0,0.0
250,2.5,P2,0.987758425116628,True,0.012241574883371964,3,temporal|spatial|spectral,flow_3d|phase|coherence,0.038583487366836255,0.47383691798561633,1.0,4.6875,undetermined,False,,False,0.0,0.0,0.997431072864217,True,1.0,0.36363636363636365,0.9689045962065103,True,1.0,0.36363636363636365,1.0,True,1.0,0.2727272727272727,,False,0.0,0.0,,False,0.0,0.0
250,2.5,P3,0.2762810886992759,True,0.7237189113007241,3,temporal|spatial|spectral,flow_3d|phase|coherence,80.51574046545566,79.15356239863448,0.0,4.6875,undetermined,False,,False,0.0,0.0,0.004664773350194776,True,1.0,0.36363636363636365,0.005108220572814138,True,1.0,0.36363636363636365,1.0,True,1.0,0.2727272727272727,,False,0.0,0.0,,False,0.0,0.0
250,2.5,P4,0.9635888512204622,True,0.03641114877953777,3,temporal|spatial|spectral,flow_3d|phase|coherence,1.1169470944586166,0.43173932832398476,1.0,4.6875,undetermined,False,,False,0.0,0.0,0.9282416887599602,True,1.0,0.36363636363636365,0.9716276520963107,True,1.0,0.36363636363636365,1.0,True,1.0,0.2727272727272727,,False,0.0,0.0,,False,0.0,0.0
251,2.51,P1,0.9935564542662269,True,0.006443545733773148,3,temporal|spatial|spectral,flow_3d|phase|coherence,1.0835776720341528e-13,0.2681793773869363,1.0,4.6875,undetermined,False,,False,0.0,0.0,0.9999999999999928,True,1.0,0.36363636363636365,0.982280249232131,True,1.0,0.36363636363636365,1.0,True,1.0,0.2727272727272727,,False,0.0,0.0,,False,0.0,0.0
251,2.51,P2,0.9847149877316169,True,0.01528501226838308,3,temporal|spatial|spectral,flow_3d|phase|coherence,0.36921749153583683,0.2681793773869363,1.0,4.6875,undetermined,False,,False,0.0,0.0,0.9756859670298156,True,1.0,0.36363636363636365,0.982280249232131,True,1.0,0.36363636363636365,1.0,True,1.0,0.2727272727272727,,False,0.0,0.0,,False,0.0,0.0
251,2.51,P3,0.2744770618540398,True,0.7255229381459603,3,temporal|spatial|spectral,flow_3d|phase|coherence,159.1171527794245,80.12715033172718,0.0,4.6875,undetermined,False,,False,0.0,0.0,2.4722169029927145e-05,True,1.0,0.36363636363636365,0.004787197929579655,True,1.0,0.36363636363636365,1.0,True,1.0,0.2727272727272727,,False,0.0,0.0,,False,0.0,0.0
251,2.51,P4,0.9466470213510293,True,0.053352978648970706,3,temporal|spatial|spectral,flow_3d|phase|coherence,1.4434602932403102,0.8481610139791687,1.0,4.6875,undetermined,False,,False,0.0,0.0,0.9082544701130594,True,1.0,0.36363636363636365,0.9450248386022712,True,1.0,0.36363636363636365,1.0,True,1.0,0.2727272727272727,,False,0.0,0.0,,False,0.0,0.0
252,2.52,P1,0.9878578943538034,True,0.012142105646196555,3,temporal|spatial|spectral,flow_3d|phase|coherence,0.24198989165916185,0.26310756890670706,1.0,4.6875,undetermined,False,,False,0.0,0.0,0.9839967749314495,True,1.0,0.36363636363636365,0.9826124345415097,True,1.0,0.36363636363636365,1.0,True,1.0,0.2727272727272727,,False,0.0,0.0,,False,0.0,0.0
252,2.52,P2,0.9752176973313968,True,0.02478230266860315,3,temporal|spatial|spectral,flow_3d|phase|coherence,0.6637099151433041,0.37774630019643873,1.0,4.6875,undetermined,False,,False,0.0,0.0,0.9567173055409877,True,1.0,0.36363636363636365,0.9751313621203536,True,1.0,0.36363636363636365,1.0,True,1.0,0.2727272727272727,,False,0.0,0.0,,False,0.0,0.0
252,2.52,P3,0.6316654697238435,True,0.3683345302761565,3,temporal|spatial|spectral,flow_3d|phase|coherence,81.16353473858669,0.26310756890670706,1.0,4.6875,undetermined,False,,False,0.0,0.0,0.004467607199059911,True,1.0,0.36363636363636365,0.9826124345415097,True,1.0,0.36363636363636365,1.0,True,1.0,0.2727272727272727,,False,0.0,0.0,,False,0.0,0.0
252,2.52,P4,0.9235452649368388,True,0.07645473506316125,3,temporal|spatial|spectral,flow_3d|phase|coherence,1.6286775413402133,1.7035617173665745,1.0,4.6875,undetermined,False,,False,0.0,0.0,0.8971084665655321,True,1.0,0.36363636363636365,0.8926410120107744,True,1.0,0.36363636363636365,1.0,True,1.0,0.2727272727272727,,False,0.0,0.0,,False,0.0,0.0
253,2.53,P1,0.9688111313751431,True,0.031188868624856925,3,temporal|spatial|spectral,flow_3d|phase|coherence,0.46029212668059305,0.8572766553216473,1.0,4.6875,undetermined,False,,False,0.0,0.0,0.9697798987100322,True,1.0,0.36363636363636365,0.944450712571611,True,1.0,0.36363636363636365,1.0,True,1.0,0.2727272727272727,,False,0.0,0.0,,False,0.0,0.0
253,2.53,P2,0.9661439040412063,True,0.033856095958793686,3,temporal|spatial|spectral,flow_3d|phase|coherence,0.8932337879184011,0.5389737253735722,1.0,4.6875,undetermined,False,,False,0.0,0.0,0.9421894413152486,True,1.0,0.36363636363636365,0.9647062947980686,True,1.0,0.36363636363636365,1.0,True,1.0,0.2727272727272727,,False,0.0,0.0,,False,0.0,0.0
253,2.53,P3,0.9563043254966871,True,0.04369567450331291,3,temporal|spatial|spectral,flow_3d|phase|coherence,1.330327369562399,0.5389737253735722,1.0,4.6875,undetermined,False,,False,0.0,0.0,0.9151306003178209,True,1.0,0.36363636363636365,0.9647062947980686,True,1.0,0.36363636363636365,1.0,True,1.0,0.2727272727272727,,False,0.0,0.0,,False,0.0,0.0
253,2.53,P4,0.9102570722103944,True,0.08974292778960558,3,temporal|spatial|spectral,flow_3d|phase|coherence,1.6544684840302253,2.303568988301266,1.0,4.6875,undetermined,False,,False,0.0,0.0,0.8955673070072796,True,1.0,0.36363636363636365,0.8576396415713051,True,1.0,0.36363636363636365,1.0,True,1.0,0.2727272727272727,,False,0.0,0.0,,False,0.0,0.0
254,2.54,P1,0.95200936446966,True,0.04799063553034,3,temporal|spatial|spectral,flow_3d|phase|coherence,0.6335377612980571,1.4248488953609613,1.0,4.6875,undetermined,False,,False,0.0,0.0,0.9586436570792585,True,1.0,0.36363636363636365,0.9093820952123066,True,1.0,0.36363636363636365,1.0,True,1.0,0.2727272727272727,,False,0.0,0.0,,False,0.0,0.0
254,2.54,P2,0.9590578900960884,True,0.04094210990391156,3,temporal|spatial|spectral,flow_3d|phase|coherence,1.0353217140056366,0.7047620127053058,1.0,4.6875,undetermined,False,,False,0.0,0.0,0.933306662675211,True,1.0,0.36363636363636365,0.9541025350890322,True,1.0,0.36363636363636365,1.0,True,1.0,0.2727272727272727,,False,0.0,0.0,,False,0.0,0.0
254,2.54,P3,0.9516380758378956,True,0.048361924162104386,3,temporal|spatial|spectral,flow_3d|phase|coherence,1.3668982886691037,0.7047620127053058,1.0,4.6875,undetermined,False,,False,0.0,0.0,0.9129021734651807,True,1.0,0.36363636363636365,0.9541025350890322,True,1.0,0.36363636363636365,1.0,True,1.0,0.2727272727272727,,False,0.0,0.0,,False,0.0,0.0
254,2.54,P4,0.9067009441016554,True,0.09329905589834464,3,temporal|spatial|spectral,flow_3d|phase|coherence,1.5183085241436434,2.6207675111075392,1.0,4.6875,undetermined,False,,False,0.0,0.0,0.9037336759216806,True,1.0,0.36363636363636365,0.8396939203578717,True,1.0,0.36363636363636365,1.0,True,1.0,0.2727272727272727,,False,0.0,0.0,,False,0.0,0.0
255,2.55,P1,0.9401296566068678,True,0.05987034339313224,3,temporal|spatial|spectral,flow_3d|phase|coherence,0.7447683057228858,1.8529469980163187,1.0,4.6875,undetermined,False,,False,0.0,0.0,0.9515612518004085,True,1.0,0.36363636363636365,0.8837953038684778,True,1.0,0.36363636363636365,1.0,True,1.0,0.2727272727272727,,False,0.0,0.0,,False,0.0,0.0
255,2.55,P2,0.9559055149193149,True,0.04409448508068514,3,temporal|spatial|spectral,flow_3d|phase|coherence,1.076065137215803,0.8015632838677451,1.0,4.6875,undetermined,False,,False,0.0,0.0,0.9307750285902036,True,1.0,0.36363636363636365,0.9479651374379123,True,1.0,0.36363636363636365,1.0,True,1.0,0.2727272727272727,,False,0.0,0.0,,False,0.0,0.0
255,2.55,P3,0.9515650909113922,True,0.048434909088607814,3,temporal|spatial|spectral,flow_3d|phase|coherence,1.2696676795406816,0.8015632838677451,1.0,4.6875,undetermined,False,,False,0.0,0.0,0.9188388625684162,True,1.0,0.36363636363636365,0.9479651374379123,True,1.0,0.36363636363636365,1.0,True,1.0,0.2727272727272727,,False,0.0,0.0,,False,0.0,0.0
255,2.55,P4,0.9117674573881005,True,0.0882325426118995,3,temporal|spatial|spectral,flow_3d|phase|coherence,1.233525947236247,2.681427049965544,1.0,4.6875,undetermined,False,,False,0.0,0.0,0.9210554270588768,True,1.0,0.36363636363636365,0.8363050807583995,True,1.0,0.36363636363636365,1.0,True,1.0,0.2727272727272727,,False,0.0,0.0,,False,0.0,0.0
256,2.56,P1,0.9340038438458294,True,0.06599615615417065,3,temporal|spatial|spectral,flow_3d|phase|coherence,0.7830957392775524,2.099665738264958,1.0,4.6875,undetermined,False,,False,0.0,0.0,0.9491329620818937,True,1.0,0.36363636363636365,0.869377608494137,True,1.0,0.36363636363636365,1.0,True,1.0,0.2727272727272727,,False,0.0,0.0,,False,0.0,0.0
256,2.56,P2,0.9569448835258891,True,0.043055116474110866,3,temporal|spatial|spectral,flow_3d|phase|coherence,1.0114758074085213,0.8199019559854146,1.0,4.6875,undetermined,False,,False,0.0,0.0,0.9347915455420702,True,1.0,0.36363636363636365,0.9468068841541252,True,1.0,0.36363636363636365,1.0,True,1.0,0.2727272727272727,,False,0.0,0.0,,False,0.0,0.0
256,2.56,P3,0.9561147310765454,True,0.04388526892345457,3,temporal|spatial|spectral,flow_3d|phase|coherence,1.0481531516438602,0.8199019559854146,1.0,4.6875,undetermined,False,,False,0.0,0.0,0.9325086263063748,True,1.0,0.36363636363636365,0.9468068841541252,True,1.0,0.36363636363636365,1.0,True,1.0,0.2727272727272727,,False,0.0,0.0,,False,0.0,0.0
256,2.56,P4,0.9250651675934745,True,0.07493483240652554,3,temporal|spatial|spectral,flow_3d|phase|coherence,0.8279972561327513,2.4796098265721045,1.0,4.6875,undetermined,False,,False,0.0,0.0,0.946296042953033,True,1.0,0.36363636363636365,0.8476331679290217,True,1.0,0.36363636363636365,1.0,True,1.0,0.2727272727272727,,False,0.0,0.0,,False,0.0,0.0
257,2.57,P1,0.9340199606801003,True,0.06598003931989971,3,temporal|spatial|spectral,flow_3d|phase|coherence,0.7447683057228867,2.1408545668208054,1.0,4.6875,undetermined,False,,False,0.0,0.0,0.9515612518004085,True,1.0,0.36363636363636365,0.8669936400698675,True,1.0,0.36363636363636365,1.0,True,1.0,0.2727272727272727,,False,0.0,0.0,,False,0.0,0.0
257,2.57,P2,0.9620967652220448,True,0.03790323477795521,3,temporal|spatial|spectral,flow_3d|phase|coherence,0.8478761782057527,0.7579829120583961,1.0,4.6875,undetermined,False,,False,0.0,0.0,0.9450427838980393,True,1.0,0.36363636363636365,0.9507233204625838,True,1.0,0.36363636363636365,1.0,True,1.0,0.2727272727272727,,False,0.0,0.0,,False,0.0,0.0
257,2.57,P3,0.9649456555338389,True,0.03505434446616107,3,temporal|spatial|spectral,flow_3d|phase|coherence,0.7240380903517156,0.7579829120583961,1.0,4.6875,undetermined,False,,False,0.0,0.0,0.952877232255473,True,1.0,0.36363636363636365,0.9507233204625838,True,1.0,0.36363636363636365,1.0,True,1.0,0.2727272727272727,,False,0.0,0.0,,False,0.0,0.0
257,2.57,P4,0.9456819429649544,True,0.05431805703504555,3,temporal|spatial|spectral,flow_3d|phase|coherence,0.3414184246028742,2.035071116896244,1.0,4.6875,undetermined,False,,False,0.0,0.0,0.9774958542511948,True,1.0,0.36363636363636365,0.87312948890243,True,1.0,0.36363636363636365,1.0,True,1.0,0.2727272727272727,,False,0.0,0.0,,False,0.0,0.0
258,2.58,P1,0.9401541839042125,True,0.05984581609578754,3,temporal|spatial|spectral,flow_3d|phase|coherence,0.633537761298153,1.9724816341653715,1.0,4.6875,undetermined,False,,False,0.0,0.0,0.9586436570792524,True,1.0,0.36363636363636365,0.8767803486573321,True,1.0,0.36363636363636365,1.0,True,1.0,0.2727272727272727,,False,0.0,0.0,,False,0.0,0.0
258,2.58,P2,0.9709444467643691,True,0.029055553235630915,3,temporal|spatial|spectral,flow_3d|phase|coherence,0.6012805211795031,0.621867219521612,1.0,4.6875,undetermined,False,,False,0.0,0.0,0.9607074219048086,True,1.0,0.36363636363636365,0.9593898066972063,True,1.0,0.36363636363636365,1.0,True,1.0,0.2727272727272727,,False,0.0,0.0,,False,0.0,0.0
258,2.58,P3,0.977342565552203,True,0.022657434447796998,3,temporal|spatial|spectral,flow_3d|phase|coherence,0.32904913610593467,0.621867219521612,1.0,4.6875,undetermined,False,,False,0.0,0.0,0.978302248571352,True,1.0,0.36363636363636365,0.9593898066972063,True,1.0,0.36363636363636365,1.0,True,1.0,0.2727272727272727,,False,0.0,0.0,,False,0.0,0.0
258,2.58,P4,0.9634843426622006,True,0.03651565733779938,3,temporal|spatial|spectral,flow_3d|phase|coherence,0.1785808211291755,1.3913254671243496,1.0,4.6875,undetermined,False,,False,0.0,0.0,0.9881652006509075,True,1.0,0.36363636363636365,0.9114167416701443,True,1.0,0.36363636363636365,1.0,True,1.0,0.2727272727272727,,False,0.0,0.0,,False,0.0,0.0
259,2.59,P1,0.9519798288798671,True,0.048020171120132904,3,temporal|spatial|spectral,flow_3d|phase|coherence,0.46029212668030794,1.6110284560701098,1.0,4.6875,undetermined,False,,False,0.0,0.0,0.9697798987100508,True,1.0,0.36363636363636365,0.8981646307095836,True,1.0,0.36363636363636365,1.0,True,1.0,0.2727272727272727,,False,0.0,0.0,,False,0.0,0.0
259,2.59,P2,0.9827430996876274,True,0.01725690031237259,3,temporal|spatial|spectral,flow_3d|phase|coherence,0.2958273373723128,0.4248788307343454,1.0,4.6875,undetermined,False,,False,0.0,0.0,0.9804713804602827,True,1.0,0.36363636363636365,0.9720721436806927,True,1.0,0.36363636363636365,1.0,True,1.0,0.2727272727272727,,False,0.0,0.0,,False,0.0,0.0
259,2.59,P3,0.9874728030593758,True,0.012527196940624208,3,temporal|spatial|spectral,flow_3d|phase|coherence,0.09814944020222072,0.42487883073434496,1.0,4.6875,undetermined,False,,False,0.0,0.0,0.9934780647325906,True,1.0,0.36363636363636365,0.9720721436806927,True,1.0,0.36363636363636365,1.0,True,1.0,0.2727272727272727,,False,0.0,0.0,,False,0.0,0.0
259,2.59,P4,0.9693342428424829,True,0.03066575715751707,3,temporal|spatial|spectral,flow_3d|phase|coherence,0.6810993318435337,0.6113871866957696,1.0,4.6875,undetermined,False,,False,0.0,0.0,0.9556088311298897,True,1.0,0.36363636363636365,0.9600603366869382,True,1.0,0.36363636363636365,1.0,True,1.0,0.2727272727272727,,False,0.0,0.0,,False,0.0,0.0
260,2.6,P1,0.9733575428614423,True,0.02664245713855773,3,temporal|spatial|spectral,flow_3d|phase|coherence,0.24198989165959112,0.8845274514788346,1.0,4.6875,undetermined,False,,False,0.0,0.0,0.9839967749314215,True,1.0,0.36363636363636365,0.942736467937545,True,1.0,0.36363636363636365,1.0,True,1.0,0.2727272727272727,,False,0.0,0.0,,False,0.0,0.0
260,2.6,P2,0.9985559287180454,True,0.001444071281954562,3,temporal|spatial|spectral,flow_3d|phase|coherence,0.03858348736652761,0.021048794830810902,1.0,4.6875,undetermined,False,,False,0.0,0.0,0.9974310728642375,True,1.0,0.36363636363636365,0.9985977311103873,True,1.0,0.36363636363636365,1.0,True,1.0,0.2727272727272727,,False,0.0,0.0,,False,0.0,0.0
260,2.6,P3,0.9782908126736055,True,0.021709187326394486,3,temporal|spatial|spectral,flow_3d|phase|coherence,0.5157404654553055,0.39364947821072427,1.0,4.6875,undetermined,False,,False,0.0,0.0,0.9662016707204842,True,1.0,0.36363636363636365,0.9740980641319309,True,1.0,0.36363636363636365,1.0,True,1.0,0.2727272727272727,,False,0.0,0.0,,False,0.0,0.0
260,2.6,P4,0.9733961526801342,True,0.02660384731986576,3,temporal|spatial|spectral,flow_3d|phase|coherence,1.116947094458265,0.021048794830811346,1.0,4.6875,undetermined,False,,False,0.0,0.0,0.9282416887599819,True,1.0,0.36363636363636365,0.9985977311103873,True,1.0,0.36363636363636365,1.0,True,1.0,0.2727272727272727,,False,0.0,0.0,,False,0.0,0.0
261,2.61,P1,0.9952395593525447,True,0.0047604406474552885,3,temporal|spatial|spectral,flow_3d|phase|coherence,2.19824158875781e-13,0.19766485455705185,1.0,4.6875,undetermined,False,,False,0.0,0.0,0.9999999999999853,True,1.0,0.36363636363636365,0.9869087882195127,True,1.0,0.36363636363636365,1.0,True,1.0,0.2727272727272727,,False,0.0,0.0,,False,0.0,0.0
261,2.61,P2,0.9830397763003141,True,0.01696022369968586,3,temporal|spatial|spectral,flow_3d|phase|coherence,0.3692174915359967,0.33869390021681633,1.0,4.6875,undetermined,False,,False,0.0,0.0,0.9756859670298051,True,1.0,0.36363636363636365,0.9776734177960588,True,1.0,0.36363636363636365,1.0,True,1.0,0.2727272727272727,,False,0.0,0.0,,False,0.0,0.0
261,2.61,P3,0.9744548592975313,True,0.025545140702468716,3,temporal|spatial|spectral,flow_3d|phase|coherence,0.882847220575675,0.19766485455705185,1.0,4.6875,undetermined,False,,False,0.0,0.0,0.9428420748486986,True,1.0,0.36363636363636365,0.9869087882195127,True,1.0,0.36363636363636365,1.0,True,1.0,0.2727272727272727,,False,0.0,0.0,,False,0.0,0.0
261,2.61,P4,0.9482662905094899,True,0.05173370949051015,3,temporal|spatial|spectral,flow_3d|phase|coherence,1.4434602932404914,0.7776464911493002,1.0,4.6875,undetermined,False,,False,0.0,0.0,0.9082544701130484,True,1.0,0.36363636363636365,0.9494778287880485,True,1.0,0.36363636363636365,1.0,True,1.0,0.2727272727272727,,False,0.0,0.0,,False,0.0,0.0
262,2.62,P1,0.9878578943538016,True,0.012142105646198442,3,temporal|spatial|spectral,flow_3d|phase|coherence,0.241989891659256,0.26310756890668974,1.0,4.6875,undetermined,False,,False,0.0,0.0,0.9839967749314434,True,1.0,0.36363636363636365,0.9826124345415108,True,1.0,0.36363636363636365,1.0,True,1.0,0.2727272727272727,,False,0.0,0.0,,False,0.0,0.0
262,2.62,P2,0.9752176973313952,True,0.024782302668604816,3,temporal|spatial|spectral,flow_3d|phase|coherence,0.6637099151433912,0.3777463001964214,1.0,4.6875,undetermined,False,,False,0.0,0.0,0.9567173055409821,True,1.0,0.36363636363636365,0.9751313621203547,True,1.0,0.36363636363636365,1.0,True,1.0,0.2727272727272727,,False,0.0,0.0,,False,0.0,0.0
262,2.62,P3,0.9665365901102569,True,0.033463409889743057,3,temporal|spatial|spectral,flow_3d|phase|coherence,1.1635347385867387,0.26310756890668974,1.0,4.6875,undetermined,False,,False,0.0,0.0,0.9253631882616956,True,1.0,0.36363636363636365,0.9826124345415108,True,1.0,0.36363636363636365,1.0,True,1.0,0.2727272727272727,,False,0.0,0.0,,False,0.0,0.0
262,2.62,P4,0.9235452649368413,True,0.0764547350631587,3,temporal|spatial|spectral,flow_3d|phase|coherence,1.6286775413401848,1.703561717366486,1.0,4.6875,undetermined,False,,False,0.0,0.0,0.8971084665655339,True,1.0,0.36363636363636365,0.8926410120107796,True,1.0,0.36363636363636365,1.0,True,1.0,0.2727272727272727,,False,0.0,0.0,,False,0.0,0.0
263,2.63,P1,0.9688111313751465,True,0.031188868624853483,3,temporal|spatial|spectral,flow_3d|phase|coherence,0.46029212668041364,0.8572766553216775,1.0,4.6875,undetermined,False,,False,0.0,0.0,0.9697798987100439,True,1.0,0.36363636363636365,0.944450712571609,True,1.0,0.36363636363636365,1.0,True,1.0,0.2727272727272727,,False,0.0,0.0,,False,0.0,0.0
263,2.63,P2,0.9661439040412096,True,0.033856095958790355,3,temporal|spatial|spectral,flow_3d|phase|coherence,0.8932337879182288,0.5389737253735936,1.0,4.6875,undetermined,False,,False,0.0,0.0,0.9421894413152594,True,1.0,0.36363636363636365,0.9647062947980671,True,1.0,0.36363636363636365,1.0,True,1.0,0.2727272727272727,,False,0.0,0.0,,False,0.0,0.0
263,2.63,P3,0.9563043254966886,True,0.043695674503311355,3,temporal|spatial|spectral,flow_3d|phase|coherence,1.3303273695623048,0.5389737253735936,1.0,4.6875,undetermined,False,,False,0.0,0.0,0.9151306003178267,True,1.0,0.36363636363636365,0.9647062947980671,True,1.0,0.36363636363636365,1.0,True,1.0,0.2727272727272727,,False,0.0,0.0,,False,0.0,0.0
263,2.63,P4,0.9102570722103911,True,0.0897429277896089,3,temporal|spatial|spectral,flow_3d|phase|coherence,1.6544684840302821,2.3035689883013672,1.0,4.6875,undetermined,False,,False,0.0,0.0,0.8955673070072763,True,1.0,0.36363636363636365,0.8576396415712993,True,1.0,0.36363636363636365,1.0,True,1.0,0.2727272727272727,,False,0.0,0.0,,False,0.0,0.0
264,2.64,P1,0.9520093644696578,True,0.04799063553034222,3,temporal|spatial|spectral,flow_3d|phase|coherence,0.6335377612981485,1.4248488953609684,1.0,4.6875,undetermined,False,,False,0.0,0.0,0.9586436570792526,True,1.0,0.36363636363636365,0.9093820952123063,True,1.0,0.36363636363636365,1.0,True,1.0,0.2727272727272727,,False,0.0,0.0,,False,0.0,0.0
264,2.64,P2,0.9590578900960863,True,0.04094210990391367,3,temporal|spatial|spectral,flow_3d|phase|coherence,1.0353217140057254,0.7047620127053085,1.0,4.6875,undetermined,False,,False,0.0,0.0,0.9333066626752055,True,1.0,0.36363636363636365,0.954102535089032,True,1.0,0.36363636363636365,1.0,True,1.0,0.2727272727272727,,False,0.0,0.0,,False,0.0,0.0
264,2.64,P3,0.9516380758378944,True,0.04836192416210561,3,temporal|spatial|spectral,flow_3d|phase|coherence,1.3668982886691552,0.7047620127053085,1.0,4.6875,undetermined,False,,False,0.0,0.0,0.9129021734651775,True,1.0,0.36363636363636365,0.954102535089032,True,1.0,0.36363636363636365,1.0,True,1.0,0.2727272727272727,,False,0.0,0.0,,False,0.0,0.0
264,2.64,P4,0.9067009441016561,True,0.09329905589834386,3,temporal|spatial|spectral,flow_3d|phase|coherence,1.5183085241436114,2.6207675111075384,1.0,4.6875,undetermined,False,,False,0.0,0.0,0.9037336759216825,True,1.0,0.36363636363636365,0.8396939203578718,True,1.0,0.36363636363636365,1.0,True,1.0,0.2727272727272727,,False,0.0,0.0,,False,0.0,0.0
265,2.65,P1,0.9401296566068678,True,0.05987034339313224,3,temporal|spatial|spectral,flow_3d|phase|coherence,0.7447683057228858,1.8529469980163205,1.0,4.6875,undetermined,False,,False,0.0,0.0,0.9515612518004085,True,1.0,0.36363636363636365,0.8837953038684777,True,1.0,0.36363636363636365,1.0,True,1.0,0.2727272727272727,,False,0.0,0.0,,False,0.0,0.0
265,2.65,P2,0.9559055149193149,True,0.04409448508068514,3,temporal|spatial|spectral,flow_3d|phase|coherence,1.0760651372158012,0.8015632838677442,1.0,4.6875,undetermined,False,,False,0.0,0.0,0.9307750285902036,True,1.0,0.36363636363636365,0.9479651374379123,True,1.0,0.36363636363636365,1.0,True,1.0,0.2727272727272727,,False,0.0,0.0,,False,0.0,0.0
265,2.65,P3,0.9515650909113924,True,0.04843490908860759,3,temporal|spatial|spectral,flow_3d|phase|coherence,1.2696676795406727,0.8015632838677442,1.0,4.6875,undetermined,False,,False,0.0,0.0,0.9188388625684167,True,1.0,0.36363636363636365,0.9479651374379123,True,1.0,0.36363636363636365,1.0,True,1.0,0.2727272727272727,,False,0.0,0.0,,False,0.0,0.0
265,2.65,P4,0.9117674573881005,True,0.0882325426118995,3,temporal|spatial|spectral,flow_3d|phase|coherence,1.2335259472362434,2.681427049965545,1.0,4.6875,undetermined,False,,False,0.0,0.0,0.921055427058877,True,1.0,0.36363636363636365,0.8363050807583994,True,1.0,0.36363636363636365,1.0,True,1.0,0.2727272727272727,,False,0.0,0.0,,False,0.0,0.0
266,2.66,P1,0.9340038438458294,True,0.06599615615417065,3,temporal|spatial|spectral,flow_3d|phase|coherence,0.7830957392775515,2.09966573826496,1.0,4.6875,undetermined,False,,False,0.0,0.0,0.9491329620818938,True,1.0,0.36363636363636365,0.8693776084941369,True,1.0,0.36363636363636365,1.0,True,1.0,0.2727272727272727,,False,0.0,0.0,,False,0.0,0.0
266,2.66,P2,0.9569448835258892,True,0.043055116474110755,3,temporal|spatial|spectral,flow_3d|phase|coherence,1.0114758074085195,0.8199019559854159,1.0,4.6875,undetermined,False,,False,0.0,0.0,0.9347915455420703,True,1.0,0.36363636363636365,0.9468068841541251,True,1.0,0.36363636363636365,1.0,True,1.0,0.2727272727272727,,False,0.0,0.0,,False,0.0,0.0
266,2.66,P3,0.9561147310765454,True,0.04388526892345457,3,temporal|spatial|spectral,flow_3d|phase|coherence,1.048153151643863,0.8199019559854159,1.0,4.6875,undetermined,False,,False,0.0,0.0,0.9325086263063747,True,1.0,0.36363636363636365,0.9468068841541251,True,1.0,0.36363636363636365,1.0,True,1.0,0.2727272727272727,,False,0.0,0.0,,False,0.0,0.0
266,2.66,P4,0.9250651675934747,True,0.07493483240652532,3,temporal|spatial|spectral,flow_3d|phase|coherence,0.8279972561327482,2.4796098265721023,1.0,4.6875,undetermined,False,,False,0.0,0.0,0.9462960429530333,True,1.0,0.36363636363636365,0.8476331679290219,True,1.0,0.36363636363636365,1.0,True,1.0,0.2727272727272727,,False,0.0,0.0,,False,0.0,0.0
267,2.67,P1,0.9340199606801038,True,0.06598003931989616,3,temporal|spatial|spectral,flow_3d|phase|coherence,0.74476830572282,2.1408545668207113,1.0,4.6875,undetermined,False,,False,0.0,0.0,0.9515612518004127,True,1.0,0.36363636363636365,0.8669936400698729,True,1.0,0.36363636363636365,1.0,True,1.0,0.2727272727272727,,False,0.0,0.0,,False,0.0,0.0
267,2.67,P2,0.9620967652220485,True,0.037903234777951544,3,temporal|spatial|spectral,flow_3d|phase|coherence,0.8478761782056248,0.7579829120583623,1.0,4.6875,undetermined,False,,False,0.0,0.0,0.9450427838980474,True,1.0,0.36363636363636365,0.9507233204625859,True,1.0,0.36363636363636365,1.0,True,1.0,0.2727272727272727,,False,0.0,0.0,,False,0.0,0.0
267,2.67,P3,0.9649456555338443,True,0.03505434446615574,3,temporal|spatial|spectral,flow_3d|phase|coherence,0.7240380903515176,0.7579829120583623,1.0,4.6875,undetermined,False,,False,0.0,0.0,0.9528772322554857,True,1.0,0.36363636363636365,0.9507233204625859,True,1.0,0.36363636363636365,1.0,True,1.0,0.2727272727272727,,False,0.0,0.0,,False,0.0,0.0
267,2.67,P4,0.9456819429649621,True,0.05431805703503789,3,temporal|spatial|spectral,flow_3d|phase|coherence,0.3414184246026266,2.035071116896158,1.0,4.6875,undetermined,False,,False,0.0,0.0,0.977495854251211,True,1.0,0.36363636363636365,0.873129488902435,True,1.0,0.36363636363636365,1.0,True,1.0,0.2727272727272727,,False,0.0,0.0,,False,0.0,0.0
268,2.68,P1,0.9401541839042076,True,0.059845816095792426,3,temporal|spatial|spectral,flow_3d|phase|coherence,0.6335377612982844,1.972481634165463,1.0,4.6875,undetermined,False,,False,0.0,0.0,0.9586436570792439,True,1.0,0.36363636363636365,0.8767803486573268,True,1.0,0.36363636363636365,1.0,True,1.0,0.2727272727272727,,False,0.0,0.0,,False,0.0,0.0
268,2.68,P2,0.9709444467643624,True,0.029055553235637577,3,temporal|spatial|spectral,flow_3d|phase|coherence,0.6012805211797563,0.6218672195216421,1.0,4.6875,undetermined,False,,False,0.0,0.0,0.9607074219047924,True,1.0,0.36363636363636365,0.9593898066972044,True,1.0,0.36363636363636365,1.0,True,1.0,0.2727272727272727,,False,0.0,0.0,,False,0.0,0.0
268,2.68,P3,0.9773425655521932,True,0.022657434447806768,3,temporal|spatial|spectral,flow_3d|phase|coherence,0.3290491361063159,0.6218672195216421,1.0,4.6875,undetermined,False,,False,0.0,0.0,0.9783022485713271,True,1.0,0.36363636363636365,0.9593898066972044,True,1.0,0.36363636363636365,1.0,True,1.0,0.2727272727272727,,False,0.0,0.0,,False,0.0,0.0
268,2.68,P4,0.9634843426622104,True,0.03651565733778961,3,temporal|spatial|spectral,flow_3d|phase|coherence,0.17858082112870033,1.3913254671244215,1.0,4.6875,undetermined,False,,False,0.0,0.0,0.9881652006509388,True,1.0,0.36363636363636365,0.9114167416701399,True,1.0,0.36363636363636365,1.0,True,1.0,0.2727272727272727,,False,0.0,0.0,,False,0.0,0.0
269,2.69,P1,0.9519798288798688,True,0.04802017112013124,3,temporal|spatial|spectral,flow_3d|phase|coherence,0.4602921266802391,1.6110284560701045,1.0,4.6875,undetermined,False,,False,0.0,0.0,0.9697798987100552,True,1.0,0.36363636363636365,0.898164630709584,True,1.0,0.36363636363636365,1.0,True,1.0,0.2727272727272727,,False,0.0,0.0,,False,0.0,0.0
269,2.69,P2,0.9827430996876306,True,0.017256900312369372,3,temporal|spatial|spectral,flow_3d|phase|coherence,0.29582733737218003,0.42487883073434274,1.0,4.6875,undetermined,False,,False,0.0,0.0,0.9804713804602914,True,1.0,0.36363636363636365,0.9720721436806928,True,1.0,0.36363636363636365,1.0,True,1.0,0.2727272727272727,,False,0.0,0.0,,False,0.0,0.0
269,2.69,P3,0.9874728030593711,True,0.01252719694062887,3,temporal|spatial|spectral,flow_3d|phase|coherence,0.09814944020241878,0.42487883073434274,1.0,4.6875,undetermined,False,,False,0.0,0.0,0.9934780647325775,True,1.0,0.36363636363636365,0.9720721436806928,True,1.0,0.36363636363636365,1.0,True,1.0,0.2727272727272727,,False,0.0,0.0,,False,0.0,0.0
269,2.69,P4,0.9693342428424774,True,0.030665757157522622,3,temporal|spatial|spectral,flow_3d|phase|coherence,0.6810993318437806,0.6113871866957603,1.0,4.6875,undetermined,False,,False,0.0,0.0,0.955608831129874,True,1.0,0.36363636363636365,0.9600603366869388,True,1.0,0.36363636363636365,1.0,True,1.0,0.2727272727272727,,False,0.0,0.0,,False,0.0,0.0
270,2.7,P1,0.9733575428614425,True,0.026642457138557507,3,temporal|spatial|spectral,flow_3d|phase|coherence,0.24198989165958837,0.8845274514788253,1.0,4.6875,undetermined,False,,False,0.0,0.0,0.9839967749314216,True,1.0,0.36363636363636365,0.9427364679375455,True,1.0,0.36363636363636365,1.0,True,1.0,0.2727272727272727,,False,0.0,0.0,,False,0.0,0.0
270,2.7,P2,0.9985559287180451,True,0.001444071281954895,3,temporal|spatial|spectral,flow_3d|phase|coherence,0.038583487366531166,0.02104879483081712,1.0,4.6875,undetermined,False,,False,0.0,0.0,0.9974310728642373,True,1.0,0.36363636363636365,0.9985977311103869,True,1.0,0.36363636363636365,1.0,True,1.0,0.2727272727272727,,False,0.0,0.0,,False,0.0,0.0
270,2.7,P3,0.9782908126736054,True,0.021709187326394597,3,temporal|spatial|spectral,flow_3d|phase|coherence,0.5157404654553073,0.3936494782107256,1.0,4.6875,undetermined,False,,False,0.0,0.0,0.9662016707204841,True,1.0,0.36363636363636365,0.9740980641319308,True,1.0,0.36363636363636365,1.0,True,1.0,0.2727272727272727,,False,0.0,0.0,,False,0.0,0.0
270,2.7,P4,0.973396152680134,True,0.02660384731986598,3,temporal|spatial|spectral,flow_3d|phase|coherence,1.1169470944582685,0.02104879483081712,1.0,4.6875,undetermined,False,,False,0.0,0.0,0.9282416887599817,True,1.0,0.36363636363636365,0.9985977311103869,True,1.0,0.36363636363636365,1.0,True,1.0,0.2727272727272727,,False,0.0,0.0,,False,0.0,0.0
271,2.71,P1,0.9952395593525448,True,0.0047604406474551775,3,temporal|spatial|spectral,flow_3d|phase|coherence,2.2160051571518125e-13,0.19766485455704608,1.0,4.6875,undetermined,False,,False,0.0,0.0,0.9999999999999852,True,1.0,0.36363636363636365,0.986908788219513,True,1.0,0.36363636363636365,1.0,True,1.0,0.2727272727272727,,False,0.0,0.0,,False,0.0,0.0
271,2.71,P2,0.983039776300314,True,0.016960223699685972,3,temporal|spatial|spectral,flow_3d|phase|coherence,0.36921749153600114,0.3386939002168168,1.0,4.6875,undetermined,False,,False,0.0,0.0,0.9756859670298049,True,1.0,0.36363636363636365,0.9776734177960588,True,1.0,0.36363636363636365,1.0,True,1.0,0.2727272727272727,,False,0.0,0.0,,False,0.0,0.0
271,2.71,P3,0.9744548592975314,True,0.025545140702468605,3,temporal|spatial|spectral,flow_3d|phase|coherence,0.8828472205756803,0.19766485455704608,1.0,4.6875,undetermined,False,,False,0.0,0.0,0.9428420748486983,True,1.0,0.36363636363636365,0.986908788219513,True,1.0,0.36363636363636365,1.0,True,1.0,0.2727272727272727,,False,0.0,0.0,,False,0.0,0.0
271,2.71,P4,0.9482662905094896,True,0.05173370949051037,3,temporal|spatial|spectral,flow_3d|phase|coherence,1.4434602932404914,0.7776464911493077,1.0,4.6875,undetermined,False,,False,0.0,0.0,0.9082544701130484,True,1.0,0.36363636363636365,0.949477828788048,True,1.0,0.36363636363636365,1.0,True,1.0,0.2727272727272727,,False,0.0,0.0,,False,0.0,0.0
272,2.72,P1,0.9878578943538013,True,0.012142105646198664,3,temporal|spatial|spectral,flow_3d|phase|coherence,0.24198989165925866,0.26310756890669484,1.0,4.6875,undetermined,False,,False,0.0,0.0,0.9839967749314432,True,1.0,0.36363636363636365,0.9826124345415105,True,1.0,0.36363636363636365,1.0,True,1.0,0.2727272727272727,,False,0.0,0.0,,False,0.0,0.0
272,2.72,P2,0.9752176973313951,True,0.024782302668604927,3,temporal|spatial|spectral,flow_3d|phase|coherence,0.6637099151433965,0.37774630019642075,1.0,4.6875,undetermined,False,,False,0.0,0.0,0.9567173055409818,True,1.0,0.36363636363636365,0.9751313621203547,True,1.0,0.36363636363636365,1.0,True,1.0,0.2727272727272727,,False,0.0,0.0,,False,0.0,0.0
272,2.72,P3,0.9665365901102567,True,0.03346340988974328,3,temporal|spatial|spectral,flow_3d|phase|coherence,1.1635347385867405,0.26310756890669484,1.0,4.6875,undetermined,False,,False,0.0,0.0,0.9253631882616955,True,1.0,0.36363636363636365,0.9826124345415105,True,1.0,0.36363636363636365,1.0,True,1.0,0.2727272727272727,,False,0.0,0.0,,False,0.0,0.0
272,2.72,P4,0.9235452649368409,True,0.07645473506315914,3,temporal|spatial|spectral,flow_3d|phase|coherence,1.628677541340192,1.7035617173664983,1.0,4.6875,undetermined,False,,False,0.0,0.0,0.8971084665655334,True,1.0,0.36363636363636365,0.8926410120107788,True,1.0,0.36363636363636365,1.0,True,1.0,0.2727272727272727,,False,0.0,0.0,,False,0.0,0.0
273,2.73,P1,0.9688111313751463,True,0.031188868624853705,3,temporal|spatial|spectral,flow_3d|phase|coherence,0.4602921266804145,0.8572766553216837,1.0,4.6875,undetermined,False,,False,0.0,0.0,0.9697798987100438,True,1.0,0.36363636363636365,0.9444507125716086,True,1.0,0.36363636363636365,1.0,True,1.0,0.2727272727272727,,False,0.0,0.0,,False,0.0,0.0
273,2.73,P2,0.9661439040412096,True,0.033856095958790355,3,temporal|spatial|spectral,flow_3d|phase|coherence,0.893233787918227,0.5389737253735962,1.0,4.6875,undetermined,False,,False,0.0,0.0,0.9421894413152595,True,1.0,0.36363636363636365,0.964706294798067,True,1.0,0.36363636363636365,1.0,True,1.0,0.2727272727272727,,False,0.0,0.0,,False,0.0,0.0
273,2.73,P3,0.9563043254966886,True,0.043695674503311355,3,temporal|spatial|spectral,flow_3d|phase|coherence,1.3303273695623048,0.5389737253735962,1.0,4.6875,undetermined,False,,False,0.0,0.0,0.9151306003178267,True,1.0,0.36363636363636365,0.964706294798067,True,1.0,0.36363636363636365,1.0,True,1.0,0.2727272727272727,,False,0.0,0.0,,False,0.0,0.0
273,2.73,P4,0.9102570722103912,True,0.0897429277896088,3,temporal|spatial|spectral,flow_3d|phase|coherence,1.6544684840302768,2.3035689883013717,1.0,4.6875,undetermined,False,,False,0.0,0.0,0.8955673070072766,True,1.0,0.36363636363636365,0.8576396415712991,True,1.0,0.36363636363636365,1.0,True,1.0,0.2727272727272727,,False,0.0,0.0,,False,0.0,0.0
274,2.74,P1,0.9520093644696576,True,0.04799063553034244,3,temporal|spatial|spectral,flow_3d|phase|coherence,0.6335377612981521,1.4248488953609737,1.0,4.6875,undetermined,False,,False,0.0,0.0,0.9586436570792524,True,1.0,0.36363636363636365,0.909382095212306,True,1.0,0.36363636363636365,1.0,True,1.0,0.2727272727272727,,False,0.0,0.0,,False,0.0,0.0
274,2.74,P2,0.9590578900960862,True,0.04094210990391378,3,temporal|spatial|spectral,flow_3d|phase|coherence,1.035321714005729,0.7047620127053094,1.0,4.6875,undetermined,False,,False,0.0,0.0,0.9333066626752052,True,1.0,0.36363636363636365,0.954102535089032,True,1.0,0.36363636363636365,1.0,True,1.0,0.2727272727272727,,False,0.0,0.0,,False,0.0,0.0
274,2.74,P3,0.9516380758378944,True,0.04836192416210561,3,temporal|spatial|spectral,flow_3d|phase|coherence,1.3668982886691552,0.7047620127053094,1.0,4.6875,undetermined,False,,False,0.0,0.0,0.9129021734651775,True,1.0,0.36363636363636365,0.954102535089032,True,1.0,0.36363636363636365,1.0,True,1.0,0.2727272727272727,,False,0.0,0.0,,False,0.0,0.0
274,2.74,P4,0.906700944101656,True,0.09329905589834397,3,temporal|spatial|spectral,flow_3d|phase|coherence,1.5183085241436096,2.6207675111075392,1.0,4.6875,undetermined,False,,False,0.0,0.0,0.9037336759216826,True,1.0,0.36363636363636365,0.8396939203578717,True,1.0,0.36363636363636365,1.0,True,1.0,0.2727272727272727,,False,0.0,0.0,,False,0.0,0.0
275,2.75,P1,0.9401296566068676,True,0.05987034339313235,3,temporal|spatial|spectral,flow_3d|phase|coherence,0.7447683057228858,1.852946998016324,1.0,4.6875,undetermined,False,,False,0.0,0.0,0.9515612518004085,True,1.0,0.36363636363636365,0.8837953038684775,True,1.0,0.36363636363636365,1.0,True,1.0,0.2727272727272727,,False,0.0,0.0,,False,0.0,0.0
275,2.75,P2,0.955905514919315,True,0.04409448508068503,3,temporal|spatial|spectral,flow_3d|phase|coherence,1.0760651372157994,0.801563283867746,1.0,4.6875,undetermined,False,,False,0.0,0.0,0.9307750285902038,True,1.0,0.36363636363636365,0.9479651374379122,True,1.0,0.36363636363636365,1.0,True,1.0,0.2727272727272727,,False,0.0,0.0,,False,0.0,0.0
275,2.75,P3,0.9515650909113924,True,0.04843490908860759,3,temporal|spatial|spectral,flow_3d|phase|coherence,1.2696676795406727,0.801563283867746,1.0,4.6875,undetermined,False,,False,0.0,0.0,0.9188388625684167,True,1.0,0.36363636363636365,0.9479651374379122,True,1.0,0.36363636363636365,1.0,True,1.0,0.2727272727272727,,False,0.0,0.0,,False,0.0,0.0
275,2.75,P4,0.9117674573881005,True,0.0882325426118995,3,temporal|spatial|spectral,flow_3d|phase|coherence,1.2335259472362434,2.6814270499655466,1.0,4.6875,undetermined,False,,False,0.0,0.0,0.921055427058877,True,1.0,0.36363636363636365,0.8363050807583993,True,1.0,0.36363636363636365,1.0,True,1.0,0.2727272727272727,,False,0.0,0.0,,False,0.0,0.0
276,2.76,P1,0.9340038438458321,True,0.06599615615416787,3,temporal|spatial|spectral,flow_3d|phase|coherence,0.783095739277516,2.0996657382648647,1.0,4.6875,undetermined,False,,False,0.0,0.0,0.949132962081896,True,1.0,0.36363636363636365,0.8693776084941424,True,1.0,0.36363636363636365,1.0,True,1.0,0.2727272727272727,,False,0.0,0.0,,False,0.0,0.0
276,2.76,P2,0.9569448835258922,True,0.04305511647410776,3,temporal|spatial|spectral,flow_3d|phase|coherence,1.0114758074084254,0.8199019559853773,1.0,4.6875,undetermined,False,,False,0.0,0.0,0.9347915455420762,True,1.0,0.36363636363636365,0.9468068841541275,True,1.0,0.36363636363636365,1.0,True,1.0,0.2727272727272727,,False,0.0,0.0,,False,0.0,0.0
276,2.76,P3,0.9561147310765502,True,0.043885268923449794,3,temporal|spatial|spectral,flow_3d|phase|coherence,1.048153151643688,0.8199019559853773,1.0,4.6875,undetermined,False,,False,0.0,0.0,0.9325086263063855,True,1.0,0.36363636363636365,0.9468068841541275,True,1.0,0.36363636363636365,1.0,True,1.0,0.2727272727272727,,False,0.0,0.0,,False,0.0,0.0
276,2.76,P4,0.9250651675934825,True,0.07493483240651755,3,temporal|spatial|spectral,flow_3d|phase|coherence,0.8279972561325031,2.4796098265719935,1.0,4.6875,undetermined,False,,False,0.0,0.0,0.9462960429530487,True,1.0,0.36363636363636365,0.847633167929028,True,1.0,0.36363636363636365,1.0,True,1.0,0.2727272727272727,,False,0.0,0.0,,False,0.0,0.0
277,2.77,P1,0.9340199606801003,True,0.06598003931989971,3,temporal|spatial|spectral,flow_3d|phase|coherence,0.7447683057228893,2.1408545668208068,1.0,4.6875,undetermined,False,,False,0.0,0.0,0.9515612518004083,True,1.0,0.36363636363636365,0.8669936400698673,True,1.0,0.36363636363636365,1.0,True,1.0,0.2727272727272727,,False,0.0,0.0,,False,0.0,0.0
277,2.77,P2,0.9620967652220433,True,0.03790323477795665,3,temporal|spatial|spectral,flow_3d|phase|coherence,0.8478761782058095,0.7579829120583992,1.0,4.6875,undetermined,False,,False,0.0,0.0,0.9450427838980358,True,1.0,0.36363636363636365,0.9507233204625836,True,1.0,0.36363636363636365,1.0,True,1.0,0.2727272727272727,,False,0.0,0.0,,False,0.0,0.0
277,2.77,P3,0.9649456555338356,True,0.0350543444661644,3,temporal|spatial|spectral,flow_3d|phase|coherence,0.7240380903518537,0.7579829120583992,1.0,4.6875,undetermined,False,,False,0.0,0.0,0.9528772322554643,True,1.0,0.36363636363636365,0.9507233204625836,True,1.0,0.36363636363636365,1.0,True,1.0,0.2727272727272727,,False,0.0,0.0,,False,0.0,0.0
277,2.77,P4,0.945681942964949,True,0.05431805703505099,3,temporal|spatial|spectral,flow_3d|phase|coherence,0.3414184246030949,2.035071116896257,1.0,4.6875,undetermined,False,,False,0.0,0.0,0.9774958542511805,True,1.0,0.36363636363636365,0.8731294889024294,True,1.0,0.36363636363636365,1.0,True,1.0,0.2727272727272727,,False,0.0,0.0,,False,0.0,0.0
278,2.78,P1,0.9401541839042123,True,0.05984581609578765,3,temporal|spatial|spectral,flow_3d|phase|coherence,0.6335377612981556,1.9724816341653786,1.0,4.6875,undetermined,False,,False,0.0,0.0,0.9586436570792521,True,1.0,0.36363636363636365,0.8767803486573318,True,1.0,0.36363636363636365,1.0,True,1.0,0.2727272727272727,,False,0.0,0.0,,False,0.0,0.0
278,2.78,P2,0.9709444467643688,True,0.02905555323563125,3,temporal|spatial|spectral,flow_3d|phase|coherence,0.6012805211795111,0.6218672195216155,1.0,4.6875,undetermined,False,,False,0.0,0.0,0.9607074219048081,True,1.0,0.36363636363636365,0.9593898066972061,True,1.0,0.36363636363636365,1.0,True,1.0,0.2727272727272727,,False,0.0,0.0,,False,0.0,0.0
278,2.78,P3,0.9773425655522028,True,0.02265743444779722,3,temporal|spatial|spectral,flow_3d|phase|coherence,0.32904913610594355,0.6218672195216155,1.0,4.6875,undetermined,False,,False,0.0,0.0,0.9783022485713514,True,1.0,0.36363636363636365,0.9593898066972061,True,1.0,0.36363636363636365,1.0,True,1.0,0.2727272727272727,,False,0.0,0.0,,False,0.0,0.0
278,2.78,P4,0.9634843426622006,True,0.03651565733779938,3,temporal|spatial|spectral,flow_3d|phase|coherence,0.17858082112916307,1.3913254671243664,1.0,4.6875,undetermined,False,,False,0.0,0.0,0.9881652006509083,True,1.0,0.36363636363636365,0.9114167416701432,True,1.0,0.36363636363636365,1.0,True,1.0,0.2727272727272727,,False,0.0,0.0,,False,0.0,0.0
279,2.79,P1,0.9519798288798629,True,0.04802017112013712,3,temporal|spatial|spectral,flow_3d|phase|coherence,0.46029212668042163,1.6110284560701809,1.0,4.6875,undetermined,False,,False,0.0,0.0,0.9697798987100433,True,1.0,0.36363636363636365,0.8981646307095794,True,1.0,0.36363636363636365,1.0,True,1.0,0.2727272727272727,,False,0.0,0.0,,False,0.0,0.0
279,2.79,P2,0.9827430996876232,True,0.01725690031237681,3,temporal|spatial|spectral,flow_3d|phase|coherence,0.2958273373724753,0.42487883073436405,1.0,4.6875,undetermined,False,,False,0.0,0.0,0.980471380460272,True,1.0,0.36363636363636365,0.9720721436806915,True,1.0,0.36363636363636365,1.0,True,1.0,0.2727272727272727,,False,0.0,0.0,,False,0.0,0.0
279,2.79,P3,0.9874728030593799,True,0.0125271969406201,3,temporal|spatial|spectral,flow_3d|phase|coherence,0.0981494402020271,0.4248788307343645,1.0,4.6875,undetermined,False,,False,0.0,0.0,0.9934780647326034,True,1.0,0.36363636363636365,0.9720721436806914,True,1.0,0.36363636363636365,1.0,True,1.0,0.2727272727272727,,False,0.0,0.0,,False,0.0,0.0
279,2.79,P4,0.9693342428424866,True,0.030665757157513407,3,temporal|spatial|spectral,flow_3d|phase|coherence,0.6810993318433454,0.6113871866957972,1.0,4.6875,undetermined,False,,False,0.0,0.0,0.9556088311299017,True,1.0,0.36363636363636365,0.9600603366869365,True,1.0,0.36363636363636365,1.0,True,1.0,0.2727272727272727,,False,0.0,0.0,,False,0.0,0.0
280,2.8,P1,0.9733575428614483,True,0.026642457138551734,3,temporal|spatial|spectral,flow_3d|phase|coherence,0.24198989165937956,0.8845274514787964,1.0,4.6875,undetermined,False,,False,0.0,0.0,0.9839967749314353,True,1.0,0.36363636363636365,0.9427364679375474,True,1.0,0.36363636363636365,1.0,True,1.0,0.2727272727272727,,False,0.0,0.0,,False,0.0,0.0
280,2.8,P2,0.9985559287180381,True,0.0014440712819618895,3,temporal|spatial|spectral,flow_3d|phase|coherence,0.038583487366831815,0.021048794830809126,1.0,4.6875,undetermined,False,,False,0.0,0.0,0.9974310728642172,True,1.0,0.36363636363636365,0.9985977311103874,True,1.0,0.36363636363636365,1.0,True,1.0,0.2727272727272727,,False,0.0,0.0,,False,0.0,0.0
280,2.8,P3,0.9782908126735976,True,0.021709187326402368,3,temporal|spatial|spectral,flow_3d|phase|coherence,0.5157404654556608,0.39364947821070784,1.0,4.6875,undetermined,False,,False,0.0,0.0,0.9662016707204614,True,1.0,0.36363636363636365,0.974098064131932,True,1.0,0.36363636363636365,1.0,True,1.0,0.2727272727272727,,False,0.0,0.0,,False,0.0,0.0
280,2.8,P4,0.9733961526801265,True,0.02660384731987353,3,temporal|spatial|spectral,flow_3d|phase|coherence,1.1169470944586113,0.021048794830809126,1.0,4.6875,undetermined,False,,False,0.0,0.0,0.9282416887599605,True,1.0,0.36363636363636365,0.9985977311103874,True,1.0,0.36363636363636365,1.0,True,1.0,0.2727272727272727,,False,0.0,0.0,,False,0.0,0.0
281,2.81,P1,0.9952395593525498,True,0.0047604406474501815,3,temporal|spatial|spectral,flow_3d|phase|coherence,3.1086244689504383e-15,0.19766485455706073,1.0,4.6875,undetermined,False,,False,0.0,0.0,0.9999999999999998,True,1.0,0.36363636363636365,0.9869087882195121,True,1.0,0.36363636363636365,1.0,True,1.0,0.2727272727272727,,False,0.0,0.0,,False,0.0,0.0
281,2.81,P2,0.9830397763003206,True,0.016960223699679422,3,temporal|spatial|spectral,flow_3d|phase|coherence,0.3692174915357098,0.33869390021683143,1.0,4.6875,undetermined,False,,False,0.0,0.0,0.9756859670298238,True,1.0,0.36363636363636365,0.9776734177960578,True,1.0,0.36363636363636365,1.0,True,1.0,0.2727272727272727,,False,0.0,0.0,,False,0.0,0.0
281,2.81,P3,0.974454859297538,True,0.025545140702462055,3,temporal|spatial|spectral,flow_3d|phase|coherence,0.8828472205753783,0.19766485455706118,1.0,4.6875,undetermined,False,,False,0.0,0.0,0.9428420748487173,True,1.0,0.36363636363636365,0.986908788219512,True,1.0,0.36363636363636365,1.0,True,1.0,0.2727272727272727,,False,0.0,0.0,,False,0.0,0.0
281,2.81,P4,0.9482662905094942,True,0.05173370949050582,3,temporal|spatial|spectral,flow_3d|phase|coherence,1.443460293240257,0.7776464911493335,1.0,4.6875,undetermined,False,,False,0.0,0.0,0.9082544701130626,True,1.0,0.36363636363636365,0.9494778287880464,True,1.0,0.36363636363636365,1.0,True,1.0,0.2727272727272727,,False,0.0,0.0,,False,0.0,0.0
282,2.82,P1,0.9878578943537968,True,0.012142105646203216,3,temporal|spatial|spectral,flow_3d|phase|coherence,0.24198989165946738,0.26310756890667775,1.0,4.6875,undetermined,False,,False,0.0,0.0,0.9839967749314296,True,1.0,0.36363636363636365,0.9826124345415116,True,1.0,0.36363636363636365,1.0,True,1.0,0.2727272727272727,,False,0.0,0.0,,False,0.0,0.0
282,2.82,P2,0.97521769733139,True,0.024782302668610035,3,temporal|spatial|spectral,flow_3d|phase|coherence,0.6637099151436328,0.3777463001964041,1.0,4.6875,undetermined,False,,False,0.0,0.0,0.9567173055409667,True,1.0,0.36363636363636365,0.9751313621203558,True,1.0,0.36363636363636365,1.0,True,1.0,0.2727272727272727,,False,0.0,0.0,,False,0.0,0.0
282,2.82,P3,0.9665365901102525,True,0.0334634098897475,3,temporal|spatial|spectral,flow_3d|phase|coherence,1.1635347385869448,0.26310756890667775,1.0,4.6875,undetermined,False,,False,0.0,0.0,0.925363188261683,True,1.0,0.36363636363636365,0.9826124345415116,True,1.0,0.36363636363636365,1.0,True,1.0,0.2727272727272727,,False,0.0,0.0,,False,0.0,0.0
282,2.82,P4,0.9235452649368409,True,0.07645473506315914,3,temporal|spatial|spectral,flow_3d|phase|coherence,1.6286775413402808,1.7035617173664084,1.0,4.6875,undetermined,False,,False,0.0,0.0,0.8971084665655281,True,1.0,0.36363636363636365,0.8926410120107843,True,1.0,0.36363636363636365,1.0,True,1.0,0.2727272727272727,,False,0.0,0.0,,False,0.0,0.0
283,2.83,P1,0.96881113137515,True,0.03118886862485004,3,temporal|spatial|spectral,flow_3d|phase|coherence,0.46029212668023156,0.8572766553217166,1.0,4.6875,undetermined,False,,False,0.0,0.0,0.9697798987100557,True,1.0,0.36363636363636365,0.9444507125716065,True,1.0,0.36363636363636365,1.0,True,1.0,0.2727272727272727,,False,0.0,0.0,,False,0.0,0.0
283,2.83,P2,0.966143904041213,True,0.033856095958787025,3,temporal|spatial|spectral,flow_3d|phase|coherence,0.8932337879180565,0.5389737253736193,1.0,4.6875,undetermined,False,,False,0.0,0.0,0.9421894413152703,True,1.0,0.36363636363636365,0.9647062947980655,True,1.0,0.36363636363636365,1.0,True,1.0,0.2727272727272727,,False,0.0,0.0,,False,0.0,0.0
283,2.83,P3,0.9563043254966901,True,0.04369567450330991,3,temporal|spatial|spectral,flow_3d|phase|coherence,1.3303273695622124,0.5389737253736193,1.0,4.6875,undetermined,False,,False,0.0,0.0,0.9151306003178323,True,1.0,0.36363636363636365,0.9647062947980655,True,1.0,0.36363636363636365,1.0,True,1.0,0.2727272727272727,,False,0.0,0.0,,False,0.0,0.0
283,2.83,P4,0.910257072210388,True,0.08974292778961201,3,temporal|spatial|spectral,flow_3d|phase|coherence,1.6544684840303319,2.3035689883014694,1.0,4.6875,undetermined,False,,False,0.0,0.0,0.8955673070072733,True,1.0,0.36363636363636365,0.8576396415712936,True,1.0,0.36363636363636365,1.0,True,1.0,0.2727272727272727,,False,0.0,0.0,,False,0.0,0.0
284,2.84,P1,0.9520093644696561,True,0.047990635530343884,3,temporal|spatial|spectral,flow_3d|phase|coherence,0.63353776129828,1.4248488953609035,1.0,4.6875,undetermined,False,,False,0.0,0.0,0.9586436570792443,True,1.0,0.36363636363636365,0.9093820952123102,True,1.0,0.36363636363636365,1.0,True,1.0,0.2727272727272727,,False,0.0,0.0,,False,0.0,0.0
284,2.84,P2,0.9590578900960851,True,0.04094210990391489,3,temporal|spatial|spectral,flow_3d|phase|coherence,1.0353217140058124,0.7047620127052747,1.0,4.6875,undetermined,False,,False,0.0,0.0,0.9333066626752,True,1.0,0.36363636363636365,0.9541025350890342,True,1.0,0.36363636363636365,1.0,True,1.0,0.2727272727272727,,False,0.0,0.0,,False,0.0,0.0
284,2.84,P3,0.951638075837896,True,0.04836192416210405,3,temporal|spatial|spectral,flow_3d|phase|coherence,1.3668982886691232,0.7047620127052747,1.0,4.6875,undetermined,False,,False,0.0,0.0,0.9129021734651794,True,1.0,0.36363636363636365,0.9541025350890342,True,1.0,0.36363636363636365,1.0,True,1.0,0.2727272727272727,,False,0.0,0.0,,False,0.0,0.0
284,2.84,P4,0.9067009441016627,True,0.09329905589833731,3,temporal|spatial|spectral,flow_3d|phase|coherence,1.5183085241434195,2.620767511107421,1.0,4.6875,undetermined,False,,False,0.0,0.0,0.9037336759216942,True,1.0,0.36363636363636365,0.8396939203578784,True,1.0,0.36363636363636365,1.0,True,1.0,0.2727272727272727,,False,0.0,0.0,,False,0.0,0.0
285,2.85,P1,0.9401296566068675,True,0.059870343393132464,3,temporal|spatial|spectral,flow_3d|phase|coherence,0.7447683057228165,1.852946998016403,1.0,4.6875,undetermined,False,,False,0.0,0.0,0.951561251800413,True,1.0,0.36363636363636365,0.8837953038684728,True,1.0,0.36363636363636365,1.0,True,1.0,0.2727272727272727,,False,0.0,0.0,,False,0.0,0.0
285,2.85,P2,0.9559055149193139,True,0.04409448508068614,3,temporal|spatial|spectral,flow_3d|phase|coherence,1.07606513721581,0.8015632838677806,1.0,4.6875,undetermined,False,,False,0.0,0.0,0.9307750285902031,True,1.0,0.36363636363636365,0.9479651374379101,True,1.0,0.36363636363636365,1.0,True,1.0,0.2727272727272727,,False,0.0,0.0,,False,0.0,0.0
285,2.85,P3,0.9515650909113882,True,0.04843490908861181,3,temporal|spatial|spectral,flow_3d|phase|coherence,1.269667679540822,0.8015632838677806,1.0,4.6875,undetermined,False,,False,0.0,0.0,0.9188388625684075,True,1.0,0.36363636363636365,0.9479651374379101,True,1.0,0.36363636363636365,1.0,True,1.0,0.2727272727272727,,False,0.0,0.0,,False,0.0,0.0
285,2.85,P4,0.911767457388091,True,0.08823254261190905,3,temporal|spatial|spectral,flow_3d|phase|coherence,1.2335259472365614,2.6814270499656665,1.0,4.6875,undetermined,False,,False,0.0,0.0,0.9210554270588576,True,1.0,0.36363636363636365,0.8363050807583926,True,1.0,0.36363636363636365,1.0,True,1.0,0.2727272727272727,,False,0.0,0.0,,False,0.0,0.0
286,2.86,P1,0.9340038438458313,True,0.06599615615416865,3,temporal|spatial|spectral,flow_3d|phase|coherence,0.7830957392775515,2.099665738264866,1.0,4.6875,undetermined,False,,False,0.0,0.0,0.9491329620818938,True,1.0,0.36363636363636365,0.8693776084941424,True,1.0,0.36363636363636365,1.0,True,1.0,0.2727272727272727,,False,0.0,0.0,,False,0.0,0.0
286,2.86,P2,0.9569448835258925,True,0.043055116474107535,3,temporal|spatial|spectral,flow_3d|phase|coherence,1.0114758074084165,0.8199019559853786,1.0,4.6875,undetermined,False,,False,0.0,0.0,0.9347915455420768,True,1.0,0.36363636363636365,0.9468068841541274,True,1.0,0.36363636363636365,1.0,True,1.0,0.2727272727272727,,False,0.0,0.0,,False,0.0,0.0
286,2.86,P3,0.9561147310765519,True,0.04388526892344813,3,temporal|spatial|spectral,flow_3d|phase|coherence,1.0481531516436124,0.8199019559853786,1.0,4.6875,undetermined,False,,False,0.0,0.0,0.9325086263063902,True,1.0,0.36363636363636365,0.9468068841541274,True,1.0,0.36363636363636365,1.0,True,1.0,0.2727272727272727,,False,0.0,0.0,,False,0.0,0.0
286,2.86,P4,0.9250651675934862,True,0.07493483240651377,3,temporal|spatial|spectral,flow_3d|phase|coherence,0.8279972561323383,2.4796098265719904,1.0,4.6875,undetermined,False,,False,0.0,0.0,0.9462960429530591,True,1.0,0.36363636363636365,0.8476331679290281,True,1.0,0.36363636363636365,1.0,True,1.0,0.2727272727272727,,False,0.0,0.0,,False,0.0,0.0
287,2.87,P1,0.9340199606801003,True,0.06598003931989971,3,temporal|spatial|spectral,flow_3d|phase|coherence,0.7447683057228875,2.1408545668208068,1.0,4.6875,undetermined,False,,False,0.0,0.0,0.9515612518004084,True,1.0,0.36363636363636365,0.8669936400698673,True,1.0,0.36363636363636365,1.0,True,1.0,0.2727272727272727,,False,0.0,0.0,,False,0.0,0.0
287,2.87,P2,0.9620967652220433,True,0.03790323477795665,3,temporal|spatial|spectral,flow_3d|phase|coherence,0.8478761782058095,0.7579829120583974,1.0,4.6875,undetermined,False,,False,0.0,0.0,0.9450427838980358,True,1.0,0.36363636363636365,0.9507233204625837,True,1.0,0.36363636363636365,1.0,True,1.0,0.2727272727272727,,False,0.0,0.0,,False,0.0,0.0
287,2.87,P3,0.9649456555338358,True,0.03505434446616418,3,temporal|spatial|spectral,flow_3d|phase|coherence,0.7240380903518471,0.7579829120583974,1.0,4.6875,undetermined,False,,False,0.0,0.0,0.9528772322554647,True,1.0,0.36363636363636365,0.9507233204625837,True,1.0,0.36363636363636365,1.0,True,1.0,0.2727272727272727,,False,0.0,0.0,,False,0.0,0.0
287,2.87,P4,0.9456819429649492,True,0.05431805703505077,3,temporal|spatial|spectral,flow_3d|phase|coherence,0.3414184246030887,2.0350711168962508,1.0,4.6875,undetermined,False,,False,0.0,0.0,0.9774958542511809,True,1.0,0.36363636363636365,0.8731294889024297,True,1.0,0.36363636363636365,1.0,True,1.0,0.2727272727272727,,False,0.0,0.0,,False,0.0,0.0
288,2.88,P1,0.9401541839042125,True,0.05984581609578754,3,temporal|spatial|spectral,flow_3d|phase|coherence,0.6335377612981548,1.9724816341653755,1.0,4.6875,undetermined,False,,False,0.0,0.0,0.9586436570792523,True,1.0,0.36363636363636365,0.8767803486573319,True,1.0,0.36363636363636365,1.0,True,1.0,0.2727272727272727,,False,0.0,0.0,,False,0.0,0.0
288,2.88,P2,0.970944446764369,True,0.029055553235631026,3,temporal|spatial|spectral,flow_3d|phase|coherence,0.6012805211795063,0.6218672195216146,1.0,4.6875,undetermined,False,,False,0.0,0.0,0.9607074219048084,True,1.0,0.36363636363636365,0.9593898066972062,True,1.0,0.36363636363636365,1.0,True,1.0,0.2727272727272727,,False,0.0,0.0,,False,0.0,0.0
288,2.88,P3,0.9773425655522028,True,0.02265743444779722,3,temporal|spatial|spectral,flow_3d|phase|coherence,0.3290491361059398,0.6218672195216142,1.0,4.6875,undetermined,False,,False,0.0,0.0,0.9783022485713516,True,1.0,0.36363636363636365,0.9593898066972062,True,1.0,0.36363636363636365,1.0,True,1.0,0.2727272727272727,,False,0.0,0.0,,False,0.0,0.0
288,2.88,P4,0.9634843426622006,True,0.03651565733779938,3,temporal|spatial|spectral,flow_3d|phase|coherence,0.1785808211291684,1.391325467124359,1.0,4.6875,undetermined,False,,False,0.0,0.0,0.988165200650908,True,1.0,0.36363636363636365,0.9114167416701436,True,1.0,0.36363636363636365,1.0,True,1.0,0.2727272727272727,,False,0.0,0.0,,False,0.0,0.0
289,2.89,P1,0.951979828879863,True,0.04802017112013701,3,temporal|spatial|spectral,flow_3d|phase|coherence,0.46029212668041897,1.6110284560701764,1.0,4.6875,undetermined,False,,False,0.0,0.0,0.9697798987100436,True,1.0,0.36363636363636365,0.8981646307095796,True,1.0,0.36363636363636365,1.0,True,1.0,0.2727272727272727,,False,0.0,0.0,,False,0.0,0.0
289,2.89,P2,0.9827430996876232,True,0.01725690031237681,3,temporal|spatial|spectral,flow_3d|phase|coherence,0.295827337372473,0.4248788307343614,1.0,4.6875,undetermined,False,,False,0.0,0.0,0.9804713804602723,True,1.0,0.36363636363636365,0.9720721436806916,True,1.0,0.36363636363636365,1.0,True,1.0,0.2727272727272727,,False,0.0,0.0,,False,0.0,0.0
289,2.89,P3,0.9874728030593799,True,0.0125271969406201,3,temporal|spatial|spectral,flow_3d|phase|coherence,0.09814944020203331,0.42487883073436183,1.0,4.6875,undetermined,False,,False,0.0,0.0,0.993478064732603,True,1.0,0.36363636363636365,0.9720721436806916,True,1.0,0.36363636363636365,1.0,True,1.0,0.2727272727272727,,False,0.0,0.0,,False,0.0,0.0
289,2.89,P4,0.9693342428424867,True,0.030665757157513296,3,temporal|spatial|spectral,flow_3d|phase|coherence,0.6810993318433507,0.6113871866957892,1.0,4.6875,undetermined,False,,False,0.0,0.0,0.9556088311299014,True,1.0,0.36363636363636365,0.9600603366869369,True,1.0,0.36363636363636365,1.0,True,1.0,0.2727272727272727,,False,0.0,0.0,,False,0.0,0.0
290,2.9,P1,0.9733575428614485,True,0.026642457138551512,3,temporal|spatial|spectral,flow_3d|phase|coherence,0.24198989165937768,0.8845274514787862,1.0,4.6875,undetermined,False,,False,0.0,0.0,0.9839967749314354,True,1.0,0.36363636363636365,0.9427364679375481,True,1.0,0.36363636363636365,1.0,True,1.0,0.2727272727272727,,False,0.0,0.0,,False,0.0,0.0
290,2.9,P2,0.9985559287180378,True,0.0014440712819622226,3,temporal|spatial|spectral,flow_3d|phase|coherence,0.03858348736683581,0.021048794830815343,1.0,4.6875,undetermined,False,,False,0.0,0.0,0.997431072864217,True,1.0,0.36363636363636365,0.998597731110387,True,1.0,0.36363636363636365,1.0,True,1.0,0.2727272727272727,,False,0.0,0.0,,False,0.0,0.0
290,2.9,P3,0.9782908126735974,True,0.02170918732640259,3,temporal|spatial|spectral,flow_3d|phase|coherence,0.5157404654556679,0.3936494782107074,1.0,4.6875,undetermined,False,,False,0.0,0.0,0.9662016707204609,True,1.0,0.36363636363636365,0.974098064131932,True,1.0,0.36363636363636365,1.0,True,1.0,0.2727272727272727,,False,0.0,0.0,,False,0.0,0.0
290,2.9,P4,0.9733961526801262,True,0.026603847319873752,3,temporal|spatial|spectral,flow_3d|phase|coherence,1.1169470944586166,0.0210487948308149,1.0,4.6875,undetermined,False,,False,0.0,0.0,0.9282416887599602,True,1.0,0.36363636363636365,0.9985977311103871,True,1.0,0.36363636363636365,1.0,True,1.0,0.2727272727272727,,False,0.0,0.0,,False,0.0,0.0
291,2.91,P1,0.9952395593525499,True,0.0047604406474500705,3,temporal|spatial|spectral,flow_3d|phase|coherence,0.0,0.1976648545570563,1.0,4.6875,undetermined,False,,False,0.0,0.0,1.0,True,1.0,0.36363636363636365,0.9869087882195123,True,1.0,0.36363636363636365,1.0,True,1.0,0.2727272727272727,,False,0.0,0.0,,False,0.0,0.0
291,2.91,P2,0.9830397763003205,True,0.016960223699679533,3,temporal|spatial|spectral,flow_3d|phase|coherence,0.36921749153571426,0.338693900216831,1.0,4.6875,undetermined,False,,False,0.0,0.0,0.9756859670298236,True,1.0,0.36363636363636365,0.9776734177960579,True,1.0,0.36363636363636365,1.0,True,1.0,0.2727272727272727,,False,0.0,0.0,,False,0.0,0.0
291,2.91,P3,0.974454859297538,True,0.025545140702462055,3,temporal|spatial|spectral,flow_3d|phase|coherence,0.8828472205753819,0.1976648545570563,1.0,4.6875,undetermined,False,,False,0.0,0.0,0.9428420748487171,True,1.0,0.36363636363636365,0.9869087882195123,True,1.0,0.36363636363636365,1.0,True,1.0,0.2727272727272727,,False,0.0,0.0,,False,0.0,0.0
291,2.91,P4,0.9482662905094936,True,0.051733709490506374,3,temporal|spatial|spectral,flow_3d|phase|coherence,1.443460293240264,0.7776464911493473,1.0,4.6875,undetermined,False,,False,0.0,0.0,0.9082544701130622,True,1.0,0.36363636363636365,0.9494778287880455,True,1.0,0.36363636363636365,1.0,True,1.0,0.2727272727272727,,False,0.0,0.0,,False,0.0,0.0
292,2.92,P1,0.9878578943537966,True,0.012142105646203438,3,temporal|spatial|spectral,flow_3d|phase|coherence,0.24198989165947005,0.26310756890668197,1.0,4.6875,undetermined,False,,False,0.0,0.0,0.9839967749314293,True,1.0,0.36363636363636365,0.9826124345415114,True,1.0,0.36363636363636365,1.0,True,1.0,0.2727272727272727,,False,0.0,0.0,,False,0.0,0.0
292,2.92,P2,0.97521769733139,True,0.024782302668610035,3,temporal|spatial|spectral,flow_3d|phase|coherence,0.6637099151436345,0.3777463001964043,1.0,4.6875,undetermined,False,,False,0.0,0.0,0.9567173055409666,True,1.0,0.36363636363636365,0.9751313621203558,True,1.0,0.36363636363636365,1.0,True,1.0,0.2727272727272727,,False,0.0,0.0,,False,0.0,0.0
292,2.92,P3,0.9665365901102525,True,0.0334634098897475,3,temporal|spatial|spectral,flow_3d|phase|coherence,1.1635347385869466,0.26310756890668197,1.0,4.6875,undetermined,False,,False,0.0,0.0,0.9253631882616828,True,1.0,0.36363636363636365,0.9826124345415114,True,1.0,0.36363636363636365,1.0,True,1.0,0.2727272727272727,,False,0.0,0.0,,False,0.0,0.0
292,2.92,P4,0.9235452649368405,True,0.07645473506315947,3,temporal|spatial|spectral,flow_3d|phase|coherence,1.6286775413402808,1.7035617173664215,1.0,4.6875,undetermined,False,,False,0.0,0.0,0.8971084665655281,True,1.0,0.36363636363636365,0.8926410120107835,True,1.0,0.36363636363636365,1.0,True,1.0,0.2727272727272727,,False,0.0,0.0,,False,0.0,0.0
293,2.93,P1,0.9688111313751497,True,0.031188868624850263,3,temporal|spatial|spectral,flow_3d|phase|coherence,0.4602921266802342,0.8572766553217237,1.0,4.6875,undetermined,False,,False,0.0,0.0,0.9697798987100554,True,1.0,0.36363636363636365,0.9444507125716061,True,1.0,0.36363636363636365,1.0,True,1.0,0.2727272727272727,,False,0.0,0.0,,False,0.0,0.0
293,2.93,P2,0.966143904041213,True,0.033856095958787025,3,temporal|spatial|spectral,flow_3d|phase|coherence,0.8932337879180583,0.538973725373622,1.0,4.6875,undetermined,False,,False,0.0,0.0,0.9421894413152702,True,1.0,0.36363636363636365,0.9647062947980654,True,1.0,0.36363636363636365,1.0,True,1.0,0.2727272727272727,,False,0.0,0.0,,False,0.0,0.0
293,2.93,P3,0.9563043254966901,True,0.04369567450330991,3,temporal|spatial|spectral,flow_3d|phase|coherence,1.330327369562216,0.538973725373622,1.0,4.6875,undetermined,False,,False,0.0,0.0,0.9151306003178321,True,1.0,0.36363636363636365,0.9647062947980654,True,1.0,0.36363636363636365,1.0,True,1.0,0.2727272727272727,,False,0.0,0.0,,False,0.0,0.0
293,2.93,P4,0.9102570722103881,True,0.0897429277896119,3,temporal|spatial|spectral,flow_3d|phase|coherence,1.6544684840303248,2.3035689883014703,1.0,4.6875,undetermined,False,,False,0.0,0.0,0.8955673070072737,True,1.0,0.36363636363636365,0.8576396415712935,True,1.0,0.36363636363636365,1.0,True,1.0,0.2727272727272727,,False,0.0,0.0,,False,0.0,0.0
294,2.94,P1,0.952009364469656,True,0.047990635530343995,3,temporal|spatial|spectral,flow_3d|phase|coherence,0.6335377612982827,1.424848895360908,1.0,4.6875,undetermined,False,,False,0.0,0.0,0.958643657079244,True,1.0,0.36363636363636365,0.90938209521231,True,1.0,0.36363636363636365,1.0,True,1.0,0.2727272727272727,,False,0.0,0.0,,False,0.0,0.0
294,2.94,P2,0.9590578900960851,True,0.04094210990391489,3,temporal|spatial|spectral,flow_3d|phase|coherence,1.0353217140058124,0.7047620127052765,1.0,4.6875,undetermined,False,,False,0.0,0.0,0.9333066626752,True,1.0,0.36363636363636365,0.9541025350890341,True,1.0,0.36363636363636365,1.0,True,1.0,0.2727272727272727,,False,0.0,0.0,,False,0.0,0.0
294,2.94,P3,0.9516380758378958,True,0.048361924162104164,3,temporal|spatial|spectral,flow_3d|phase|coherence,1.3668982886691214,0.7047620127052765,1.0,4.6875,undetermined,False,,False,0.0,0.0,0.9129021734651795,True,1.0,0.36363636363636365,0.9541025350890341,True,1.0,0.36363636363636365,1.0,True,1.0,0.2727272727272727,,False,0.0,0.0,,False,0.0,0.0
294,2.94,P4,0.9067009441016627,True,0.09329905589833731,3,temporal|spatial|spectral,flow_3d|phase|coherence,1.5183085241434213,2.6207675111074247,1.0,4.6875,undetermined,False,,False,0.0,0.0,0.9037336759216941,True,1.0,0.36363636363636365,0.8396939203578782,True,1.0,0.36363636363636365,1.0,True,1.0,0.2727272727272727,,False,0.0,0.0,,False,0.0,0.0
295,2.95,P1,0.9401296566068675,True,0.059870343393132464,3,temporal|spatial|spectral,flow_3d|phase|coherence,0.7447683057228165,1.8529469980164075,1.0,4.6875,undetermined,False,,False,0.0,0.0,0.951561251800413,True,1.0,0.36363636363636365,0.8837953038684726,True,1.0,0.36363636363636365,1.0,True,1.0,0.2727272727272727,,False,0.0,0.0,,False,0.0,0.0
295,2.95,P2,0.9559055149193139,True,0.04409448508068614,3,temporal|spatial|spectral,flow_3d|phase|coherence,1.07606513721581,0.8015632838677824,1.0,4.6875,undetermined,False,,False,0.0,0.0,0.9307750285902031,True,1.0,0.36363636363636365,0.94796513743791,True,1.0,0.36363636363636365,1.0,True,1.0,0.2727272727272727,,False,0.0,0.0,,False,0.0,0.0
295,2.95,P3,0.9515650909113882,True,0.04843490908861181,3,temporal|spatial|spectral,flow_3d|phase|coherence,1.269667679540822,0.8015632838677824,1.0,4.6875,undetermined,False,,False,0.0,0.0,0.9188388625684075,True,1.0,0.36363636363636365,0.94796513743791,True,1.0,0.36363636363636365,1.0,True,1.0,0.2727272727272727,,False,0.0,0.0,,False,0.0,0.0
295,2.95,P4,0.9117674573880912,True,0.08823254261190883,3,temporal|spatial|spectral,flow_3d|phase|coherence,1.233525947236556,2.6814270499656647,1.0,4.6875,undetermined,False,,False,0.0,0.0,0.9210554270588579,True,1.0,0.36363636363636365,0.8363050807583927,True,1.0,0.36363636363636365,1.0,True,1.0,0.2727272727272727,,False,0.0,0.0,,False,0.0,0.0
296,2.96,P1,0.9340038438458313,True,0.06599615615416865,3,temporal|spatial|spectral,flow_3d|phase|coherence,0.7830957392775515,2.099665738264868,1.0,4.6875,undetermined,False,,False,0.0,0.0,0.9491329620818938,True,1.0,0.36363636363636365,0.8693776084941423,True,1.0,0.36363636363636365,1.0,True,1.0,0.2727272727272727,,False,0.0,0.0,,False,0.0,0.0
296,2.96,P2,0.9569448835258925,True,0.043055116474107535,3,temporal|spatial|spectral,flow_3d|phase|coherence,1.0114758074084182,0.8199019559853769,1.0,4.6875,undetermined,False,,False,0.0,0.0,0.9347915455420767,True,1.0,0.36363636363636365,0.9468068841541275,True,1.0,0.36363636363636365,1.0,True,1.0,0.2727272727272727,,False,0.0,0.0,,False,0.0,0.0
296,2.96,P3,0.9561147310765521,True,0.04388526892344791,3,temporal|spatial|spectral,flow_3d|phase|coherence,1.0481531516436071,0.8199019559853769,1.0,4.6875,undetermined,False,,False,0.0,0.0,0.9325086263063905,True,1.0,0.36363636363636365,0.9468068841541275,True,1.0,0.36363636363636365,1.0,True,1.0,0.2727272727272727,,False,0.0,0.0,,False,0.0,0.0
296,2.96,P4,0.9250651675934866,True,0.07493483240651344,3,temporal|spatial|spectral,flow_3d|phase|coherence,0.827997256132333,2.479609826571985,1.0,4.6875,undetermined,False,,False,0.0,0.0,0.9462960429530595,True,1.0,0.36363636363636365,0.8476331679290284,True,1.0,0.36363636363636365,1.0,True,1.0,0.2727272727272727,,False,0.0,0.0,,False,0.0,0.0
297,2.97,P1,0.9340199606801003,True,0.06598003931989971,3,temporal|spatial|spectral,flow_3d|phase|coherence,0.7447683057228867,2.140854566820806,1.0,4.6875,undetermined,False,,False,0.0,0.0,0.9515612518004085,True,1.0,0.36363636363636365,0.8669936400698675,True,1.0,0.36363636363636365,1.0,True,1.0,0.2727272727272727,,False,0.0,0.0,,False,0.0,0.0
297,2.97,P2,0.9620967652220436,True,0.03790323477795643,3,temporal|spatial|spectral,flow_3d|phase|coherence,0.847876178205806,0.7579829120583956,1.0,4.6875,undetermined,False,,False,0.0,0.0,0.945042783898036,True,1.0,0.36363636363636365,0.9507233204625838,True,1.0,0.36363636363636365,1.0,True,1.0,0.2727272727272727,,False,0.0,0.0,,False,0.0,0.0
297,2.97,P3,0.9649456555338359,True,0.03505434446616407,3,temporal|spatial|spectral,flow_3d|phase|coherence,0.724038090351844,0.7579829120583956,1.0,4.6875,undetermined,False,,False,0.0,0.0,0.952877232255465,True,1.0,0.36363636363636365,0.9507233204625838,True,1.0,0.36363636363636365,1.0,True,1.0,0.2727272727272727,,False,0.0,0.0,,False,0.0,0.0
297,2.97,P4,0.9456819429649495,True,0.05431805703505055,3,temporal|spatial|spectral,flow_3d|phase|coherence,0.34141842460308447,2.0350711168962445,1.0,4.6875,undetermined,False,,False,0.0,0.0,0.9774958542511811,True,1.0,0.36363636363636365,0.87312948890243,True,1.0,0.36363636363636365,1.0,True,1.0,0.2727272727272727,,False,0.0,0.0,,False,0.0,0.0
298,2.98,P1,0.9401541839042125,True,0.05984581609578754,3,temporal|spatial|spectral,flow_3d|phase|coherence,0.6335377612981521,1.9724816341653724,1.0,4.6875,undetermined,False,,False,0.0,0.0,0.9586436570792524,True,1.0,0.36363636363636365,0.8767803486573321,True,1.0,0.36363636363636365,1.0,True,1.0,0.2727272727272727,,False,0.0,0.0,,False,0.0,0.0
298,2.98,P2,0.9709444467643691,True,0.029055553235630915,3,temporal|spatial|spectral,flow_3d|phase|coherence,0.6012805211795014,0.6218672195216128,1.0,4.6875,undetermined,False,,False,0.0,0.0,0.9607074219048087,True,1.0,0.36363636363636365,0.9593898066972063,True,1.0,0.36363636363636365,1.0,True,1.0,0.2727272727272727,,False,0.0,0.0,,False,0.0,0.0
298,2.98,P3,0.977342565552203,True,0.022657434447796998,3,temporal|spatial|spectral,flow_3d|phase|coherence,0.32904913610593556,0.6218672195216128,1.0,4.6875,undetermined,False,,False,0.0,0.0,0.978302248571352,True,1.0,0.36363636363636365,0.9593898066972063,True,1.0,0.36363636363636365,1.0,True,1.0,0.2727272727272727,,False,0.0,0.0,,False,0.0,0.0
298,2.98,P4,0.9634843426622006,True,0.03651565733779938,3,temporal|spatial|spectral,flow_3d|phase|coherence,0.17858082112917462,1.3913254671243513,1.0,4.6875,undetermined,False,,False,0.0,0.0,0.9881652006509075,True,1.0,0.36363636363636365,0.9114167416701442,True,1.0,0.36363636363636365,1.0,True,1.0,0.2727272727272727,,False,0.0,0.0,,False,0.0,0.0
299,2.99,P1,0.9519798288798631,True,0.0480201711201369,3,temporal|spatial|spectral,flow_3d|phase|coherence,0.46029212668041763,1.6110284560701724,1.0,4.6875,undetermined,False,,False,0.0,0.0,0.9697798987100437,True,1.0,0.36363636363636365,0.8981646307095799,True,1.0,0.36363636363636365,1.0,True,1.0,0.2727272727272727,,False,0.0,0.0,,False,0.0,0.0
299,2.99,P2,0.9827430996876233,True,0.0172569003123767,3,temporal|spatial|spectral,flow_3d|phase|coherence,0.29582733737247074,0.4248788307343596,1.0,4.6875,undetermined,False,,False,0.0,0.0,0.9804713804602724,True,1.0,0.36363636363636365,0.9720721436806917,True,1.0,0.36363636363636365,1.0,True,1.0,0.2727272727272727,,False,0.0,0.0,,False,0.0,0.0
299,2.99,P3,0.9874728030593798,True,0.012527196940620211,3,temporal|spatial|spectral,flow_3d|phase|coherence,0.09814944020203598,0.42487883073435917,1.0,4.6875,undetermined,False,,False,0.0,0.0,0.9934780647326028,True,1.0,0.36363636363636365,0.9720721436806918,True,1.0,0.36363636363636365,1.0,True,1.0,0.2727272727272727,,False,0.0,0.0,,False,0.0,0.0
299,2.99,P4,0.9693342428424867,True,0.030665757157513296,3,temporal|spatial|spectral,flow_3d|phase|coherence,0.6810993318433542,0.6113871866957794,1.0,4.6875,undetermined,False,,False,0.0,0.0,0.9556088311299011,True,1.0,0.36363636363636365,0.9600603366869376,True,1.0,0.36363636363636365,1.0,True,1.0,0.2727272727272727,,False,0.0,0.0,,False,0.0,0.0
300,3.0,P1,0.9733575428614519,True,0.02664245713854807,3,temporal|spatial|spectral,flow_3d|phase|coherence,0.24198989165926124,0.8845274514787569,1.0,4.6875,undetermined,False,,False,0.0,0.0,0.9839967749314431,True,1.0,0.36363636363636365,0.9427364679375498,True,1.0,0.36363636363636365,1.0,True,1.0,0.2727272727272727,,False,0.0,0.0,,False,0.0,0.0
300,3.0,P2,0.9985559287180343,True,0.0014440712819656643,3,temporal|spatial|spectral,flow_3d|phase|coherence,0.03858348736698636,0.021048794830808237,1.0,4.6875,undetermined,False,,False,0.0,0.0,0.997431072864207,True,1.0,0.36363636363636365,0.9985977311103875,True,1.0,0.36363636363636365,1.0,True,1.0,0.2727272727272727,,False,0.0,0.0,,False,0.0,0.0
300,3.0,P3,0.9782908126735941,True,0.02170918732640592,3,temporal|spatial|spectral,flow_3d|phase|coherence,0.5157404654558242,0.3936494782106901,1.0,4.6875,undetermined,False,,False,0.0,0.0,0.9662016707204508,True,1.0,0.36363636363636365,0.9740980641319331,True,1.0,0.36363636363636365,1.0,True,1.0,0.2727272727272727,,False,0.0,0.0,,False,0.0,0.0
300,3.0,P4,0.9733961526801236,True,0.026603847319876417,3,temporal|spatial|spectral,flow_3d|phase|coherence,1.1169470944587427,0.021048794830808237,1.0,4.6875,undetermined,False,,False,0.0,0.0,0.9282416887599523,True,1.0,0.36363636363636365,0.9985977311103875,True,1.0,0.36363636363636365,1.0,True,1.0,0.2727272727272727,,False,0.0,0.0,,False,0.0,0.0
301,3.01,P1,0.9952395593525467,True,0.00476044064745329,3,temporal|spatial|spectral,flow_3d|phase|coherence,1.163513729807164e-13,0.1976648545570714,1.0,4.6875,undetermined,False,,False,0.0,0.0,0.9999999999999922,True,1.0,0.36363636363636365,0.9869087882195113,True,1.0,0.36363636363636365,1.0,True,1.0,0.2727272727272727,,False,0.0,0.0,,False,0.0,0.0
301,3.01,P2,0.9830397763003245,True,0.016960223699675536,3,temporal|spatial|spectral,flow_3d|phase|coherence,0.3692174915355473,0.33869390021683055,1.0,4.6875,undetermined,False,,False,0.0,0.0,0.9756859670298343,True,1.0,0.36363636363636365,0.9776734177960579,True,1.0,0.36363636363636365,1.0,True,1.0,0.2727272727272727,,False,0.0,0.0,,False,0.0,0.0
301,3.01,P3,0.974454859297542,True,0.025545140702457947,3,temporal|spatial|spectral,flow_3d|phase|coherence,0.8828472205751883,0.19766485455707095,1.0,4.6875,undetermined,False,,False,0.0,0.0,0.9428420748487293,True,1.0,0.36363636363636365,0.9869087882195114,True,1.0,0.36363636363636365,1.0,True,1.0,0.2727272727272727,,False,0.0,0.0,,False,0.0,0.0
301,3.01,P4,0.9482662905094988,True,0.051733709490501156,3,temporal|spatial|spectral,flow_3d|phase|coherence,1.4434602932400722,0.7776464911493095,1.0,4.6875,undetermined,False,,False,0.0,0.0,0.9082544701130738,True,1.0,0.36363636363636365,0.9494778287880479,True,1.0,0.36363636363636365,1.0,True,1.0,0.2727272727272727,,False,0.0,0.0,,False,0.0,0.0
302,3.02,P1,0.9878578943537988,True,0.012142105646201218,3,temporal|spatial|spectral,flow_3d|phase|coherence,0.24198989165936968,0.26310756890668885,1.0,4.6875,undetermined,False,,False,0.0,0.0,0.9839967749314359,True,1.0,0.36363636363636365,0.9826124345415109,True,1.0,0.36363636363636365,1.0,True,1.0,0.2727272727272727,,False,0.0,0.0,,False,0.0,0.0
302,3.02,P2,0.9752176973313917,True,0.024782302668608258,3,temporal|spatial|spectral,flow_3d|phase|coherence,0.6637099151435404,0.3777463001964205,1.0,4.6875,undetermined,False,,False,0.0,0.0,0.9567173055409726,True,1.0,0.36363636363636365,0.9751313621203547,True,1.0,0.36363636363636365,1.0,True,1.0,0.2727272727272727,,False,0.0,0.0,,False,0.0,0.0
302,3.02,P3,0.9665365901102536,True,0.03346340988974639,3,temporal|spatial|spectral,flow_3d|phase|coherence,1.1635347385868897,0.26310756890668885,1.0,4.6875,undetermined,False,,False,0.0,0.0,0.9253631882616863,True,1.0,0.36363636363636365,0.9826124345415109,True,1.0,0.36363636363636365,1.0,True,1.0,0.2727272727272727,,False,0.0,0.0,,False,0.0,0.0
302,3.02,P4,0.9235452649368386,True,0.07645473506316136,3,temporal|spatial|spectral,flow_3d|phase|coherence,1.6286775413403056,1.703561717366487,1.0,4.6875,undetermined,False,,False,0.0,0.0,0.8971084665655266,True,1.0,0.36363636363636365,0.8926410120107796,True,1.0,0.36363636363636365,1.0,True,1.0,0.2727272727272727,,False,0.0,0.0,,False,0.0,0.0
303,3.03,P1,0.9688111313751466,True,0.031188868624853372,3,temporal|spatial|spectral,flow_3d|phase|coherence,0.46029212668041186,0.8572766553216775,1.0,4.6875,undetermined,False,,False,0.0,0.0,0.969779898710044,True,1.0,0.36363636363636365,0.944450712571609,True,1.0,0.36363636363636365,1.0,True,1.0,0.2727272727272727,,False,0.0,0.0,,False,0.0,0.0
303,3.03,P2,0.9661439040412096,True,0.033856095958790355,3,temporal|spatial|spectral,flow_3d|phase|coherence,0.893233787918227,0.5389737253735936,1.0,4.6875,undetermined,False,,False,0.0,0.0,0.9421894413152595,True,1.0,0.36363636363636365,0.9647062947980671,True,1.0,0.36363636363636365,1.0,True,1.0,0.2727272727272727,,False,0.0,0.0,,False,0.0,0.0
303,3.03,P3,0.9563043254966886,True,0.043695674503311355,3,temporal|spatial|spectral,flow_3d|phase|coherence,1.3303273695623048,0.5389737253735936,1.0,4.6875,undetermined,False,,False,0.0,0.0,0.9151306003178267,True,1.0,0.36363636363636365,0.9647062947980671,True,1.0,0.36363636363636365,1.0,True,1.0,0.2727272727272727,,False,0.0,0.0,,False,0.0,0.0
303,3.03,P4,0.9102570722103913,True,0.08974292778960868,3,temporal|spatial|spectral,flow_3d|phase|coherence,1.6544684840302786,2.3035689883013655,1.0,4.6875,undetermined,False,,False,0.0,0.0,0.8955673070072765,True,1.0,0.36363636363636365,0.8576396415712995,True,1.0,0.36363636363636365,1.0,True,1.0,0.2727272727272727,,False,0.0,0.0,,False,0.0,0.0
304,3.04,P1,0.9520093644696579,True,0.04799063553034211,3,temporal|spatial|spectral,flow_3d|phase|coherence,0.6335377612981494,1.4248488953609666,1.0,4.6875,undetermined,False,,False,0.0,0.0,0.9586436570792526,True,1.0,0.36363636363636365,0.9093820952123064,True,1.0,0.36363636363636365,1.0,True,1.0,0.2727272727272727,,False,0.0,0.0,,False,0.0,0.0
304,3.04,P2,0.9590578900960864,True,0.04094210990391356,3,temporal|spatial|spectral,flow_3d|phase|coherence,1.0353217140057254,0.7047620127053076,1.0,4.6875,undetermined,False,,False,0.0,0.0,0.9333066626752055,True,1.0,0.36363636363636365,0.9541025350890321,True,1.0,0.36363636363636365,1.0,True,1.0,0.2727272727272727,,False,0.0,0.0,,False,0.0,0.0
304,3.04,P3,0.9516380758378944,True,0.04836192416210561,3,temporal|spatial|spectral,flow_3d|phase|coherence,1.3668982886691534,0.7047620127053076,1.0,4.6875,undetermined,False,,False,0.0,0.0,0.9129021734651777,True,1.0,0.36363636363636365,0.9541025350890321,True,1.0,0.36363636363636365,1.0,True,1.0,0.2727272727272727,,False,0.0,0.0,,False,0.0,0.0
304,3.04,P4,0.906700944101656,True,0.09329905589834397,3,temporal|spatial|spectral,flow_3d|phase|coherence,1.5183085241436132,2.6207675111075392,1.0,4.6875,undetermined,False,,False,0.0,0.0,0.9037336759216825,True,1.0,0.36363636363636365,0.8396939203578717,True,1.0,0.36363636363636365,1.0,True,1.0,0.2727272727272727,,False,0.0,0.0,,False,0.0,0.0
305,3.05,P1,0.9401296566068696,True,0.059870343393130354,3,temporal|spatial|spectral,flow_3d|phase|coherence,0.7447683057228858,1.852946998016229,1.0,4.6875,undetermined,False,,False,0.0,0.0,0.9515612518004085,True,1.0,0.36363636363636365,0.883795303868483,True,1.0,0.36363636363636365,1.0,True,1.0,0.2727272727272727,,False,0.0,0.0,,False,0.0,0.0
305,3.05,P2,0.955905514919317,True,0.04409448508068303,3,temporal|spatial|spectral,flow_3d|phase|coherence,1.0760651372157461,0.8015632838677087,1.0,4.6875,undetermined,False,,False,0.0,0.0,0.930775028590207,True,1.0,0.36363636363636365,0.9479651374379146,True,1.0,0.36363636363636365,1.0,True,1.0,0.2727272727272727,,False,0.0,0.0,,False,0.0,0.0
305,3.05,P3,0.951565090911396,True,0.04843490908860404,3,temporal|spatial|spectral,flow_3d|phase|coherence,1.2696676795405484,0.8015632838677087,1.0,4.6875,undetermined,False,,False,0.0,0.0,0.9188388625684243,True,1.0,0.36363636363636365,0.9479651374379146,True,1.0,0.36363636363636365,1.0,True,1.0,0.2727272727272727,,False,0.0,0.0,,False,0.0,0.0
305,3.05,P4,0.9117674573881076,True,0.0882325426118924,3,temporal|spatial|spectral,flow_3d|phase|coherence,1.2335259472360338,2.681427049965426,1.0,4.6875,undetermined,False,,False,0.0,0.0,0.9210554270588899,True,1.0,0.36363636363636365,0.836305080758406,True,1.0,0.36363636363636365,1.0,True,1.0,0.2727272727272727,,False,0.0,0.0,,False,0.0,0.0
306,3.06,P1,0.9340038438458274,True,0.06599615615417265,3,temporal|spatial|spectral,flow_3d|phase|coherence,0.7830957392775524,2.0996657382650517,1.0,4.6875,undetermined,False,,False,0.0,0.0,0.9491329620818937,True,1.0,0.36363636363636365,0.8693776084941316,True,1.0,0.36363636363636365,1.0,True,1.0,0.2727272727272727,,False,0.0,0.0,,False,0.0,0.0
306,3.06,P2,0.9569448835258859,True,0.043055116474114086,3,temporal|spatial|spectral,flow_3d|phase|coherence,1.0114758074086314,0.8199019559854515,1.0,4.6875,undetermined,False,,False,0.0,0.0,0.9347915455420635,True,1.0,0.36363636363636365,0.9468068841541228,True,1.0,0.36363636363636365,1.0,True,1.0,0.2727272727272727,,False,0.0,0.0,,False,0.0,0.0
306,3.06,P3,0.9561147310765388,True,0.04388526892346123,3,temporal|spatial|spectral,flow_3d|phase|coherence,1.048153151644117,0.8199019559854515,1.0,4.6875,undetermined,False,,False,0.0,0.0,0.9325086263063589,True,1.0,0.36363636363636365,0.9468068841541228,True,1.0,0.36363636363636365,1.0,True,1.0,0.2727272727272727,,False,0.0,0.0,,False,0.0,0.0
306,3.06,P4,0.9250651675934625,True,0.07493483240653753,3,temporal|spatial|spectral,flow_3d|phase|coherence,0.8279972561331683,2.4796098265722195,1.0,4.6875,undetermined,False,,False,0.0,0.0,0.9462960429530067,True,1.0,0.36363636363636365,0.8476331679290152,True,1.0,0.36363636363636365,1.0,True,1.0,0.2727272727272727,,False,0.0,0.0,,False,0.0,0.0
307,3.07,P1,0.9340199606801038,True,0.06598003931989616,3,temporal|spatial|spectral,flow_3d|phase|coherence,0.7447683057228192,2.140854566820711,1.0,4.6875,undetermined,False,,False,0.0,0.0,0.9515612518004127,True,1.0,0.36363636363636365,0.8669936400698729,True,1.0,0.36363636363636365,1.0,True,1.0,0.2727272727272727,,False,0.0,0.0,,False,0.0,0.0
307,3.07,P2,0.9620967652220498,True,0.03790323477795021,3,temporal|spatial|spectral,flow_3d|phase|coherence,0.8478761782055662,0.7579829120583637,1.0,4.6875,undetermined,False,,False,0.0,0.0,0.9450427838980511,True,1.0,0.36363636363636365,0.9507233204625859,True,1.0,0.36363636363636365,1.0,True,1.0,0.2727272727272727,,False,0.0,0.0,,False,0.0,0.0
307,3.07,P3,0.9649456555338471,True,0.035054344466152854,3,temporal|spatial|spectral,flow_3d|phase|coherence,0.7240380903513901,0.7579829120583637,1.0,4.6875,undetermined,False,,False,0.0,0.0,0.9528772322554938,True,1.0,0.36363636363636365,0.9507233204625859,True,1.0,0.36363636363636365,1.0,True,1.0,0.2727272727272727,,False,0.0,0.0,,False,0.0,0.0
307,3.07,P4,0.9456819429649671,True,0.054318057035032896,3,temporal|spatial|spectral,flow_3d|phase|coherence,0.34141842460241856,2.0350711168961593,1.0,4.6875,undetermined,False,,False,0.0,0.0,0.9774958542512245,True,1.0,0.36363636363636365,0.873129488902435,True,1.0,0.36363636363636365,1.0,True,1.0,0.2727272727272727,,False,0.0,0.0,,False,0.0,0.0
308,3.08,P1,0.9401541839042075,True,0.05984581609579254,3,temporal|spatial|spectral,flow_3d|phase|coherence,0.6335377612982853,1.9724816341654638,1.0,4.6875,undetermined,False,,False,0.0,0.0,0.9586436570792438,True,1.0,0.36363636363636365,0.8767803486573268,True,1.0,0.36363636363636365,1.0,True,1.0,0.2727272727272727,,False,0.0,0.0,,False,0.0,0.0
308,3.08,P2,0.9709444467643624,True,0.029055553235637577,3,temporal|spatial|spectral,flow_3d|phase|coherence,0.6012805211797598,0.6218672195216421,1.0,4.6875,undetermined,False,,False,0.0,0.0,0.9607074219047922,True,1.0,0.36363636363636365,0.9593898066972044,True,1.0,0.36363636363636365,1.0,True,1.0,0.2727272727272727,,False,0.0,0.0,,False,0.0,0.0
308,3.08,P3,0.9773425655521932,True,0.022657434447806768,3,temporal|spatial|spectral,flow_3d|phase|coherence,0.3290491361063166,0.6218672195216421,1.0,4.6875,undetermined,False,,False,0.0,0.0,0.9783022485713271,True,1.0,0.36363636363636365,0.9593898066972044,True,1.0,0.36363636363636365,1.0,True,1.0,0.2727272727272727,,False,0.0,0.0,,False,0.0,0.0
308,3.08,P4,0.9634843426622104,True,0.03651565733778961,3,temporal|spatial|spectral,flow_3d|phase|coherence,0.17858082112869855,1.3913254671244224,1.0,4.6875,undetermined,False,,False,0.0,0.0,0.9881652006509389,True,1.0,0.36363636363636365,0.9114167416701399,True,1.0,0.36363636363636365,1.0,True,1.0,0.2727272727272727,,False,0.0,0.0,,False,0.0,0.0
309,3.09,P1,0.9519798288798687,True,0.04802017112013135,3,temporal|spatial|spectral,flow_3d|phase|coherence,0.46029212668023956,1.611028456070105,1.0,4.6875,undetermined,False,,False,0.0,0.0,0.9697798987100551,True,1.0,0.36363636363636365,0.898164630709584,True,1.0,0.36363636363636365,1.0,True,1.0,0.2727272727272727,,False,0.0,0.0,,False,0.0,0.0
309,3.09,P2,0.9827430996876306,True,0.017256900312369372,3,temporal|spatial|spectral,flow_3d|phase|coherence,0.2958273373721799,0.42487883073434274,1.0,4.6875,undetermined,False,,False,0.0,0.0,0.9804713804602914,True,1.0,0.36363636363636365,0.9720721436806928,True,1.0,0.36363636363636365,1.0,True,1.0,0.2727272727272727,,False,0.0,0.0,,False,0.0,0.0
309,3.09,P3,0.9874728030593711,True,0.01252719694062887,3,temporal|spatial|spectral,flow_3d|phase|coherence,0.09814944020241878,0.42487883073434274,1.0,4.6875,undetermined,False,,False,0.0,0.0,0.9934780647325775,True,1.0,0.36363636363636365,0.9720721436806928,True,1.0,0.36363636363636365,1.0,True,1.0,0.2727272727272727,,False,0.0,0.0,,False,0.0,0.0
309,3.09,P4,0.9693342428424774,True,0.030665757157522622,3,temporal|spatial|spectral,flow_3d|phase|coherence,0.6810993318437806,0.6113871866957621,1.0,4.6875,undetermined,False,,False,0.0,0.0,0.955608831129874,True,1.0,0.36363636363636365,0.9600603366869387,True,1.0,0.36363636363636365,1.0,True,1.0,0.2727272727272727,,False,0.0,0.0,,False,0.0,0.0
310,3.1,P1,0.9733575428614457,True,0.026642457138554287,3,temporal|spatial|spectral,flow_3d|phase|coherence,0.2419898916594752,0.8845274514788066,1.0,4.6875,undetermined,False,,False,0.0,0.0,0.983996774931429,True,1.0,0.36363636363636365,0.9427364679375467,True,1.0,0.36363636363636365,1.0,True,1.0,0.2727272727272727,,False,0.0,0.0,,False,0.0,0.0
310,3.1,P2,0.9985559287180419,True,0.0014440712819581147,3,temporal|spatial|spectral,flow_3d|phase|coherence,0.03858348736667727,0.021048794830802908,1.0,4.6875,undetermined,False,,False,0.0,0.0,0.9974310728642275,True,1.0,0.36363636363636365,0.9985977311103879,True,1.0,0.36363636363636365,1.0,True,1.0,0.2727272727272727,,False,0.0,0.0,,False,0.0,0.0
310,3.1,P3,0.9782908126736023,True,0.021709187326397705,3,temporal|spatial|spectral,flow_3d|phase|coherence,0.5157404654554583,0.3936494782107065,1.0,4.6875,undetermined,False,,False,0.0,0.0,0.9662016707204745,True,1.0,0.36363636363636365,0.974098064131932,True,1.0,0.36363636363636365,1.0,True,1.0,0.2727272727272727,,False,0.0,0.0,,False,0.0,0.0
310,3.1,P4,0.9733961526801318,True,0.0266038473198682,3,temporal|spatial|spectral,flow_3d|phase|coherence,1.1169470944583875,0.021048794830802464,1.0,4.6875,undetermined,False,,False,0.0,0.0,0.9282416887599744,True,1.0,0.36363636363636365,0.9985977311103879,True,1.0,0.36363636363636365,1.0,True,1.0,0.2727272727272727,,False,0.0,0.0,,False,0.0,0.0
311,3.11,P1,0.9952395593525496,True,0.0047604406474504035,3,temporal|spatial|spectral,flow_3d|phase|coherence,5.329070518200751e-15,0.1976648545570665,1.0,4.6875,undetermined,False,,False,0.0,0.0,0.9999999999999997,True,1.0,0.36363636363636365,0.9869087882195117,True,1.0,0.36363636363636365,1.0,True,1.0,0.2727272727272727,,False,0.0,0.0,,False,0.0,0.0
311,3.11,P2,0.9830397763003207,True,0.01696022369967931,3,temporal|spatial|spectral,flow_3d|phase|coherence,0.36921749153570715,0.33869390021683055,1.0,4.6875,undetermined,False,,False,0.0,0.0,0.975685967029824,True,1.0,0.36363636363636365,0.9776734177960579,True,1.0,0.36363636363636365,1.0,True,1.0,0.2727272727272727,,False,0.0,0.0,,False,0.0,0.0
311,3.11,P3,0.974454859297538,True,0.025545140702462055,3,temporal|spatial|spectral,flow_3d|phase|coherence,0.8828472205753748,0.1976648545570665,1.0,4.6875,undetermined,False,,False,0.0,0.0,0.9428420748487175,True,1.0,0.36363636363636365,0.9869087882195117,True,1.0,0.36363636363636365,1.0,True,1.0,0.2727272727272727,,False,0.0,0.0,,False,0.0,0.0
311,3.11,P4,0.9482662905094945,True,0.051733709490505486,3,temporal|spatial|spectral,flow_3d|phase|coherence,1.4434602932402534,0.7776464911493228,1.0,4.6875,undetermined,False,,False,0.0,0.0,0.9082544701130628,True,1.0,0.36363636363636365,0.9494778287880471,True,1.0,0.36363636363636365,1.0,True,1.0,0.2727272727272727,,False,0.0,0.0,,False,0.0,0.0
312,3.12,P1,0.9878578943537987,True,0.012142105646201329,3,temporal|spatial|spectral,flow_3d|phase|coherence,0.24198989165937235,0.26310756890669396,1.0,4.6875,undetermined,False,,False,0.0,0.0,0.9839967749314358,True,1.0,0.36363636363636365,0.9826124345415106,True,1.0,0.36363636363636365,1.0,True,1.0,0.2727272727272727,,False,0.0,0.0,,False,0.0,0.0
312,3.12,P2,0.9752176973313917,True,0.024782302668608258,3,temporal|spatial|spectral,flow_3d|phase|coherence,0.6637099151435422,0.37774630019642164,1.0,4.6875,undetermined,False,,False,0.0,0.0,0.9567173055409725,True,1.0,0.36363636363636365,0.9751313621203547,True,1.0,0.36363636363636365,1.0,True,1.0,0.2727272727272727,,False,0.0,0.0,,False,0.0,0.0
312,3.12,P3,0.9665365901102534,True,0.03346340988974661,3,temporal|spatial|spectral,flow_3d|phase|coherence,1.1635347385868933,0.26310756890669396,1.0,4.6875,undetermined,False,,False,0.0,0.0,0.9253631882616862,True,1.0,0.36363636363636365,0.9826124345415106,True,1.0,0.36363636363636365,1.0,True,1.0,0.2727272727272727,,False,0.0,0.0,,False,0.0,0.0
312,3.12,P4,0.9235452649368384,True,0.07645473506316158,3,temporal|spatial|spectral,flow_3d|phase|coherence,1.6286775413403056,1.7035617173664956,1.0,4.6875,undetermined,False,,False,0.0,0.0,0.8971084665655266,True,1.0,0.36363636363636365,0.8926410120107791,True,1.0,0.36363636363636365,1.0,True,1.0,0.2727272727272727,,False,0.0,0.0,,False,0.0,0.0
313,3.13,P1,0.9688111313751464,True,0.031188868624853594,3,temporal|spatial|spectral,flow_3d|phase|coherence,0.46029212668041364,0.8572766553216828,1.0,4.6875,undetermined,False,,False,0.0,0.0,0.9697798987100439,True,1.0,0.36363636363636365,0.9444507125716086,True,1.0,0.36363636363636365,1.0,True,1.0,0.2727272727272727,,False,0.0,0.0,,False,0.0,0.0
313,3.13,P2,0.9661439040412096,True,0.033856095958790355,3,temporal|spatial|spectral,flow_3d|phase|coherence,0.893233787918227,0.5389737253735962,1.0,4.6875,undetermined,False,,False,0.0,0.0,0.9421894413152595,True,1.0,0.36363636363636365,0.964706294798067,True,1.0,0.36363636363636365,1.0,True,1.0,0.2727272727272727,,False,0.0,0.0,,False,0.0,0.0
313,3.13,P3,0.9563043254966886,True,0.043695674503311355,3,temporal|spatial|spectral,flow_3d|phase|coherence,1.3303273695623048,0.5389737253735962,1.0,4.6875,undetermined,False,,False,0.0,0.0,0.9151306003178267,True,1.0,0.36363636363636365,0.964706294798067,True,1.0,0.36363636363636365,1.0,True,1.0,0.2727272727272727,,False,0.0,0.0,,False,0.0,0.0
313,3.13,P4,0.9102570722103911,True,0.0897429277896089,3,temporal|spatial|spectral,flow_3d|phase|coherence,1.6544684840302786,2.3035689883013717,1.0,4.6875,undetermined,False,,False,0.0,0.0,0.8955673070072765,True,1.0,0.36363636363636365,0.8576396415712991,True,1.0,0.36363636363636365,1.0,True,1.0,0.2727272727272727,,False,0.0,0.0,,False,0.0,0.0
314,3.14,P1,0.9520093644696576,True,0.04799063553034244,3,temporal|spatial|spectral,flow_3d|phase|coherence,0.6335377612981512,1.4248488953609746,1.0,4.6875,undetermined,False,,False,0.0,0.0,0.9586436570792525,True,1.0,0.36363636363636365,0.9093820952123058,True,1.0,0.36363636363636365,1.0,True,1.0,0.2727272727272727,,False,0.0,0.0,,False,0.0,0.0
314,3.14,P2,0.9590578900960862,True,0.04094210990391378,3,temporal|spatial|spectral,flow_3d|phase|coherence,1.0353217140057307,0.7047620127053085,1.0,4.6875,undetermined,False,,False,0.0,0.0,0.9333066626752051,True,1.0,0.36363636363636365,0.954102535089032,True,1.0,0.36363636363636365,1.0,True,1.0,0.2727272727272727,,False,0.0,0.0,,False,0.0,0.0
314,3.14,P3,0.9516380758378944,True,0.04836192416210561,3,temporal|spatial|spectral,flow_3d|phase|coherence,1.3668982886691552,0.7047620127053085,1.0,4.6875,undetermined,False,,False,0.0,0.0,0.9129021734651775,True,1.0,0.36363636363636365,0.954102535089032,True,1.0,0.36363636363636365,1.0,True,1.0,0.2727272727272727,,False,0.0,0.0,,False,0.0,0.0
314,3.14,P4,0.9067009441016561,True,0.09329905589834386,3,temporal|spatial|spectral,flow_3d|phase|coherence,1.5183085241436096,2.6207675111075384,1.0,4.6875,undetermined,False,,False,0.0,0.0,0.9037336759216826,True,1.0,0.36363636363636365,0.8396939203578718,True,1.0,0.36363636363636365,1.0,True,1.0,0.2727272727272727,,False,0.0,0.0,,False,0.0,0.0
315,3.15,P1,0.9401296566068695,True,0.059870343393130465,3,temporal|spatial|spectral,flow_3d|phase|coherence,0.7447683057228858,1.8529469980162325,1.0,4.6875,undetermined,False,,False,0.0,0.0,0.9515612518004085,True,1.0,0.36363636363636365,0.8837953038684829,True,1.0,0.36363636363636365,1.0,True,1.0,0.2727272727272727,,False,0.0,0.0,,False,0.0,0.0
315,3.15,P2,0.955905514919317,True,0.04409448508068303,3,temporal|spatial|spectral,flow_3d|phase|coherence,1.0760651372157444,0.8015632838677087,1.0,4.6875,undetermined,False,,False,0.0,0.0,0.9307750285902071,True,1.0,0.36363636363636365,0.9479651374379146,True,1.0,0.36363636363636365,1.0,True,1.0,0.2727272727272727,,False,0.0,0.0,,False,0.0,0.0
315,3.15,P3,0.951565090911396,True,0.04843490908860404,3,temporal|spatial|spectral,flow_3d|phase|coherence,1.2696676795405448,0.8015632838677087,1.0,4.6875,undetermined,False,,False,0.0,0.0,0.9188388625684245,True,1.0,0.36363636363636365,0.9479651374379146,True,1.0,0.36363636363636365,1.0,True,1.0,0.2727272727272727,,False,0.0,0.0,,False,0.0,0.0
315,3.15,P4,0.9117674573881076,True,0.0882325426118924,3,temporal|spatial|spectral,flow_3d|phase|coherence,1.233525947236032,2.681427049965426,1.0,4.6875,undetermined,False,,False,0.0,0.0,0.92105542705889,True,1.0,0.36363636363636365,0.836305080758406,True,1.0,0.36363636363636365,1.0,True,1.0,0.2727272727272727,,False,0.0,0.0,,False,0.0,0.0
316,3.16,P1,0.9340038438458274,True,0.06599615615417265,3,temporal|spatial|spectral,flow_3d|phase|coherence,0.7830957392775506,2.099665738265051,1.0,4.6875,undetermined,False,,False,0.0,0.0,0.9491329620818938,True,1.0,0.36363636363636365,0.8693776084941316,True,1.0,0.36363636363636365,1.0,True,1.0,0.2727272727272727,,False,0.0,0.0,,False,0.0,0.0
316,3.16,P2,0.956944883525886,True,0.043055116474113975,3,temporal|spatial|spectral,flow_3d|phase|coherence,1.0114758074086279,0.819901955985451,1.0,4.6875,undetermined,False,,False,0.0,0.0,0.9347915455420637,True,1.0,0.36363636363636365,0.9468068841541228,True,1.0,0.36363636363636365,1.0,True,1.0,0.2727272727272727,,False,0.0,0.0,,False,0.0,0.0
316,3.16,P3,0.9561147310765389,True,0.04388526892346112,3,temporal|spatial|spectral,flow_3d|phase|coherence,1.0481531516441125,0.819901955985451,1.0,4.6875,undetermined,False,,False,0.0,0.0,0.9325086263063591,True,1.0,0.36363636363636365,0.9468068841541228,True,1.0,0.36363636363636365,1.0,True,1.0,0.2727272727272727,,False,0.0,0.0,,False,0.0,0.0
316,3.16,P4,0.9250651675934627,True,0.07493483240653731,3,temporal|spatial|spectral,flow_3d|phase|coherence,0.8279972561331612,2.4796098265722164,1.0,4.6875,undetermined,False,,False,0.0,0.0,0.9462960429530072,True,1.0,0.36363636363636365,0.8476331679290153,True,1.0,0.36363636363636365,1.0,True,1.0,0.2727272727272727,,False,0.0,0.0,,False,0.0,0.0
317,3.17,P1,0.9340199606801038,True,0.06598003931989616,3,temporal|spatial|spectral,flow_3d|phase|coherence,0.7447683057228183,2.1408545668207104,1.0,4.6875,undetermined,False,,False,0.0,0.0,0.9515612518004128,True,1.0,0.36363636363636365,0.8669936400698729,True,1.0,0.36363636363636365,1.0,True,1.0,0.2727272727272727,,False,0.0,0.0,,False,0.0,0.0
317,3.17,P2,0.9620967652220498,True,0.03790323477795021,3,temporal|spatial|spectral,flow_3d|phase|coherence,0.8478761782055662,0.7579829120583623,1.0,4.6875,undetermined,False,,False,0.0,0.0,0.9450427838980511,True,1.0,0.36363636363636365,0.9507233204625859,True,1.0,0.36363636363636365,1.0,True,1.0,0.2727272727272727,,False,0.0,0.0,,False,0.0,0.0
317,3.17,P3,0.9649456555338471,True,0.035054344466152854,3,temporal|spatial|spectral,flow_3d|phase|coherence,0.7240380903513888,0.7579829120583623,1.0,4.6875,undetermined,False,,False,0.0,0.0,0.9528772322554938,True,1.0,0.36363636363636365,0.9507233204625859,True,1.0,0.36363636363636365,1.0,True,1.0,0.2727272727272727,,False,0.0,0.0,,False,0.0,0.0
317,3.17,P4,0.9456819429649673,True,0.054318057035032674,3,temporal|spatial|spectral,flow_3d|phase|coherence,0.34141842460241434,2.0350711168961535,1.0,4.6875,undetermined,False,,False,0.0,0.0,0.9774958542512248,True,1.0,0.36363636363636365,0.8731294889024354,True,1.0,0.36363636363636365,1.0,True,1.0,0.2727272727272727,,False,0.0,0.0,,False,0.0,0.0
318,3.18,P1,0.9401541839042076,True,0.059845816095792426,3,temporal|spatial|spectral,flow_3d|phase|coherence,0.6335377612982827,1.9724816341654612,1.0,4.6875,undetermined,False,,False,0.0,0.0,0.958643657079244,True,1.0,0.36363636363636365,0.8767803486573269,True,1.0,0.36363636363636365,1.0,True,1.0,0.2727272727272727,,False,0.0,0.0,,False,0.0,0.0
318,3.18,P2,0.9709444467643625,True,0.029055553235637466,3,temporal|spatial|spectral,flow_3d|phase|coherence,0.6012805211797554,0.6218672195216404,1.0,4.6875,undetermined,False,,False,0.0,0.0,0.9607074219047924,True,1.0,0.36363636363636365,0.9593898066972045,True,1.0,0.36363636363636365,1.0,True,1.0,0.2727272727272727,,False,0.0,0.0,,False,0.0,0.0
318,3.18,P3,0.9773425655521935,True,0.022657434447806546,3,temporal|spatial|spectral,flow_3d|phase|coherence,0.3290491361063115,0.6218672195216404,1.0,4.6875,undetermined,False,,False,0.0,0.0,0.9783022485713274,True,1.0,0.36363636363636365,0.9593898066972045,True,1.0,0.36363636363636365,1.0,True,1.0,0.2727272727272727,,False,0.0,0.0,,False,0.0,0.0
318,3.18,P4,0.9634843426622105,True,0.0365156573377895,3,temporal|spatial|spectral,flow_3d|phase|coherence,0.17858082112870477,1.3913254671244153,1.0,4.6875,undetermined,False,,False,0.0,0.0,0.9881652006509385,True,1.0,0.36363636363636365,0.9114167416701403,True,1.0,0.36363636363636365,1.0,True,1.0,0.2727272727272727,,False,0.0,0.0,,False,0.0,0.0
319,3.19,P1,0.9519798288798689,True,0.04802017112013113,3,temporal|spatial|spectral,flow_3d|phase|coherence,0.4602921266802382,1.6110284560700996,1.0,4.6875,undetermined,False,,False,0.0,0.0,0.9697798987100552,True,1.0,0.36363636363636365,0.8981646307095843,True,1.0,0.36363636363636365,1.0,True,1.0,0.2727272727272727,,False,0.0,0.0,,False,0.0,0.0
319,3.19,P2,0.9827430996876307,True,0.01725690031236926,3,temporal|spatial|spectral,flow_3d|phase|coherence,0.29582733737217676,0.4248788307343401,1.0,4.6875,undetermined,False,,False,0.0,0.0,0.9804713804602916,True,1.0,0.36363636363636365,0.9720721436806931,True,1.0,0.36363636363636365,1.0,True,1.0,0.2727272727272727,,False,0.0,0.0,,False,0.0,0.0
319,3.19,P3,0.9874728030593709,True,0.012527196940629093,3,temporal|spatial|spectral,flow_3d|phase|coherence,0.09814944020242322,0.4248788307343405,1.0,4.6875,undetermined,False,,False,0.0,0.0,0.9934780647325772,True,1.0,0.36363636363636365,0.972072143680693,True,1.0,0.36363636363636365,1.0,True,1.0,0.2727272727272727,,False,0.0,0.0,,False,0.0,0.0
319,3.19,P4,0.9693342428424774,True,0.030665757157522622,3,temporal|spatial|spectral,flow_3d|phase|coherence,0.6810993318437859,0.6113871866957528,1.0,4.6875,undetermined,False,,False,0.0,0.0,0.9556088311298737,True,1.0,0.36363636363636365,0.9600603366869392,True,1.0,0.36363636363636365,1.0,True,1.0,0.2727272727272727,,False,0.0,0.0,,False,0.0,0.0
320,3.2,P1,0.973357542861446,True,0.026642457138553954,3,temporal|spatial|spectral,flow_3d|phase|coherence,0.24198989165947243,0.8845274514787977,1.0,4.6875,undetermined,False,,False,0.0,0.0,0.9839967749314292,True,1.0,0.36363636363636365,0.9427364679375473,True,1.0,0.36363636363636365,1.0,True,1.0,0.2727272727272727,,False,0.0,0.0,,False,0.0,0.0
320,3.2,P2,0.9985559287180417,True,0.0014440712819583368,3,temporal|spatial|spectral,flow_3d|phase|coherence,0.03858348736668127,0.021048794830808237,1.0,4.6875,undetermined,False,,False,0.0,0.0,0.9974310728642273,True,1.0,0.36363636363636365,0.9985977311103875,True,1.0,0.36363636363636365,1.0,True,1.0,0.2727272727272727,,False,0.0,0.0,,False,0.0,0.0
320,3.2,P3,0.9782908126736023,True,0.021709187326397705,3,temporal|spatial|spectral,flow_3d|phase|coherence,0.5157404654554636,0.3936494782107074,1.0,4.6875,undetermined,False,,False,0.0,0.0,0.9662016707204741,True,1.0,0.36363636363636365,0.974098064131932,True,1.0,0.36363636363636365,1.0,True,1.0,0.2727272727272727,,False,0.0,0.0,,False,0.0,0.0
320,3.2,P4,0.9733961526801315,True,0.026603847319868534,3,temporal|spatial|spectral,flow_3d|phase|coherence,1.116947094458391,0.02104879483080868,1.0,4.6875,undetermined,False,,False,0.0,0.0,0.928241688759974,True,1.0,0.36363636363636365,0.9985977311103874,True,1.0,0.36363636363636365,1.0,True,1.0,0.2727272727272727,,False,0.0,0.0,,False,0.0,0.0
321,3.21,P1,0.9952395593525498,True,0.0047604406474501815,3,temporal|spatial|spectral,flow_3d|phase|coherence,3.552713678800501e-15,0.19766485455706073,1.0,4.6875,undetermined,False,,False,0.0,0.0,0.9999999999999998,True,1.0,0.36363636363636365,0.9869087882195121,True,1.0,0.36363636363636365,1.0,True,1.0,0.2727272727272727,,False,0.0,0.0,,False,0.0,0.0
321,3.21,P2,0.9830397763003206,True,0.016960223699679422,3,temporal|spatial|spectral,flow_3d|phase|coherence,0.3692174915357107,0.33869390021683143,1.0,4.6875,undetermined,False,,False,0.0,0.0,0.9756859670298238,True,1.0,0.36363636363636365,0.9776734177960578,True,1.0,0.36363636363636365,1.0,True,1.0,0.2727272727272727,,False,0.0,0.0,,False,0.0,0.0
321,3.21,P3,0.974454859297538,True,0.025545140702462055,3,temporal|spatial|spectral,flow_3d|phase|coherence,0.8828472205753801,0.19766485455706073,1.0,4.6875,undetermined,False,,False,0.0,0.0,0.9428420748487172,True,1.0,0.36363636363636365,0.9869087882195121,True,1.0,0.36363636363636365,1.0,True,1.0,0.2727272727272727,,False,0.0,0.0,,False,0.0,0.0
321,3.21,P4,0.9482662905094941,True,0.05173370949050593,3,temporal|spatial|spectral,flow_3d|phase|coherence,1.443460293240257,0.7776464911493339,1.0,4.6875,undetermined,False,,False,0.0,0.0,0.9082544701130626,True,1.0,0.36363636363636365,0.9494778287880463,True,1.0,0.36363636363636365,1.0,True,1.0,0.2727272727272727,,False,0.0,0.0,,False,0.0,0.0
322,3.22,P1,0.9878578943537986,True,0.01214210564620144,3,temporal|spatial|spectral,flow_3d|phase|coherence,0.241989891659375,0.2631075689066982,1.0,4.6875,undetermined,False,,False,0.0,0.0,0.9839967749314356,True,1.0,0.36363636363636365,0.9826124345415103,True,1.0,0.36363636363636365,1.0,True,1.0,0.2727272727272727,,False,0.0,0.0,,False,0.0,0.0
322,3.22,P2,0.9752176973313916,True,0.02478230266860837,3,temporal|spatial|spectral,flow_3d|phase|coherence,0.6637099151435439,0.37774630019642186,1.0,4.6875,undetermined,False,,False,0.0,0.0,0.9567173055409723,True,1.0,0.36363636363636365,0.9751313621203547,True,1.0,0.36363636363636365,1.0,True,1.0,0.2727272727272727,,False,0.0,0.0,,False,0.0,0.0
322,3.22,P3,0.9665365901102533,True,0.03346340988974672,3,temporal|spatial|spectral,flow_3d|phase|coherence,1.1635347385868933,0.2631075689066982,1.0,4.6875,undetermined,False,,False,0.0,0.0,0.9253631882616862,True,1.0,0.36363636363636365,0.9826124345415103,True,1.0,0.36363636363636365,1.0,True,1.0,0.2727272727272727,,False,0.0,0.0,,False,0.0,0.0
322,3.22,P4,0.9235452649368382,True,0.0764547350631618,3,temporal|spatial|spectral,flow_3d|phase|coherence,1.6286775413403056,1.7035617173665052,1.0,4.6875,undetermined,False,,False,0.0,0.0,0.8971084665655266,True,1.0,0.36363636363636365,0.8926410120107785,True,1.0,0.36363636363636365,1.0,True,1.0,0.2727272727272727,,False,0.0,0.0,,False,0.0,0.0
323,3.23,P1,0.9688111313751462,True,0.031188868624853816,3,temporal|spatial|spectral,flow_3d|phase|coherence,0.4602921266804154,0.8572766553216908,1.0,4.6875,undetermined,False,,False,0.0,0.0,0.9697798987100438,True,1.0,0.36363636363636365,0.9444507125716082,True,1.0,0.36363636363636365,1.0,True,1.0,0.2727272727272727,,False,0.0,0.0,,False,0.0,0.0
323,3.23,P2,0.9661439040412094,True,0.03385609595879058,3,temporal|spatial|spectral,flow_3d|phase|coherence,0.8932337879182324,0.538973725373598,1.0,4.6875,undetermined,False,,False,0.0,0.0,0.9421894413152592,True,1.0,0.36363636363636365,0.9647062947980669,True,1.0,0.36363636363636365,1.0,True,1.0,0.2727272727272727,,False,0.0,0.0,,False,0.0,0.0
323,3.23,P3,0.9563043254966885,True,0.043695674503311466,3,temporal|spatial|spectral,flow_3d|phase|coherence,1.3303273695623083,0.538973725373598,1.0,4.6875,undetermined,False,,False,0.0,0.0,0.9151306003178264,True,1.0,0.36363636363636365,0.9647062947980669,True,1.0,0.36363636363636365,1.0,True,1.0,0.2727272727272727,,False,0.0,0.0,,False,0.0,0.0
323,3.23,P4,0.9102570722103912,True,0.0897429277896088,3,temporal|spatial|spectral,flow_3d|phase|coherence,1.654468484030275,2.3035689883013717,1.0,4.6875,undetermined,False,,False,0.0,0.0,0.8955673070072767,True,1.0,0.36363636363636365,0.8576396415712991,True,1.0,0.36363636363636365,1.0,True,1.0,0.2727272727272727,,False,0.0,0.0,,False,0.0,0.0
324,3.24,P1,0.9520093644696574,True,0.04799063553034255,3,temporal|spatial|spectral,flow_3d|phase|coherence,0.6335377612981539,1.4248488953609773,1.0,4.6875,undetermined,False,,False,0.0,0.0,0.9586436570792523,True,1.0,0.36363636363636365,0.9093820952123057,True,1.0,0.36363636363636365,1.0,True,1.0,0.2727272727272727,,False,0.0,0.0,,False,0.0,0.0
324,3.24,P2,0.9590578900960862,True,0.04094210990391378,3,temporal|spatial|spectral,flow_3d|phase|coherence,1.0353217140057271,0.7047620127053102,1.0,4.6875,undetermined,False,,False,0.0,0.0,0.9333066626752053,True,1.0,0.36363636363636365,0.9541025350890319,True,1.0,0.36363636363636365,1.0,True,1.0,0.2727272727272727,,False,0.0,0.0,,False,0.0,0.0
324,3.24,P3,0.9516380758378944,True,0.04836192416210561,3,temporal|spatial|spectral,flow_3d|phase|coherence,1.3668982886691516,0.7047620127053102,1.0,4.6875,undetermined,False,,False,0.0,0.0,0.9129021734651778,True,1.0,0.36363636363636365,0.9541025350890319,True,1.0,0.36363636363636365,1.0,True,1.0,0.2727272727272727,,False,0.0,0.0,,False,0.0,0.0
324,3.24,P4,0.906700944101656,True,0.09329905589834397,3,temporal|spatial|spectral,flow_3d|phase|coherence,1.5183085241436132,2.6207675111075455,1.0,4.6875,undetermined,False,,False,0.0,0.0,0.9037336759216825,True,1.0,0.36363636363636365,0.8396939203578714,True,1.0,0.36363636363636365,1.0,True,1.0,0.2727272727272727,,False,0.0,0.0,,False,0.0,0.0
325,3.25,P1,0.9401296566068695,True,0.059870343393130465,3,temporal|spatial|spectral,flow_3d|phase|coherence,0.7447683057228858,1.8529469980162379,1.0,4.6875,undetermined,False,,False,0.0,0.0,0.9515612518004085,True,1.0,0.36363636363636365,0.8837953038684826,True,1.0,0.36363636363636365,1.0,True,1.0,0.2727272727272727,,False,0.0,0.0,,False,0.0,0.0
325,3.25,P2,0.9559055149193169,True,0.04409448508068314,3,temporal|spatial|spectral,flow_3d|phase|coherence,1.076065137215748,0.8015632838677096,1.0,4.6875,undetermined,False,,False,0.0,0.0,0.9307750285902069,True,1.0,0.36363636363636365,0.9479651374379146,True,1.0,0.36363636363636365,1.0,True,1.0,0.2727272727272727,,False,0.0,0.0,,False,0.0,0.0
325,3.25,P3,0.951565090911396,True,0.04843490908860404,3,temporal|spatial|spectral,flow_3d|phase|coherence,1.2696676795405466,0.8015632838677096,1.0,4.6875,undetermined,False,,False,0.0,0.0,0.9188388625684244,True,1.0,0.36363636363636365,0.9479651374379146,True,1.0,0.36363636363636365,1.0,True,1.0,0.2727272727272727,,False,0.0,0.0,,False,0.0,0.0
325,3.25,P4,0.9117674573881078,True,0.08823254261189217,3,temporal|spatial|spectral,flow_3d|phase|coherence,1.233525947236025,2.681427049965423,1.0,4.6875,undetermined,False,,False,0.0,0.0,0.9210554270588904,True,1.0,0.36363636363636365,0.8363050807584061,True,1.0,0.36363636363636365,1.0,True,1.0,0.2727272727272727,,False,0.0,0.0,,False,0.0,0.0
326,3.26,P1,0.9340038438458302,True,0.06599615615416976,3,temporal|spatial|spectral,flow_3d|phase|coherence,0.7830957392775169,2.0996657382649566,1.0,4.6875,undetermined,False,,False,0.0,0.0,0.949132962081896,True,1.0,0.36363636363636365,0.869377608494137,True,1.0,0.36363636363636365,1.0,True,1.0,0.2727272727272727,,False,0.0,0.0,,False,0.0,0.0
326,3.26,P2,0.956944883525889,True,0.04305511647411098,3,temporal|spatial|spectral,flow_3d|phase|coherence,1.0114758074085302,0.819901955985415,1.0,4.6875,undetermined,False,,False,0.0,0.0,0.9347915455420697,True,1.0,0.36363636363636365,0.9468068841541251,True,1.0,0.36363636363636365,1.0,True,1.0,0.2727272727272727,,False,0.0,0.0,,False,0.0,0.0
326,3.26,P3,0.9561147310765437,True,0.043885268923456344,3,temporal|spatial|spectral,flow_3d|phase|coherence,1.048153151643941,0.819901955985415,1.0,4.6875,undetermined,False,,False,0.0,0.0,0.9325086263063698,True,1.0,0.36363636363636365,0.9468068841541251,True,1.0,0.36363636363636365,1.0,True,1.0,0.2727272727272727,,False,0.0,0.0,,False,0.0,0.0
326,3.26,P4,0.9250651675934705,True,0.07493483240652954,3,temporal|spatial|spectral,flow_3d|phase|coherence,0.8279972561329214,2.4796098265721085,1.0,4.6875,undetermined,False,,False,0.0,0.0,0.9462960429530223,True,1.0,0.36363636363636365,0.8476331679290214,True,1.0,0.36363636363636365,1.0,True,1.0,0.2727272727272727,,False,0.0,0.0,,False,0.0,0.0
327,3.27,P1,0.9340199606801003,True,0.06598003931989971,3,temporal|spatial|spectral,flow_3d|phase|coherence,0.7447683057228875,2.140854566820806,1.0,4.6875,undetermined,False,,False,0.0,0.0,0.9515612518004084,True,1.0,0.36363636363636365,0.8669936400698675,True,1.0,0.36363636363636365,1.0,True,1.0,0.2727272727272727,,False,0.0,0.0,,False,0.0,0.0
327,3.27,P2,0.9620967652220447,True,0.03790323477795532,3,temporal|spatial|spectral,flow_3d|phase|coherence,0.8478761782057544,0.7579829120583974,1.0,4.6875,undetermined,False,,False,0.0,0.0,0.9450427838980392,True,1.0,0.36363636363636365,0.9507233204625837,True,1.0,0.36363636363636365,1.0,True,1.0,0.2727272727272727,,False,0.0,0.0,,False,0.0,0.0
327,3.27,P3,0.9649456555338387,True,0.03505434446616129,3,temporal|spatial|spectral,flow_3d|phase|coherence,0.7240380903517196,0.7579829120583974,1.0,4.6875,undetermined,False,,False,0.0,0.0,0.9528772322554728,True,1.0,0.36363636363636365,0.9507233204625837,True,1.0,0.36363636363636365,1.0,True,1.0,0.2727272727272727,,False,0.0,0.0,,False,0.0,0.0
327,3.27,P4,0.9456819429649541,True,0.054318057035045886,3,temporal|spatial|spectral,flow_3d|phase|coherence,0.34141842460288085,2.0350711168962525,1.0,4.6875,undetermined,False,,False,0.0,0.0,0.9774958542511945,True,1.0,0.36363636363636365,0.8731294889024296,True,1.0,0.36363636363636365,1.0,True,1.0,0.2727272727272727,,False,0.0,0.0,,False,0.0,0.0
328,3.28,P1,0.9401541839042125,True,0.05984581609578754,3,temporal|spatial|spectral,flow_3d|phase|coherence,0.6335377612981548,1.972481634165376,1.0,4.6875,undetermined,False,,False,0.0,0.0,0.9586436570792523,True,1.0,0.36363636363636365,0.8767803486573319,True,1.0,0.36363636363636365,1.0,True,1.0,0.2727272727272727,,False,0.0,0.0,,False,0.0,0.0
328,3.28,P2,0.9709444467643689,True,0.029055553235631137,3,temporal|spatial|spectral,flow_3d|phase|coherence,0.6012805211795085,0.6218672195216137,1.0,4.6875,undetermined,False,,False,0.0,0.0,0.9607074219048083,True,1.0,0.36363636363636365,0.9593898066972062,True,1.0,0.36363636363636365,1.0,True,1.0,0.2727272727272727,,False,0.0,0.0,,False,0.0,0.0
328,3.28,P3,0.9773425655522028,True,0.02265743444779722,3,temporal|spatial|spectral,flow_3d|phase|coherence,0.3290491361059411,0.6218672195216137,1.0,4.6875,undetermined,False,,False,0.0,0.0,0.9783022485713516,True,1.0,0.36363636363636365,0.9593898066972062,True,1.0,0.36363636363636365,1.0,True,1.0,0.2727272727272727,,False,0.0,0.0,,False,0.0,0.0
328,3.28,P4,0.9634843426622006,True,0.03651565733779938,3,temporal|spatial|spectral,flow_3d|phase|coherence,0.1785808211291675,1.3913254671243602,1.0,4.6875,undetermined,False,,False,0.0,0.0,0.9881652006509081,True,1.0,0.36363636363636365,0.9114167416701436,True,1.0,0.36363636363636365,1.0,True,1.0,0.2727272727272727,,False,0.0,0.0,,False,0.0,0.0
329,3.29,P1,0.951979828879863,True,0.04802017112013701,3,temporal|spatial|spectral,flow_3d|phase|coherence,0.46029212668041897,1.6110284560701773,1.0,4.6875,undetermined,False,,False,0.0,0.0,0.9697798987100436,True,1.0,0.36363636363636365,0.8981646307095796,True,1.0,0.36363636363636365,1.0,True,1.0,0.2727272727272727,,False,0.0,0.0,,False,0.0,0.0
329,3.29,P2,0.9827430996876232,True,0.01725690031237681,3,temporal|spatial|spectral,flow_3d|phase|coherence,0.295827337372472,0.42487883073436183,1.0,4.6875,undetermined,False,,False,0.0,0.0,0.9804713804602723,True,1.0,0.36363636363636365,0.9720721436806916,True,1.0,0.36363636363636365,1.0,True,1.0,0.2727272727272727,,False,0.0,0.0,,False,0.0,0.0
329,3.29,P3,0.98747280305938,True,0.012527196940619989,3,temporal|spatial|spectral,flow_3d|phase|coherence,0.09814944020203065,0.42487883073436183,1.0,4.6875,undetermined,False,,False,0.0,0.0,0.9934780647326031,True,1.0,0.36363636363636365,0.9720721436806916,True,1.0,0.36363636363636365,1.0,True,1.0,0.2727272727272727,,False,0.0,0.0,,False,0.0,0.0
329,3.29,P4,0.9693342428424867,True,0.030665757157513296,3,temporal|spatial|spectral,flow_3d|phase|coherence,0.6810993318433489,0.6113871866957918,1.0,4.6875,undetermined,False,,False,0.0,0.0,0.9556088311299015,True,1.0,0.36363636363636365,0.9600603366869368,True,1.0,0.36363636363636365,1.0,True,1.0,0.2727272727272727,,False,0.0,0.0,,False,0.0,0.0
330,3.3,P1,0.9733575428614516,True,0.026642457138548403,3,temporal|spatial|spectral,flow_3d|phase|coherence,0.24198989165926452,0.884527451478768,1.0,4.6875,undetermined,False,,False,0.0,0.0,0.9839967749314429,True,1.0,0.36363636363636365,0.9427364679375492,True,1.0,0.36363636363636365,1.0,True,1.0,0.2727272727272727,,False,0.0,0.0,,False,0.0,0.0
330,3.3,P2,0.9985559287180346,True,0.0014440712819654422,3,temporal|spatial|spectral,flow_3d|phase|coherence,0.03858348736698192,0.021048794830801576,1.0,4.6875,undetermined,False,,False,0.0,0.0,0.9974310728642073,True,1.0,0.36363636363636365,0.998597731110388,True,1.0,0.36363636363636365,1.0,True,1.0,0.2727272727272727,,False,0.0,0.0,,False,0.0,0.0
330,3.3,P3,0.9782908126735943,True,0.0217091873264057,3,temporal|spatial|spectral,flow_3d|phase|coherence,0.5157404654558171,0.39364947821068963,1.0,4.6875,undetermined,False,,False,0.0,0.0,0.9662016707204513,True,1.0,0.36363636363636365,0.9740980641319331,True,1.0,0.36363636363636365,1.0,True,1.0,0.2727272727272727,,False,0.0,0.0,,False,0.0,0.0
330,3.3,P4,0.9733961526801238,True,0.026603847319876195,3,temporal|spatial|spectral,flow_3d|phase|coherence,1.1169470944587392,0.021048794830801576,1.0,4.6875,undetermined,False,,False,0.0,0.0,0.9282416887599525,True,1.0,0.36363636363636365,0.998597731110388,True,1.0,0.36363636363636365,1.0,True,1.0,0.2727272727272727,,False,0.0,0.0,,False,0.0,0.0
331,3.31,P1,0.9952395593525439,True,0.004760440647456066,3,temporal|spatial|spectral,flow_3d|phase|coherence,2.278177646530821e-13,0.19766485455707583,1.0,4.6875,undetermined,False,,False,0.0,0.0,0.9999999999999848,True,1.0,0.36363636363636365,0.9869087882195111,True,1.0,0.36363636363636365,1.0,True,1.0,0.2727272727272727,,False,0.0,0.0,,False,0.0,0.0
331,3.31,P2,0.9830397763003271,True,0.01696022369967287,3,temporal|spatial|spectral,flow_3d|phase|coherence,0.3692174915354194,0.3386939002168461,1.0,4.6875,undetermined,False,,False,0.0,0.0,0.9756859670298427,True,1.0,0.36363636363636365,0.9776734177960569,True,1.0,0.36363636363636365,1.0,True,1.0,0.2727272727272727,,False,0.0,0.0,,False,0.0,0.0
331,3.31,P3,0.9744548592975444,True,0.025545140702455615,3,temporal|spatial|spectral,flow_3d|phase|coherence,0.8828472205750781,0.19766485455707583,1.0,4.6875,undetermined,False,,False,0.0,0.0,0.9428420748487362,True,1.0,0.36363636363636365,0.9869087882195111,True,1.0,0.36363636363636365,1.0,True,1.0,0.2727272727272727,,False,0.0,0.0,,False,0.0,0.0
331,3.31,P4,0.948266290509499,True,0.051733709490501045,3,temporal|spatial|spectral,flow_3d|phase|coherence,1.443460293240019,0.7776464911493561,1.0,4.6875,undetermined,False,,False,0.0,0.0,0.908254470113077,True,1.0,0.36363636363636365,0.949477828788045,True,1.0,0.36363636363636365,1.0,True,1.0,0.2727272727272727,,False,0.0,0.0,,False,0.0,0.0
332,3.32,P1,0.9878578943537939,True,0.012142105646206103,3,temporal|spatial|spectral,flow_3d|phase|coherence,0.24198989165958373,0.2631075689066813,1.0,4.6875,undetermined,False,,False,0.0,0.0,0.9839967749314219,True,1.0,0.36363636363636365,0.9826124345415114,True,1.0,0.36363636363636365,1.0,True,1.0,0.2727272727272727,,False,0.0,0.0,,False,0.0,0.0
332,3.32,P2,0.9752176973313864,True,0.024782302668613587,3,temporal|spatial|spectral,flow_3d|phase|coherence,0.663709915143782,0.377746300196405,1.0,4.6875,undetermined,False,,False,0.0,0.0,0.9567173055409571,True,1.0,0.36363636363636365,0.9751313621203558,True,1.0,0.36363636363636365,1.0,True,1.0,0.2727272727272727,,False,0.0,0.0,,False,0.0,0.0
332,3.32,P3,0.9665365901102491,True,0.03346340988975094,3,temporal|spatial|spectral,flow_3d|phase|coherence,1.1635347385870976,0.2631075689066813,1.0,4.6875,undetermined,False,,False,0.0,0.0,0.9253631882616735,True,1.0,0.36363636363636365,0.9826124345415114,True,1.0,0.36363636363636365,1.0,True,1.0,0.2727272727272727,,False,0.0,0.0,,False,0.0,0.0
332,3.32,P4,0.9235452649368379,True,0.07645473506316214,3,temporal|spatial|spectral,flow_3d|phase|coherence,1.628677541340405,1.703561717366419,1.0,4.6875,undetermined,False,,False,0.0,0.0,0.8971084665655207,True,1.0,0.36363636363636365,0.8926410120107836,True,1.0,0.36363636363636365,1.0,True,1.0,0.2727272727272727,,False,0.0,0.0,,False,0.0,0.0
333,3.33,P1,0.9688111313751497,True,0.031188868624850263,3,temporal|spatial|spectral,flow_3d|phase|coherence,0.4602921266802342,0.8572766553217228,1.0,4.6875,undetermined,False,,False,0.0,0.0,0.9697798987100554,True,1.0,0.36363636363636365,0.9444507125716062,True,1.0,0.36363636363636365,1.0,True,1.0,0.2727272727272727,,False,0.0,0.0,,False,0.0,0.0
333,3.33,P2,0.966143904041213,True,0.033856095958787025,3,temporal|spatial|spectral,flow_3d|phase|coherence,0.8932337879180601,0.5389737253736202,1.0,4.6875,undetermined,False,,False,0.0,0.0,0.94218944131527,True,1.0,0.36363636363636365,0.9647062947980655,True,1.0,0.36363636363636365,1.0,True,1.0,0.2727272727272727,,False,0.0,0.0,,False,0.0,0.0
333,3.33,P3,0.9563043254966901,True,0.04369567450330991,3,temporal|spatial|spectral,flow_3d|phase|coherence,1.3303273695622142,0.5389737253736202,1.0,4.6875,undetermined,False,,False,0.0,0.0,0.9151306003178322,True,1.0,0.36363636363636365,0.9647062947980655,True,1.0,0.36363636363636365,1.0,True,1.0,0.2727272727272727,,False,0.0,0.0,,False,0.0,0.0
333,3.33,P4,0.910257072210388,True,0.08974292778961201,3,temporal|spatial|spectral,flow_3d|phase|coherence,1.6544684840303283,2.303568988301472,1.0,4.6875,undetermined,False,,False,0.0,0.0,0.8955673070072735,True,1.0,0.36363636363636365,0.8576396415712934,True,1.0,0.36363636363636365,1.0,True,1.0,0.2727272727272727,,False,0.0,0.0,,False,0.0,0.0
334,3.34,P1,0.952009364469656,True,0.047990635530343995,3,temporal|spatial|spectral,flow_3d|phase|coherence,0.6335377612982818,1.4248488953609089,1.0,4.6875,undetermined,False,,False,0.0,0.0,0.958643657079244,True,1.0,0.36363636363636365,0.9093820952123098,True,1.0,0.36363636363636365,1.0,True,1.0,0.2727272727272727,,False,0.0,0.0,,False,0.0,0.0
334,3.34,P2,0.9590578900960851,True,0.04094210990391489,3,temporal|spatial|spectral,flow_3d|phase|coherence,1.0353217140058106,0.7047620127052774,1.0,4.6875,undetermined,False,,False,0.0,0.0,0.9333066626752001,True,1.0,0.36363636363636365,0.954102535089034,True,1.0,0.36363636363636365,1.0,True,1.0,0.2727272727272727,,False,0.0,0.0,,False,0.0,0.0
334,3.34,P3,0.9516380758378957,True,0.048361924162104275,3,temporal|spatial|spectral,flow_3d|phase|coherence,1.366898288669125,0.7047620127052774,1.0,4.6875,undetermined,False,,False,0.0,0.0,0.9129021734651793,True,1.0,0.36363636363636365,0.954102535089034,True,1.0,0.36363636363636365,1.0,True,1.0,0.2727272727272727,,False,0.0,0.0,,False,0.0,0.0
334,3.34,P4,0.9067009441016627,True,0.09329905589833731,3,temporal|spatial|spectral,flow_3d|phase|coherence,1.5183085241434195,2.620767511107424,1.0,4.6875,undetermined,False,,False,0.0,0.0,0.9037336759216942,True,1.0,0.36363636363636365,0.8396939203578782,True,1.0,0.36363636363636365,1.0,True,1.0,0.2727272727272727,,False,0.0,0.0,,False,0.0,0.0
335,3.35,P1,0.9401296566068694,True,0.059870343393130576,3,temporal|spatial|spectral,flow_3d|phase|coherence,0.7447683057228183,1.8529469980163151,1.0,4.6875,undetermined,False,,False,0.0,0.0,0.9515612518004128,True,1.0,0.36363636363636365,0.883795303868478,True,1.0,0.36363636363636365,1.0,True,1.0,0.2727272727272727,,False,0.0,0.0,,False,0.0,0.0
335,3.35,P2,0.9559055149193159,True,0.04409448508068414,3,temporal|spatial|spectral,flow_3d|phase|coherence,1.0760651372157568,0.8015632838677442,1.0,4.6875,undetermined,False,,False,0.0,0.0,0.9307750285902063,True,1.0,0.36363636363636365,0.9479651374379123,True,1.0,0.36363636363636365,1.0,True,1.0,0.2727272727272727,,False,0.0,0.0,,False,0.0,0.0
335,3.35,P3,0.951565090911392,True,0.048434909088608036,3,temporal|spatial|spectral,flow_3d|phase|coherence,1.2696676795406905,0.8015632838677442,1.0,4.6875,undetermined,False,,False,0.0,0.0,0.9188388625684156,True,1.0,0.36363636363636365,0.9479651374379123,True,1.0,0.36363636363636365,1.0,True,1.0,0.2727272727272727,,False,0.0,0.0,,False,0.0,0.0
335,3.35,P4,0.9117674573880982,True,0.08823254261190183,3,temporal|spatial|spectral,flow_3d|phase|coherence,1.2335259472363465,2.6814270499655466,1.0,4.6875,undetermined,False,,False,0.0,0.0,0.9210554270588707,True,1.0,0.36363636363636365,0.8363050807583993,True,1.0,0.36363636363636365,1.0,True,1.0,0.2727272727272727,,False,0.0,0.0,,False,0.0,0.0
336,3.36,P1,0.9340038438458294,True,0.06599615615417065,3,temporal|spatial|spectral,flow_3d|phase|coherence,0.7830957392775515,2.099665738264959,1.0,4.6875,undetermined,False,,False,0.0,0.0,0.9491329620818938,True,1.0,0.36363636363636365,0.8693776084941369,True,1.0,0.36363636363636365,1.0,True,1.0,0.2727272727272727,,False,0.0,0.0,,False,0.0,0.0
336,3.36,P2,0.9569448835258891,True,0.043055116474110866,3,temporal|spatial|spectral,flow_3d|phase|coherence,1.0114758074085248,0.8199019559854146,1.0,4.6875,undetermined,False,,False,0.0,0.0,0.93479154554207,True,1.0,0.36363636363636365,0.9468068841541252,True,1.0,0.36363636363636365,1.0,True,1.0,0.2727272727272727,,False,0.0,0.0,,False,0.0,0.0
336,3.36,P3,0.9561147310765452,True,0.04388526892345479,3,temporal|spatial|spectral,flow_3d|phase|coherence,1.0481531516438656,0.8199019559854146,1.0,4.6875,undetermined,False,,False,0.0,0.0,0.9325086263063744,True,1.0,0.36363636363636365,0.9468068841541252,True,1.0,0.36363636363636365,1.0,True,1.0,0.2727272727272727,,False,0.0,0.0,,False,0.0,0.0
336,3.36,P4,0.9250651675934745,True,0.07493483240652554,3,temporal|spatial|spectral,flow_3d|phase|coherence,0.8279972561327531,2.4796098265721045,1.0,4.6875,undetermined,False,,False,0.0,0.0,0.9462960429530329,True,1.0,0.36363636363636365,0.8476331679290217,True,1.0,0.36363636363636365,1.0,True,1.0,0.2727272727272727,,False,0.0,0.0,,False,0.0,0.0
337,3.37,P1,0.9340199606801003,True,0.06598003931989971,3,temporal|spatial|spectral,flow_3d|phase|coherence,0.7447683057228875,2.140854566820806,1.0,4.6875,undetermined,False,,False,0.0,0.0,0.9515612518004084,True,1.0,0.36363636363636365,0.8669936400698675,True,1.0,0.36363636363636365,1.0,True,1.0,0.2727272727272727,,False,0.0,0.0,,False,0.0,0.0
337,3.37,P2,0.9620967652220448,True,0.03790323477795521,3,temporal|spatial|spectral,flow_3d|phase|coherence,0.8478761782057527,0.7579829120583965,1.0,4.6875,undetermined,False,,False,0.0,0.0,0.9450427838980393,True,1.0,0.36363636363636365,0.9507233204625838,True,1.0,0.36363636363636365,1.0,True,1.0,0.2727272727272727,,False,0.0,0.0,,False,0.0,0.0
337,3.37,P3,0.9649456555338389,True,0.03505434446616107,3,temporal|spatial|spectral,flow_3d|phase|coherence,0.7240380903517165,0.7579829120583965,1.0,4.6875,undetermined,False,,False,0.0,0.0,0.952877232255473,True,1.0,0.36363636363636365,0.9507233204625838,True,1.0,0.36363636363636365,1.0,True,1.0,0.2727272727272727,,False,0.0,0.0,,False,0.0,0.0
337,3.37,P4,0.9456819429649544,True,0.05431805703504555,3,temporal|spatial|spectral,flow_3d|phase|coherence,0.3414184246028755,2.0350711168962454,1.0,4.6875,undetermined,False,,False,0.0,0.0,0.9774958542511948,True,1.0,0.36363636363636365,0.8731294889024299,True,1.0,0.36363636363636365,1.0,True,1.0,0.2727272727272727,,False,0.0,0.0,,False,0.0,0.0
338,3.38,P1,0.9401541839042125,True,0.05984581609578754,3,temporal|spatial|spectral,flow_3d|phase|coherence,0.633537761298153,1.972481634165372,1.0,4.6875,undetermined,False,,False,0.0,0.0,0.9586436570792524,True,1.0,0.36363636363636365,0.8767803486573321,True,1.0,0.36363636363636365,1.0,True,1.0,0.2727272727272727,,False,0.0,0.0,,False,0.0,0.0
338,3.38,P2,0.9709444467643691,True,0.029055553235630915,3,temporal|spatial|spectral,flow_3d|phase|coherence,0.6012805211795036,0.621867219521612,1.0,4.6875,undetermined,False,,False,0.0,0.0,0.9607074219048086,True,1.0,0.36363636363636365,0.9593898066972063,True,1.0,0.36363636363636365,1.0,True,1.0,0.2727272727272727,,False,0.0,0.0,,False,0.0,0.0
338,3.38,P3,0.977342565552203,True,0.022657434447796998,3,temporal|spatial|spectral,flow_3d|phase|coherence,0.32904913610593534,0.6218672195216124,1.0,4.6875,undetermined,False,,False,0.0,0.0,0.978302248571352,True,1.0,0.36363636363636365,0.9593898066972063,True,1.0,0.36363636363636365,1.0,True,1.0,0.2727272727272727,,False,0.0,0.0,,False,0.0,0.0
338,3.38,P4,0.9634843426622006,True,0.03651565733779938,3,temporal|spatial|spectral,flow_3d|phase|coherence,0.17858082112917373,1.3913254671243527,1.0,4.6875,undetermined,False,,False,0.0,0.0,0.9881652006509076,True,1.0,0.36363636363636365,0.9114167416701441,True,1.0,0.36363636363636365,1.0,True,1.0,0.2727272727272727,,False,0.0,0.0,,False,0.0,0.0
339,3.39,P1,0.9519798288798631,True,0.0480201711201369,3,temporal|spatial|spectral,flow_3d|phase|coherence,0.46029212668041675,1.6110284560701724,1.0,4.6875,undetermined,False,,False,0.0,0.0,0.9697798987100437,True,1.0,0.36363636363636365,0.8981646307095799,True,1.0,0.36363636363636365,1.0,True,1.0,0.2727272727272727,,False,0.0,0.0,,False,0.0,0.0
339,3.39,P2,0.9827430996876234,True,0.01725690031237659,3,temporal|spatial|spectral,flow_3d|phase|coherence,0.2958273373724698,0.42487883073435917,1.0,4.6875,undetermined,False,,False,0.0,0.0,0.9804713804602725,True,1.0,0.36363636363636365,0.9720721436806918,True,1.0,0.36363636363636365,1.0,True,1.0,0.2727272727272727,,False,0.0,0.0,,False,0.0,0.0
339,3.39,P3,0.9874728030593798,True,0.012527196940620211,3,temporal|spatial|spectral,flow_3d|phase|coherence,0.09814944020203598,0.42487883073435917,1.0,4.6875,undetermined,False,,False,0.0,0.0,0.9934780647326028,True,1.0,0.36363636363636365,0.9720721436806918,True,1.0,0.36363636363636365,1.0,True,1.0,0.2727272727272727,,False,0.0,0.0,,False,0.0,0.0
339,3.39,P4,0.9693342428424867,True,0.030665757157513296,3,temporal|spatial|spectral,flow_3d|phase|coherence,0.6810993318433525,0.6113871866957821,1.0,4.6875,undetermined,False,,False,0.0,0.0,0.9556088311299012,True,1.0,0.36363636363636365,0.9600603366869374,True,1.0,0.36363636363636365,1.0,True,1.0,0.2727272727272727,,False,0.0,0.0,,False,0.0,0.0
340,3.4,P1,0.9733575428614519,True,0.02664245713854807,3,temporal|spatial|spectral,flow_3d|phase|coherence,0.24198989165926177,0.8845274514787582,1.0,4.6875,undetermined,False,,False,0.0,0.0,0.983996774931443,True,1.0,0.36363636363636365,0.9427364679375497,True,1.0,0.36363636363636365,1.0,True,1.0,0.2727272727272727,,False,0.0,0.0,,False,0.0,0.0
340,3.4,P2,0.9985559287180343,True,0.0014440712819656643,3,temporal|spatial|spectral,flow_3d|phase|coherence,0.038583487366985914,0.02104879483080735,1.0,4.6875,undetermined,False,,False,0.0,0.0,0.997431072864207,True,1.0,0.36363636363636365,0.9985977311103875,True,1.0,0.36363636363636365,1.0,True,1.0,0.2727272727272727,,False,0.0,0.0,,False,0.0,0.0
340,3.4,P3,0.9782908126735942,True,0.02170918732640581,3,temporal|spatial|spectral,flow_3d|phase|coherence,0.5157404654558224,0.3936494782106892,1.0,4.6875,undetermined,False,,False,0.0,0.0,0.9662016707204509,True,1.0,0.36363636363636365,0.9740980641319331,True,1.0,0.36363636363636365,1.0,True,1.0,0.2727272727272727,,False,0.0,0.0,,False,0.0,0.0
340,3.4,P4,0.9733961526801236,True,0.026603847319876417,3,temporal|spatial|spectral,flow_3d|phase|coherence,1.1169470944587427,0.02104879483080735,1.0,4.6875,undetermined,False,,False,0.0,0.0,0.9282416887599523,True,1.0,0.36363636363636365,0.9985977311103875,True,1.0,0.36363636363636365,1.0,True,1.0,0.2727272727272727,,False,0.0,0.0,,False,0.0,0.0
341,3.41,P1,0.9952395593525442,True,0.004760440647455844,3,temporal|spatial|spectral,flow_3d|phase|coherence,2.2515322939398175e-13,0.1976648545570714,1.0,4.6875,undetermined,False,,False,0.0,0.0,0.999999999999985,True,1.0,0.36363636363636365,0.9869087882195113,True,1.0,0.36363636363636365,1.0,True,1.0,0.2727272727272727,,False,0.0,0.0,,False,0.0,0.0
341,3.41,P2,0.983039776300327,True,0.016960223699672983,3,temporal|spatial|spectral,flow_3d|phase|coherence,0.36921749153542294,0.3386939002168461,1.0,4.6875,undetermined,False,,False,0.0,0.0,0.9756859670298424,True,1.0,0.36363636363636365,0.9776734177960569,True,1.0,0.36363636363636365,1.0,True,1.0,0.2727272727272727,,False,0.0,0.0,,False,0.0,0.0
341,3.41,P3,0.9744548592975446,True,0.025545140702455393,3,temporal|spatial|spectral,flow_3d|phase|coherence,0.8828472205750799,0.19766485455707095,1.0,4.6875,undetermined,False,,False,0.0,0.0,0.9428420748487361,True,1.0,0.36363636363636365,0.9869087882195114,True,1.0,0.36363636363636365,1.0,True,1.0,0.2727272727272727,,False,0.0,0.0,,False,0.0,0.0
341,3.41,P4,0.9482662905094985,True,0.05173370949050149,3,temporal|spatial|spectral,flow_3d|phase|coherence,1.4434602932400225,0.7776464911493681,1.0,4.6875,undetermined,False,,False,0.0,0.0,0.9082544701130768,True,1.0,0.36363636363636365,0.9494778287880442,True,1.0,0.36363636363636365,1.0,True,1.0,0.2727272727272727,,False,0.0,0.0,,False,0.0,0.0
342,3.42,P1,0.9878578943537938,True,0.012142105646206214,3,temporal|spatial|spectral,flow_3d|phase|coherence,0.2419898916595855,0.26310756890668685,1.0,4.6875,undetermined,False,,False,0.0,0.0,0.9839967749314218,True,1.0,0.36363636363636365,0.982612434541511,True,1.0,0.36363636363636365,1.0,True,1.0,0.2727272727272727,,False,0.0,0.0,,False,0.0,0.0
342,3.42,P2,0.9752176973313864,True,0.024782302668613587,3,temporal|spatial|spectral,flow_3d|phase|coherence,0.6637099151437855,0.3777463001964039,1.0,4.6875,undetermined,False,,False,0.0,0.0,0.9567173055409569,True,1.0,0.36363636363636365,0.9751313621203558,True,1.0,0.36363636363636365,1.0,True,1.0,0.2727272727272727,,False,0.0,0.0,,False,0.0,0.0
342,3.42,P3,0.966536590110249,True,0.03346340988975105,3,temporal|spatial|spectral,flow_3d|phase|coherence,1.163534738587101,0.26310756890668685,1.0,4.6875,undetermined,False,,False,0.0,0.0,0.9253631882616733,True,1.0,0.36363636363636365,0.982612434541511,True,1.0,0.36363636363636365,1.0,True,1.0,0.2727272727272727,,False,0.0,0.0,,False,0.0,0.0
342,3.42,P4,0.9235452649368376,True,0.07645473506316236,3,temporal|spatial|spectral,flow_3d|phase|coherence,1.628677541340405,1.7035617173664281,1.0,4.6875,undetermined,False,,False,0.0,0.0,0.8971084665655207,True,1.0,0.36363636363636365,0.892641012010783,True,1.0,0.36363636363636365,1.0,True,1.0,0.2727272727272727,,False,0.0,0.0,,False,0.0,0.0
343,3.43,P1,0.9688111313751491,True,0.03118886862485093,3,temporal|spatial|spectral,flow_3d|phase|coherence,0.4602921266803044,0.857276655321674,1.0,4.6875,undetermined,False,,False,0.0,0.0,0.969779898710051,True,1.0,0.36363636363636365,0.9444507125716092,True,1.0,0.36363636363636365,1.0,True,1.0,0.2727272727272727,,False,0.0,0.0,,False,0.0,0.0
343,3.43,P2,0.9661439040412125,True,0.03385609595878747,3,temporal|spatial|spectral,flow_3d|phase|coherence,0.8932337879181009,0.5389737253735936,1.0,4.6875,undetermined,False,,False,0.0,0.0,0.9421894413152675,True,1.0,0.36363636363636365,0.9647062947980671,True,1.0,0.36363636363636365,1.0,True,1.0,0.2727272727272727,,False,0.0,0.0,,False,0.0,0.0
343,3.43,P3,0.956304325496691,True,0.04369567450330902,3,temporal|spatial|spectral,flow_3d|phase|coherence,1.3303273695621982,0.5389737253735936,1.0,4.6875,undetermined,False,,False,0.0,0.0,0.9151306003178332,True,1.0,0.36363636363636365,0.9647062947980671,True,1.0,0.36363636363636365,1.0,True,1.0,0.2727272727272727,,False,0.0,0.0,,False,0.0,0.0
343,3.43,P4,0.9102570722103923,True,0.08974292778960768,3,temporal|spatial|spectral,flow_3d|phase|coherence,1.6544684840302288,2.3035689883013655,1.0,4.6875,undetermined,False,,False,0.0,0.0,0.8955673070072794,True,1.0,0.36363636363636365,0.8576396415712995,True,1.0,0.36363636363636365,1.0,True,1.0,0.2727272727272727,,False,0.0,0.0,,False,0.0,0.0
344,3.44,P1,0.9520093644696578,True,0.04799063553034222,3,temporal|spatial|spectral,flow_3d|phase|coherence,0.6335377612981485,1.4248488953609684,1.0,4.6875,undetermined,False,,False,0.0,0.0,0.9586436570792526,True,1.0,0.36363636363636365,0.9093820952123063,True,1.0,0.36363636363636365,1.0,True,1.0,0.2727272727272727,,False,0.0,0.0,,False,0.0,0.0
344,3.44,P2,0.9590578900960862,True,0.04094210990391378,3,temporal|spatial|spectral,flow_3d|phase|coherence,1.035321714005729,0.7047620127053076,1.0,4.6875,undetermined,False,,False,0.0,0.0,0.9333066626752052,True,1.0,0.36363636363636365,0.9541025350890321,True,1.0,0.36363636363636365,1.0,True,1.0,0.2727272727272727,,False,0.0,0.0,,False,0.0,0.0
344,3.44,P3,0.9516380758378944,True,0.04836192416210561,3,temporal|spatial|spectral,flow_3d|phase|coherence,1.366898288669157,0.7047620127053076,1.0,4.6875,undetermined,False,,False,0.0,0.0,0.9129021734651774,True,1.0,0.36363636363636365,0.9541025350890321,True,1.0,0.36363636363636365,1.0,True,1.0,0.2727272727272727,,False,0.0,0.0,,False,0.0,0.0
344,3.44,P4,0.906700944101656,True,0.09329905589834397,3,temporal|spatial|spectral,flow_3d|phase|coherence,1.518308524143615,2.6207675111075375,1.0,4.6875,undetermined,False,,False,0.0,0.0,0.9037336759216824,True,1.0,0.36363636363636365,0.8396939203578718,True,1.0,0.36363636363636365,1.0,True,1.0,0.2727272727272727,,False,0.0,0.0,,False,0.0,0.0
345,3.45,P1,0.9401296566068678,True,0.05987034339313224,3,temporal|spatial|spectral,flow_3d|phase|coherence,0.7447683057228858,1.8529469980163196,1.0,4.6875,undetermined,False,,False,0.0,0.0,0.9515612518004085,True,1.0,0.36363636363636365,0.8837953038684777,True,1.0,0.36363636363636365,1.0,True,1.0,0.2727272727272727,,False,0.0,0.0,,False,0.0,0.0
345,3.45,P2,0.955905514919315,True,0.04409448508068503,3,temporal|spatial|spectral,flow_3d|phase|coherence,1.0760651372157994,0.8015632838677451,1.0,4.6875,undetermined,False,,False,0.0,0.0,0.9307750285902038,True,1.0,0.36363636363636365,0.9479651374379123,True,1.0,0.36363636363636365,1.0,True,1.0,0.2727272727272727,,False,0.0,0.0,,False,0.0,0.0
345,3.45,P3,0.9515650909113924,True,0.04843490908860759,3,temporal|spatial|spectral,flow_3d|phase|coherence,1.2696676795406745,0.8015632838677451,1.0,4.6875,undetermined,False,,False,0.0,0.0,0.9188388625684166,True,1.0,0.36363636363636365,0.9479651374379123,True,1.0,0.36363636363636365,1.0,True,1.0,0.2727272727272727,,False,0.0,0.0,,False,0.0,0.0
345,3.45,P4,0.9117674573881005,True,0.0882325426118995,3,temporal|spatial|spectral,flow_3d|phase|coherence,1.2335259472362434,2.681427049965544,1.0,4.6875,undetermined,False,,False,0.0,0.0,0.921055427058877,True,1.0,0.36363636363636365,0.8363050807583995,True,1.0,0.36363636363636365,1.0,True,1.0,0.2727272727272727,,False,0.0,0.0,,False,0.0,0.0
346,3.46,P1,0.9340038438458294,True,0.06599615615417065,3,temporal|spatial|spectral,flow_3d|phase|coherence,0.7830957392775515,2.0996657382649584,1.0,4.6875,undetermined,False,,False,0.0,0.0,0.9491329620818938,True,1.0,0.36363636363636365,0.869377608494137,True,1.0,0.36363636363636365,1.0,True,1.0,0.2727272727272727,,False,0.0,0.0,,False,0.0,0.0
346,3.46,P2,0.9569448835258891,True,0.043055116474110866,3,temporal|spatial|spectral,flow_3d|phase|coherence,1.0114758074085213,0.8199019559854142,1.0,4.6875,undetermined,False,,False,0.0,0.0,0.9347915455420702,True,1.0,0.36363636363636365,0.9468068841541252,True,1.0,0.36363636363636365,1.0,True,1.0,0.2727272727272727,,False,0.0,0.0,,False,0.0,0.0
346,3.46,P3,0.9561147310765454,True,0.04388526892345457,3,temporal|spatial|spectral,flow_3d|phase|coherence,1.0481531516438594,0.8199019559854142,1.0,4.6875,undetermined,False,,False,0.0,0.0,0.9325086263063749,True,1.0,0.36363636363636365,0.9468068841541252,True,1.0,0.36363636363636365,1.0,True,1.0,0.2727272727272727,,False,0.0,0.0,,False,0.0,0.0
346,3.46,P4,0.9250651675934745,True,0.07493483240652554,3,temporal|spatial|spectral,flow_3d|phase|coherence,0.82799725613275,2.479609826572104,1.0,4.6875,undetermined,False,,False,0.0,0.0,0.9462960429530332,True,1.0,0.36363636363636365,0.8476331679290217,True,1.0,0.36363636363636365,1.0,True,1.0,0.2727272727272727,,False,0.0,0.0,,False,0.0,0.0
347,3.47,P1,0.9340199606801003,True,0.06598003931989971,3,temporal|spatial|spectral,flow_3d|phase|coherence,0.7447683057228858,2.1408545668208068,1.0,4.6875,undetermined,False,,False,0.0,0.0,0.9515612518004085,True,1.0,0.36363636363636365,0.8669936400698673,True,1.0,0.36363636363636365,1.0,True,1.0,0.2727272727272727,,False,0.0,0.0,,False,0.0,0.0
347,3.47,P2,0.9620967652220448,True,0.03790323477795521,3,temporal|spatial|spectral,flow_3d|phase|coherence,0.8478761782057527,0.7579829120583956,1.0,4.6875,undetermined,False,,False,0.0,0.0,0.9450427838980393,True,1.0,0.36363636363636365,0.9507233204625838,True,1.0,0.36363636363636365,1.0,True,1.0,0.2727272727272727,,False,0.0,0.0,,False,0.0,0.0
347,3.47,P3,0.9649456555338389,True,0.03505434446616107,3,temporal|spatial|spectral,flow_3d|phase|coherence,0.7240380903517152,0.7579829120583956,1.0,4.6875,undetermined,False,,False,0.0,0.0,0.9528772322554732,True,1.0,0.36363636363636365,0.9507233204625838,True,1.0,0.36363636363636365,1.0,True,1.0,0.2727272727272727,,False,0.0,0.0,,False,0.0,0.0
347,3.47,P4,0.9456819429649548,True,0.05431805703504522,3,temporal|spatial|spectral,flow_3d|phase|coherence,0.341418424602868,2.0350711168962374,1.0,4.6875,undetermined,False,,False,0.0,0.0,0.9774958542511952,True,1.0,0.36363636363636365,0.8731294889024305,True,1.0,0.36363636363636365,1.0,True,1.0,0.2727272727272727,,False,0.0,0.0,,False,0.0,0.0
348,3.48,P1,0.9401541839042165,True,0.059845816095783544,3,temporal|spatial|spectral,flow_3d|phase|coherence,0.6335377612980597,1.9724816341652867,1.0,4.6875,undetermined,False,,False,0.0,0.0,0.9586436570792582,True,1.0,0.36363636363636365,0.8767803486573371,True,1.0,0.36363636363636365,1.0,True,1.0,0.2727272727272727,,False,0.0,0.0,,False,0.0,0.0
348,3.48,P2,0.9709444467643733,True,0.029055553235626697,3,temporal|spatial|spectral,flow_3d|phase|coherence,0.6012805211793486,0.6218672195215866,1.0,4.6875,undetermined,False,,False,0.0,0.0,0.9607074219048185,True,1.0,0.36363636363636365,0.959389806697208,True,1.0,0.36363636363636365,1.0,True,1.0,0.2727272727272727,,False,0.0,0.0,,False,0.0,0.0
348,3.48,P3,0.9773425655522086,True,0.022657434447791447,3,temporal|spatial|spectral,flow_3d|phase|coherence,0.32904913610573105,0.6218672195215866,1.0,4.6875,undetermined,False,,False,0.0,0.0,0.9783022485713653,True,1.0,0.36363636363636365,0.959389806697208,True,1.0,0.36363636363636365,1.0,True,1.0,0.2727272727272727,,False,0.0,0.0,,False,0.0,0.0
348,3.48,P4,0.9634843426621964,True,0.0365156573378036,3,temporal|spatial|spectral,flow_3d|phase|coherence,0.17858082112939844,1.3913254671242994,1.0,4.6875,undetermined,False,,False,0.0,0.0,0.9881652006508929,True,1.0,0.36363636363636365,0.9114167416701473,True,1.0,0.36363636363636365,1.0,True,1.0,0.2727272727272727,,False,0.0,0.0,,False,0.0,0.0
349,3.49,P1,0.9519798288798571,True,0.048020171120142896,3,temporal|spatial|spectral,flow_3d|phase|coherence,0.4602921266805988,1.6110284560702506,1.0,4.6875,undetermined,False,,False,0.0,0.0,0.9697798987100319,True,1.0,0.36363636363636365,0.8981646307095752,True,1.0,0.36363636363636365,1.0,True,1.0,0.2727272727272727,,False,0.0,0.0,,False,0.0,0.0
349,3.49,P2,0.9827430996876158,True,0.01725690031238425,3,temporal|spatial|spectral,flow_3d|phase|coherence,0.29582733737276773,0.4248788307343818,1.0,4.6875,undetermined,False,,False,0.0,0.0,0.980471380460253,True,1.0,0.36363636363636365,0.9720721436806903,True,1.0,0.36363636363636365,1.0,True,1.0,0.2727272727272727,,False,0.0,0.0,,False,0.0,0.0
349,3.49,P3,0.9874728030593889,True,0.012527196940611107,3,temporal|spatial|spectral,flow_3d|phase|coherence,0.09814944020164251,0.4248788307343814,1.0,4.6875,undetermined,False,,False,0.0,0.0,0.9934780647326289,True,1.0,0.36363636363636365,0.9720721436806904,True,1.0,0.36363636363636365,1.0,True,1.0,0.2727272727272727,,False,0.0,0.0,,False,0.0,0.0
349,3.49,P4,0.969334242842496,True,0.03066575715750397,3,temporal|spatial|spectral,flow_3d|phase|coherence,0.681099331842919,0.6113871866958176,1.0,4.6875,undetermined,False,,False,0.0,0.0,0.9556088311299289,True,1.0,0.36363636363636365,0.9600603366869351,True,1.0,0.36363636363636365,1.0,True,1.0,0.2727272727272727,,False,0.0,0.0,,False,0.0,0.0
350,3.5,P1,0.9733575428614544,True,0.026642457138545628,3,temporal|spatial|spectral,flow_3d|phase|coherence,0.24198989165916754,0.884527451478748,1.0,4.6875,undetermined,False,,False,0.0,0.0,0.9839967749314492,True,1.0,0.36363636363636365,0.9427364679375504,True,1.0,0.36363636363636365,1.0,True,1.0,0.2727272727272727,,False,0.0,0.0,,False,0.0,0.0
350,3.5,P2,0.9985559287180306,True,0.001444071281969439,3,temporal|spatial|spectral,flow_3d|phase|coherence,0.03858348736713957,0.021048794830813566,1.0,4.6875,undetermined,False,,False,0.0,0.0,0.9974310728641967,True,1.0,0.36363636363636365,0.9985977311103871,True,1.0,0.36363636363636365,1.0,True,1.0,0.2727272727272727,,False,0.0,0.0,,False,0.0,0.0
350,3.5,P3,0.9782908126735894,True,0.021709187326410584,3,temporal|spatial|spectral,flow_3d|phase|coherence,0.5157404654560267,0.39364947821068963,1.0,4.6875,undetermined,False,,False,0.0,0.0,0.9662016707204378,True,1.0,0.36363636363636365,0.9740980641319331,True,1.0,0.36363636363636365,1.0,True,1.0,0.2727272727272727,,False,0.0,0.0,,False,0.0,0.0
350,3.5,P4,0.9733961526801185,True,0.026603847319881524,3,temporal|spatial|spectral,flow_3d|phase|coherence,1.1169470944589666,0.021048794830813122,1.0,4.6875,undetermined,False,,False,0.0,0.0,0.9282416887599385,True,1.0,0.36363636363636365,0.9985977311103872,True,1.0,0.36363636363636365,1.0,True,1.0,0.2727272727272727,,False,0.0,0.0,,False,0.0,0.0
351,3.51,P1,0.9952395593525469,True,0.004760440647453068,3,temporal|spatial|spectral,flow_3d|phase|coherence,1.1368683772161603e-13,0.1976648545570674,1.0,4.6875,undetermined,False,,False,0.0,0.0,0.9999999999999925,True,1.0,0.36363636363636365,0.9869087882195117,True,1.0,0.36363636363636365,1.0,True,1.0,0.2727272727272727,,False,0.0,0.0,,False,0.0,0.0
351,3.51,P2,0.9830397763003245,True,0.016960223699675536,3,temporal|spatial|spectral,flow_3d|phase|coherence,0.36921749153554906,0.338693900216831,1.0,4.6875,undetermined,False,,False,0.0,0.0,0.9756859670298342,True,1.0,0.36363636363636365,0.9776734177960579,True,1.0,0.36363636363636365,1.0,True,1.0,0.2727272727272727,,False,0.0,0.0,,False,0.0,0.0
351,3.51,P3,0.9744548592975422,True,0.025545140702457836,3,temporal|spatial|spectral,flow_3d|phase|coherence,0.8828472205751883,0.1976648545570674,1.0,4.6875,undetermined,False,,False,0.0,0.0,0.9428420748487293,True,1.0,0.36363636363636365,0.9869087882195117,True,1.0,0.36363636363636365,1.0,True,1.0,0.2727272727272727,,False,0.0,0.0,,False,0.0,0.0
351,3.51,P4,0.9482662905094986,True,0.05173370949050138,3,temporal|spatial|spectral,flow_3d|phase|coherence,1.4434602932400722,0.7776464911493184,1.0,4.6875,undetermined,False,,False,0.0,0.0,0.9082544701130738,True,1.0,0.36363636363636365,0.9494778287880473,True,1.0,0.36363636363636365,1.0,True,1.0,0.2727272727272727,,False,0.0,0.0,,False,0.0,0.0
352,3.52,P1,0.9878578943537987,True,0.012142105646201329,3,temporal|spatial|spectral,flow_3d|phase|coherence,0.24198989165937235,0.2631075689066933,1.0,4.6875,undetermined,False,,False,0.0,0.0,0.9839967749314358,True,1.0,0.36363636363636365,0.9826124345415106,True,1.0,0.36363636363636365,1.0,True,1.0,0.2727272727272727,,False,0.0,0.0,,False,0.0,0.0
352,3.52,P2,0.9752176973313917,True,0.024782302668608258,3,temporal|spatial|spectral,flow_3d|phase|coherence,0.6637099151435422,0.3777463001964214,1.0,4.6875,undetermined,False,,False,0.0,0.0,0.9567173055409725,True,1.0,0.36363636363636365,0.9751313621203547,True,1.0,0.36363636363636365,1.0,True,1.0,0.2727272727272727,,False,0.0,0.0,,False,0.0,0.0
352,3.52,P3,0.9665365901102534,True,0.03346340988974661,3,temporal|spatial|spectral,flow_3d|phase|coherence,1.1635347385868933,0.2631075689066933,1.0,4.6875,undetermined,False,,False,0.0,0.0,0.9253631882616862,True,1.0,0.36363636363636365,0.9826124345415106,True,1.0,0.36363636363636365,1.0,True,1.0,0.2727272727272727,,False,0.0,0.0,,False,0.0,0.0
352,3.52,P4,0.9235452649368383,True,0.0764547350631617,3,temporal|spatial|spectral,flow_3d|phase|coherence,1.6286775413403127,1.7035617173664968,1.0,4.6875,undetermined,False,,False,0.0,0.0,0.8971084665655262,True,1.0,0.36363636363636365,0.892641012010779,True,1.0,0.36363636363636365,1.0,True,1.0,0.2727272727272727,,False,0.0,0.0,,False,0.0,0.0
353,3.53,P1,0.9688111313751461,True,0.031188868624853927,3,temporal|spatial|spectral,flow_3d|phase|coherence,0.46029212668047936,0.8572766553216296,1.0,4.6875,undetermined,False,,False,0.0,0.0,0.9697798987100397,True,1.0,0.36363636363636365,0.9444507125716121,True,1.0,0.36363636363636365,1.0,True,1.0,0.2727272727272727,,False,0.0,0.0,,False,0.0,0.0
353,3.53,P2,0.9661439040412093,True,0.03385609595879069,3,temporal|spatial|spectral,flow_3d|phase|coherence,0.8932337879182715,0.538973725373566,1.0,4.6875,undetermined,False,,False,0.0,0.0,0.9421894413152567,True,1.0,0.36363636363636365,0.9647062947980689,True,1.0,0.36363636363636365,1.0,True,1.0,0.2727272727272727,,False,0.0,0.0,,False,0.0,0.0
353,3.53,P3,0.9563043254966896,True,0.043695674503310356,3,temporal|spatial|spectral,flow_3d|phase|coherence,1.3303273695622888,0.538973725373566,1.0,4.6875,undetermined,False,,False,0.0,0.0,0.9151306003178277,True,1.0,0.36363636363636365,0.9647062947980689,True,1.0,0.36363636363636365,1.0,True,1.0,0.2727272727272727,,False,0.0,0.0,,False,0.0,0.0
353,3.53,P4,0.9102570722103958,True,0.08974292778960424,3,temporal|spatial|spectral,flow_3d|phase|coherence,1.6544684840301738,2.3035689883012544,1.0,4.6875,undetermined,False,,False,0.0,0.0,0.8955673070072827,True,1.0,0.36363636363636365,0.8576396415713058,True,1.0,0.36363636363636365,1.0,True,1.0,0.2727272727272727,,False,0.0,0.0,,False,0.0,0.0
354,3.54,P1,0.9520093644696596,True,0.04799063553034044,3,temporal|spatial|spectral,flow_3d|phase|coherence,0.633537761298018,1.4248488953610252,1.0,4.6875,undetermined,False,,False,0.0,0.0,0.9586436570792609,True,1.0,0.36363636363636365,0.9093820952123028,True,1.0,0.36363636363636365,1.0,True,1.0,0.2727272727272727,,False,0.0,0.0,,False,0.0,0.0
354,3.54,P2,0.9590578900960876,True,0.04094210990391245,3,temporal|spatial|spectral,flow_3d|phase|coherence,1.0353217140056419,0.7047620127053378,1.0,4.6875,undetermined,False,,False,0.0,0.0,0.9333066626752107,True,1.0,0.36363636363636365,0.9541025350890302,True,1.0,0.36363636363636365,1.0,True,1.0,0.2727272727272727,,False,0.0,0.0,,False,0.0,0.0
354,3.54,P3,0.9516380758378931,True,0.04836192416210694,3,temporal|spatial|spectral,flow_3d|phase|coherence,1.3668982886691854,0.7047620127053378,1.0,4.6875,undetermined,False,,False,0.0,0.0,0.9129021734651757,True,1.0,0.36363636363636365,0.9541025350890302,True,1.0,0.36363636363636365,1.0,True,1.0,0.2727272727272727,,False,0.0,0.0,,False,0.0,0.0
354,3.54,P4,0.9067009441016494,True,0.09329905589835064,3,temporal|spatial|spectral,flow_3d|phase|coherence,1.518308524143814,2.6207675111076547,1.0,4.6875,undetermined,False,,False,0.0,0.0,0.9037336759216704,True,1.0,0.36363636363636365,0.8396939203578653,True,1.0,0.36363636363636365,1.0,True,1.0,0.2727272727272727,,False,0.0,0.0,,False,0.0,0.0
355,3.55,P1,0.9401296566068681,True,0.05987034339313191,3,temporal|spatial|spectral,flow_3d|phase|coherence,0.7447683057229533,1.8529469980162325,1.0,4.6875,undetermined,False,,False,0.0,0.0,0.9515612518004043,True,1.0,0.36363636363636365,0.8837953038684829,True,1.0,0.36363636363636365,1.0,True,1.0,0.2727272727272727,,False,0.0,0.0,,False,0.0,0.0
355,3.55,P2,0.9559055149193159,True,0.04409448508068414,3,temporal|spatial|spectral,flow_3d|phase|coherence,1.0760651372157888,0.8015632838677087,1.0,4.6875,undetermined,False,,False,0.0,0.0,0.9307750285902043,True,1.0,0.36363636363636365,0.9479651374379146,True,1.0,0.36363636363636365,1.0,True,1.0,0.2727272727272727,,False,0.0,0.0,,False,0.0,0.0
355,3.55,P3,0.9515650909113964,True,0.048434909088603595,3,temporal|spatial|spectral,flow_3d|phase|coherence,1.2696676795405306,0.8015632838677087,1.0,4.6875,undetermined,False,,False,0.0,0.0,0.9188388625684254,True,1.0,0.36363636363636365,0.9479651374379146,True,1.0,0.36363636363636365,1.0,True,1.0,0.2727272727272727,,False,0.0,0.0,,False,0.0,0.0
355,3.55,P4,0.9117674573881099,True,0.08823254261189006,3,temporal|spatial|spectral,flow_3d|phase|coherence,1.2335259472359308,2.681427049965426,1.0,4.6875,undetermined,False,,False,0.0,0.0,0.9210554270588962,True,1.0,0.36363636363636365,0.836305080758406,True,1.0,0.36363636363636365,1.0,True,1.0,0.2727272727272727,,False,0.0,0.0,,False,0.0,0.0
356,3.56,P1,0.9340038438458274,True,0.06599615615417265,3,temporal|spatial|spectral,flow_3d|phase|coherence,0.7830957392775524,2.0996657382650525,1.0,4.6875,undetermined,False,,False,0.0,0.0,0.9491329620818937,True,1.0,0.36363636363636365,0.8693776084941315,True,1.0,0.36363636363636365,1.0,True,1.0,0.2727272727272727,,False,0.0,0.0,,False,0.0,0.0
356,3.56,P2,0.9569448835258859,True,0.043055116474114086,3,temporal|spatial|spectral,flow_3d|phase|coherence,1.0114758074086279,0.8199019559854523,1.0,4.6875,undetermined,False,,False,0.0,0.0,0.9347915455420637,True,1.0,0.36363636363636365,0.9468068841541227,True,1.0,0.36363636363636365,1.0,True,1.0,0.2727272727272727,,False,0.0,0.0,,False,0.0,0.0
356,3.56,P3,0.9561147310765388,True,0.04388526892346123,3,temporal|spatial|spectral,flow_3d|phase|coherence,1.0481531516441152,0.8199019559854523,1.0,4.6875,undetermined,False,,False,0.0,0.0,0.932508626306359,True,1.0,0.36363636363636365,0.9468068841541227,True,1.0,0.36363636363636365,1.0,True,1.0,0.2727272727272727,,False,0.0,0.0,,False,0.0,0.0
356,3.56,P4,0.9250651675934627,True,0.07493483240653731,3,temporal|spatial|spectral,flow_3d|phase|coherence,0.8279972561331621,2.479609826572217,1.0,4.6875,undetermined,False,,False,0.0,0.0,0.9462960429530072,True,1.0,0.36363636363636365,0.8476331679290153,True,1.0,0.36363636363636365,1.0,True,1.0,0.2727272727272727,,False,0.0,0.0,,False,0.0,0.0
357,3.57,P1,0.9340199606801038,True,0.06598003931989616,3,temporal|spatial|spectral,flow_3d|phase|coherence,0.7447683057228192,2.1408545668207095,1.0,4.6875,undetermined,False,,False,0.0,0.0,0.9515612518004127,True,1.0,0.36363636363636365,0.866993640069873,True,1.0,0.36363636363636365,1.0,True,1.0,0.2727272727272727,,False,0.0,0.0,,False,0.0,0.0
357,3.57,P2,0.9620967652220498,True,0.03790323477795021,3,temporal|spatial|spectral,flow_3d|phase|coherence,0.847876178205567,0.7579829120583614,1.0,4.6875,undetermined,False,,False,0.0,0.0,0.9450427838980511,True,1.0,0.36363636363636365,0.950723320462586,True,1.0,0.36363636363636365,1.0,True,1.0,0.2727272727272727,,False,0.0,0.0,,False,0.0,0.0
357,3.57,P3,0.9649456555338473,True,0.03505434446615274,3,temporal|spatial|spectral,flow_3d|phase|coherence,0.7240380903513857,0.7579829120583614,1.0,4.6875,undetermined,False,,False,0.0,0.0,0.952877232255494,True,1.0,0.36363636363636365,0.950723320462586,True,1.0,0.36363636363636365,1.0,True,1.0,0.2727272727272727,,False,0.0,0.0,,False,0.0,0.0
357,3.57,P4,0.9456819429649672,True,0.054318057035032785,3,temporal|spatial|spectral,flow_3d|phase|coherence,0.3414184246024141,2.0350711168961553,1.0,4.6875,undetermined,False,,False,0.0,0.0,0.9774958542512248,True,1.0,0.36363636363636365,0.8731294889024352,True,1.0,0.36363636363636365,1.0,True,1.0,0.2727272727272727,,False,0.0,0.0,,False,0.0,0.0
358,3.58,P1,0.9401541839042115,True,0.05984581609578854,3,temporal|spatial|spectral,flow_3d|phase|coherence,0.6335377612981912,1.972481634165379,1.0,4.6875,undetermined,False,,False,0.0,0.0,0.9586436570792499,True,1.0,0.36363636363636365,0.8767803486573317,True,1.0,0.36363636363636365,1.0,True,1.0,0.2727272727272727,,False,0.0,0.0,,False,0.0,0.0
358,3.58,P2,0.9709444467643666,True,0.029055553235633358,3,temporal|spatial|spectral,flow_3d|phase|coherence,0.6012805211796053,0.6218672195216168,1.0,4.6875,undetermined,False,,False,0.0,0.0,0.9607074219048021,True,1.0,0.36363636363636365,0.9593898066972061,True,1.0,0.36363636363636365,1.0,True,1.0,0.2727272727272727,,False,0.0,0.0,,False,0.0,0.0
358,3.58,P3,0.9773425655521986,True,0.02265743444780144,3,temporal|spatial|spectral,flow_3d|phase|coherence,0.32904913610611564,0.6218672195216168,1.0,4.6875,undetermined,False,,False,0.0,0.0,0.9783022485713402,True,1.0,0.36363636363636365,0.9593898066972061,True,1.0,0.36363636363636365,1.0,True,1.0,0.2727272727272727,,False,0.0,0.0,,False,0.0,0.0
358,3.58,P4,0.9634843426622062,True,0.03651565733779383,3,temporal|spatial|spectral,flow_3d|phase|coherence,0.17858082112892504,1.3913254671243696,1.0,4.6875,undetermined,False,,False,0.0,0.0,0.988165200650924,True,1.0,0.36363636363636365,0.9114167416701431,True,1.0,0.36363636363636365,1.0,True,1.0,0.2727272727272727,,False,0.0,0.0,,False,0.0,0.0
359,3.59,P1,0.9519798288798628,True,0.048020171120137234,3,temporal|spatial|spectral,flow_3d|phase|coherence,0.4602921266804221,1.6110284560701826,1.0,4.6875,undetermined,False,,False,0.0,0.0,0.9697798987100433,True,1.0,0.36363636363636365,0.8981646307095793,True,1.0,0.36363636363636365,1.0,True,1.0,0.2727272727272727,,False,0.0,0.0,,False,0.0,0.0
359,3.59,P2,0.982743099687623,True,0.017256900312377033,3,temporal|spatial|spectral,flow_3d|phase|coherence,0.2958273373724778,0.42487883073436494,1.0,4.6875,undetermined,False,,False,0.0,0.0,0.9804713804602719,True,1.0,0.36363636363636365,0.9720721436806914,True,1.0,0.36363636363636365,1.0,True,1.0,0.2727272727272727,,False,0.0,0.0,,False,0.0,0.0
359,3.59,P3,0.98747280305938,True,0.012527196940619989,3,temporal|spatial|spectral,flow_3d|phase|coherence,0.0981494402020262,0.42487883073436494,1.0,4.6875,undetermined,False,,False,0.0,0.0,0.9934780647326035,True,1.0,0.36363636363636365,0.9720721436806914,True,1.0,0.36363636363636365,1.0,True,1.0,0.2727272727272727,,False,0.0,0.0,,False,0.0,0.0
359,3.59,P4,0.9693342428424865,True,0.030665757157513518,3,temporal|spatial|spectral,flow_3d|phase|coherence,0.6810993318433418,0.6113871866958012,1.0,4.6875,undetermined,False,,False,0.0,0.0,0.9556088311299019,True,1.0,0.36363636363636365,0.9600603366869361,True,1.0,0.36363636363636365,1.0,True,1.0,0.2727272727272727,,False,0.0,0.0,,False,0.0,0.0
360,3.6,P1,0.9733575428614483,True,0.026642457138551734,3,temporal|spatial|spectral,flow_3d|phase|coherence,0.2419898916593806,0.8845274514787986,1.0,4.6875,undetermined,False,,False,0.0,0.0,0.9839967749314352,True,1.0,0.36363636363636365,0.9427364679375473,True,1.0,0.36363636363636365,1.0,True,1.0,0.2727272727272727,,False,0.0,0.0,,False,0.0,0.0
360,3.6,P2,0.9985559287180381,True,0.0014440712819618895,3,temporal|spatial|spectral,flow_3d|phase|coherence,0.03858348736683048,0.021048794830807793,1.0,4.6875,undetermined,False,,False,0.0,0.0,0.9974310728642173,True,1.0,0.36363636363636365,0.9985977311103875,True,1.0,0.36363636363636365,1.0,True,1.0,0.2727272727272727,,False,0.0,0.0,,False,0.0,0.0
360,3.6,P3,0.9782908126735976,True,0.021709187326402368,3,temporal|spatial|spectral,flow_3d|phase|coherence,0.5157404654556608,0.3936494782107074,1.0,4.6875,undetermined,False,,False,0.0,0.0,0.9662016707204614,True,1.0,0.36363636363636365,0.974098064131932,True,1.0,0.36363636363636365,1.0,True,1.0,0.2727272727272727,,False,0.0,0.0,,False,0.0,0.0
360,3.6,P4,0.9733961526801265,True,0.02660384731987353,3,temporal|spatial|spectral,flow_3d|phase|coherence,1.116947094458613,0.021048794830807793,1.0,4.6875,undetermined,False,,False,0.0,0.0,0.9282416887599604,True,1.0,0.36363636363636365,0.9985977311103875,True,1.0,0.36363636363636365,1.0,True,1.0,0.2727272727272727,,False,0.0,0.0,,False,0.0,0.0
361,3.61,P1,0.9952395593525498,True,0.0047604406474501815,3,temporal|spatial|spectral,flow_3d|phase|coherence,3.1086244689504383e-15,0.19766485455706162,1.0,4.6875,undetermined,False,,False,0.0,0.0,0.9999999999999998,True,1.0,0.36363636363636365,0.986908788219512,True,1.0,0.36363636363636365,1.0,True,1.0,0.2727272727272727,,False,0.0,0.0,,False,0.0,0.0
361,3.61,P2,0.9830397763003207,True,0.01696022369967931,3,temporal|spatial|spectral,flow_3d|phase|coherence,0.36921749153570893,0.33869390021683277,1.0,4.6875,undetermined,False,,False,0.0,0.0,0.9756859670298239,True,1.0,0.36363636363636365,0.9776734177960578,True,1.0,0.36363636363636365,1.0,True,1.0,0.2727272727272727,,False,0.0,0.0,,False,0.0,0.0
361,3.61,P3,0.974454859297538,True,0.025545140702462055,3,temporal|spatial|spectral,flow_3d|phase|coherence,0.8828472205753801,0.19766485455706206,1.0,4.6875,undetermined,False,,False,0.0,0.0,0.9428420748487172,True,1.0,0.36363636363636365,0.986908788219512,True,1.0,0.36363636363636365,1.0,True,1.0,0.2727272727272727,,False,0.0,0.0,,False,0.0,0.0
361,3.61,P4,0.9482662905094943,True,0.05173370949050571,3,temporal|spatial|spectral,flow_3d|phase|coherence,1.443460293240257,0.7776464911493308,1.0,4.6875,undetermined,False,,False,0.0,0.0,0.9082544701130626,True,1.0,0.36363636363636365,0.9494778287880465,True,1.0,0.36363636363636365,1.0,True,1.0,0.2727272727272727,,False,0.0,0.0,,False,0.0,0.0
362,3.62,P1,0.9878578943537986,True,0.01214210564620144,3,temporal|spatial|spectral,flow_3d|phase|coherence,0.24198989165937412,0.26310756890669795,1.0,4.6875,undetermined,False,,False,0.0,0.0,0.9839967749314357,True,1.0,0.36363636363636365,0.9826124345415103,True,1.0,0.36363636363636365,1.0,True,1.0,0.2727272727272727,,False,0.0,0.0,,False,0.0,0.0
362,3.62,P2,0.9752176973313916,True,0.02478230266860837,3,temporal|spatial|spectral,flow_3d|phase|coherence,0.6637099151435457,0.3777463001964203,1.0,4.6875,undetermined,False,,False,0.0,0.0,0.9567173055409722,True,1.0,0.36363636363636365,0.9751313621203548,True,1.0,0.36363636363636365,1.0,True,1.0,0.2727272727272727,,False,0.0,0.0,,False,0.0,0.0
362,3.62,P3,0.9665365901102533,True,0.03346340988974672,3,temporal|spatial|spectral,flow_3d|phase|coherence,1.1635347385868933,0.26310756890669795,1.0,4.6875,undetermined,False,,False,0.0,0.0,0.9253631882616862,True,1.0,0.36363636363636365,0.9826124345415103,True,1.0,0.36363636363636365,1.0,True,1.0,0.2727272727272727,,False,0.0,0.0,,False,0.0,0.0
362,3.62,P4,0.9235452649368383,True,0.0764547350631617,3,temporal|spatial|spectral,flow_3d|phase|coherence,1.6286775413403056,1.7035617173665032,1.0,4.6875,undetermined,False,,False,0.0,0.0,0.8971084665655266,True,1.0,0.36363636363636365,0.8926410120107786,True,1.0,0.36363636363636365,1.0,True,1.0,0.2727272727272727,,False,0.0,0.0,,False,0.0,0.0
363,3.63,P1,0.9688111313751457,True,0.03118886862485426,3,temporal|spatial|spectral,flow_3d|phase|coherence,0.4602921266804838,0.8572766553216367,1.0,4.6875,undetermined,False,,False,0.0,0.0,0.9697798987100393,True,1.0,0.36363636363636365,0.9444507125716116,True,1.0,0.36363636363636365,1.0,True,1.0,0.2727272727272727,,False,0.0,0.0,,False,0.0,0.0
363,3.63,P2,0.9661439040412092,True,0.0338560959587908,3,temporal|spatial|spectral,flow_3d|phase|coherence,0.8932337879182732,0.5389737253735696,1.0,4.6875,undetermined,False,,False,0.0,0.0,0.9421894413152566,True,1.0,0.36363636363636365,0.9647062947980687,True,1.0,0.36363636363636365,1.0,True,1.0,0.2727272727272727,,False,0.0,0.0,,False,0.0,0.0
363,3.63,P3,0.9563043254966894,True,0.04369567450331058,3,temporal|spatial|spectral,flow_3d|phase|coherence,1.3303273695622941,0.5389737253735696,1.0,4.6875,undetermined,False,,False,0.0,0.0,0.9151306003178273,True,1.0,0.36363636363636365,0.9647062947980687,True,1.0,0.36363636363636365,1.0,True,1.0,0.2727272727272727,,False,0.0,0.0,,False,0.0,0.0
363,3.63,P4,0.9102570722103955,True,0.08974292778960447,3,temporal|spatial|spectral,flow_3d|phase|coherence,1.6544684840301809,2.3035689883012616,1.0,4.6875,undetermined,False,,False,0.0,0.0,0.8955673070072823,True,1.0,0.36363636363636365,0.8576396415713055,True,1.0,0.36363636363636365,1.0,True,1.0,0.2727272727272727,,False,0.0,0.0,,False,0.0,0.0
364,3.64,P1,0.9520093644696594,True,0.04799063553034055,3,temporal|spatial|spectral,flow_3d|phase|coherence,0.633537761298018,1.4248488953610297,1.0,4.6875,undetermined,False,,False,0.0,0.0,0.9586436570792609,True,1.0,0.36363636363636365,0.9093820952123025,True,1.0,0.36363636363636365,1.0,True,1.0,0.2727272727272727,,False,0.0,0.0,,False,0.0,0.0
364,3.64,P2,0.9590578900960876,True,0.04094210990391245,3,temporal|spatial|spectral,flow_3d|phase|coherence,1.0353217140056419,0.7047620127053387,1.0,4.6875,undetermined,False,,False,0.0,0.0,0.9333066626752107,True,1.0,0.36363636363636365,0.9541025350890301,True,1.0,0.36363636363636365,1.0,True,1.0,0.2727272727272727,,False,0.0,0.0,,False,0.0,0.0
364,3.64,P3,0.9516380758378931,True,0.04836192416210694,3,temporal|spatial|spectral,flow_3d|phase|coherence,1.36689828866918,0.7047620127053387,1.0,4.6875,undetermined,False,,False,0.0,0.0,0.912902173465176,True,1.0,0.36363636363636365,0.9541025350890301,True,1.0,0.36363636363636365,1.0,True,1.0,0.2727272727272727,,False,0.0,0.0,,False,0.0,0.0
364,3.64,P4,0.9067009441016495,True,0.09329905589835052,3,temporal|spatial|spectral,flow_3d|phase|coherence,1.518308524143805,2.6207675111076556,1.0,4.6875,undetermined,False,,False,0.0,0.0,0.9037336759216709,True,1.0,0.36363636363636365,0.8396939203578653,True,1.0,0.36363636363636365,1.0,True,1.0,0.2727272727272727,,False,0.0,0.0,,False,0.0,0.0
365,3.65,P1,0.940129656606868,True,0.05987034339313202,3,temporal|spatial|spectral,flow_3d|phase|coherence,0.7447683057229533,1.852946998016236,1.0,4.6875,undetermined,False,,False,0.0,0.0,0.9515612518004043,True,1.0,0.36363636363636365,0.8837953038684827,True,1.0,0.36363636363636365,1.0,True,1.0,0.2727272727272727,,False,0.0,0.0,,False,0.0,0.0
365,3.65,P2,0.9559055149193159,True,0.04409448508068414,3,temporal|spatial|spectral,flow_3d|phase|coherence,1.0760651372157906,0.8015632838677087,1.0,4.6875,undetermined,False,,False,0.0,0.0,0.9307750285902043,True,1.0,0.36363636363636365,0.9479651374379146,True,1.0,0.36363636363636365,1.0,True,1.0,0.2727272727272727,,False,0.0,0.0,,False,0.0,0.0
365,3.65,P3,0.9515650909113964,True,0.048434909088603595,3,temporal|spatial|spectral,flow_3d|phase|coherence,1.2696676795405306,0.8015632838677087,1.0,4.6875,undetermined,False,,False,0.0,0.0,0.9188388625684254,True,1.0,0.36363636363636365,0.9479651374379146,True,1.0,0.36363636363636365,1.0,True,1.0,0.2727272727272727,,False,0.0,0.0,,False,0.0,0.0
365,3.65,P4,0.9117674573881099,True,0.08823254261189006,3,temporal|spatial|spectral,flow_3d|phase|coherence,1.2335259472359308,2.681427049965426,1.0,4.6875,undetermined,False,,False,0.0,0.0,0.9210554270588962,True,1.0,0.36363636363636365,0.836305080758406,True,1.0,0.36363636363636365,1.0,True,1.0,0.2727272727272727,,False,0.0,0.0,,False,0.0,0.0
366,3.66,P1,0.9340038438458274,True,0.06599615615417265,3,temporal|spatial|spectral,flow_3d|phase|coherence,0.7830957392775506,2.099665738265054,1.0,4.6875,undetermined,False,,False,0.0,0.0,0.9491329620818938,True,1.0,0.36363636363636365,0.8693776084941315,True,1.0,0.36363636363636365,1.0,True,1.0,0.2727272727272727,,False,0.0,0.0,,False,0.0,0.0
366,3.66,P2,0.956944883525886,True,0.043055116474113975,3,temporal|spatial|spectral,flow_3d|phase|coherence,1.011475807408626,0.8199019559854519,1.0,4.6875,undetermined,False,,False,0.0,0.0,0.9347915455420638,True,1.0,0.36363636363636365,0.9468068841541227,True,1.0,0.36363636363636365,1.0,True,1.0,0.2727272727272727,,False,0.0,0.0,,False,0.0,0.0
366,3.66,P3,0.9561147310765388,True,0.04388526892346123,3,temporal|spatial|spectral,flow_3d|phase|coherence,1.0481531516441125,0.8199019559854519,1.0,4.6875,undetermined,False,,False,0.0,0.0,0.9325086263063591,True,1.0,0.36363636363636365,0.9468068841541227,True,1.0,0.36363636363636365,1.0,True,1.0,0.2727272727272727,,False,0.0,0.0,,False,0.0,0.0
366,3.66,P4,0.9250651675934629,True,0.07493483240653709,3,temporal|spatial|spectral,flow_3d|phase|coherence,0.8279972561331568,2.4796098265722137,1.0,4.6875,undetermined,False,,False,0.0,0.0,0.9462960429530075,True,1.0,0.36363636363636365,0.8476331679290156,True,1.0,0.36363636363636365,1.0,True,1.0,0.2727272727272727,,False,0.0,0.0,,False,0.0,0.0
367,3.67,P1,0.9340199606801038,True,0.06598003931989616,3,temporal|spatial|spectral,flow_3d|phase|coherence,0.7447683057228174,2.14085456682071,1.0,4.6875,undetermined,False,,False,0.0,0.0,0.9515612518004128,True,1.0,0.36363636363636365,0.8669936400698729,True,1.0,0.36363636363636365,1.0,True,1.0,0.2727272727272727,,False,0.0,0.0,,False,0.0,0.0
367,3.67,P2,0.9620967652220499,True,0.0379032347779501,3,temporal|spatial|spectral,flow_3d|phase|coherence,0.8478761782055644,0.757982912058361,1.0,4.6875,undetermined,False,,False,0.0,0.0,0.9450427838980512,True,1.0,0.36363636363636365,0.950723320462586,True,1.0,0.36363636363636365,1.0,True,1.0,0.2727272727272727,,False,0.0,0.0,,False,0.0,0.0
367,3.67,P3,0.9649456555338474,True,0.03505434446615263,3,temporal|spatial|spectral,flow_3d|phase|coherence,0.7240380903513826,0.757982912058361,1.0,4.6875,undetermined,False,,False,0.0,0.0,0.9528772322554943,True,1.0,0.36363636363636365,0.950723320462586,True,1.0,0.36363636363636365,1.0,True,1.0,0.2727272727272727,,False,0.0,0.0,,False,0.0,0.0
367,3.67,P4,0.9456819429649677,True,0.05431805703503234,3,temporal|spatial|spectral,flow_3d|phase|coherence,0.3414184246024081,2.0350711168961486,1.0,4.6875,undetermined,False,,False,0.0,0.0,0.9774958542512252,True,1.0,0.36363636363636365,0.8731294889024356,True,1.0,0.36363636363636365,1.0,True,1.0,0.2727272727272727,,False,0.0,0.0,,False,0.0,0.0
368,3.68,P1,0.9401541839042116,True,0.05984581609578843,3,temporal|spatial|spectral,flow_3d|phase|coherence,0.6335377612981903,1.972481634165376,1.0,4.6875,undetermined,False,,False,0.0,0.0,0.9586436570792499,True,1.0,0.36363636363636365,0.8767803486573319,True,1.0,0.36363636363636365,1.0,True,1.0,0.2727272727272727,,False,0.0,0.0,,False,0.0,0.0
368,3.68,P2,0.9709444467643666,True,0.029055553235633358,3,temporal|spatial|spectral,flow_3d|phase|coherence,0.6012805211796026,0.6218672195216146,1.0,4.6875,undetermined,False,,False,0.0,0.0,0.9607074219048022,True,1.0,0.36363636363636365,0.9593898066972062,True,1.0,0.36363636363636365,1.0,True,1.0,0.2727272727272727,,False,0.0,0.0,,False,0.0,0.0
368,3.68,P3,0.9773425655521988,True,0.022657434447801217,3,temporal|spatial|spectral,flow_3d|phase|coherence,0.32904913610610964,0.6218672195216146,1.0,4.6875,undetermined,False,,False,0.0,0.0,0.9783022485713406,True,1.0,0.36363636363636365,0.9593898066972062,True,1.0,0.36363636363636365,1.0,True,1.0,0.2727272727272727,,False,0.0,0.0,,False,0.0,0.0
368,3.68,P4,0.9634843426622062,True,0.03651565733779383,3,temporal|spatial|spectral,flow_3d|phase|coherence,0.17858082112893037,1.391325467124362,1.0,4.6875,undetermined,False,,False,0.0,0.0,0.9881652006509236,True,1.0,0.36363636363636365,0.9114167416701435,True,1.0,0.36363636363636365,1.0,True,1.0,0.2727272727272727,,False,0.0,0.0,,False,0.0,0.0
369,3.69,P1,0.9519798288798629,True,0.04802017112013712,3,temporal|spatial|spectral,flow_3d|phase|coherence,0.46029212668041986,1.6110284560701778,1.0,4.6875,undetermined,False,,False,0.0,0.0,0.9697798987100434,True,1.0,0.36363636363636365,0.8981646307095795,True,1.0,0.36363636363636365,1.0,True,1.0,0.2727272727272727,,False,0.0,0.0,,False,0.0,0.0
369,3.69,P2,0.9827430996876232,True,0.01725690031237681,3,temporal|spatial|spectral,flow_3d|phase|coherence,0.2958273373724738,0.4248788307343623,1.0,4.6875,undetermined,False,,False,0.0,0.0,0.9804713804602722,True,1.0,0.36363636363636365,0.9720721436806916,True,1.0,0.36363636363636365,1.0,True,1.0,0.2727272727272727,,False,0.0,0.0,,False,0.0,0.0
369,3.69,P3,0.98747280305938,True,0.012527196940619989,3,temporal|spatial|spectral,flow_3d|phase|coherence,0.09814944020203065,0.4248788307343623,1.0,4.6875,undetermined,False,,False,0.0,0.0,0.9934780647326031,True,1.0,0.36363636363636365,0.9720721436806916,True,1.0,0.36363636363636365,1.0,True,1.0,0.2727272727272727,,False,0.0,0.0,,False,0.0,0.0
369,3.69,P4,0.9693342428424867,True,0.030665757157513296,3,temporal|spatial|spectral,flow_3d|phase|coherence,0.6810993318433507,0.6113871866957896,1.0,4.6875,undetermined,False,,False,0.0,0.0,0.9556088311299014,True,1.0,0.36363636363636365,0.9600603366869369,True,1.0,0.36363636363636365,1.0,True,1.0,0.2727272727272727,,False,0.0,0.0,,False,0.0,0.0
370,3.7,P1,0.9733575428614485,True,0.026642457138551512,3,temporal|spatial|spectral,flow_3d|phase|coherence,0.24198989165937784,0.8845274514787902,1.0,4.6875,undetermined,False,,False,0.0,0.0,0.9839967749314354,True,1.0,0.36363636363636365,0.9427364679375477,True,1.0,0.36363636363636365,1.0,True,1.0,0.2727272727272727,,False,0.0,0.0,,False,0.0,0.0
370,3.7,P2,0.9985559287180379,True,0.0014440712819621115,3,temporal|spatial|spectral,flow_3d|phase|coherence,0.03858348736683492,0.021048794830812678,1.0,4.6875,undetermined,False,,False,0.0,0.0,0.9974310728642171,True,1.0,0.36363636363636365,0.9985977311103872,True,1.0,0.36363636363636365,1.0,True,1.0,0.2727272727272727,,False,0.0,0.0,,False,0.0,0.0
370,3.7,P3,0.9782908126735975,True,0.02170918732640248,3,temporal|spatial|spectral,flow_3d|phase|coherence,0.5157404654556661,0.39364947821070606,1.0,4.6875,undetermined,False,,False,0.0,0.0,0.966201670720461,True,1.0,0.36363636363636365,0.9740980641319321,True,1.0,0.36363636363636365,1.0,True,1.0,0.2727272727272727,,False,0.0,0.0,,False,0.0,0.0
370,3.7,P4,0.9733961526801264,True,0.02660384731987364,3,temporal|spatial|spectral,flow_3d|phase|coherence,1.116947094458613,0.021048794830812678,1.0,4.6875,undetermined,False,,False,0.0,0.0,0.9282416887599604,True,1.0,0.36363636363636365,0.9985977311103872,True,1.0,0.36363636363636365,1.0,True,1.0,0.2727272727272727,,False,0.0,0.0,,False,0.0,0.0
371,3.71,P1,0.9952395593525498,True,0.0047604406474501815,3,temporal|spatial|spectral,flow_3d|phase|coherence,1.3322676295501878e-15,0.19766485455705718,1.0,4.6875,undetermined,False,,False,0.0,0.0,0.9999999999999999,True,1.0,0.36363636363636365,0.9869087882195123,True,1.0,0.36363636363636365,1.0,True,1.0,0.2727272727272727,,False,0.0,0.0,,False,0.0,0.0
371,3.71,P2,0.9830397763003205,True,0.016960223699679533,3,temporal|spatial|spectral,flow_3d|phase|coherence,0.36921749153571337,0.338693900216831,1.0,4.6875,undetermined,False,,False,0.0,0.0,0.9756859670298236,True,1.0,0.36363636363636365,0.9776734177960579,True,1.0,0.36363636363636365,1.0,True,1.0,0.2727272727272727,,False,0.0,0.0,,False,0.0,0.0
371,3.71,P3,0.974454859297538,True,0.025545140702462055,3,temporal|spatial|spectral,flow_3d|phase|coherence,0.8828472205753801,0.19766485455705674,1.0,4.6875,undetermined,False,,False,0.0,0.0,0.9428420748487172,True,1.0,0.36363636363636365,0.9869087882195123,True,1.0,0.36363636363636365,1.0,True,1.0,0.2727272727272727,,False,0.0,0.0,,False,0.0,0.0
371,3.71,P4,0.9482662905094938,True,0.05173370949050615,3,temporal|spatial|spectral,flow_3d|phase|coherence,1.4434602932402605,0.7776464911493433,1.0,4.6875,undetermined,False,,False,0.0,0.0,0.9082544701130624,True,1.0,0.36363636363636365,0.9494778287880458,True,1.0,0.36363636363636365,1.0,True,1.0,0.2727272727272727,,False,0.0,0.0,,False,0.0,0.0
372,3.72,P1,0.9878578943537983,True,0.012142105646201662,3,temporal|spatial|spectral,flow_3d|phase|coherence,0.24198989165937768,0.2631075689067026,1.0,4.6875,undetermined,False,,False,0.0,0.0,0.9839967749314354,True,1.0,0.36363636363636365,0.9826124345415099,True,1.0,0.36363636363636365,1.0,True,1.0,0.2727272727272727,,False,0.0,0.0,,False,0.0,0.0
372,3.72,P2,0.9752176973313915,True,0.02478230266860848,3,temporal|spatial|spectral,flow_3d|phase|coherence,0.6637099151435457,0.37774630019642275,1.0,4.6875,undetermined,False,,False,0.0,0.0,0.9567173055409722,True,1.0,0.36363636363636365,0.9751313621203546,True,1.0,0.36363636363636365,1.0,True,1.0,0.2727272727272727,,False,0.0,0.0,,False,0.0,0.0
372,3.72,P3,0.966536590110253,True,0.03346340988974705,3,temporal|spatial|spectral,flow_3d|phase|coherence,1.1635347385868968,0.2631075689067026,1.0,4.6875,undetermined,False,,False,0.0,0.0,0.925363188261686,True,1.0,0.36363636363636365,0.9826124345415099,True,1.0,0.36363636363636365,1.0,True,1.0,0.2727272727272727,,False,0.0,0.0,,False,0.0,0.0
372,3.72,P4,0.9235452649368381,True,0.07645473506316192,3,temporal|spatial|spectral,flow_3d|phase|coherence,1.6286775413403056,1.7035617173665114,1.0,4.6875,undetermined,False,,False,0.0,0.0,0.8971084665655266,True,1.0,0.36363636363636365,0.8926410120107781,True,1.0,0.36363636363636365,1.0,True,1.0,0.2727272727272727,,False,0.0,0.0,,False,0.0,0.0
373,3.73,P1,0.9688111313751456,True,0.03118886862485437,3,temporal|spatial|spectral,flow_3d|phase|coherence,0.4602921266804847,0.8572766553216438,1.0,4.6875,undetermined,False,,False,0.0,0.0,0.9697798987100393,True,1.0,0.36363636363636365,0.9444507125716112,True,1.0,0.36363636363636365,1.0,True,1.0,0.2727272727272727,,False,0.0,0.0,,False,0.0,0.0
373,3.73,P2,0.9661439040412091,True,0.03385609595879091,3,temporal|spatial|spectral,flow_3d|phase|coherence,0.8932337879182768,0.5389737253735714,1.0,4.6875,undetermined,False,,False,0.0,0.0,0.9421894413152564,True,1.0,0.36363636363636365,0.9647062947980686,True,1.0,0.36363636363636365,1.0,True,1.0,0.2727272727272727,,False,0.0,0.0,,False,0.0,0.0
373,3.73,P3,0.9563043254966894,True,0.04369567450331058,3,temporal|spatial|spectral,flow_3d|phase|coherence,1.3303273695622941,0.5389737253735714,1.0,4.6875,undetermined,False,,False,0.0,0.0,0.9151306003178273,True,1.0,0.36363636363636365,0.9647062947980686,True,1.0,0.36363636363636365,1.0,True,1.0,0.2727272727272727,,False,0.0,0.0,,False,0.0,0.0
373,3.73,P4,0.9102570722103954,True,0.08974292778960458,3,temporal|spatial|spectral,flow_3d|phase|coherence,1.6544684840301809,2.303568988301267,1.0,4.6875,undetermined,False,,False,0.0,0.0,0.8955673070072823,True,1.0,0.36363636363636365,0.8576396415713051,True,1.0,0.36363636363636365,1.0,True,1.0,0.2727272727272727,,False,0.0,0.0,,False,0.0,0.0
374,3.74,P1,0.9520093644696592,True,0.047990635530340775,3,temporal|spatial|spectral,flow_3d|phase|coherence,0.6335377612980206,1.424848895361035,1.0,4.6875,undetermined,False,,False,0.0,0.0,0.9586436570792608,True,1.0,0.36363636363636365,0.9093820952123022,True,1.0,0.36363636363636365,1.0,True,1.0,0.2727272727272727,,False,0.0,0.0,,False,0.0,0.0
374,3.74,P2,0.9590578900960876,True,0.04094210990391245,3,temporal|spatial|spectral,flow_3d|phase|coherence,1.0353217140056437,0.7047620127053396,1.0,4.6875,undetermined,False,,False,0.0,0.0,0.9333066626752106,True,1.0,0.36363636363636365,0.9541025350890301,True,1.0,0.36363636363636365,1.0,True,1.0,0.2727272727272727,,False,0.0,0.0,,False,0.0,0.0
374,3.74,P3,0.9516380758378931,True,0.04836192416210694,3,temporal|spatial|spectral,flow_3d|phase|coherence,1.36689828866918,0.7047620127053396,1.0,4.6875,undetermined,False,,False,0.0,0.0,0.912902173465176,True,1.0,0.36363636363636365,0.9541025350890301,True,1.0,0.36363636363636365,1.0,True,1.0,0.2727272727272727,,False,0.0,0.0,,False,0.0,0.0
374,3.74,P4,0.9067009441016495,True,0.09329905589835052,3,temporal|spatial|spectral,flow_3d|phase|coherence,1.5183085241438032,2.6207675111076583,1.0,4.6875,undetermined,False,,False,0.0,0.0,0.903733675921671,True,1.0,0.36363636363636365,0.839693920357865,True,1.0,0.36363636363636365,1.0,True,1.0,0.2727272727272727,,False,0.0,0.0,,False,0.0,0.0
375,3.75,P1,0.940129656606868,True,0.05987034339313202,3,temporal|spatial|spectral,flow_3d|phase|coherence,0.7447683057229533,1.8529469980162405,1.0,4.6875,undetermined,False,,False,0.0,0.0,0.9515612518004043,True,1.0,0.36363636363636365,0.8837953038684824,True,1.0,0.36363636363636365,1.0,True,1.0,0.2727272727272727,,False,0.0,0.0,,False,0.0,0.0
375,3.75,P2,0.9559055149193159,True,0.04409448508068414,3,temporal|spatial|spectral,flow_3d|phase|coherence,1.0760651372157888,0.8015632838677105,1.0,4.6875,undetermined,False,,False,0.0,0.0,0.9307750285902043,True,1.0,0.36363636363636365,0.9479651374379144,True,1.0,0.36363636363636365,1.0,True,1.0,0.2727272727272727,,False,0.0,0.0,,False,0.0,0.0
375,3.75,P3,0.9515650909113964,True,0.048434909088603595,3,temporal|spatial|spectral,flow_3d|phase|coherence,1.2696676795405306,0.8015632838677105,1.0,4.6875,undetermined,False,,False,0.0,0.0,0.9188388625684254,True,1.0,0.36363636363636365,0.9479651374379144,True,1.0,0.36363636363636365,1.0,True,1.0,0.2727272727272727,,False,0.0,0.0,,False,0.0,0.0
375,3.75,P4,0.91176745738811,True,0.08823254261188995,3,temporal|spatial|spectral,flow_3d|phase|coherence,1.2335259472359255,2.681427049965424,1.0,4.6875,undetermined,False,,False,0.0,0.0,0.9210554270588965,True,1.0,0.36363636363636365,0.8363050807584061,True,1.0,0.36363636363636365,1.0,True,1.0,0.2727272727272727,,False,0.0,0.0,,False,0.0,0.0
376,3.76,P1,0.9340038438458302,True,0.06599615615416976,3,temporal|spatial|spectral,flow_3d|phase|coherence,0.7830957392775169,2.0996657382649575,1.0,4.6875,undetermined,False,,False,0.0,0.0,0.949132962081896,True,1.0,0.36363636363636365,0.869377608494137,True,1.0,0.36363636363636365,1.0,True,1.0,0.2727272727272727,,False,0.0,0.0,,False,0.0,0.0
376,3.76,P2,0.956944883525889,True,0.04305511647411098,3,temporal|spatial|spectral,flow_3d|phase|coherence,1.0114758074085302,0.8199019559854142,1.0,4.6875,undetermined,False,,False,0.0,0.0,0.9347915455420697,True,1.0,0.36363636363636365,0.9468068841541252,True,1.0,0.36363636363636365,1.0,True,1.0,0.2727272727272727,,False,0.0,0.0,,False,0.0,0.0
376,3.76,P3,0.9561147310765437,True,0.043885268923456344,3,temporal|spatial|spectral,flow_3d|phase|coherence,1.0481531516439375,0.8199019559854142,1.0,4.6875,undetermined,False,,False,0.0,0.0,0.93250862630637,True,1.0,0.36363636363636365,0.9468068841541252,True,1.0,0.36363636363636365,1.0,True,1.0,0.2727272727272727,,False,0.0,0.0,,False,0.0,0.0
376,3.76,P4,0.9250651675934707,True,0.07493483240652932,3,temporal|spatial|spectral,flow_3d|phase|coherence,0.8279972561329152,2.479609826572106,1.0,4.6875,undetermined,False,,False,0.0,0.0,0.9462960429530227,True,1.0,0.36363636363636365,0.8476331679290217,True,1.0,0.36363636363636365,1.0,True,1.0,0.2727272727272727,,False,0.0,0.0,,False,0.0,0.0
377,3.77,P1,0.9340199606801003,True,0.06598003931989971,3,temporal|spatial|spectral,flow_3d|phase|coherence,0.7447683057228867,2.140854566820807,1.0,4.6875,undetermined,False,,False,0.0,0.0,0.9515612518004085,True,1.0,0.36363636363636365,0.8669936400698673,True,1.0,0.36363636363636365,1.0,True,1.0,0.2727272727272727,,False,0.0,0.0,,False,0.0,0.0
377,3.77,P2,0.9620967652220448,True,0.03790323477795521,3,temporal|spatial|spectral,flow_3d|phase|coherence,0.8478761782057536,0.757982912058397,1.0,4.6875,undetermined,False,,False,0.0,0.0,0.9450427838980393,True,1.0,0.36363636363636365,0.9507233204625838,True,1.0,0.36363636363636365,1.0,True,1.0,0.2727272727272727,,False,0.0,0.0,,False,0.0,0.0
377,3.77,P3,0.9649456555338388,True,0.03505434446616118,3,temporal|spatial|spectral,flow_3d|phase|coherence,0.7240380903517187,0.757982912058397,1.0,4.6875,undetermined,False,,False,0.0,0.0,0.9528772322554729,True,1.0,0.36363636363636365,0.9507233204625838,True,1.0,0.36363636363636365,1.0,True,1.0,0.2727272727272727,,False,0.0,0.0,,False,0.0,0.0
377,3.77,P4,0.9456819429649544,True,0.05431805703504555,3,temporal|spatial|spectral,flow_3d|phase|coherence,0.34141842460287664,2.035071116896246,1.0,4.6875,undetermined,False,,False,0.0,0.0,0.9774958542511947,True,1.0,0.36363636363636365,0.8731294889024299,True,1.0,0.36363636363636365,1.0,True,1.0,0.2727272727272727,,False,0.0,0.0,,False,0.0,0.0
378,3.78,P1,0.9401541839042165,True,0.059845816095783544,3,temporal|spatial|spectral,flow_3d|phase|coherence,0.6335377612980624,1.9724816341652898,1.0,4.6875,undetermined,False,,False,0.0,0.0,0.9586436570792581,True,1.0,0.36363636363636365,0.8767803486573369,True,1.0,0.36363636363636365,1.0,True,1.0,0.2727272727272727,,False,0.0,0.0,,False,0.0,0.0
378,3.78,P2,0.9709444467643731,True,0.02905555323562692,3,temporal|spatial|spectral,flow_3d|phase|coherence,0.601280521179353,0.6218672195215889,1.0,4.6875,undetermined,False,,False,0.0,0.0,0.9607074219048182,True,1.0,0.36363636363636365,0.9593898066972079,True,1.0,0.36363636363636365,1.0,True,1.0,0.2727272727272727,,False,0.0,0.0,,False,0.0,0.0
378,3.78,P3,0.9773425655522083,True,0.02265743444779167,3,temporal|spatial|spectral,flow_3d|phase|coherence,0.3290491361057366,0.6218672195215889,1.0,4.6875,undetermined,False,,False,0.0,0.0,0.9783022485713649,True,1.0,0.36363636363636365,0.9593898066972079,True,1.0,0.36363636363636365,1.0,True,1.0,0.2727272727272727,,False,0.0,0.0,,False,0.0,0.0
378,3.78,P4,0.9634843426621964,True,0.0365156573378036,3,temporal|spatial|spectral,flow_3d|phase|coherence,0.1785808211293931,1.3913254671243078,1.0,4.6875,undetermined,False,,False,0.0,0.0,0.9881652006508932,True,1.0,0.36363636363636365,0.9114167416701467,True,1.0,0.36363636363636365,1.0,True,1.0,0.2727272727272727,,False,0.0,0.0,,False,0.0,0.0
379,3.79,P1,0.951979828879857,True,0.04802017112014301,3,temporal|spatial|spectral,flow_3d|phase|coherence,0.46029212668060016,1.6110284560702564,1.0,4.6875,undetermined,False,,False,0.0,0.0,0.9697798987100318,True,1.0,0.36363636363636365,0.8981646307095749,True,1.0,0.36363636363636365,1.0,True,1.0,0.2727272727272727,,False,0.0,0.0,,False,0.0,0.0
379,3.79,P2,0.9827430996876156,True,0.01725690031238436,3,temporal|spatial|spectral,flow_3d|phase|coherence,0.2958273373727718,0.42487883073438404,1.0,4.6875,undetermined,False,,False,0.0,0.0,0.9804713804602527,True,1.0,0.36363636363636365,0.9720721436806902,True,1.0,0.36363636363636365,1.0,True,1.0,0.2727272727272727,,False,0.0,0.0,,False,0.0,0.0
379,3.79,P3,0.9874728030593889,True,0.012527196940611107,3,temporal|spatial|spectral,flow_3d|phase|coherence,0.09814944020163807,0.42487883073438404,1.0,4.6875,undetermined,False,,False,0.0,0.0,0.9934780647326291,True,1.0,0.36363636363636365,0.9720721436806902,True,1.0,0.36363636363636365,1.0,True,1.0,0.2727272727272727,,False,0.0,0.0,,False,0.0,0.0
379,3.79,P4,0.9693342428424958,True,0.030665757157504192,3,temporal|spatial|spectral,flow_3d|phase|coherence,0.6810993318429119,0.6113871866958291,1.0,4.6875,undetermined,False,,False,0.0,0.0,0.9556088311299293,True,1.0,0.36363636363636365,0.9600603366869344,True,1.0,0.36363636363636365,1.0,True,1.0,0.2727272727272727,,False,0.0,0.0,,False,0.0,0.0
380,3.8,P1,0.973357542861454,True,0.02664245713854596,3,temporal|spatial|spectral,flow_3d|phase|coherence,0.2419898916591708,0.8845274514787596,1.0,4.6875,undetermined,False,,False,0.0,0.0,0.983996774931449,True,1.0,0.36363636363636365,0.9427364679375497,True,1.0,0.36363636363636365,1.0,True,1.0,0.2727272727272727,,False,0.0,0.0,,False,0.0,0.0
380,3.8,P2,0.9985559287180308,True,0.001444071281969217,3,temporal|spatial|spectral,flow_3d|phase|coherence,0.03858348736713513,0.021048794830806905,1.0,4.6875,undetermined,False,,False,0.0,0.0,0.9974310728641971,True,1.0,0.36363636363636365,0.9985977311103875,True,1.0,0.36363636363636365,1.0,True,1.0,0.2727272727272727,,False,0.0,0.0,,False,0.0,0.0
380,3.8,P3,0.9782908126735896,True,0.021709187326410362,3,temporal|spatial|spectral,flow_3d|phase|coherence,0.5157404654560196,0.3936494782106905,1.0,4.6875,undetermined,False,,False,0.0,0.0,0.9662016707204383,True,1.0,0.36363636363636365,0.9740980641319331,True,1.0,0.36363636363636365,1.0,True,1.0,0.2727272727272727,,False,0.0,0.0,,False,0.0,0.0
380,3.8,P4,0.9733961526801186,True,0.026603847319881413,3,temporal|spatial|spectral,flow_3d|phase|coherence,1.116947094458963,0.021048794830806905,1.0,4.6875,undetermined,False,,False,0.0,0.0,0.9282416887599387,True,1.0,0.36363636363636365,0.9985977311103875,True,1.0,0.36363636363636365,1.0,True,1.0,0.2727272727272727,,False,0.0,0.0,,False,0.0,0.0
381,3.81,P1,0.9952395593525467,True,0.00476044064745329,3,temporal|spatial|spectral,flow_3d|phase|coherence,1.1723955140041653e-13,0.19766485455707272,1.0,4.6875,undetermined,False,,False,0.0,0.0,0.9999999999999922,True,1.0,0.36363636363636365,0.9869087882195112,True,1.0,0.36363636363636365,1.0,True,1.0,0.2727272727272727,,False,0.0,0.0,,False,0.0,0.0
381,3.81,P2,0.9830397763003245,True,0.016960223699675536,3,temporal|spatial|spectral,flow_3d|phase|coherence,0.3692174915355464,0.3386939002168301,1.0,4.6875,undetermined,False,,False,0.0,0.0,0.9756859670298345,True,1.0,0.36363636363636365,0.9776734177960579,True,1.0,0.36363636363636365,1.0,True,1.0,0.2727272727272727,,False,0.0,0.0,,False,0.0,0.0
381,3.81,P3,0.9744548592975419,True,0.025545140702458058,3,temporal|spatial|spectral,flow_3d|phase|coherence,0.8828472205751883,0.19766485455707272,1.0,4.6875,undetermined,False,,False,0.0,0.0,0.9428420748487293,True,1.0,0.36363636363636365,0.9869087882195112,True,1.0,0.36363636363636365,1.0,True,1.0,0.2727272727272727,,False,0.0,0.0,,False,0.0,0.0
381,3.81,P4,0.9482662905094987,True,0.05173370949050127,3,temporal|spatial|spectral,flow_3d|phase|coherence,1.4434602932400722,0.7776464911493113,1.0,4.6875,undetermined,False,,False,0.0,0.0,0.9082544701130738,True,1.0,0.36363636363636365,0.9494778287880478,True,1.0,0.36363636363636365,1.0,True,1.0,0.2727272727272727,,False,0.0,0.0,,False,0.0,0.0
382,3.82,P1,0.9878578943537989,True,0.012142105646201107,3,temporal|spatial|spectral,flow_3d|phase|coherence,0.2419898916593688,0.26310756890668774,1.0,4.6875,undetermined,False,,False,0.0,0.0,0.983996774931436,True,1.0,0.36363636363636365,0.9826124345415109,True,1.0,0.36363636363636365,1.0,True,1.0,0.2727272727272727,,False,0.0,0.0,,False,0.0,0.0
382,3.82,P2,0.9752176973313917,True,0.024782302668608258,3,temporal|spatial|spectral,flow_3d|phase|coherence,0.6637099151435386,0.37774630019642164,1.0,4.6875,undetermined,False,,False,0.0,0.0,0.9567173055409727,True,1.0,0.36363636363636365,0.9751313621203547,True,1.0,0.36363636363636365,1.0,True,1.0,0.2727272727272727,,False,0.0,0.0,,False,0.0,0.0
382,3.82,P3,0.9665365901102536,True,0.03346340988974639,3,temporal|spatial|spectral,flow_3d|phase|coherence,1.1635347385868897,0.26310756890668774,1.0,4.6875,undetermined,False,,False,0.0,0.0,0.9253631882616863,True,1.0,0.36363636363636365,0.9826124345415109,True,1.0,0.36363636363636365,1.0,True,1.0,0.2727272727272727,,False,0.0,0.0,,False,0.0,0.0
382,3.82,P4,0.9235452649368389,True,0.07645473506316114,3,temporal|spatial|spectral,flow_3d|phase|coherence,1.6286775413402985,1.7035617173664823,1.0,4.6875,undetermined,False,,False,0.0,0.0,0.897108466565527,True,1.0,0.36363636363636365,0.8926410120107798,True,1.0,0.36363636363636365,1.0,True,1.0,0.2727272727272727,,False,0.0,0.0,,False,0.0,0.0
383,3.83,P1,0.9688111313751466,True,0.031188868624853372,3,temporal|spatial|spectral,flow_3d|phase|coherence,0.460292126680411,0.8572766553216749,1.0,4.6875,undetermined,False,,False,0.0,0.0,0.9697798987100441,True,1.0,0.36363636363636365,0.9444507125716092,True,1.0,0.36363636363636365,1.0,True,1.0,0.2727272727272727,,False,0.0,0.0,,False,0.0,0.0
383,3.83,P2,0.9661439040412096,True,0.033856095958790355,3,temporal|spatial|spectral,flow_3d|phase|coherence,0.893233787918227,0.5389737253735927,1.0,4.6875,undetermined,False,,False,0.0,0.0,0.9421894413152595,True,1.0,0.36363636363636365,0.9647062947980672,True,1.0,0.36363636363636365,1.0,True,1.0,0.2727272727272727,,False,0.0,0.0,,False,0.0,0.0
383,3.83,P3,0.9563043254966888,True,0.043695674503311244,3,temporal|spatial|spectral,flow_3d|phase|coherence,1.330327369562303,0.5389737253735927,1.0,4.6875,undetermined,False,,False,0.0,0.0,0.9151306003178268,True,1.0,0.36363636363636365,0.9647062947980672,True,1.0,0.36363636363636365,1.0,True,1.0,0.2727272727272727,,False,0.0,0.0,,False,0.0,0.0
383,3.83,P4,0.9102570722103913,True,0.08974292778960868,3,temporal|spatial|spectral,flow_3d|phase|coherence,1.6544684840302768,2.303568988301361,1.0,4.6875,undetermined,False,,False,0.0,0.0,0.8955673070072766,True,1.0,0.36363636363636365,0.8576396415712997,True,1.0,0.36363636363636365,1.0,True,1.0,0.2727272727272727,,False,0.0,0.0,,False,0.0,0.0
384,3.84,P1,0.9520093644696578,True,0.04799063553034222,3,temporal|spatial|spectral,flow_3d|phase|coherence,0.6335377612981503,1.4248488953609666,1.0,4.6875,undetermined,False,,False,0.0,0.0,0.9586436570792525,True,1.0,0.36363636363636365,0.9093820952123064,True,1.0,0.36363636363636365,1.0,True,1.0,0.2727272727272727,,False,0.0,0.0,,False,0.0,0.0
384,3.84,P2,0.9590578900960863,True,0.04094210990391367,3,temporal|spatial|spectral,flow_3d|phase|coherence,1.0353217140057271,0.7047620127053076,1.0,4.6875,undetermined,False,,False,0.0,0.0,0.9333066626752053,True,1.0,0.36363636363636365,0.9541025350890321,True,1.0,0.36363636363636365,1.0,True,1.0,0.2727272727272727,,False,0.0,0.0,,False,0.0,0.0
384,3.84,P3,0.9516380758378944,True,0.04836192416210561,3,temporal|spatial|spectral,flow_3d|phase|coherence,1.366898288669157,0.7047620127053076,1.0,4.6875,undetermined,False,,False,0.0,0.0,0.9129021734651774,True,1.0,0.36363636363636365,0.9541025350890321,True,1.0,0.36363636363636365,1.0,True,1.0,0.2727272727272727,,False,0.0,0.0,,False,0.0,0.0
384,3.84,P4,0.9067009441016559,True,0.09329905589834409,3,temporal|spatial|spectral,flow_3d|phase|coherence,1.5183085241436203,2.6207675111075392,1.0,4.6875,undetermined,False,,False,0.0,0.0,0.9037336759216821,True,1.0,0.36363636363636365,0.8396939203578717,True,1.0,0.36363636363636365,1.0,True,1.0,0.2727272727272727,,False,0.0,0.0,,False,0.0,0.0
385,3.85,P1,0.9401296566068678,True,0.05987034339313224,3,temporal|spatial|spectral,flow_3d|phase|coherence,0.744768305722884,1.8529469980163187,1.0,4.6875,undetermined,False,,False,0.0,0.0,0.9515612518004086,True,1.0,0.36363636363636365,0.8837953038684778,True,1.0,0.36363636363636365,1.0,True,1.0,0.2727272727272727,,False,0.0,0.0,,False,0.0,0.0
385,3.85,P2,0.955905514919315,True,0.04409448508068503,3,temporal|spatial|spectral,flow_3d|phase|coherence,1.0760651372157994,0.8015632838677442,1.0,4.6875,undetermined,False,,False,0.0,0.0,0.9307750285902038,True,1.0,0.36363636363636365,0.9479651374379123,True,1.0,0.36363636363636365,1.0,True,1.0,0.2727272727272727,,False,0.0,0.0,,False,0.0,0.0
385,3.85,P3,0.9515650909113924,True,0.04843490908860759,3,temporal|spatial|spectral,flow_3d|phase|coherence,1.2696676795406727,0.8015632838677442,1.0,4.6875,undetermined,False,,False,0.0,0.0,0.9188388625684167,True,1.0,0.36363636363636365,0.9479651374379123,True,1.0,0.36363636363636365,1.0,True,1.0,0.2727272727272727,,False,0.0,0.0,,False,0.0,0.0
385,3.85,P4,0.9117674573881005,True,0.0882325426118995,3,temporal|spatial|spectral,flow_3d|phase|coherence,1.2335259472362416,2.681427049965545,1.0,4.6875,undetermined,False,,False,0.0,0.0,0.9210554270588771,True,1.0,0.36363636363636365,0.8363050807583994,True,1.0,0.36363636363636365,1.0,True,1.0,0.2727272727272727,,False,0.0,0.0,,False,0.0,0.0
386,3.86,P1,0.9340038438458322,True,0.06599615615416776,3,temporal|spatial|spectral,flow_3d|phase|coherence,0.7830957392775169,2.0996657382648607,1.0,4.6875,undetermined,False,,False,0.0,0.0,0.949132962081896,True,1.0,0.36363636363636365,0.8693776084941427,True,1.0,0.36363636363636365,1.0,True,1.0,0.2727272727272727,,False,0.0,0.0,,False,0.0,0.0
386,3.86,P2,0.9569448835258922,True,0.04305511647410776,3,temporal|spatial|spectral,flow_3d|phase|coherence,1.0114758074084236,0.8199019559853795,1.0,4.6875,undetermined,False,,False,0.0,0.0,0.9347915455420763,True,1.0,0.36363636363636365,0.9468068841541274,True,1.0,0.36363636363636365,1.0,True,1.0,0.2727272727272727,,False,0.0,0.0,,False,0.0,0.0
386,3.86,P3,0.95611473107655,True,0.043885268923450016,3,temporal|spatial|spectral,flow_3d|phase|coherence,1.0481531516436942,0.8199019559853795,1.0,4.6875,undetermined,False,,False,0.0,0.0,0.9325086263063851,True,1.0,0.36363636363636365,0.9468068841541274,True,1.0,0.36363636363636365,1.0,True,1.0,0.2727272727272727,,False,0.0,0.0,,False,0.0,0.0
386,3.86,P4,0.925065167593482,True,0.07493483240651799,3,temporal|spatial|spectral,flow_3d|phase|coherence,0.8279972561325137,2.479609826572,1.0,4.6875,undetermined,False,,False,0.0,0.0,0.946296042953048,True,1.0,0.36363636363636365,0.8476331679290275,True,1.0,0.36363636363636365,1.0,True,1.0,0.2727272727272727,,False,0.0,0.0,,False,0.0,0.0
387,3.87,P1,0.9340199606800966,True,0.06598003931990337,3,temporal|spatial|spectral,flow_3d|phase|coherence,0.7447683057229559,2.1408545668209045,1.0,4.6875,undetermined,False,,False,0.0,0.0,0.9515612518004041,True,1.0,0.36363636363636365,0.8669936400698617,True,1.0,0.36363636363636365,1.0,True,1.0,0.2727272727272727,,False,0.0,0.0,,False,0.0,0.0
387,3.87,P2,0.9620967652220395,True,0.03790323477796054,3,temporal|spatial|spectral,flow_3d|phase|coherence,0.8478761782059481,0.7579829120584312,1.0,4.6875,undetermined,False,,False,0.0,0.0,0.945042783898027,True,1.0,0.36363636363636365,0.9507233204625816,True,1.0,0.36363636363636365,1.0,True,1.0,0.2727272727272727,,False,0.0,0.0,,False,0.0,0.0
387,3.87,P3,0.9649456555338303,True,0.03505434446616973,3,temporal|spatial|spectral,flow_3d|phase|coherence,0.7240380903520514,0.7579829120584312,1.0,4.6875,undetermined,False,,False,0.0,0.0,0.9528772322554517,True,1.0,0.36363636363636365,0.9507233204625816,True,1.0,0.36363636363636365,1.0,True,1.0,0.2727272727272727,,False,0.0,0.0,,False,0.0,0.0
387,3.87,P4,0.9456819429649412,True,0.054318057035058764,3,temporal|spatial|spectral,flow_3d|phase|coherence,0.34141842460334293,2.035071116896343,1.0,4.6875,undetermined,False,,False,0.0,0.0,0.9774958542511643,True,1.0,0.36363636363636365,0.8731294889024243,True,1.0,0.36363636363636365,1.0,True,1.0,0.2727272727272727,,False,0.0,0.0,,False,0.0,0.0
388,3.88,P1,0.9401541839042173,True,0.059845816095782656,3,temporal|spatial|spectral,flow_3d|phase|coherence,0.633537761298026,1.9724816341652867,1.0,4.6875,undetermined,False,,False,0.0,0.0,0.9586436570792605,True,1.0,0.36363636363636365,0.8767803486573371,True,1.0,0.36363636363636365,1.0,True,1.0,0.2727272727272727,,False,0.0,0.0,,False,0.0,0.0
388,3.88,P2,0.9709444467643755,True,0.029055553235624476,3,temporal|spatial|spectral,flow_3d|phase|coherence,0.6012805211792531,0.6218672195215862,1.0,4.6875,undetermined,False,,False,0.0,0.0,0.9607074219048246,True,1.0,0.36363636363636365,0.959389806697208,True,1.0,0.36363636363636365,1.0,True,1.0,0.2727272727272727,,False,0.0,0.0,,False,0.0,0.0
388,3.88,P3,0.9773425655522124,True,0.02265743444778756,3,temporal|spatial|spectral,flow_3d|phase|coherence,0.32904913610556386,0.6218672195215866,1.0,4.6875,undetermined,False,,False,0.0,0.0,0.9783022485713762,True,1.0,0.36363636363636365,0.959389806697208,True,1.0,0.36363636363636365,1.0,True,1.0,0.2727272727272727,,False,0.0,0.0,,False,0.0,0.0
388,3.88,P4,0.9634843426621907,True,0.03651565733780926,3,temporal|spatial|spectral,flow_3d|phase|coherence,0.17858082112963558,1.3913254671242994,1.0,4.6875,undetermined,False,,False,0.0,0.0,0.9881652006508772,True,1.0,0.36363636363636365,0.9114167416701473,True,1.0,0.36363636363636365,1.0,True,1.0,0.2727272727272727,,False,0.0,0.0,,False,0.0,0.0
389,3.89,P1,0.9519798288798571,True,0.048020171120142896,3,temporal|spatial|spectral,flow_3d|phase|coherence,0.46029212668059794,1.611028456070251,1.0,4.6875,undetermined,False,,False,0.0,0.0,0.969779898710032,True,1.0,0.36363636363636365,0.8981646307095752,True,1.0,0.36363636363636365,1.0,True,1.0,0.2727272727272727,,False,0.0,0.0,,False,0.0,0.0
389,3.89,P2,0.9827430996876158,True,0.01725690031238425,3,temporal|spatial|spectral,flow_3d|phase|coherence,0.29582733737276684,0.4248788307343818,1.0,4.6875,undetermined,False,,False,0.0,0.0,0.9804713804602531,True,1.0,0.36363636363636365,0.9720721436806903,True,1.0,0.36363636363636365,1.0,True,1.0,0.2727272727272727,,False,0.0,0.0,,False,0.0,0.0
389,3.89,P3,0.9874728030593888,True,0.012527196940611218,3,temporal|spatial|spectral,flow_3d|phase|coherence,0.09814944020164251,0.4248788307343818,1.0,4.6875,undetermined,False,,False,0.0,0.0,0.9934780647326289,True,1.0,0.36363636363636365,0.9720721436806903,True,1.0,0.36363636363636365,1.0,True,1.0,0.2727272727272727,,False,0.0,0.0,,False,0.0,0.0
389,3.89,P4,0.969334242842496,True,0.03066575715750397,3,temporal|spatial|spectral,flow_3d|phase|coherence,0.681099331842919,0.6113871866958189,1.0,4.6875,undetermined,False,,False,0.0,0.0,0.9556088311299289,True,1.0,0.36363636363636365,0.960060336686935,True,1.0,0.36363636363636365,1.0,True,1.0,0.2727272727272727,,False,0.0,0.0,,False,0.0,0.0
390,3.9,P1,0.9733575428614543,True,0.02664245713854574,3,temporal|spatial|spectral,flow_3d|phase|coherence,0.24198989165916804,0.8845274514787507,1.0,4.6875,undetermined,False,,False,0.0,0.0,0.9839967749314492,True,1.0,0.36363636363636365,0.9427364679375503,True,1.0,0.36363636363636365,1.0,True,1.0,0.2727272727272727,,False,0.0,0.0,,False,0.0,0.0
390,3.9,P2,0.9985559287180306,True,0.001444071281969439,3,temporal|spatial|spectral,flow_3d|phase|coherence,0.03858348736713868,0.02104879483081179,1.0,4.6875,undetermined,False,,False,0.0,0.0,0.9974310728641969,True,1.0,0.36363636363636365,0.9985977311103872,True,1.0,0.36363636363636365,1.0,True,1.0,0.2727272727272727,,False,0.0,0.0,,False,0.0,0.0
390,3.9,P3,0.9782908126735894,True,0.021709187326410584,3,temporal|spatial|spectral,flow_3d|phase|coherence,0.5157404654560231,0.39364947821069096,1.0,4.6875,undetermined,False,,False,0.0,0.0,0.966201670720438,True,1.0,0.36363636363636365,0.974098064131933,True,1.0,0.36363636363636365,1.0,True,1.0,0.2727272727272727,,False,0.0,0.0,,False,0.0,0.0
390,3.9,P4,0.9733961526801185,True,0.026603847319881524,3,temporal|spatial|spectral,flow_3d|phase|coherence,1.116947094458963,0.02104879483081179,1.0,4.6875,undetermined,False,,False,0.0,0.0,0.9282416887599387,True,1.0,0.36363636363636365,0.9985977311103872,True,1.0,0.36363636363636365,1.0,True,1.0,0.2727272727272727,,False,0.0,0.0,,False,0.0,0.0
391,3.91,P1,0.9952395593525469,True,0.004760440647453068,3,temporal|spatial|spectral,flow_3d|phase|coherence,1.1457501614131615e-13,0.19766485455706695,1.0,4.6875,undetermined,False,,False,0.0,0.0,0.9999999999999923,True,1.0,0.36363636363636365,0.9869087882195117,True,1.0,0.36363636363636365,1.0,True,1.0,0.2727272727272727,,False,0.0,0.0,,False,0.0,0.0
391,3.91,P2,0.9830397763003245,True,0.016960223699675536,3,temporal|spatial|spectral,flow_3d|phase|coherence,0.36921749153554995,0.33869390021683143,1.0,4.6875,undetermined,False,,False,0.0,0.0,0.9756859670298342,True,1.0,0.36363636363636365,0.9776734177960578,True,1.0,0.36363636363636365,1.0,True,1.0,0.2727272727272727,,False,0.0,0.0,,False,0.0,0.0
391,3.91,P3,0.9744548592975422,True,0.025545140702457836,3,temporal|spatial|spectral,flow_3d|phase|coherence,0.8828472205751918,0.1976648545570674,1.0,4.6875,undetermined,False,,False,0.0,0.0,0.9428420748487291,True,1.0,0.36363636363636365,0.9869087882195117,True,1.0,0.36363636363636365,1.0,True,1.0,0.2727272727272727,,False,0.0,0.0,,False,0.0,0.0
391,3.91,P4,0.9482662905094985,True,0.05173370949050149,3,temporal|spatial|spectral,flow_3d|phase|coherence,1.4434602932400757,0.7776464911493184,1.0,4.6875,undetermined,False,,False,0.0,0.0,0.9082544701130736,True,1.0,0.36363636363636365,0.9494778287880473,True,1.0,0.36363636363636365,1.0,True,1.0,0.2727272727272727,,False,0.0,0.0,,False,0.0,0.0
392,3.92,P1,0.9878578943537987,True,0.012142105646201329,3,temporal|spatial|spectral,flow_3d|phase|coherence,0.24198989165937146,0.26310756890669285,1.0,4.6875,undetermined,False,,False,0.0,0.0,0.9839967749314358,True,1.0,0.36363636363636365,0.9826124345415106,True,1.0,0.36363636363636365,1.0,True,1.0,0.2727272727272727,,False,0.0,0.0,,False,0.0,0.0
392,3.92,P2,0.9752176973313916,True,0.02478230266860837,3,temporal|spatial|spectral,flow_3d|phase|coherence,0.6637099151435404,0.37774630019642275,1.0,4.6875,undetermined,False,,False,0.0,0.0,0.9567173055409726,True,1.0,0.36363636363636365,0.9751313621203546,True,1.0,0.36363636363636365,1.0,True,1.0,0.2727272727272727,,False,0.0,0.0,,False,0.0,0.0
392,3.92,P3,0.9665365901102534,True,0.03346340988974661,3,temporal|spatial|spectral,flow_3d|phase|coherence,1.1635347385868915,0.26310756890669285,1.0,4.6875,undetermined,False,,False,0.0,0.0,0.9253631882616862,True,1.0,0.36363636363636365,0.9826124345415106,True,1.0,0.36363636363636365,1.0,True,1.0,0.2727272727272727,,False,0.0,0.0,,False,0.0,0.0
392,3.92,P4,0.9235452649368385,True,0.07645473506316147,3,temporal|spatial|spectral,flow_3d|phase|coherence,1.628677541340302,1.703561717366491,1.0,4.6875,undetermined,False,,False,0.0,0.0,0.8971084665655268,True,1.0,0.36363636363636365,0.8926410120107793,True,1.0,0.36363636363636365,1.0,True,1.0,0.2727272727272727,,False,0.0,0.0,,False,0.0,0.0
393,3.93,P1,0.9688111313751464,True,0.031188868624853594,3,temporal|spatial|spectral,flow_3d|phase|coherence,0.46029212668041275,0.857276655321682,1.0,4.6875,undetermined,False,,False,0.0,0.0,0.9697798987100439,True,1.0,0.36363636363636365,0.9444507125716087,True,1.0,0.36363636363636365,1.0,True,1.0,0.2727272727272727,,False,0.0,0.0,,False,0.0,0.0
393,3.93,P2,0.9661439040412095,True,0.033856095958790466,3,temporal|spatial|spectral,flow_3d|phase|coherence,0.8932337879182324,0.5389737253735936,1.0,4.6875,undetermined,False,,False,0.0,0.0,0.9421894413152592,True,1.0,0.36363636363636365,0.9647062947980671,True,1.0,0.36363636363636365,1.0,True,1.0,0.2727272727272727,,False,0.0,0.0,,False,0.0,0.0
393,3.93,P3,0.9563043254966888,True,0.043695674503311244,3,temporal|spatial|spectral,flow_3d|phase|coherence,1.330327369562303,0.5389737253735936,1.0,4.6875,undetermined,False,,False,0.0,0.0,0.9151306003178268,True,1.0,0.36363636363636365,0.9647062947980671,True,1.0,0.36363636363636365,1.0,True,1.0,0.2727272727272727,,False,0.0,0.0,,False,0.0,0.0
393,3.93,P4,0.9102570722103911,True,0.0897429277896089,3,temporal|spatial|spectral,flow_3d|phase|coherence,1.6544684840302804,2.303568988301369,1.0,4.6875,undetermined,False,,False,0.0,0.0,0.8955673070072764,True,1.0,0.36363636363636365,0.8576396415712992,True,1.0,0.36363636363636365,1.0,True,1.0,0.2727272727272727,,False,0.0,0.0,,False,0.0,0.0
394,3.94,P1,0.9520093644696577,True,0.04799063553034233,3,temporal|spatial|spectral,flow_3d|phase|coherence,0.6335377612981503,1.424848895360971,1.0,4.6875,undetermined,False,,False,0.0,0.0,0.9586436570792525,True,1.0,0.36363636363636365,0.9093820952123061,True,1.0,0.36363636363636365,1.0,True,1.0,0.2727272727272727,,False,0.0,0.0,,False,0.0,0.0
394,3.94,P2,0.9590578900960863,True,0.04094210990391367,3,temporal|spatial|spectral,flow_3d|phase|coherence,1.0353217140057254,0.7047620127053085,1.0,4.6875,undetermined,False,,False,0.0,0.0,0.9333066626752055,True,1.0,0.36363636363636365,0.954102535089032,True,1.0,0.36363636363636365,1.0,True,1.0,0.2727272727272727,,False,0.0,0.0,,False,0.0,0.0
394,3.94,P3,0.9516380758378944,True,0.04836192416210561,3,temporal|spatial|spectral,flow_3d|phase|coherence,1.3668982886691552,0.7047620127053085,1.0,4.6875,undetermined,False,,False,0.0,0.0,0.9129021734651775,True,1.0,0.36363636363636365,0.954102535089032,True,1.0,0.36363636363636365,1.0,True,1.0,0.2727272727272727,,False,0.0,0.0,,False,0.0,0.0
394,3.94,P4,0.906700944101656,True,0.09329905589834397,3,temporal|spatial|spectral,flow_3d|phase|coherence,1.5183085241436132,2.620767511107542,1.0,4.6875,undetermined,False,,False,0.0,0.0,0.9037336759216825,True,1.0,0.36363636363636365,0.8396939203578716,True,1.0,0.36363636363636365,1.0,True,1.0,0.2727272727272727,,False,0.0,0.0,,False,0.0,0.0
395,3.95,P1,0.9401296566068676,True,0.05987034339313235,3,temporal|spatial|spectral,flow_3d|phase|coherence,0.7447683057228858,1.8529469980163231,1.0,4.6875,undetermined,False,,False,0.0,0.0,0.9515612518004085,True,1.0,0.36363636363636365,0.8837953038684776,True,1.0,0.36363636363636365,1.0,True,1.0,0.2727272727272727,,False,0.0,0.0,,False,0.0,0.0
395,3.95,P2,0.955905514919315,True,0.04409448508068503,3,temporal|spatial|spectral,flow_3d|phase|coherence,1.0760651372157994,0.8015632838677469,1.0,4.6875,undetermined,False,,False,0.0,0.0,0.9307750285902038,True,1.0,0.36363636363636365,0.9479651374379122,True,1.0,0.36363636363636365,1.0,True,1.0,0.2727272727272727,,False,0.0,0.0,,False,0.0,0.0
395,3.95,P3,0.9515650909113922,True,0.048434909088607814,3,temporal|spatial|spectral,flow_3d|phase|coherence,1.2696676795406763,0.8015632838677469,1.0,4.6875,undetermined,False,,False,0.0,0.0,0.9188388625684165,True,1.0,0.36363636363636365,0.9479651374379122,True,1.0,0.36363636363636365,1.0,True,1.0,0.2727272727272727,,False,0.0,0.0,,False,0.0,0.0
395,3.95,P4,0.9117674573881007,True,0.08823254261189928,3,temporal|spatial|spectral,flow_3d|phase|coherence,1.2335259472362399,2.681427049965544,1.0,4.6875,undetermined,False,,False,0.0,0.0,0.9210554270588772,True,1.0,0.36363636363636365,0.8363050807583995,True,1.0,0.36363636363636365,1.0,True,1.0,0.2727272727272727,,False,0.0,0.0,,False,0.0,0.0
396,3.96,P1,0.9340038438458322,True,0.06599615615416776,3,temporal|spatial|spectral,flow_3d|phase|coherence,0.783095739277516,2.0996657382648625,1.0,4.6875,undetermined,False,,False,0.0,0.0,0.949132962081896,True,1.0,0.36363636363636365,0.8693776084941426,True,1.0,0.36363636363636365,1.0,True,1.0,0.2727272727272727,,False,0.0,0.0,,False,0.0,0.0
396,3.96,P2,0.9569448835258922,True,0.04305511647410776,3,temporal|spatial|spectral,flow_3d|phase|coherence,1.0114758074084236,0.8199019559853786,1.0,4.6875,undetermined,False,,False,0.0,0.0,0.9347915455420763,True,1.0,0.36363636363636365,0.9468068841541274,True,1.0,0.36363636363636365,1.0,True,1.0,0.2727272727272727,,False,0.0,0.0,,False,0.0,0.0
396,3.96,P3,0.9561147310765501,True,0.043885268923449905,3,temporal|spatial|spectral,flow_3d|phase|coherence,1.048153151643687,0.8199019559853786,1.0,4.6875,undetermined,False,,False,0.0,0.0,0.9325086263063855,True,1.0,0.36363636363636365,0.9468068841541274,True,1.0,0.36363636363636365,1.0,True,1.0,0.2727272727272727,,False,0.0,0.0,,False,0.0,0.0
396,3.96,P4,0.9250651675934823,True,0.07493483240651766,3,temporal|spatial|spectral,flow_3d|phase|coherence,0.8279972561325071,2.4796098265719957,1.0,4.6875,undetermined,False,,False,0.0,0.0,0.9462960429530485,True,1.0,0.36363636363636365,0.8476331679290279,True,1.0,0.36363636363636365,1.0,True,1.0,0.2727272727272727,,False,0.0,0.0,,False,0.0,0.0
397,3.97,P1,0.9340199606800967,True,0.06598003931990326,3,temporal|spatial|spectral,flow_3d|phase|coherence,0.7447683057229568,2.1408545668209027,1.0,4.6875,undetermined,False,,False,0.0,0.0,0.9515612518004041,True,1.0,0.36363636363636365,0.8669936400698618,True,1.0,0.36363636363636365,1.0,True,1.0,0.2727272727272727,,False,0.0,0.0,,False,0.0,0.0
397,3.97,P2,0.9620967652220396,True,0.037903234777960426,3,temporal|spatial|spectral,flow_3d|phase|coherence,0.8478761782059463,0.7579829120584294,1.0,4.6875,undetermined,False,,False,0.0,0.0,0.9450427838980271,True,1.0,0.36363636363636365,0.9507233204625817,True,1.0,0.36363636363636365,1.0,True,1.0,0.2727272727272727,,False,0.0,0.0,,False,0.0,0.0
397,3.97,P3,0.9649456555338305,True,0.03505434446616951,3,temporal|spatial|spectral,flow_3d|phase|coherence,0.7240380903520482,0.7579829120584294,1.0,4.6875,undetermined,False,,False,0.0,0.0,0.952877232255452,True,1.0,0.36363636363636365,0.9507233204625817,True,1.0,0.36363636363636365,1.0,True,1.0,0.2727272727272727,,False,0.0,0.0,,False,0.0,0.0
397,3.97,P4,0.9456819429649415,True,0.05431805703505854,3,temporal|spatial|spectral,flow_3d|phase|coherence,0.34141842460333827,2.035071116896337,1.0,4.6875,undetermined,False,,False,0.0,0.0,0.9774958542511646,True,1.0,0.36363636363636365,0.8731294889024247,True,1.0,0.36363636363636365,1.0,True,1.0,0.2727272727272727,,False,0.0,0.0,,False,0.0,0.0
398,3.98,P1,0.9401541839042175,True,0.059845816095782545,3,temporal|spatial|spectral,flow_3d|phase|coherence,0.6335377612980224,1.9724816341652844,1.0,4.6875,undetermined,False,,False,0.0,0.0,0.9586436570792607,True,1.0,0.36363636363636365,0.8767803486573372,True,1.0,0.36363636363636365,1.0,True,1.0,0.2727272727272727,,False,0.0,0.0,,False,0.0,0.0
398,3.98,P2,0.9709444467643756,True,0.029055553235624365,3,temporal|spatial|spectral,flow_3d|phase|coherence,0.6012805211792482,0.6218672195215853,1.0,4.6875,undetermined,False,,False,0.0,0.0,0.9607074219048249,True,1.0,0.36363636363636365,0.9593898066972081,True,1.0,0.36363636363636365,1.0,True,1.0,0.2727272727272727,,False,0.0,0.0,,False,0.0,0.0
398,3.98,P3,0.9773425655522125,True,0.02265743444778745,3,temporal|spatial|spectral,flow_3d|phase|coherence,0.32904913610555986,0.6218672195215853,1.0,4.6875,undetermined,False,,False,0.0,0.0,0.9783022485713765,True,1.0,0.36363636363636365,0.9593898066972081,True,1.0,0.36363636363636365,1.0,True,1.0,0.2727272727272727,,False,0.0,0.0,,False,0.0,0.0
398,3.98,P4,0.9634843426621909,True,0.03651565733780915,3,temporal|spatial|spectral,flow_3d|phase|coherence,0.1785808211296409,1.3913254671242918,1.0,4.6875,undetermined,False,,False,0.0,0.0,0.9881652006508769,True,1.0,0.36363636363636365,0.9114167416701477,True,1.0,0.36363636363636365,1.0,True,1.0,0.2727272727272727,,False,0.0,0.0,,False,0.0,0.0
399,3.99,P1,0.9519798288798572,True,0.048020171120142785,3,temporal|spatial|spectral,flow_3d|phase|coherence,0.4602921266805966,1.6110284560702466,1.0,4.6875,undetermined,False,,False,0.0,0.0,0.969779898710032,True,1.0,0.36363636363636365,0.8981646307095754,True,1.0,0.36363636363636365,1.0,True,1.0,0.2727272727272727,,False,0.0,0.0,,False,0.0,0.0
399,3.99,P2,0.9827430996876159,True,0.017256900312384138,3,temporal|spatial|spectral,flow_3d|phase|coherence,0.29582733737276456,0.4248788307343796,1.0,4.6875,undetermined,False,,False,0.0,0.0,0.9804713804602532,True,1.0,0.36363636363636365,0.9720721436806905,True,1.0,0.36363636363636365,1.0,True,1.0,0.2727272727272727,,False,0.0,0.0,,False,0.0,0.0
399,3.99,P3,0.9874728030593887,True,0.01252719694061133,3,temporal|spatial|spectral,flow_3d|phase|coherence,0.09814944020164695,0.4248788307343796,1.0,4.6875,undetermined,False,,False,0.0,0.0,0.9934780647326286,True,1.0,0.36363636363636365,0.9720721436806905,True,1.0,0.36363636363636365,1.0,True,1.0,0.2727272727272727,,False,0.0,0.0,,False,0.0,0.0
399,3.99,P4,0.969334242842496,True,0.03066575715750397,3,temporal|spatial|spectral,flow_3d|phase|coherence,0.6810993318429226,0.6113871866958105,1.0,4.6875,undetermined,False,,False,0.0,0.0,0.9556088311299287,True,1.0,0.36363636363636365,0.9600603366869356,True,1.0,0.36363636363636365,1.0,True,1.0,0.2727272727272727,,False,0.0,0.0,,False,0.0,0.0
400,4.0,P1,0.9733575428614546,True,0.026642457138545406,3,temporal|spatial|spectral,flow_3d|phase|coherence,0.2419898916591653,0.8845274514787409,1.0,4.6875,undetermined,False,,False,0.0,0.0,0.9839967749314493,True,1.0,0.36363636363636365,0.9427364679375508,True,1.0,0.36363636363636365,1.0,True,1.0,0.2727272727272727,,False,0.0,0.0,,False,0.0,0.0
400,4.0,P2,0.9985559287180303,True,0.001444071281969661,3,temporal|spatial|spectral,flow_3d|phase|coherence,0.03858348736714268,0.021048794830818007,1.0,4.6875,undetermined,False,,False,0.0,0.0,0.9974310728641965,True,1.0,0.36363636363636365,0.9985977311103869,True,1.0,0.36363636363636365,1.0,True,1.0,0.2727272727272727,,False,0.0,0.0,,False,0.0,0.0
400,4.0,P3,0.9782908126735893,True,0.021709187326410695,3,temporal|spatial|spectral,flow_3d|phase|coherence,0.5157404654560303,0.39364947821068963,1.0,4.6875,undetermined,False,,False,0.0,0.0,0.9662016707204376,True,1.0,0.36363636363636365,0.9740980641319331,True,1.0,0.36363636363636365,1.0,True,1.0,0.2727272727272727,,False,0.0,0.0,,False,0.0,0.0
400,4.0,P4,0.9733961526801183,True,0.026603847319881746,3,temporal|spatial|spectral,flow_3d|phase|coherence,1.1169470944589683,0.021048794830817563,1.0,4.6875,undetermined,False,,False,0.0,0.0,0.9282416887599384,True,1.0,0.36363636363636365,0.9985977311103869,True,1.0,0.36363636363636365,1.0,True,1.0,0.2727272727272727,,False,0.0,0.0,,False,0.0,0.0
401,4.01,P1,0.9952395593525497,True,0.0047604406474502925,3,temporal|spatial|spectral,flow_3d|phase|coherence,3.552713678800501e-15,0.19766485455706428,1.0,4.6875,undetermined,False,,False,0.0,0.0,0.9999999999999998,True,1.0,0.36363636363636365,0.9869087882195118,True,1.0,0.36363636363636365,1.0,True,1.0,0.2727272727272727,,False,0.0,0.0,,False,0.0,0.0
401,4.01,P2,0.9830397763003218,True,0.0169602236996782,3,temporal|spatial|spectral,flow_3d|phase|coherence,0.36921749153567607,0.338693900216815,1.0,4.6875,undetermined,False,,False,0.0,0.0,0.975685967029826,True,1.0,0.36363636363636365,0.9776734177960589,True,1.0,0.36363636363636365,1.0,True,1.0,0.2727272727272727,,False,0.0,0.0,,False,0.0,0.0
401,4.01,P3,0.9744548592975397,True,0.02554514070246028,3,temporal|spatial|spectral,flow_3d|phase|coherence,0.8828472205752984,0.19766485455706428,1.0,4.6875,undetermined,False,,False,0.0,0.0,0.9428420748487224,True,1.0,0.36363636363636365,0.9869087882195118,True,1.0,0.36363636363636365,1.0,True,1.0,0.2727272727272727,,False,0.0,0.0,,False,0.0,0.0
401,4.01,P4,0.9482662905094985,True,0.05173370949050149,3,temporal|spatial|spectral,flow_3d|phase|coherence,1.443460293240129,0.7776464911492718,1.0,4.6875,undetermined,False,,False,0.0,0.0,0.9082544701130704,True,1.0,0.36363636363636365,0.9494778287880503,True,1.0,0.36363636363636365,1.0,True,1.0,0.2727272727272727,,False,0.0,0.0,,False,0.0,0.0
402,4.02,P1,0.987857894353802,True,0.012142105646197998,3,temporal|spatial|spectral,flow_3d|phase|coherence,0.24198989165924978,0.26310756890667664,1.0,4.6875,undetermined,False,,False,0.0,0.0,0.9839967749314438,True,1.0,0.36363636363636365,0.9826124345415117,True,1.0,0.36363636363636365,1.0,True,1.0,0.2727272727272727,,False,0.0,0.0,,False,0.0,0.0
402,4.02,P2,0.9752176973313953,True,0.024782302668604705,3,temporal|spatial|spectral,flow_3d|phase|coherence,0.6637099151433858,0.3777463001964203,1.0,4.6875,undetermined,False,,False,0.0,0.0,0.9567173055409824,True,1.0,0.36363636363636365,0.9751313621203548,True,1.0,0.36363636363636365,1.0,True,1.0,0.2727272727272727,,False,0.0,0.0,,False,0.0,0.0
402,4.02,P3,0.9665365901102574,True,0.03346340988974261,3,temporal|spatial|spectral,flow_3d|phase|coherence,1.1635347385867316,0.26310756890667664,1.0,4.6875,undetermined,False,,False,0.0,0.0,0.9253631882616961,True,1.0,0.36363636363636365,0.9826124345415117,True,1.0,0.36363636363636365,1.0,True,1.0,0.2727272727272727,,False,0.0,0.0,,False,0.0,0.0
402,4.02,P4,0.9235452649368417,True,0.07645473506315825,3,temporal|spatial|spectral,flow_3d|phase|coherence,1.6286775413401848,1.7035617173664659,1.0,4.6875,undetermined,False,,False,0.0,0.0,0.8971084665655339,True,1.0,0.36363636363636365,0.8926410120107808,True,1.0,0.36363636363636365,1.0,True,1.0,0.2727272727272727,,False,0.0,0.0,,False,0.0,0.0
403,4.03,P1,0.9688111313751474,True,0.031188868624852595,3,temporal|spatial|spectral,flow_3d|phase|coherence,0.46029212668033903,0.857276655321713,1.0,4.6875,undetermined,False,,False,0.0,0.0,0.9697798987100487,True,1.0,0.36363636363636365,0.9444507125716067,True,1.0,0.36363636363636365,1.0,True,1.0,0.2727272727272727,,False,0.0,0.0,,False,0.0,0.0
403,4.03,P2,0.9661439040412103,True,0.03385609595878969,3,temporal|spatial|spectral,flow_3d|phase|coherence,0.8932337879181773,0.5389737253736184,1.0,4.6875,undetermined,False,,False,0.0,0.0,0.9421894413152627,True,1.0,0.36363636363636365,0.9647062947980656,True,1.0,0.36363636363636365,1.0,True,1.0,0.2727272727272727,,False,0.0,0.0,,False,0.0,0.0
403,4.03,P3,0.9563043254966879,True,0.04369567450331213,3,temporal|spatial|spectral,flow_3d|phase|coherence,1.3303273695623172,0.5389737253736184,1.0,4.6875,undetermined,False,,False,0.0,0.0,0.9151306003178259,True,1.0,0.36363636363636365,0.9647062947980656,True,1.0,0.36363636363636365,1.0,True,1.0,0.2727272727272727,,False,0.0,0.0,,False,0.0,0.0
403,4.03,P4,0.910257072210387,True,0.08974292778961301,3,temporal|spatial|spectral,flow_3d|phase|coherence,1.6544684840303763,2.3035689883014667,1.0,4.6875,undetermined,False,,False,0.0,0.0,0.8955673070072706,True,1.0,0.36363636363636365,0.8576396415712937,True,1.0,0.36363636363636365,1.0,True,1.0,0.2727272727272727,,False,0.0,0.0,,False,0.0,0.0
404,4.04,P1,0.9520093644696553,True,0.04799063553034466,3,temporal|spatial|spectral,flow_3d|phase|coherence,0.6335377612982453,1.4248488953609764,1.0,4.6875,undetermined,False,,False,0.0,0.0,0.9586436570792464,True,1.0,0.36363636363636365,0.9093820952123057,True,1.0,0.36363636363636365,1.0,True,1.0,0.2727272727272727,,False,0.0,0.0,,False,0.0,0.0
404,4.04,P2,0.9590578900960842,True,0.04094210990391578,3,temporal|spatial|spectral,flow_3d|phase|coherence,1.0353217140058177,0.7047620127053094,1.0,4.6875,undetermined,False,,False,0.0,0.0,0.9333066626751997,True,1.0,0.36363636363636365,0.954102535089032,True,1.0,0.36363636363636365,1.0,True,1.0,0.2727272727272727,,False,0.0,0.0,,False,0.0,0.0
404,4.04,P3,0.9516380758378934,True,0.048361924162106606,3,temporal|spatial|spectral,flow_3d|phase|coherence,1.3668982886691996,0.7047620127053094,1.0,4.6875,undetermined,False,,False,0.0,0.0,0.9129021734651749,True,1.0,0.36363636363636365,0.954102535089032,True,1.0,0.36363636363636365,1.0,True,1.0,0.2727272727272727,,False,0.0,0.0,,False,0.0,0.0
404,4.04,P4,0.9067009441016567,True,0.09329905589834331,3,temporal|spatial|spectral,flow_3d|phase|coherence,1.518308524143583,2.620767511107541,1.0,4.6875,undetermined,False,,False,0.0,0.0,0.9037336759216843,True,1.0,0.36363636363636365,0.8396939203578717,True,1.0,0.36363636363636365,1.0,True,1.0,0.2727272727272727,,False,0.0,0.0,,False,0.0,0.0
405,4.05,P1,0.9401296566068695,True,0.059870343393130465,3,temporal|spatial|spectral,flow_3d|phase|coherence,0.7447683057228858,1.852946998016236,1.0,4.6875,undetermined,False,,False,0.0,0.0,0.9515612518004085,True,1.0,0.36363636363636365,0.8837953038684827,True,1.0,0.36363636363636365,1.0,True,1.0,0.2727272727272727,,False,0.0,0.0,,False,0.0,0.0
405,4.05,P2,0.955905514919317,True,0.04409448508068303,3,temporal|spatial|spectral,flow_3d|phase|coherence,1.0760651372157461,0.8015632838677087,1.0,4.6875,undetermined,False,,False,0.0,0.0,0.930775028590207,True,1.0,0.36363636363636365,0.9479651374379146,True,1.0,0.36363636363636365,1.0,True,1.0,0.2727272727272727,,False,0.0,0.0,,False,0.0,0.0
405,4.05,P3,0.951565090911396,True,0.04843490908860404,3,temporal|spatial|spectral,flow_3d|phase|coherence,1.2696676795405448,0.8015632838677087,1.0,4.6875,undetermined,False,,False,0.0,0.0,0.9188388625684245,True,1.0,0.36363636363636365,0.9479651374379146,True,1.0,0.36363636363636365,1.0,True,1.0,0.2727272727272727,,False,0.0,0.0,,False,0.0,0.0
405,4.05,P4,0.9117674573880987,True,0.08823254261190128,3,temporal|spatial|spectral,flow_3d|phase|coherence,1.2335259472362399,2.6814270499656354,1.0,4.6875,undetermined,False,,False,0.0,0.0,0.9210554270588772,True,1.0,0.36363636363636365,0.8363050807583944,True,1.0,0.36363636363636365,1.0,True,1.0,0.2727272727272727,,False,0.0,0.0,,False,0.0,0.0
406,4.06,P1,0.9340038438458348,True,0.06599615615416521,3,temporal|spatial|spectral,flow_3d|phase|coherence,0.7830957392774822,2.0996657382647745,1.0,4.6875,undetermined,False,,False,0.0,0.0,0.9491329620818981,True,1.0,0.36363636363636365,0.8693776084941476,True,1.0,0.36363636363636365,1.0,True,1.0,0.2727272727272727,,False,0.0,0.0,,False,0.0,0.0
406,4.06,P2,0.956944883525894,True,0.04305511647410598,3,temporal|spatial|spectral,flow_3d|phase|coherence,1.0114758074084342,0.8199019559852943,1.0,4.6875,undetermined,False,,False,0.0,0.0,0.9347915455420757,True,1.0,0.36363636363636365,0.9468068841541327,True,1.0,0.36363636363636365,1.0,True,1.0,0.2727272727272727,,False,0.0,0.0,,False,0.0,0.0
406,4.06,P3,0.956114731076554,True,0.04388526892344602,3,temporal|spatial|spectral,flow_3d|phase|coherence,1.0481531516436053,0.8199019559852943,1.0,4.6875,undetermined,False,,False,0.0,0.0,0.9325086263063906,True,1.0,0.36363636363636365,0.9468068841541327,True,1.0,0.36363636363636365,1.0,True,1.0,0.2727272727272727,,False,0.0,0.0,,False,0.0,0.0
406,4.06,P4,0.92506516759348,True,0.07493483240651999,3,temporal|spatial|spectral,flow_3d|phase|coherence,0.8279972561325017,2.4796098265721174,1.0,4.6875,undetermined,False,,False,0.0,0.0,0.9462960429530488,True,1.0,0.36363636363636365,0.847633167929021,True,1.0,0.36363636363636365,1.0,True,1.0,0.2727272727272727,,False,0.0,0.0,,False,0.0,0.0
407,4.07,P1,0.9340199606800899,True,0.06598003931991014,3,temporal|spatial|spectral,flow_3d|phase|coherence,0.7447683057230261,2.1408545668211474,1.0,4.6875,undetermined,False,,False,0.0,0.0,0.9515612518003996,True,1.0,0.36363636363636365,0.8669936400698477,True,1.0,0.36363636363636365,1.0,True,1.0,0.2727272727272727,,False,0.0,0.0,,False,0.0,0.0
407,4.07,P2,0.9620967652220322,True,0.037903234777967754,3,temporal|spatial|spectral,flow_3d|phase|coherence,0.8478761782062074,0.7579829120584858,1.0,4.6875,undetermined,False,,False,0.0,0.0,0.9450427838980107,True,1.0,0.36363636363636365,0.9507233204625781,True,1.0,0.36363636363636365,1.0,True,1.0,0.2727272727272727,,False,0.0,0.0,,False,0.0,0.0
407,4.07,P3,0.9649456555338166,True,0.035054344466183385,3,temporal|spatial|spectral,flow_3d|phase|coherence,0.7240380903525905,0.7579829120584858,1.0,4.6875,undetermined,False,,False,0.0,0.0,0.9528772322554175,True,1.0,0.36363636363636365,0.9507233204625781,True,1.0,0.36363636363636365,1.0,True,1.0,0.2727272727272727,,False,0.0,0.0,,False,0.0,0.0
407,4.07,P4,0.9456819429649477,True,0.054318057035052325,3,temporal|spatial|spectral,flow_3d|phase|coherence,0.3414184246033325,2.0350711168960514,1.0,4.6875,undetermined,False,,False,0.0,0.0,0.9774958542511649,True,1.0,0.36363636363636365,0.8731294889024412,True,1.0,0.36363636363636365,1.0,True,1.0,0.2727272727272727,,False,0.0,0.0,,False,0.0,0.0
408,4.08,P1,0.9401541839042179,True,0.0598458160957821,3,temporal|spatial|spectral,flow_3d|phase|coherence,0.6335377612980775,1.9724816341652005,1.0,4.6875,undetermined,False,,False,0.0,0.0,0.9586436570792571,True,1.0,0.36363636363636365,0.8767803486573421,True,1.0,0.36363636363636365,1.0,True,1.0,0.2727272727272727,,False,0.0,0.0,,False,0.0,0.0
408,4.08,P2,0.9709444467643806,True,0.02905555323561937,3,temporal|spatial|spectral,flow_3d|phase|coherence,0.6012805211790444,0.621867219521572,1.0,4.6875,undetermined,False,,False,0.0,0.0,0.9607074219048379,True,1.0,0.36363636363636365,0.9593898066972089,True,1.0,0.36363636363636365,1.0,True,1.0,0.2727272727272727,,False,0.0,0.0,,False,0.0,0.0
408,4.08,P3,0.977342565552221,True,0.022657434447779012,3,temporal|spatial|spectral,flow_3d|phase|coherence,0.32904913610521747,0.6218672195215724,1.0,4.6875,undetermined,False,,False,0.0,0.0,0.9783022485713988,True,1.0,0.36363636363636365,0.9593898066972089,True,1.0,0.36363636363636365,1.0,True,1.0,0.2727272727272727,,False,0.0,0.0,,False,0.0,0.0
408,4.08,P4,0.9634843426621917,True,0.03651565733780826,3,temporal|spatial|spectral,flow_3d|phase|coherence,0.1785808211292066,1.391325467124715,1.0,4.6875,undetermined,False,,False,0.0,0.0,0.9881652006509054,True,1.0,0.36363636363636365,0.911416741670122,True,1.0,0.36363636363636365,1.0,True,1.0,0.2727272727272727,,False,0.0,0.0,,False,0.0,0.0
409,4.09,P1,0.9519798288798672,True,0.04802017112013279,3,temporal|spatial|spectral,flow_3d|phase|coherence,0.46029212668030306,1.6110284560701036,1.0,4.6875,undetermined,False,,False,0.0,0.0,0.969779898710051,True,1.0,0.36363636363636365,0.898164630709584,True,1.0,0.36363636363636365,1.0,True,1.0,0.2727272727272727,,False,0.0,0.0,,False,0.0,0.0
409,4.09,P2,0.9827430996876245,True,0.01725690031237548,3,temporal|spatial|spectral,flow_3d|phase|coherence,0.295827337372432,0.4248788307343463,1.0,4.6875,undetermined,False,,False,0.0,0.0,0.9804713804602749,True,1.0,0.36363636363636365,0.9720721436806926,True,1.0,0.36363636363636365,1.0,True,1.0,0.2727272727272727,,False,0.0,0.0,,False,0.0,0.0
409,4.09,P3,0.9874728030593805,True,0.012527196940619545,3,temporal|spatial|spectral,flow_3d|phase|coherence,0.09814944020201999,0.4248788307343463,1.0,4.6875,undetermined,False,,False,0.0,0.0,0.9934780647326038,True,1.0,0.36363636363636365,0.9720721436806926,True,1.0,0.36363636363636365,1.0,True,1.0,0.2727272727272727,,False,0.0,0.0,,False,0.0,0.0
409,4.09,P4,0.969334242842478,True,0.030665757157521956,3,temporal|spatial|spectral,flow_3d|phase|coherence,0.6810993318438125,0.6113871866956972,1.0,4.6875,undetermined,False,,False,0.0,0.0,0.9556088311298719,True,1.0,0.36363636363636365,0.9600603366869428,True,1.0,0.36363636363636365,1.0,True,1.0,0.2727272727272727,,False,0.0,0.0,,False,0.0,0.0
410,4.1,P1,0.97335754286145,True,0.026642457138549958,3,temporal|spatial|spectral,flow_3d|phase|coherence,0.24198989165935705,0.8845274514787418,1.0,4.6875,undetermined,False,,False,0.0,0.0,0.9839967749314368,True,1.0,0.36363636363636365,0.9427364679375508,True,1.0,0.36363636363636365,1.0,True,1.0,0.2727272727272727,,False,0.0,0.0,,False,0.0,0.0
410,4.1,P2,0.9985559287180377,True,0.0014440712819623336,3,temporal|spatial|spectral,flow_3d|phase|coherence,0.038583487366829594,0.021048794830828665,1.0,4.6875,undetermined,False,,False,0.0,0.0,0.9974310728642174,True,1.0,0.36363636363636365,0.9985977311103861,True,1.0,0.36363636363636365,1.0,True,1.0,0.2727272727272727,,False,0.0,0.0,,False,0.0,0.0
410,4.1,P3,0.9782908126735981,True,0.021709187326401924,3,temporal|spatial|spectral,flow_3d|phase|coherence,0.5157404654556021,0.3936494782107487,1.0,4.6875,undetermined,False,,False,0.0,0.0,0.9662016707204651,True,1.0,0.36363636363636365,0.9740980641319293,True,1.0,0.36363636363636365,1.0,True,1.0,0.2727272727272727,,False,0.0,0.0,,False,0.0,0.0
410,4.1,P4,0.9733961526801278,True,0.026603847319872198,3,temporal|spatial|spectral,flow_3d|phase|coherence,1.1169470944585314,0.021048794830828665,1.0,4.6875,undetermined,False,,False,0.0,0.0,0.9282416887599654,True,1.0,0.36363636363636365,0.9985977311103861,True,1.0,0.36363636363636365,1.0,True,1.0,0.2727272727272727,,False,0.0,0.0,,False,0.0,0.0
411,4.11,P1,0.9952395593525434,True,0.004760440647456621,3,temporal|spatial|spectral,flow_3d|phase|coherence,2.282618538629322e-13,0.1976648545571007,1.0,4.6875,undetermined,False,,False,0.0,0.0,0.9999999999999848,True,1.0,0.36363636363636365,0.9869087882195094,True,1.0,0.36363636363636365,1.0,True,1.0,0.2727272727272727,,False,0.0,0.0,,False,0.0,0.0
411,4.11,P2,0.9830397763003277,True,0.016960223699672317,3,temporal|spatial|spectral,flow_3d|phase|coherence,0.3692174915354194,0.33869390021682166,1.0,4.6875,undetermined,False,,False,0.0,0.0,0.9756859670298427,True,1.0,0.36363636363636365,0.9776734177960584,True,1.0,0.36363636363636365,1.0,True,1.0,0.2727272727272727,,False,0.0,0.0,,False,0.0,0.0
411,4.11,P3,0.9744548592975442,True,0.025545140702455837,3,temporal|spatial|spectral,flow_3d|phase|coherence,0.8828472205750622,0.19766485455710026,1.0,4.6875,undetermined,False,,False,0.0,0.0,0.9428420748487372,True,1.0,0.36363636363636365,0.9869087882195094,True,1.0,0.36363636363636365,1.0,True,1.0,0.2727272727272727,,False,0.0,0.0,,False,0.0,0.0
411,4.11,P4,0.9482662905094965,True,0.05173370949050349,3,temporal|spatial|spectral,flow_3d|phase|coherence,1.443460293240033,0.7776464911494472,1.0,4.6875,undetermined,False,,False,0.0,0.0,0.9082544701130761,True,1.0,0.36363636363636365,0.9494778287880392,True,1.0,0.36363636363636365,1.0,True,1.0,0.2727272727272727,,False,0.0,0.0,,False,0.0,0.0
412,4.12,P1,0.9878578943537947,True,0.012142105646205326,3,temporal|spatial|spectral,flow_3d|phase|coherence,0.24198989165958285,0.26310756890665066,1.0,4.6875,undetermined,False,,False,0.0,0.0,0.983996774931422,True,1.0,0.36363636363636365,0.9826124345415134,True,1.0,0.36363636363636365,1.0,True,1.0,0.2727272727272727,,False,0.0,0.0,,False,0.0,0.0
412,4.12,P2,0.9752176973313873,True,0.0247823026686127,3,temporal|spatial|spectral,flow_3d|phase|coherence,0.6637099151437802,0.37774630019637523,1.0,4.6875,undetermined,False,,False,0.0,0.0,0.9567173055409572,True,1.0,0.36363636363636365,0.9751313621203577,True,1.0,0.36363636363636365,1.0,True,1.0,0.2727272727272727,,False,0.0,0.0,,False,0.0,0.0
412,4.12,P3,0.9665365901102501,True,0.03346340988974994,3,temporal|spatial|spectral,flow_3d|phase|coherence,1.1635347385870851,0.26310756890665066,1.0,4.6875,undetermined,False,,False,0.0,0.0,0.9253631882616743,True,1.0,0.36363636363636365,0.9826124345415134,True,1.0,0.36363636363636365,1.0,True,1.0,0.2727272727272727,,False,0.0,0.0,,False,0.0,0.0
412,4.12,P4,0.9235452649368356,True,0.07645473506316436,3,temporal|spatial|spectral,flow_3d|phase|coherence,1.6286775413404087,1.7035617173665216,1.0,4.6875,undetermined,False,,False,0.0,0.0,0.8971084665655205,True,1.0,0.36363636363636365,0.8926410120107775,True,1.0,0.36363636363636365,1.0,True,1.0,0.2727272727272727,,False,0.0,0.0,,False,0.0,0.0
413,4.13,P1,0.9688111313751504,True,0.031188868624849597,3,temporal|spatial|spectral,flow_3d|phase|coherence,0.46029212668023334,0.85727665532169,1.0,4.6875,undetermined,False,,False,0.0,0.0,0.9697798987100555,True,1.0,0.36363636363636365,0.9444507125716082,True,1.0,0.36363636363636365,1.0,True,1.0,0.2727272727272727,,False,0.0,0.0,,False,0.0,0.0
413,4.13,P2,0.9661439040412136,True,0.03385609595878636,3,temporal|spatial|spectral,flow_3d|phase|coherence,0.8932337879180583,0.5389737253735891,1.0,4.6875,undetermined,False,,False,0.0,0.0,0.9421894413152702,True,1.0,0.36363636363636365,0.9647062947980675,True,1.0,0.36363636363636365,1.0,True,1.0,0.2727272727272727,,False,0.0,0.0,,False,0.0,0.0
413,4.13,P3,0.9563043254966909,True,0.043695674503309134,3,temporal|spatial|spectral,flow_3d|phase|coherence,1.3303273695622106,0.5389737253735891,1.0,4.6875,undetermined,False,,False,0.0,0.0,0.9151306003178324,True,1.0,0.36363636363636365,0.9647062947980675,True,1.0,0.36363636363636365,1.0,True,1.0,0.2727272727272727,,False,0.0,0.0,,False,0.0,0.0
413,4.13,P4,0.910257072210386,True,0.08974292778961401,3,temporal|spatial|spectral,flow_3d|phase|coherence,1.6544684840303248,2.303568988301574,1.0,4.6875,undetermined,False,,False,0.0,0.0,0.8955673070072737,True,1.0,0.36363636363636365,0.8576396415712876,True,1.0,0.36363636363636365,1.0,True,1.0,0.2727272727272727,,False,0.0,0.0,,False,0.0,0.0
414,4.14,P1,0.9520093644696568,True,0.04799063553034322,3,temporal|spatial|spectral,flow_3d|phase|coherence,0.6335377612982827,1.4248488953608751,1.0,4.6875,undetermined,False,,False,0.0,0.0,0.958643657079244,True,1.0,0.36363636363636365,0.909382095212312,True,1.0,0.36363636363636365,1.0,True,1.0,0.2727272727272727,,False,0.0,0.0,,False,0.0,0.0
414,4.14,P2,0.9590578900960859,True,0.040942109903914115,3,temporal|spatial|spectral,flow_3d|phase|coherence,1.0353217140058106,0.7047620127052454,1.0,4.6875,undetermined,False,,False,0.0,0.0,0.9333066626752001,True,1.0,0.36363636363636365,0.9541025350890361,True,1.0,0.36363636363636365,1.0,True,1.0,0.2727272727272727,,False,0.0,0.0,,False,0.0,0.0
414,4.14,P3,0.9516380758378966,True,0.04836192416210339,3,temporal|spatial|spectral,flow_3d|phase|coherence,1.3668982886691232,0.7047620127052454,1.0,4.6875,undetermined,False,,False,0.0,0.0,0.9129021734651794,True,1.0,0.36363636363636365,0.9541025350890361,True,1.0,0.36363636363636365,1.0,True,1.0,0.2727272727272727,,False,0.0,0.0,,False,0.0,0.0
414,4.14,P4,0.9067009441016609,True,0.09329905589833909,3,temporal|spatial|spectral,flow_3d|phase|coherence,1.5183085241434107,2.620767511107518,1.0,4.6875,undetermined,False,,False,0.0,0.0,0.9037336759216946,True,1.0,0.36363636363636365,0.8396939203578729,True,1.0,0.36363636363636365,1.0,True,1.0,0.2727272727272727,,False,0.0,0.0,,False,0.0,0.0
415,4.15,P1,0.940129656606868,True,0.05987034339313202,3,temporal|spatial|spectral,flow_3d|phase|coherence,0.7447683057228165,1.85294699801638,1.0,4.6875,undetermined,False,,False,0.0,0.0,0.951561251800413,True,1.0,0.36363636363636365,0.8837953038684742,True,1.0,0.36363636363636365,1.0,True,1.0,0.2727272727272727,,False,0.0,0.0,,False,0.0,0.0
415,4.15,P2,0.9559055149193144,True,0.044094485080685586,3,temporal|spatial|spectral,flow_3d|phase|coherence,1.0760651372158119,0.8015632838677549,1.0,4.6875,undetermined,False,,False,0.0,0.0,0.930775028590203,True,1.0,0.36363636363636365,0.9479651374379117,True,1.0,0.36363636363636365,1.0,True,1.0,0.2727272727272727,,False,0.0,0.0,,False,0.0,0.0
415,4.15,P3,0.9515650909113886,True,0.048434909088611366,3,temporal|spatial|spectral,flow_3d|phase|coherence,1.2696676795408308,0.8015632838677549,1.0,4.6875,undetermined,False,,False,0.0,0.0,0.918838862568407,True,1.0,0.36363636363636365,0.9479651374379117,True,1.0,0.36363636363636365,1.0,True,1.0,0.2727272727272727,,False,0.0,0.0,,False,0.0,0.0
415,4.15,P4,0.9117674573880898,True,0.08823254261191016,3,temporal|spatial|spectral,flow_3d|phase|coherence,1.2335259472365419,2.6814270499657384,1.0,4.6875,undetermined,False,,False,0.0,0.0,0.9210554270588587,True,1.0,0.36363636363636365,0.8363050807583886,True,1.0,0.36363636363636365,1.0,True,1.0,0.2727272727272727,,False,0.0,0.0,,False,0.0,0.0
416,4.16,P1,0.9340038438458318,True,0.0659961561541682,3,temporal|spatial|spectral,flow_3d|phase|coherence,0.7830957392775506,2.0996657382648465,1.0,4.6875,undetermined,False,,False,0.0,0.0,0.9491329620818938,True,1.0,0.36363636363636365,0.8693776084941435,True,1.0,0.36363636363636365,1.0,True,1.0,0.2727272727272727,,False,0.0,0.0,,False,0.0,0.0
416,4.16,P2,0.9569448835258929,True,0.04305511647410709,3,temporal|spatial|spectral,flow_3d|phase|coherence,1.0114758074084147,0.8199019559853582,1.0,4.6875,undetermined,False,,False,0.0,0.0,0.9347915455420769,True,1.0,0.36363636363636365,0.9468068841541287,True,1.0,0.36363636363636365,1.0,True,1.0,0.2727272727272727,,False,0.0,0.0,,False,0.0,0.0
416,4.16,P3,0.9561147310765521,True,0.04388526892344791,3,temporal|spatial|spectral,flow_3d|phase|coherence,1.0481531516436213,0.8199019559853582,1.0,4.6875,undetermined,False,,False,0.0,0.0,0.9325086263063896,True,1.0,0.36363636363636365,0.9468068841541287,True,1.0,0.36363636363636365,1.0,True,1.0,0.2727272727272727,,False,0.0,0.0,,False,0.0,0.0
416,4.16,P4,0.9250651675934859,True,0.0749348324065141,3,temporal|spatial|spectral,flow_3d|phase|coherence,0.8279972561323139,2.479609826572034,1.0,4.6875,undetermined,False,,False,0.0,0.0,0.9462960429530606,True,1.0,0.36363636363636365,0.8476331679290257,True,1.0,0.36363636363636365,1.0,True,1.0,0.2727272727272727,,False,0.0,0.0,,False,0.0,0.0
417,4.17,P1,0.9340199606801041,True,0.06598003931989593,3,temporal|spatial|spectral,flow_3d|phase|coherence,0.7447683057228209,2.1408545668207,1.0,4.6875,undetermined,False,,False,0.0,0.0,0.9515612518004126,True,1.0,0.36363636363636365,0.8669936400698736,True,1.0,0.36363636363636365,1.0,True,1.0,0.2727272727272727,,False,0.0,0.0,,False,0.0,0.0
417,4.17,P2,0.9620967652220475,True,0.037903234777952544,3,temporal|spatial|spectral,flow_3d|phase|coherence,0.8478761782056807,0.7579829120583521,1.0,4.6875,undetermined,False,,False,0.0,0.0,0.9450427838980439,True,1.0,0.36363636363636365,0.9507233204625866,True,1.0,0.36363636363636365,1.0,True,1.0,0.2727272727272727,,False,0.0,0.0,,False,0.0,0.0
417,4.17,P3,0.9649456555338409,True,0.03505434446615907,3,temporal|spatial|spectral,flow_3d|phase|coherence,0.7240380903516686,0.7579829120583521,1.0,4.6875,undetermined,False,,False,0.0,0.0,0.952877232255476,True,1.0,0.36363636363636365,0.9507233204625866,True,1.0,0.36363636363636365,1.0,True,1.0,0.2727272727272727,,False,0.0,0.0,,False,0.0,0.0
417,4.17,P4,0.945681942964957,True,0.054318057035043,3,temporal|spatial|spectral,flow_3d|phase|coherence,0.34141842460282446,2.035071116896184,1.0,4.6875,undetermined,False,,False,0.0,0.0,0.9774958542511981,True,1.0,0.36363636363636365,0.8731294889024336,True,1.0,0.36363636363636365,1.0,True,1.0,0.2727272727272727,,False,0.0,0.0,,False,0.0,0.0
418,4.18,P1,0.9401541839042074,True,0.05984581609579265,3,temporal|spatial|spectral,flow_3d|phase|coherence,0.633537761298288,1.9724816341654643,1.0,4.6875,undetermined,False,,False,0.0,0.0,0.9586436570792437,True,1.0,0.36363636363636365,0.8767803486573267,True,1.0,0.36363636363636365,1.0,True,1.0,0.2727272727272727,,False,0.0,0.0,,False,0.0,0.0
418,4.18,P2,0.9709444467643624,True,0.029055553235637577,3,temporal|spatial|spectral,flow_3d|phase|coherence,0.6012805211797616,0.6218672195216426,1.0,4.6875,undetermined,False,,False,0.0,0.0,0.9607074219047921,True,1.0,0.36363636363636365,0.9593898066972044,True,1.0,0.36363636363636365,1.0,True,1.0,0.2727272727272727,,False,0.0,0.0,,False,0.0,0.0
418,4.18,P3,0.9773425655521927,True,0.022657434447807323,3,temporal|spatial|spectral,flow_3d|phase|coherence,0.32904913610634234,0.6218672195216426,1.0,4.6875,undetermined,False,,False,0.0,0.0,0.9783022485713254,True,1.0,0.36363636363636365,0.9593898066972044,True,1.0,0.36363636363636365,1.0,True,1.0,0.2727272727272727,,False,0.0,0.0,,False,0.0,0.0
418,4.18,P4,0.9634843426622102,True,0.03651565733778983,3,temporal|spatial|spectral,flow_3d|phase|coherence,0.17858082112871454,1.3913254671244175,1.0,4.6875,undetermined,False,,False,0.0,0.0,0.9881652006509378,True,1.0,0.36363636363636365,0.9114167416701401,True,1.0,0.36363636363636365,1.0,True,1.0,0.2727272727272727,,False,0.0,0.0,,False,0.0,0.0
419,4.19,P1,0.9519798288798607,True,0.04802017112013934,3,temporal|spatial|spectral,flow_3d|phase|coherence,0.4602921266804576,1.6110284560702435,1.0,4.6875,undetermined,False,,False,0.0,0.0,0.969779898710041,True,1.0,0.36363636363636365,0.8981646307095756,True,1.0,0.36363636363636365,1.0,True,1.0,0.2727272727272727,,False,0.0,0.0,,False,0.0,0.0
419,4.19,P2,0.9827430996876222,True,0.01725690031237781,3,temporal|spatial|spectral,flow_3d|phase|coherence,0.295827337372498,0.4248788307343814,1.0,4.6875,undetermined,False,,False,0.0,0.0,0.9804713804602706,True,1.0,0.36363636363636365,0.9720721436806904,True,1.0,0.36363636363636365,1.0,True,1.0,0.2727272727272727,,False,0.0,0.0,,False,0.0,0.0
419,4.19,P3,0.9874728030593797,True,0.012527196940620322,3,temporal|spatial|spectral,flow_3d|phase|coherence,0.09814944020202443,0.4248788307343814,1.0,4.6875,undetermined,False,,False,0.0,0.0,0.9934780647326036,True,1.0,0.36363636363636365,0.9720721436806904,True,1.0,0.36363636363636365,1.0,True,1.0,0.2727272727272727,,False,0.0,0.0,,False,0.0,0.0
419,4.19,P4,0.9693342428424857,True,0.030665757157514295,3,temporal|spatial|spectral,flow_3d|phase|coherence,0.6810993318434377,0.611387186695743,1.0,4.6875,undetermined,False,,False,0.0,0.0,0.9556088311298958,True,1.0,0.36363636363636365,0.9600603366869399,True,1.0,0.36363636363636365,1.0,True,1.0,0.2727272727272727,,False,0.0,0.0,,False,0.0,0.0
420,4.2,P1,0.9733575428614558,True,0.026642457138544184,3,temporal|spatial|spectral,flow_3d|phase|coherence,0.24198989165916066,0.8845274514786925,1.0,4.6875,undetermined,False,,False,0.0,0.0,0.9839967749314497,True,1.0,0.36363636363636365,0.942736467937554,True,1.0,0.36363636363636365,1.0,True,1.0,0.2727272727272727,,False,0.0,0.0,,False,0.0,0.0
420,4.2,P2,0.9985559287180292,True,0.0014440712819707713,3,temporal|spatial|spectral,flow_3d|phase|coherence,0.03858348736715023,0.021048794830858863,1.0,4.6875,undetermined,False,,False,0.0,0.0,0.9974310728641961,True,1.0,0.36363636363636365,0.9985977311103841,True,1.0,0.36363636363636365,1.0,True,1.0,0.2727272727272727,,False,0.0,0.0,,False,0.0,0.0
420,4.2,P3,0.9782908126735882,True,0.021709187326411805,3,temporal|spatial|spectral,flow_3d|phase|coherence,0.5157404654560178,0.39364947821075313,1.0,4.6875,undetermined,False,,False,0.0,0.0,0.9662016707204384,True,1.0,0.36363636363636365,0.974098064131929,True,1.0,0.36363636363636365,1.0,True,1.0,0.2727272727272727,,False,0.0,0.0,,False,0.0,0.0
420,4.2,P4,0.9733961526801167,True,0.0266038473198833,3,temporal|spatial|spectral,flow_3d|phase|coherence,1.1169470944589932,0.021048794830858863,1.0,4.6875,undetermined,False,,False,0.0,0.0,0.9282416887599368,True,1.0,0.36363636363636365,0.9985977311103841,True,1.0,0.36363636363636365,1.0,True,1.0,0.2727272727272727,,False,0.0,0.0,,False,0.0,0.0
421,4.21,P1,0.9952395593525494,True,0.0047604406474506256,3,temporal|spatial|spectral,flow_3d|phase|coherence,1.3322676295501878e-15,0.19766485455707672,1.0,4.6875,undetermined,False,,False,0.0,0.0,0.9999999999999999,True,1.0,0.36363636363636365,0.986908788219511,True,1.0,0.36363636363636365,1.0,True,1.0,0.2727272727272727,,False,0.0,0.0,,False,0.0,0.0
421,4.21,P2,0.9830397763003221,True,0.016960223699677868,3,temporal|spatial|spectral,flow_3d|phase|coherence,0.3692174915356832,0.3386939002167928,1.0,4.6875,undetermined,False,,False,0.0,0.0,0.9756859670298256,True,1.0,0.36363636363636365,0.9776734177960603,True,1.0,0.36363636363636365,1.0,True,1.0,0.2727272727272727,,False,0.0,0.0,,False,0.0,0.0
421,4.21,P3,0.9744548592975395,True,0.0255451407024605,3,temporal|spatial|spectral,flow_3d|phase|coherence,0.8828472205752931,0.19766485455707716,1.0,4.6875,undetermined,False,,False,0.0,0.0,0.9428420748487227,True,1.0,0.36363636363636365,0.986908788219511,True,1.0,0.36363636363636365,1.0,True,1.0,0.2727272727272727,,False,0.0,0.0,,False,0.0,0.0
421,4.21,P4,0.9482662905094954,True,0.0517337094905046,3,temporal|spatial|spectral,flow_3d|phase|coherence,1.4434602932401468,0.7776464911493886,1.0,4.6875,undetermined,False,,False,0.0,0.0,0.9082544701130693,True,1.0,0.36363636363636365,0.9494778287880429,True,1.0,0.36363636363636365,1.0,True,1.0,0.2727272727272727,,False,0.0,0.0,,False,0.0,0.0
422,4.22,P1,0.9878578943538006,True,0.012142105646199441,3,temporal|spatial|spectral,flow_3d|phase|coherence,0.2419898916593466,0.2631075689066358,1.0,4.6875,undetermined,False,,False,0.0,0.0,0.9839967749314374,True,1.0,0.36363636363636365,0.9826124345415144,True,1.0,0.36363636363636365,1.0,True,1.0,0.2727272727272727,,False,0.0,0.0,,False,0.0,0.0
422,4.22,P2,0.9752176973313943,True,0.024782302668605705,3,temporal|spatial|spectral,flow_3d|phase|coherence,0.6637099151434764,0.3777463001963759,1.0,4.6875,undetermined,False,,False,0.0,0.0,0.9567173055409767,True,1.0,0.36363636363636365,0.9751313621203577,True,1.0,0.36363636363636365,1.0,True,1.0,0.2727272727272727,,False,0.0,0.0,,False,0.0,0.0
422,4.22,P3,0.9665365901102574,True,0.03346340988974261,3,temporal|spatial|spectral,flow_3d|phase|coherence,1.1635347385867725,0.2631075689066358,1.0,4.6875,undetermined,False,,False,0.0,0.0,0.9253631882616936,True,1.0,0.36363636363636365,0.9826124345415144,True,1.0,0.36363636363636365,1.0,True,1.0,0.2727272727272727,,False,0.0,0.0,,False,0.0,0.0
422,4.22,P4,0.9235452649368416,True,0.07645473506315836,3,temporal|spatial|spectral,flow_3d|phase|coherence,1.6286775413401635,1.7035617173664925,1.0,4.6875,undetermined,False,,False,0.0,0.0,0.8971084665655351,True,1.0,0.36363636363636365,0.8926410120107793,True,1.0,0.36363636363636365,1.0,True,1.0,0.2727272727272727,,False,0.0,0.0,,False,0.0,0.0
423,4.23,P1,0.9688111313751518,True,0.031188868624848154,3,temporal|spatial|spectral,flow_3d|phase|coherence,0.4602921266800939,0.8572766553217717,1.0,4.6875,undetermined,False,,False,0.0,0.0,0.9697798987100645,True,1.0,0.36363636363636365,0.9444507125716031,True,1.0,0.36363636363636365,1.0,True,1.0,0.2727272727272727,,False,0.0,0.0,,False,0.0,0.0
423,4.23,P2,0.9661439040412145,True,0.03385609595878547,3,temporal|spatial|spectral,flow_3d|phase|coherence,0.8932337879179677,0.538973725373638,1.0,4.6875,undetermined,False,,False,0.0,0.0,0.9421894413152758,True,1.0,0.36363636363636365,0.9647062947980644,True,1.0,0.36363636363636365,1.0,True,1.0,0.2727272727272727,,False,0.0,0.0,,False,0.0,0.0
423,4.23,P3,0.9563043254966892,True,0.0436956745033108,3,temporal|spatial|spectral,flow_3d|phase|coherence,1.330327369562232,0.538973725373638,1.0,4.6875,undetermined,False,,False,0.0,0.0,0.9151306003178311,True,1.0,0.36363636363636365,0.9647062947980644,True,1.0,0.36363636363636365,1.0,True,1.0,0.2727272727272727,,False,0.0,0.0,,False,0.0,0.0
423,4.23,P4,0.9102570722103773,True,0.08974292778962267,3,temporal|spatial|spectral,flow_3d|phase|coherence,1.654468484030522,2.3035689883017847,1.0,4.6875,undetermined,False,,False,0.0,0.0,0.895567307007262,True,1.0,0.36363636363636365,0.8576396415712755,True,1.0,0.36363636363636365,1.0,True,1.0,0.2727272727272727,,False,0.0,0.0,,False,0.0,0.0
424,4.24,P1,0.9520093644696517,True,0.047990635530348325,3,temporal|spatial|spectral,flow_3d|phase|coherence,0.6335377612984736,1.4248488953609053,1.0,4.6875,undetermined,False,,False,0.0,0.0,0.9586436570792318,True,1.0,0.36363636363636365,0.9093820952123101,True,1.0,0.36363636363636365,1.0,True,1.0,0.2727272727272727,,False,0.0,0.0,,False,0.0,0.0
424,4.24,P2,0.9590578900960816,True,0.040942109903918444,3,temporal|spatial|spectral,flow_3d|phase|coherence,1.03532171400599,0.7047620127052543,1.0,4.6875,undetermined,False,,False,0.0,0.0,0.933306662675189,True,1.0,0.36363636363636365,0.9541025350890354,True,1.0,0.36363636363636365,1.0,True,1.0,0.2727272727272727,,False,0.0,0.0,,False,0.0,0.0
424,4.24,P3,0.9516380758378942,True,0.04836192416210583,3,temporal|spatial|spectral,flow_3d|phase|coherence,1.3668982886692227,0.7047620127052543,1.0,4.6875,undetermined,False,,False,0.0,0.0,0.9129021734651734,True,1.0,0.36363636363636365,0.9541025350890354,True,1.0,0.36363636363636365,1.0,True,1.0,0.2727272727272727,,False,0.0,0.0,,False,0.0,0.0
424,4.24,P4,0.9067009441016621,True,0.09329905589833787,3,temporal|spatial|spectral,flow_3d|phase|coherence,1.5183085241433485,2.620767511107527,1.0,4.6875,undetermined,False,,False,0.0,0.0,0.9037336759216984,True,1.0,0.36363636363636365,0.8396939203578725,True,1.0,0.36363636363636365,1.0,True,1.0,0.2727272727272727,,False,0.0,0.0,,False,0.0,0.0
425,4.25,P1,0.9401296566068714,True,0.05987034339312858,3,temporal|spatial|spectral,flow_3d|phase|coherence,0.7447683057228218,1.8529469980162174,1.0,4.6875,undetermined,False,,False,0.0,0.0,0.9515612518004126,True,1.0,0.36363636363636365,0.8837953038684838,True,1.0,0.36363636363636365,1.0,True,1.0,0.2727272727272727,,False,0.0,0.0,,False,0.0,0.0
425,4.25,P2,0.9559055149193185,True,0.04409448508068148,3,temporal|spatial|spectral,flow_3d|phase|coherence,1.0760651372157035,0.8015632838676838,1.0,4.6875,undetermined,False,,False,0.0,0.0,0.9307750285902097,True,1.0,0.36363636363636365,0.9479651374379162,True,1.0,0.36363636363636365,1.0,True,1.0,0.2727272727272727,,False,0.0,0.0,,False,0.0,0.0
425,4.25,P3,0.9515650909113962,True,0.04843490908860382,3,temporal|spatial|spectral,flow_3d|phase|coherence,1.2696676795405626,0.8015632838676838,1.0,4.6875,undetermined,False,,False,0.0,0.0,0.9188388625684234,True,1.0,0.36363636363636365,0.9479651374379162,True,1.0,0.36363636363636365,1.0,True,1.0,0.2727272727272727,,False,0.0,0.0,,False,0.0,0.0
425,4.25,P4,0.9117674573881046,True,0.08823254261189539,3,temporal|spatial|spectral,flow_3d|phase|coherence,1.233525947236103,2.681427049965497,1.0,4.6875,undetermined,False,,False,0.0,0.0,0.9210554270588857,True,1.0,0.36363636363636365,0.836305080758402,True,1.0,0.36363636363636365,1.0,True,1.0,0.2727272727272727,,False,0.0,0.0,,False,0.0,0.0
426,4.26,P1,0.9340038438458335,True,0.06599615615416654,3,temporal|spatial|spectral,flow_3d|phase|coherence,0.7830957392774813,2.099665738264841,1.0,4.6875,undetermined,False,,False,0.0,0.0,0.9491329620818982,True,1.0,0.36363636363636365,0.8693776084941438,True,1.0,0.36363636363636365,1.0,True,1.0,0.2727272727272727,,False,0.0,0.0,,False,0.0,0.0
426,4.26,P2,0.9569448835258926,True,0.043055116474107424,3,temporal|spatial|spectral,flow_3d|phase|coherence,1.0114758074084307,0.8199019559853582,1.0,4.6875,undetermined,False,,False,0.0,0.0,0.9347915455420759,True,1.0,0.36363636363636365,0.9468068841541287,True,1.0,0.36363636363636365,1.0,True,1.0,0.2727272727272727,,False,0.0,0.0,,False,0.0,0.0
426,4.26,P3,0.9561147310765485,True,0.04388526892345146,3,temporal|spatial|spectral,flow_3d|phase|coherence,1.0481531516437794,0.8199019559853582,1.0,4.6875,undetermined,False,,False,0.0,0.0,0.9325086263063799,True,1.0,0.36363636363636365,0.9468068841541287,True,1.0,0.36363636363636365,1.0,True,1.0,0.2727272727272727,,False,0.0,0.0,,False,0.0,0.0
426,4.26,P4,0.9250651675934778,True,0.07493483240652221,3,temporal|spatial|spectral,flow_3d|phase|coherence,0.827997256132655,2.4796098265720463,1.0,4.6875,undetermined,False,,False,0.0,0.0,0.9462960429530392,True,1.0,0.36363636363636365,0.847633167929025,True,1.0,0.36363636363636365,1.0,True,1.0,0.2727272727272727,,False,0.0,0.0,,False,0.0,0.0
427,4.27,P1,0.934019960680104,True,0.06598003931989604,3,temporal|spatial|spectral,flow_3d|phase|coherence,0.7447683057228236,2.1408545668207015,1.0,4.6875,undetermined,False,,False,0.0,0.0,0.9515612518004125,True,1.0,0.36363636363636365,0.8669936400698735,True,1.0,0.36363636363636365,1.0,True,1.0,0.2727272727272727,,False,0.0,0.0,,False,0.0,0.0
427,4.27,P2,0.9620967652220471,True,0.03790323477795288,3,temporal|spatial|spectral,flow_3d|phase|coherence,0.8478761782056861,0.7579829120583561,1.0,4.6875,undetermined,False,,False,0.0,0.0,0.9450427838980435,True,1.0,0.36363636363636365,0.9507233204625863,True,1.0,0.36363636363636365,1.0,True,1.0,0.2727272727272727,,False,0.0,0.0,,False,0.0,0.0
427,4.27,P3,0.9649456555338405,True,0.035054344466159515,3,temporal|spatial|spectral,flow_3d|phase|coherence,0.7240380903516819,0.7579829120583561,1.0,4.6875,undetermined,False,,False,0.0,0.0,0.9528772322554753,True,1.0,0.36363636363636365,0.9507233204625863,True,1.0,0.36363636363636365,1.0,True,1.0,0.2727272727272727,,False,0.0,0.0,,False,0.0,0.0
427,4.27,P4,0.9456819429649561,True,0.05431805703504389,3,temporal|spatial|spectral,flow_3d|phase|coherence,0.34141842460284133,2.0350711168962032,1.0,4.6875,undetermined,False,,False,0.0,0.0,0.977495854251197,True,1.0,0.36363636363636365,0.8731294889024325,True,1.0,0.36363636363636365,1.0,True,1.0,0.2727272727272727,,False,0.0,0.0,,False,0.0,0.0
428,4.28,P1,0.9401541839041994,True,0.05984581609580064,3,temporal|spatial|spectral,flow_3d|phase|coherence,0.6335377612984763,1.9724816341656393,1.0,4.6875,undetermined,False,,False,0.0,0.0,0.9586436570792317,True,1.0,0.36363636363636365,0.8767803486573165,True,1.0,0.36363636363636365,1.0,True,1.0,0.2727272727272727,,False,0.0,0.0,,False,0.0,0.0
428,4.28,P2,0.9709444467643538,True,0.029055553235646236,3,temporal|spatial|spectral,flow_3d|phase|coherence,0.6012805211800742,0.6218672195216959,1.0,4.6875,undetermined,False,,False,0.0,0.0,0.960707421904772,True,1.0,0.36363636363636365,0.959389806697201,True,1.0,0.36363636363636365,1.0,True,1.0,0.2727272727272727,,False,0.0,0.0,,False,0.0,0.0
428,4.28,P3,0.9773425655521817,True,0.022657434447818314,3,temporal|spatial|spectral,flow_3d|phase|coherence,0.3290491361067538,0.6218672195216959,1.0,4.6875,undetermined,False,,False,0.0,0.0,0.9783022485712985,True,1.0,0.36363636363636365,0.959389806697201,True,1.0,0.36363636363636365,1.0,True,1.0,0.2727272727272727,,False,0.0,0.0,,False,0.0,0.0
428,4.28,P4,0.9634843426622186,True,0.03651565733778139,3,temporal|spatial|spectral,flow_3d|phase|coherence,0.17858082112825535,1.3913254671245339,1.0,4.6875,undetermined,False,,False,0.0,0.0,0.9881652006509681,True,1.0,0.36363636363636365,0.9114167416701331,True,1.0,0.36363636363636365,1.0,True,1.0,0.2727272727272727,,False,0.0,0.0,,False,0.0,0.0
429,4.29,P1,0.9519798288798724,True,0.048020171120127575,3,temporal|spatial|spectral,flow_3d|phase|coherence,0.4602921266800979,1.6110284560700934,1.0,4.6875,undetermined,False,,False,0.0,0.0,0.9697798987100643,True,1.0,0.36363636363636365,0.8981646307095846,True,1.0,0.36363636363636365,1.0,True,1.0,0.2727272727272727,,False,0.0,0.0,,False,0.0,0.0
429,4.29,P2,0.9827430996876372,True,0.017256900312362822,3,temporal|spatial|spectral,flow_3d|phase|coherence,0.295827337371907,0.42487883073434096,1.0,4.6875,undetermined,False,,False,0.0,0.0,0.9804713804603092,True,1.0,0.36363636363636365,0.972072143680693,True,1.0,0.36363636363636365,1.0,True,1.0,0.2727272727272727,,False,0.0,0.0,,False,0.0,0.0
429,4.29,P3,0.9874728030593618,True,0.012527196940638197,3,temporal|spatial|spectral,flow_3d|phase|coherence,0.09814944020280247,0.4248788307343414,1.0,4.6875,undetermined,False,,False,0.0,0.0,0.9934780647325521,True,1.0,0.36363636363636365,0.972072143680693,True,1.0,0.36363636363636365,1.0,True,1.0,0.2727272727272727,,False,0.0,0.0,,False,0.0,0.0
429,4.29,P4,0.9693342428424672,True,0.030665757157532836,3,temporal|spatial|spectral,flow_3d|phase|coherence,0.681099331844301,0.6113871866956799,1.0,4.6875,undetermined,False,,False,0.0,0.0,0.9556088311298409,True,1.0,0.36363636363636365,0.9600603366869439,True,1.0,0.36363636363636365,1.0,True,1.0,0.2727272727272727,,False,0.0,0.0,,False,0.0,0.0
430,4.3,P1,0.9733575428614505,True,0.026642457138549513,3,temporal|spatial|spectral,flow_3d|phase|coherence,0.24198989165935153,0.8845274514787231,1.0,4.6875,undetermined,False,,False,0.0,0.0,0.9839967749314371,True,1.0,0.36363636363636365,0.942736467937552,True,1.0,0.36363636363636365,1.0,True,1.0,0.2727272727272727,,False,0.0,0.0,,False,0.0,0.0
430,4.3,P2,0.9985559287180372,True,0.0014440712819627777,3,temporal|spatial|spectral,flow_3d|phase|coherence,0.03858348736683759,0.021048794830840212,1.0,4.6875,undetermined,False,,False,0.0,0.0,0.9974310728642168,True,1.0,0.36363636363636365,0.9985977311103853,True,1.0,0.36363636363636365,1.0,True,1.0,0.2727272727272727,,False,0.0,0.0,,False,0.0,0.0
430,4.3,P3,0.9782908126735977,True,0.021709187326402257,3,temporal|spatial|spectral,flow_3d|phase|coherence,0.515740465455611,0.39364947821074914,1.0,4.6875,undetermined,False,,False,0.0,0.0,0.9662016707204646,True,1.0,0.36363636363636365,0.9740980641319292,True,1.0,0.36363636363636365,1.0,True,1.0,0.2727272727272727,,False,0.0,0.0,,False,0.0,0.0
430,4.3,P4,0.9733961526801274,True,0.026603847319872642,3,temporal|spatial|spectral,flow_3d|phase|coherence,1.1169470944585402,0.021048794830840656,1.0,4.6875,undetermined,False,,False,0.0,0.0,0.9282416887599648,True,1.0,0.36363636363636365,0.9985977311103853,True,1.0,0.36363636363636365,1.0,True,1.0,0.2727272727272727,,False,0.0,0.0,,False,0.0,0.0
431,4.31,P1,0.9952395593525489,True,0.00476044064745107,3,temporal|spatial|spectral,flow_3d|phase|coherence,7.105427357601002e-15,0.19766485455709448,1.0,4.6875,undetermined,False,,False,0.0,0.0,0.9999999999999996,True,1.0,0.36363636363636365,0.9869087882195099,True,1.0,0.36363636363636365,1.0,True,1.0,0.2727272727272727,,False,0.0,0.0,,False,0.0,0.0
431,4.31,P2,0.9830397763003225,True,0.016960223699677535,3,temporal|spatial|spectral,flow_3d|phase|coherence,0.3692174915356716,0.3386939002167897,1.0,4.6875,undetermined,False,,False,0.0,0.0,0.9756859670298264,True,1.0,0.36363636363636365,0.9776734177960605,True,1.0,0.36363636363636365,1.0,True,1.0,0.2727272727272727,,False,0.0,0.0,,False,0.0,0.0
431,4.31,P3,0.9744548592975395,True,0.0255451407024605,3,temporal|spatial|spectral,flow_3d|phase|coherence,0.8828472205752771,0.19766485455709448,1.0,4.6875,undetermined,False,,False,0.0,0.0,0.9428420748487237,True,1.0,0.36363636363636365,0.9869087882195099,True,1.0,0.36363636363636365,1.0,True,1.0,0.2727272727272727,,False,0.0,0.0,,False,0.0,0.0
431,4.31,P4,0.9482662905094963,True,0.05173370949050371,3,temporal|spatial|spectral,flow_3d|phase|coherence,1.4434602932401361,0.7776464911493552,1.0,4.6875,undetermined,False,,False,0.0,0.0,0.9082544701130699,True,1.0,0.36363636363636365,0.949477828788045,True,1.0,0.36363636363636365,1.0,True,1.0,0.2727272727272727,,False,0.0,0.0,,False,0.0,0.0
432,4.32,P1,0.9878578943538046,True,0.012142105646195445,3,temporal|spatial|spectral,flow_3d|phase|coherence,0.24198989165915474,0.2631075689066653,1.0,4.6875,undetermined,False,,False,0.0,0.0,0.98399677493145,True,1.0,0.36363636363636365,0.9826124345415124,True,1.0,0.36363636363636365,1.0,True,1.0,0.2727272727272727,,False,0.0,0.0,,False,0.0,0.0
432,4.32,P2,0.9752176973313977,True,0.024782302668602263,3,temporal|spatial|spectral,flow_3d|phase|coherence,0.6637099151432935,0.3777463001964103,1.0,4.6875,undetermined,False,,False,0.0,0.0,0.9567173055409883,True,1.0,0.36363636363636365,0.9751313621203553,True,1.0,0.36363636363636365,1.0,True,1.0,0.2727272727272727,,False,0.0,0.0,,False,0.0,0.0
432,4.32,P3,0.9665365901102589,True,0.03346340988974106,3,temporal|spatial|spectral,flow_3d|phase|coherence,1.1635347385866748,0.2631075689066653,1.0,4.6875,undetermined,False,,False,0.0,0.0,0.9253631882616996,True,1.0,0.36363636363636365,0.9826124345415124,True,1.0,0.36363636363636365,1.0,True,1.0,0.2727272727272727,,False,0.0,0.0,,False,0.0,0.0
432,4.32,P4,0.923545264936837,True,0.07645473506316303,3,temporal|spatial|spectral,flow_3d|phase|coherence,1.6286775413402168,1.7035617173666553,1.0,4.6875,undetermined,False,,False,0.0,0.0,0.8971084665655319,True,1.0,0.36363636363636365,0.8926410120107695,True,1.0,0.36363636363636365,1.0,True,1.0,0.2727272727272727,,False,0.0,0.0,,False,0.0,0.0
433,4.33,P1,0.9688111313751451,True,0.031188868624854926,3,temporal|spatial|spectral,flow_3d|phase|coherence,0.4602921266804536,0.8572766553217015,1.0,4.6875,undetermined,False,,False,0.0,0.0,0.9697798987100413,True,1.0,0.36363636363636365,0.9444507125716075,True,1.0,0.36363636363636365,1.0,True,1.0,0.2727272727272727,,False,0.0,0.0,,False,0.0,0.0
433,4.33,P2,0.9661439040412079,True,0.03385609595879213,3,temporal|spatial|spectral,flow_3d|phase|coherence,0.8932337879183088,0.5389737253735918,1.0,4.6875,undetermined,False,,False,0.0,0.0,0.9421894413152544,True,1.0,0.36363636363636365,0.9647062947980672,True,1.0,0.36363636363636365,1.0,True,1.0,0.2727272727272727,,False,0.0,0.0,,False,0.0,0.0
433,4.33,P3,0.9563043254966863,True,0.043695674503313686,3,temporal|spatial|spectral,flow_3d|phase|coherence,1.3303273695624167,0.5389737253735918,1.0,4.6875,undetermined,False,,False,0.0,0.0,0.9151306003178199,True,1.0,0.36363636363636365,0.9647062947980672,True,1.0,0.36363636363636365,1.0,True,1.0,0.2727272727272727,,False,0.0,0.0,,False,0.0,0.0
433,4.33,P4,0.9102570722103837,True,0.08974292778961634,3,temporal|spatial|spectral,flow_3d|phase|coherence,1.654468484030419,2.303568988301584,1.0,4.6875,undetermined,False,,False,0.0,0.0,0.895567307007268,True,1.0,0.36363636363636365,0.857639641571287,True,1.0,0.36363636363636365,1.0,True,1.0,0.2727272727272727,,False,0.0,0.0,,False,0.0,0.0
434,4.34,P1,0.9520093644696563,True,0.04799063553034366,3,temporal|spatial|spectral,flow_3d|phase|coherence,0.6335377612982835,1.4248488953608875,1.0,4.6875,undetermined,False,,False,0.0,0.0,0.9586436570792439,True,1.0,0.36363636363636365,0.9093820952123112,True,1.0,0.36363636363636365,1.0,True,1.0,0.2727272727272727,,False,0.0,0.0,,False,0.0,0.0
434,4.34,P2,0.9590578900960858,True,0.040942109903914226,3,temporal|spatial|spectral,flow_3d|phase|coherence,1.0353217140058142,0.7047620127052481,1.0,4.6875,undetermined,False,,False,0.0,0.0,0.9333066626751999,True,1.0,0.36363636363636365,0.9541025350890359,True,1.0,0.36363636363636365,1.0,True,1.0,0.2727272727272727,,False,0.0,0.0,,False,0.0,0.0
434,4.34,P3,0.9516380758378964,True,0.04836192416210361,3,temporal|spatial|spectral,flow_3d|phase|coherence,1.3668982886691268,0.7047620127052481,1.0,4.6875,undetermined,False,,False,0.0,0.0,0.9129021734651792,True,1.0,0.36363636363636365,0.9541025350890359,True,1.0,0.36363636363636365,1.0,True,1.0,0.2727272727272727,,False,0.0,0.0,,False,0.0,0.0
434,4.34,P4,0.906700944101661,True,0.09329905589833898,3,temporal|spatial|spectral,flow_3d|phase|coherence,1.5183085241434053,2.620767511107519,1.0,4.6875,undetermined,False,,False,0.0,0.0,0.903733675921695,True,1.0,0.36363636363636365,0.8396939203578729,True,1.0,0.36363636363636365,1.0,True,1.0,0.2727272727272727,,False,0.0,0.0,,False,0.0,0.0
435,4.35,P1,0.9401296566068718,True,0.059870343393128245,3,temporal|spatial|spectral,flow_3d|phase|coherence,0.7447683057228183,1.8529469980162059,1.0,4.6875,undetermined,False,,False,0.0,0.0,0.9515612518004128,True,1.0,0.36363636363636365,0.8837953038684845,True,1.0,0.36363636363636365,1.0,True,1.0,0.2727272727272727,,False,0.0,0.0,,False,0.0,0.0
435,4.35,P2,0.9559055149193185,True,0.04409448508068148,3,temporal|spatial|spectral,flow_3d|phase|coherence,1.0760651372157017,0.8015632838676829,1.0,4.6875,undetermined,False,,False,0.0,0.0,0.9307750285902098,True,1.0,0.36363636363636365,0.9479651374379162,True,1.0,0.36363636363636365,1.0,True,1.0,0.2727272727272727,,False,0.0,0.0,,False,0.0,0.0
435,4.35,P3,0.951565090911396,True,0.04843490908860404,3,temporal|spatial|spectral,flow_3d|phase|coherence,1.2696676795405715,0.8015632838676829,1.0,4.6875,undetermined,False,,False,0.0,0.0,0.9188388625684228,True,1.0,0.36363636363636365,0.9479651374379162,True,1.0,0.36363636363636365,1.0,True,1.0,0.2727272727272727,,False,0.0,0.0,,False,0.0,0.0
435,4.35,P4,0.9117674573881042,True,0.08823254261189584,3,temporal|spatial|spectral,flow_3d|phase|coherence,1.233525947236119,2.6814270499655013,1.0,4.6875,undetermined,False,,False,0.0,0.0,0.9210554270588847,True,1.0,0.36363636363636365,0.8363050807584018,True,1.0,0.36363636363636365,1.0,True,1.0,0.2727272727272727,,False,0.0,0.0,,False,0.0,0.0
436,4.36,P1,0.9340038438458278,True,0.0659961561541722,3,temporal|spatial|spectral,flow_3d|phase|coherence,0.7830957392775524,2.09966573826503,1.0,4.6875,undetermined,False,,False,0.0,0.0,0.9491329620818937,True,1.0,0.36363636363636365,0.8693776084941328,True,1.0,0.36363636363636365,1.0,True,1.0,0.2727272727272727,,False,0.0,0.0,,False,0.0,0.0
436,4.36,P2,0.9569448835258865,True,0.04305511647411353,3,temporal|spatial|spectral,flow_3d|phase|coherence,1.0114758074086279,0.8199019559854315,1.0,4.6875,undetermined,False,,False,0.0,0.0,0.9347915455420637,True,1.0,0.36363636363636365,0.9468068841541241,True,1.0,0.36363636363636365,1.0,True,1.0,0.2727272727272727,,False,0.0,0.0,,False,0.0,0.0
436,4.36,P3,0.956114731076539,True,0.04388526892346101,3,temporal|spatial|spectral,flow_3d|phase|coherence,1.048153151644125,0.8199019559854315,1.0,4.6875,undetermined,False,,False,0.0,0.0,0.9325086263063583,True,1.0,0.36363636363636365,0.9468068841541241,True,1.0,0.36363636363636365,1.0,True,1.0,0.2727272727272727,,False,0.0,0.0,,False,0.0,0.0
436,4.36,P4,0.9250651675934622,True,0.07493483240653775,3,temporal|spatial|spectral,flow_3d|phase|coherence,0.8279972561331403,2.4796098265722653,1.0,4.6875,undetermined,False,,False,0.0,0.0,0.9462960429530085,True,1.0,0.36363636363636365,0.8476331679290126,True,1.0,0.36363636363636365,1.0,True,1.0,0.2727272727272727,,False,0.0,0.0,,False,0.0,0.0
437,4.37,P1,0.9340199606801042,True,0.06598003931989582,3,temporal|spatial|spectral,flow_3d|phase|coherence,0.7447683057228183,2.1408545668206993,1.0,4.6875,undetermined,False,,False,0.0,0.0,0.9515612518004128,True,1.0,0.36363636363636365,0.8669936400698736,True,1.0,0.36363636363636365,1.0,True,1.0,0.2727272727272727,,False,0.0,0.0,,False,0.0,0.0
437,4.37,P2,0.96209676522205,True,0.03790323477794999,3,temporal|spatial|spectral,flow_3d|phase|coherence,0.8478761782055688,0.7579829120583503,1.0,4.6875,undetermined,False,,False,0.0,0.0,0.945042783898051,True,1.0,0.36363636363636365,0.9507233204625867,True,1.0,0.36363636363636365,1.0,True,1.0,0.2727272727272727,,False,0.0,0.0,,False,0.0,0.0
437,4.37,P3,0.9649456555338471,True,0.035054344466152854,3,temporal|spatial|spectral,flow_3d|phase|coherence,0.7240380903514065,0.7579829120583503,1.0,4.6875,undetermined,False,,False,0.0,0.0,0.9528772322554927,True,1.0,0.36363636363636365,0.9507233204625867,True,1.0,0.36363636363636365,1.0,True,1.0,0.2727272727272727,,False,0.0,0.0,,False,0.0,0.0
437,4.37,P4,0.9456819429649674,True,0.05431805703503256,3,temporal|spatial|spectral,flow_3d|phase|coherence,0.3414184246023939,2.0350711168961717,1.0,4.6875,undetermined,False,,False,0.0,0.0,0.9774958542512261,True,1.0,0.36363636363636365,0.8731294889024342,True,1.0,0.36363636363636365,1.0,True,1.0,0.2727272727272727,,False,0.0,0.0,,False,0.0,0.0
438,4.38,P1,0.9401541839042076,True,0.059845816095792426,3,temporal|spatial|spectral,flow_3d|phase|coherence,0.6335377612982844,1.972481634165459,1.0,4.6875,undetermined,False,,False,0.0,0.0,0.9586436570792439,True,1.0,0.36363636363636365,0.876780348657327,True,1.0,0.36363636363636365,1.0,True,1.0,0.2727272727272727,,False,0.0,0.0,,False,0.0,0.0
438,4.38,P2,0.9709444467643626,True,0.029055553235637355,3,temporal|spatial|spectral,flow_3d|phase|coherence,0.6012805211797558,0.6218672195216386,1.0,4.6875,undetermined,False,,False,0.0,0.0,0.9607074219047924,True,1.0,0.36363636363636365,0.9593898066972046,True,1.0,0.36363636363636365,1.0,True,1.0,0.2727272727272727,,False,0.0,0.0,,False,0.0,0.0
438,4.38,P3,0.977342565552193,True,0.02265743444780699,3,temporal|spatial|spectral,flow_3d|phase|coherence,0.32904913610633235,0.6218672195216381,1.0,4.6875,undetermined,False,,False,0.0,0.0,0.9783022485713261,True,1.0,0.36363636363636365,0.9593898066972046,True,1.0,0.36363636363636365,1.0,True,1.0,0.2727272727272727,,False,0.0,0.0,,False,0.0,0.0
438,4.38,P4,0.9634843426622103,True,0.03651565733778972,3,temporal|spatial|spectral,flow_3d|phase|coherence,0.17858082112872609,1.3913254671244015,1.0,4.6875,undetermined,False,,False,0.0,0.0,0.9881652006509372,True,1.0,0.36363636363636365,0.9114167416701411,True,1.0,0.36363636363636365,1.0,True,1.0,0.2727272727272727,,False,0.0,0.0,,False,0.0,0.0
439,4.39,P1,0.9519798288798687,True,0.04802017112013135,3,temporal|spatial|spectral,flow_3d|phase|coherence,0.4602921266802378,1.611028456070109,1.0,4.6875,undetermined,False,,False,0.0,0.0,0.9697798987100552,True,1.0,0.36363636363636365,0.8981646307095836,True,1.0,0.36363636363636365,1.0,True,1.0,0.2727272727272727,,False,0.0,0.0,,False,0.0,0.0
439,4.39,P2,0.9827430996876305,True,0.017256900312369483,3,temporal|spatial|spectral,flow_3d|phase|coherence,0.29582733737217837,0.42487883073434807,1.0,4.6875,undetermined,False,,False,0.0,0.0,0.9804713804602915,True,1.0,0.36363636363636365,0.9720721436806925,True,1.0,0.36363636363636365,1.0,True,1.0,0.2727272727272727,,False,0.0,0.0,,False,0.0,0.0
439,4.39,P3,0.9874728030593714,True,0.012527196940628649,3,temporal|spatial|spectral,flow_3d|phase|coherence,0.09814944020240102,0.4248788307343485,1.0,4.6875,undetermined,False,,False,0.0,0.0,0.9934780647325786,True,1.0,0.36363636363636365,0.9720721436806925,True,1.0,0.36363636363636365,1.0,True,1.0,0.2727272727272727,,False,0.0,0.0,,False,0.0,0.0
439,4.39,P4,0.969334242842478,True,0.030665757157521956,3,temporal|spatial|spectral,flow_3d|phase|coherence,0.6810993318438037,0.6113871866957092,1.0,4.6875,undetermined,False,,False,0.0,0.0,0.9556088311298725,True,1.0,0.36363636363636365,0.960060336686942,True,1.0,0.36363636363636365,1.0,True,1.0,0.2727272727272727,,False,0.0,0.0,,False,0.0,0.0
440,4.4,P1,0.9733575428614434,True,0.02664245713855662,3,temporal|spatial|spectral,flow_3d|phase|coherence,0.2419898916595877,0.884527451478792,1.0,4.6875,undetermined,False,,False,0.0,0.0,0.9839967749314217,True,1.0,0.36363636363636365,0.9427364679375476,True,1.0,0.36363636363636365,1.0,True,1.0,0.2727272727272727,,False,0.0,0.0,,False,0.0,0.0
440,4.4,P2,0.9985559287180443,True,0.0014440712819556722,3,temporal|spatial|spectral,flow_3d|phase|coherence,0.0385834873665325,0.02104879483084865,1.0,4.6875,undetermined,False,,False,0.0,0.0,0.9974310728642372,True,1.0,0.36363636363636365,0.9985977311103847,True,1.0,0.36363636363636365,1.0,True,1.0,0.2727272727272727,,False,0.0,0.0,,False,0.0,0.0
440,4.4,P3,0.9782908126736043,True,0.021709187326395707,3,temporal|spatial|spectral,flow_3d|phase|coherence,0.5157404654552913,0.39364947821078733,1.0,4.6875,undetermined,False,,False,0.0,0.0,0.9662016707204852,True,1.0,0.36363636363636365,0.9740980641319268,True,1.0,0.36363636363636365,1.0,True,1.0,0.2727272727272727,,False,0.0,0.0,,False,0.0,0.0
440,4.4,P4,0.9733961526801328,True,0.026603847319867202,3,temporal|spatial|spectral,flow_3d|phase|coherence,1.116947094458288,0.02104879483084865,1.0,4.6875,undetermined,False,,False,0.0,0.0,0.9282416887599805,True,1.0,0.36363636363636365,0.9985977311103847,True,1.0,0.36363636363636365,1.0,True,1.0,0.2727272727272727,,False,0.0,0.0,,False,0.0,0.0
441,4.41,P1,0.9952395593525443,True,0.004760440647455733,3,temporal|spatial|spectral,flow_3d|phase|coherence,2.233768725545815e-13,0.19766485455706784,1.0,4.6875,undetermined,False,,False,0.0,0.0,0.9999999999999851,True,1.0,0.36363636363636365,0.9869087882195116,True,1.0,0.36363636363636365,1.0,True,1.0,0.2727272727272727,,False,0.0,0.0,,False,0.0,0.0
441,4.41,P2,0.9830397763003146,True,0.016960223699685417,3,temporal|spatial|spectral,flow_3d|phase|coherence,0.36921749153600203,0.33869390021679413,1.0,4.6875,undetermined,False,,False,0.0,0.0,0.9756859670298048,True,1.0,0.36363636363636365,0.9776734177960602,True,1.0,0.36363636363636365,1.0,True,1.0,0.2727272727272727,,False,0.0,0.0,,False,0.0,0.0
441,4.41,P3,0.9744548592975312,True,0.025545140702468827,3,temporal|spatial|spectral,flow_3d|phase|coherence,0.8828472205756661,0.19766485455706784,1.0,4.6875,undetermined,False,,False,0.0,0.0,0.9428420748486992,True,1.0,0.36363636363636365,0.9869087882195116,True,1.0,0.36363636363636365,1.0,True,1.0,0.2727272727272727,,False,0.0,0.0,,False,0.0,0.0
441,4.41,P4,0.9482662905094869,True,0.05173370949051315,3,temporal|spatial|spectral,flow_3d|phase|coherence,1.4434602932405092,0.7776464911494103,1.0,4.6875,undetermined,False,,False,0.0,0.0,0.9082544701130473,True,1.0,0.36363636363636365,0.9494778287880415,True,1.0,0.36363636363636365,1.0,True,1.0,0.2727272727272727,,False,0.0,0.0,,False,0.0,0.0
442,4.42,P1,0.9878578943538003,True,0.012142105646199663,3,temporal|spatial|spectral,flow_3d|phase|coherence,0.24198989165935192,0.2631075689066462,1.0,4.6875,undetermined,False,,False,0.0,0.0,0.9839967749314371,True,1.0,0.36363636363636365,0.9826124345415137,True,1.0,0.36363636363636365,1.0,True,1.0,0.2727272727272727,,False,0.0,0.0,,False,0.0,0.0
442,4.42,P2,0.9752176973313942,True,0.024782302668605816,3,temporal|spatial|spectral,flow_3d|phase|coherence,0.6637099151434853,0.37774630019637434,1.0,4.6875,undetermined,False,,False,0.0,0.0,0.9567173055409761,True,1.0,0.36363636363636365,0.9751313621203577,True,1.0,0.36363636363636365,1.0,True,1.0,0.2727272727272727,,False,0.0,0.0,,False,0.0,0.0
442,4.42,P3,0.966536590110257,True,0.033463409889742946,3,temporal|spatial|spectral,flow_3d|phase|coherence,1.1635347385867796,0.2631075689066462,1.0,4.6875,undetermined,False,,False,0.0,0.0,0.9253631882616932,True,1.0,0.36363636363636365,0.9826124345415137,True,1.0,0.36363636363636365,1.0,True,1.0,0.2727272727272727,,False,0.0,0.0,,False,0.0,0.0
442,4.42,P4,0.9235452649368411,True,0.07645473506315892,3,temporal|spatial|spectral,flow_3d|phase|coherence,1.628677541340167,1.70356171736651,1.0,4.6875,undetermined,False,,False,0.0,0.0,0.8971084665655349,True,1.0,0.36363636363636365,0.8926410120107782,True,1.0,0.36363636363636365,1.0,True,1.0,0.2727272727272727,,False,0.0,0.0,,False,0.0,0.0
443,4.43,P1,0.96881113137515,True,0.03118886862485004,3,temporal|spatial|spectral,flow_3d|phase|coherence,0.4602921266803657,0.8572766553215754,1.0,4.6875,undetermined,False,,False,0.0,0.0,0.969779898710047,True,1.0,0.36363636363636365,0.9444507125716154,True,1.0,0.36363636363636365,1.0,True,1.0,0.2727272727272727,,False,0.0,0.0,,False,0.0,0.0
443,4.43,P2,0.9661439040412132,True,0.0338560959587868,3,temporal|spatial|spectral,flow_3d|phase|coherence,0.89323378791814,0.5389737253735287,1.0,4.6875,undetermined,False,,False,0.0,0.0,0.942189441315265,True,1.0,0.36363636363636365,0.9647062947980714,True,1.0,0.36363636363636365,1.0,True,1.0,0.2727272727272727,,False,0.0,0.0,,False,0.0,0.0
443,4.43,P3,0.956304325496693,True,0.043695674503307025,3,temporal|spatial|spectral,flow_3d|phase|coherence,1.330327369562177,0.5389737253735287,1.0,4.6875,undetermined,False,,False,0.0,0.0,0.9151306003178344,True,1.0,0.36363636363636365,0.9647062947980714,True,1.0,0.36363636363636365,1.0,True,1.0,0.2727272727272727,,False,0.0,0.0,,False,0.0,0.0
443,4.43,P4,0.9102570722103951,True,0.08974292778960491,3,temporal|spatial|spectral,flow_3d|phase|coherence,1.6544684840301276,2.3035689883013433,1.0,4.6875,undetermined,False,,False,0.0,0.0,0.8955673070072855,True,1.0,0.36363636363636365,0.8576396415713008,True,1.0,0.36363636363636365,1.0,True,1.0,0.2727272727272727,,False,0.0,0.0,,False,0.0,0.0
444,4.44,P1,0.9520093644696592,True,0.047990635530340775,3,temporal|spatial|spectral,flow_3d|phase|coherence,0.6335377612979407,1.4248488953611256,1.0,4.6875,undetermined,False,,False,0.0,0.0,0.9586436570792659,True,1.0,0.36363636363636365,0.9093820952122967,True,1.0,0.36363636363636365,1.0,True,1.0,0.2727272727272727,,False,0.0,0.0,,False,0.0,0.0
444,4.44,P2,0.9590578900960867,True,0.04094210990391334,3,temporal|spatial|spectral,flow_3d|phase|coherence,1.035321714005649,0.7047620127053715,1.0,4.6875,undetermined,False,,False,0.0,0.0,0.9333066626752102,True,1.0,0.36363636363636365,0.954102535089028,True,1.0,0.36363636363636365,1.0,True,1.0,0.2727272727272727,,False,0.0,0.0,,False,0.0,0.0
444,4.44,P3,0.9516380758378888,True,0.04836192416211116,3,temporal|spatial|spectral,flow_3d|phase|coherence,1.3668982886693346,0.7047620127053715,1.0,4.6875,undetermined,False,,False,0.0,0.0,0.9129021734651666,True,1.0,0.36363636363636365,0.954102535089028,True,1.0,0.36363636363636365,1.0,True,1.0,0.2727272727272727,,False,0.0,0.0,,False,0.0,0.0
444,4.44,P4,0.9067009441016356,True,0.0932990558983644,3,temporal|spatial|spectral,flow_3d|phase|coherence,1.5183085241441336,2.620767511107985,1.0,4.6875,undetermined,False,,False,0.0,0.0,0.9037336759216511,True,1.0,0.36363636363636365,0.8396939203578468,True,1.0,0.36363636363636365,1.0,True,1.0,0.2727272727272727,,False,0.0,0.0,,False,0.0,0.0
445,4.45,P1,0.9401296566068651,True,0.059870343393134906,3,temporal|spatial|spectral,flow_3d|phase|coherence,0.7447683057230918,1.8529469980162245,1.0,4.6875,undetermined,False,,False,0.0,0.0,0.9515612518003955,True,1.0,0.36363636363636365,0.8837953038684834,True,1.0,0.36363636363636365,1.0,True,1.0,0.2727272727272727,,False,0.0,0.0,,False,0.0,0.0
445,4.45,P2,0.9559055149193146,True,0.044094485080685364,3,temporal|spatial|spectral,flow_3d|phase|coherence,1.0760651372158758,0.8015632838676856,1.0,4.6875,undetermined,False,,False,0.0,0.0,0.930775028590199,True,1.0,0.36363636363636365,0.9479651374379161,True,1.0,0.36363636363636365,1.0,True,1.0,0.2727272727272727,,False,0.0,0.0,,False,0.0,0.0
445,4.45,P3,0.9515650909113975,True,0.048434909088602485,3,temporal|spatial|spectral,flow_3d|phase|coherence,1.269667679540504,0.8015632838676856,1.0,4.6875,undetermined,False,,False,0.0,0.0,0.9188388625684271,True,1.0,0.36363636363636365,0.9479651374379161,True,1.0,0.36363636363636365,1.0,True,1.0,0.2727272727272727,,False,0.0,0.0,,False,0.0,0.0
445,4.45,P4,0.9117674573881136,True,0.0882325426118864,3,temporal|spatial|spectral,flow_3d|phase|coherence,1.2335259472356999,2.681427049965495,1.0,4.6875,undetermined,False,,False,0.0,0.0,0.9210554270589104,True,1.0,0.36363636363636365,0.8363050807584022,True,1.0,0.36363636363636365,1.0,True,1.0,0.2727272727272727,,False,0.0,0.0,,False,0.0,0.0
446,4.46,P1,0.9340038438458333,True,0.06599615615416665,3,temporal|spatial|spectral,flow_3d|phase|coherence,0.7830957392774813,2.099665738264844,1.0,4.6875,undetermined,False,,False,0.0,0.0,0.9491329620818982,True,1.0,0.36363636363636365,0.8693776084941436,True,1.0,0.36363636363636365,1.0,True,1.0,0.2727272727272727,,False,0.0,0.0,,False,0.0,0.0
446,4.46,P2,0.9569448835258927,True,0.04305511647410731,3,temporal|spatial|spectral,flow_3d|phase|coherence,1.011475807408429,0.8199019559853573,1.0,4.6875,undetermined,False,,False,0.0,0.0,0.934791545542076,True,1.0,0.36363636363636365,0.9468068841541287,True,1.0,0.36363636363636365,1.0,True,1.0,0.2727272727272727,,False,0.0,0.0,,False,0.0,0.0
446,4.46,P3,0.9561147310765488,True,0.04388526892345124,3,temporal|spatial|spectral,flow_3d|phase|coherence,1.0481531516437723,0.8199019559853573,1.0,4.6875,undetermined,False,,False,0.0,0.0,0.9325086263063803,True,1.0,0.36363636363636365,0.9468068841541287,True,1.0,0.36363636363636365,1.0,True,1.0,0.2727272727272727,,False,0.0,0.0,,False,0.0,0.0
446,4.46,P4,0.9250651675934782,True,0.07493483240652177,3,temporal|spatial|spectral,flow_3d|phase|coherence,0.8279972561326447,2.479609826572039,1.0,4.6875,undetermined,False,,False,0.0,0.0,0.9462960429530397,True,1.0,0.36363636363636365,0.8476331679290254,True,1.0,0.36363636363636365,1.0,True,1.0,0.2727272727272727,,False,0.0,0.0,,False,0.0,0.0
447,4.47,P1,0.9340199606801041,True,0.06598003931989593,3,temporal|spatial|spectral,flow_3d|phase|coherence,0.7447683057228209,2.1408545668207,1.0,4.6875,undetermined,False,,False,0.0,0.0,0.9515612518004126,True,1.0,0.36363636363636365,0.8669936400698736,True,1.0,0.36363636363636365,1.0,True,1.0,0.2727272727272727,,False,0.0,0.0,,False,0.0,0.0
447,4.47,P2,0.9620967652220473,True,0.037903234777952655,3,temporal|spatial|spectral,flow_3d|phase|coherence,0.8478761782056807,0.7579829120583539,1.0,4.6875,undetermined,False,,False,0.0,0.0,0.9450427838980439,True,1.0,0.36363636363636365,0.9507233204625865,True,1.0,0.36363636363636365,1.0,True,1.0,0.2727272727272727,,False,0.0,0.0,,False,0.0,0.0
447,4.47,P3,0.9649456555338407,True,0.03505434446615929,3,temporal|spatial|spectral,flow_3d|phase|coherence,0.7240380903516739,0.7579829120583539,1.0,4.6875,undetermined,False,,False,0.0,0.0,0.9528772322554757,True,1.0,0.36363636363636365,0.9507233204625865,True,1.0,0.36363636363636365,1.0,True,1.0,0.2727272727272727,,False,0.0,0.0,,False,0.0,0.0
447,4.47,P4,0.9456819429649566,True,0.05431805703504344,3,temporal|spatial|spectral,flow_3d|phase|coherence,0.34141842460283,2.035071116896192,1.0,4.6875,undetermined,False,,False,0.0,0.0,0.9774958542511977,True,1.0,0.36363636363636365,0.873129488902433,True,1.0,0.36363636363636365,1.0,True,1.0,0.2727272727272727,,False,0.0,0.0,,False,0.0,0.0
448,4.48,P1,0.9401541839042074,True,0.05984581609579265,3,temporal|spatial|spectral,flow_3d|phase|coherence,0.6335377612982889,1.9724816341654692,1.0,4.6875,undetermined,False,,False,0.0,0.0,0.9586436570792436,True,1.0,0.36363636363636365,0.8767803486573265,True,1.0,0.36363636363636365,1.0,True,1.0,0.2727272727272727,,False,0.0,0.0,,False,0.0,0.0
448,4.48,P2,0.9709444467643622,True,0.0290555532356378,3,temporal|spatial|spectral,flow_3d|phase|coherence,0.6012805211797678,0.6218672195216439,1.0,4.6875,undetermined,False,,False,0.0,0.0,0.9607074219047916,True,1.0,0.36363636363636365,0.9593898066972043,True,1.0,0.36363636363636365,1.0,True,1.0,0.2727272727272727,,False,0.0,0.0,,False,0.0,0.0
448,4.48,P3,0.9773425655521926,True,0.022657434447807434,3,temporal|spatial|spectral,flow_3d|phase|coherence,0.3290491361063479,0.6218672195216439,1.0,4.6875,undetermined,False,,False,0.0,0.0,0.9783022485713251,True,1.0,0.36363636363636365,0.9593898066972043,True,1.0,0.36363636363636365,1.0,True,1.0,0.2727272727272727,,False,0.0,0.0,,False,0.0,0.0
448,4.48,P4,0.9634843426622102,True,0.03651565733778983,3,temporal|spatial|spectral,flow_3d|phase|coherence,0.1785808211287092,1.391325467124425,1.0,4.6875,undetermined,False,,False,0.0,0.0,0.9881652006509383,True,1.0,0.36363636363636365,0.9114167416701396,True,1.0,0.36363636363636365,1.0,True,1.0,0.2727272727272727,,False,0.0,0.0,,False,0.0,0.0
449,4.49,P1,0.9519798288798604,True,0.048020171120139565,3,temporal|spatial|spectral,flow_3d|phase|coherence,0.4602921266804616,1.6110284560702492,1.0,4.6875,undetermined,False,,False,0.0,0.0,0.9697798987100408,True,1.0,0.36363636363636365,0.8981646307095753,True,1.0,0.36363636363636365,1.0,True,1.0,0.2727272727272727,,False,0.0,0.0,,False,0.0,0.0
449,4.49,P2,0.9827430996876221,True,0.01725690031237792,3,temporal|spatial|spectral,flow_3d|phase|coherence,0.2958273373725011,0.4248788307343845,1.0,4.6875,undetermined,False,,False,0.0,0.0,0.9804713804602704,True,1.0,0.36363636363636365,0.9720721436806902,True,1.0,0.36363636363636365,1.0,True,1.0,0.2727272727272727,,False,0.0,0.0,,False,0.0,0.0
449,4.49,P3,0.9874728030593797,True,0.012527196940620322,3,temporal|spatial|spectral,flow_3d|phase|coherence,0.09814944020201821,0.42487883073438404,1.0,4.6875,undetermined,False,,False,0.0,0.0,0.993478064732604,True,1.0,0.36363636363636365,0.9720721436806902,True,1.0,0.36363636363636365,1.0,True,1.0,0.2727272727272727,,False,0.0,0.0,,False,0.0,0.0
449,4.49,P4,0.9693342428424857,True,0.030665757157514295,3,temporal|spatial|spectral,flow_3d|phase|coherence,0.6810993318434289,0.6113871866957545,1.0,4.6875,undetermined,False,,False,0.0,0.0,0.9556088311298965,True,1.0,0.36363636363636365,0.9600603366869391,True,1.0,0.36363636363636365,1.0,True,1.0,0.2727272727272727,,False,0.0,0.0,,False,0.0,0.0
450,4.5,P1,0.9733575428614556,True,0.026642457138544406,3,temporal|spatial|spectral,flow_3d|phase|coherence,0.24198989165916307,0.8845274514787023,1.0,4.6875,undetermined,False,,False,0.0,0.0,0.9839967749314495,True,1.0,0.36363636363636365,0.9427364679375533,True,1.0,0.36363636363636365,1.0,True,1.0,0.2727272727272727,,False,0.0,0.0,,False,0.0,0.0
450,4.5,P2,0.9985559287180293,True,0.0014440712819706603,3,temporal|spatial|spectral,flow_3d|phase|coherence,0.038583487367145786,0.021048794830853534,1.0,4.6875,undetermined,False,,False,0.0,0.0,0.9974310728641963,True,1.0,0.36363636363636365,0.9985977311103844,True,1.0,0.36363636363636365,1.0,True,1.0,0.2727272727272727,,False,0.0,0.0,,False,0.0,0.0
450,4.5,P3,0.9782908126735882,True,0.021709187326411805,3,temporal|spatial|spectral,flow_3d|phase|coherence,0.515740465456016,0.3936494782107509,1.0,4.6875,undetermined,False,,False,0.0,0.0,0.9662016707204385,True,1.0,0.36363636363636365,0.9740980641319291,True,1.0,0.36363636363636365,1.0,True,1.0,0.2727272727272727,,False,0.0,0.0,,False,0.0,0.0
450,4.5,P4,0.9733961526801169,True,0.02660384731988308,3,temporal|spatial|spectral,flow_3d|phase|coherence,1.1169470944589914,0.02104879483085309,1.0,4.6875,undetermined,False,,False,0.0,0.0,0.928241688759937,True,1.0,0.36363636363636365,0.9985977311103845,True,1.0,0.36363636363636365,1.0,True,1.0,0.2727272727272727,,False,0.0,0.0,,False,0.0,0.0
451,4.51,P1,0.9952395593525493,True,0.004760440647450737,3,temporal|spatial|spectral,flow_3d|phase|coherence,1.3322676295501878e-15,0.19766485455708427,1.0,4.6875,undetermined,False,,False,0.0,0.0,0.9999999999999999,True,1.0,0.36363636363636365,0.9869087882195106,True,1.0,0.36363636363636365,1.0,True,1.0,0.2727272727272727,,False,0.0,0.0,,False,0.0,0.0
451,4.51,P2,0.9830397763003222,True,0.016960223699677757,3,temporal|spatial|spectral,flow_3d|phase|coherence,0.3692174915356805,0.33869390021679013,1.0,4.6875,undetermined,False,,False,0.0,0.0,0.9756859670298257,True,1.0,0.36363636363636365,0.9776734177960605,True,1.0,0.36363636363636365,1.0,True,1.0,0.2727272727272727,,False,0.0,0.0,,False,0.0,0.0
451,4.51,P3,0.9744548592975396,True,0.02554514070246039,3,temporal|spatial|spectral,flow_3d|phase|coherence,0.8828472205752842,0.19766485455708427,1.0,4.6875,undetermined,False,,False,0.0,0.0,0.9428420748487233,True,1.0,0.36363636363636365,0.9869087882195106,True,1.0,0.36363636363636365,1.0,True,1.0,0.2727272727272727,,False,0.0,0.0,,False,0.0,0.0
451,4.51,P4,0.9482662905094958,True,0.051733709490504154,3,temporal|spatial|spectral,flow_3d|phase|coherence,1.4434602932401397,0.7776464911493743,1.0,4.6875,undetermined,False,,False,0.0,0.0,0.9082544701130697,True,1.0,0.36363636363636365,0.9494778287880438,True,1.0,0.36363636363636365,1.0,True,1.0,0.2727272727272727,,False,0.0,0.0,,False,0.0,0.0
452,4.52,P1,0.9878578943538009,True,0.012142105646199108,3,temporal|spatial|spectral,flow_3d|phase|coherence,0.24198989165934393,0.2631075689066298,1.0,4.6875,undetermined,False,,False,0.0,0.0,0.9839967749314377,True,1.0,0.36363636363636365,0.9826124345415147,True,1.0,0.36363636363636365,1.0,True,1.0,0.2727272727272727,,False,0.0,0.0,,False,0.0,0.0
452,4.52,P2,0.9752176973313944,True,0.024782302668605594,3,temporal|spatial|spectral,flow_3d|phase|coherence,0.6637099151434729,0.3777463001963748,1.0,4.6875,undetermined,False,,False,0.0,0.0,0.9567173055409769,True,1.0,0.36363636363636365,0.9751313621203577,True,1.0,0.36363636363636365,1.0,True,1.0,0.2727272727272727,,False,0.0,0.0,,False,0.0,0.0
452,4.52,P3,0.9665365901102576,True,0.03346340988974239,3,temporal|spatial|spectral,flow_3d|phase|coherence,1.1635347385867725,0.2631075689066298,1.0,4.6875,undetermined,False,,False,0.0,0.0,0.9253631882616936,True,1.0,0.36363636363636365,0.9826124345415147,True,1.0,0.36363636363636365,1.0,True,1.0,0.2727272727272727,,False,0.0,0.0,,False,0.0,0.0
452,4.52,P4,0.9235452649368417,True,0.07645473506315825,3,temporal|spatial|spectral,flow_3d|phase|coherence,1.628677541340167,1.7035617173664812,1.0,4.6875,undetermined,False,,False,0.0,0.0,0.8971084665655349,True,1.0,0.36363636363636365,0.8926410120107799,True,1.0,0.36363636363636365,1.0,True,1.0,0.2727272727272727,,False,0.0,0.0,,False,0.0,0.0
453,4.53,P1,0.9688111313751513,True,0.03118886862484871,3,temporal|spatial|spectral,flow_3d|phase|coherence,0.46029212668022446,0.8572766553216598,1.0,4.6875,undetermined,False,,False,0.0,0.0,0.9697798987100561,True,1.0,0.36363636363636365,0.9444507125716101,True,1.0,0.36363636363636365,1.0,True,1.0,0.2727272727272727,,False,0.0,0.0,,False,0.0,0.0
453,4.53,P2,0.9661439040412141,True,0.033856095958785914,3,temporal|spatial|spectral,flow_3d|phase|coherence,0.8932337879180494,0.5389737253735793,1.0,4.6875,undetermined,False,,False,0.0,0.0,0.9421894413152707,True,1.0,0.36363636363636365,0.9647062947980681,True,1.0,0.36363636363636365,1.0,True,1.0,0.2727272727272727,,False,0.0,0.0,,False,0.0,0.0
453,4.53,P3,0.9563043254966913,True,0.04369567450330869,3,temporal|spatial|spectral,flow_3d|phase|coherence,1.3303273695622035,0.5389737253735793,1.0,4.6875,undetermined,False,,False,0.0,0.0,0.9151306003178329,True,1.0,0.36363636363636365,0.9647062947980681,True,1.0,0.36363636363636365,1.0,True,1.0,0.2727272727272727,,False,0.0,0.0,,False,0.0,0.0
453,4.53,P4,0.9102570722103862,True,0.08974292778961379,3,temporal|spatial|spectral,flow_3d|phase|coherence,1.6544684840303283,2.3035689883015555,1.0,4.6875,undetermined,False,,False,0.0,0.0,0.8955673070072735,True,1.0,0.36363636363636365,0.8576396415712886,True,1.0,0.36363636363636365,1.0,True,1.0,0.2727272727272727,,False,0.0,0.0,,False,0.0,0.0
454,4.54,P1,0.9520093644696557,True,0.04799063553034433,3,temporal|spatial|spectral,flow_3d|phase|coherence,0.6335377612982036,1.4248488953610048,1.0,4.6875,undetermined,False,,False,0.0,0.0,0.958643657079249,True,1.0,0.36363636363636365,0.9093820952123041,True,1.0,0.36363636363636365,1.0,True,1.0,0.2727272727272727,,False,0.0,0.0,,False,0.0,0.0
454,4.54,P2,0.9590578900960842,True,0.04094210990391578,3,temporal|spatial|spectral,flow_3d|phase|coherence,1.0353217140058177,0.7047620127053102,1.0,4.6875,undetermined,False,,False,0.0,0.0,0.9333066626751997,True,1.0,0.36363636363636365,0.9541025350890319,True,1.0,0.36363636363636365,1.0,True,1.0,0.2727272727272727,,False,0.0,0.0,,False,0.0,0.0
454,4.54,P3,0.9516380758378916,True,0.04836192416210838,3,temporal|spatial|spectral,flow_3d|phase|coherence,1.3668982886692795,0.7047620127053102,1.0,4.6875,undetermined,False,,False,0.0,0.0,0.91290217346517,True,1.0,0.36363636363636365,0.9541025350890319,True,1.0,0.36363636363636365,1.0,True,1.0,0.2727272727272727,,False,0.0,0.0,,False,0.0,0.0
454,4.54,P4,0.9067009441016489,True,0.09329905589835108,3,temporal|spatial|spectral,flow_3d|phase|coherence,1.5183085241437446,2.6207675111077515,1.0,4.6875,undetermined,False,,False,0.0,0.0,0.9037336759216745,True,1.0,0.36363636363636365,0.8396939203578598,True,1.0,0.36363636363636365,1.0,True,1.0,0.2727272727272727,,False,0.0,0.0,,False,0.0,0.0
455,4.55,P1,0.9401296566068684,True,0.059870343393131575,3,temporal|spatial|spectral,flow_3d|phase|coherence,0.744768305722955,1.8529469980162112,1.0,4.6875,undetermined,False,,False,0.0,0.0,0.9515612518004042,True,1.0,0.36363636363636365,0.8837953038684842,True,1.0,0.36363636363636365,1.0,True,1.0,0.2727272727272727,,False,0.0,0.0,,False,0.0,0.0
455,4.55,P2,0.9559055149193165,True,0.044094485080683476,3,temporal|spatial|spectral,flow_3d|phase|coherence,1.0760651372157888,0.8015632838676829,1.0,4.6875,undetermined,False,,False,0.0,0.0,0.9307750285902043,True,1.0,0.36363636363636365,0.9479651374379162,True,1.0,0.36363636363636365,1.0,True,1.0,0.2727272727272727,,False,0.0,0.0,,False,0.0,0.0
455,4.55,P3,0.9515650909113968,True,0.04843490908860315,3,temporal|spatial|spectral,flow_3d|phase|coherence,1.2696676795405342,0.8015632838676829,1.0,4.6875,undetermined,False,,False,0.0,0.0,0.9188388625684252,True,1.0,0.36363636363636365,0.9479651374379162,True,1.0,0.36363636363636365,1.0,True,1.0,0.2727272727272727,,False,0.0,0.0,,False,0.0,0.0
455,4.55,P4,0.9117674573881089,True,0.08823254261189106,3,temporal|spatial|spectral,flow_3d|phase|coherence,1.2335259472359077,2.6814270499654977,1.0,4.6875,undetermined,False,,False,0.0,0.0,0.9210554270588976,True,1.0,0.36363636363636365,0.836305080758402,True,1.0,0.36363636363636365,1.0,True,1.0,0.2727272727272727,,False,0.0,0.0,,False,0.0,0.0
456,4.56,P1,0.9340038438458336,True,0.06599615615416643,3,temporal|spatial|spectral,flow_3d|phase|coherence,0.7830957392774813,2.0996657382648394,1.0,4.6875,undetermined,False,,False,0.0,0.0,0.9491329620818982,True,1.0,0.36363636363636365,0.8693776084941439,True,1.0,0.36363636363636365,1.0,True,1.0,0.2727272727272727,,False,0.0,0.0,,False,0.0,0.0
456,4.56,P2,0.9569448835258925,True,0.043055116474107535,3,temporal|spatial|spectral,flow_3d|phase|coherence,1.0114758074084342,0.8199019559853582,1.0,4.6875,undetermined,False,,False,0.0,0.0,0.9347915455420757,True,1.0,0.36363636363636365,0.9468068841541287,True,1.0,0.36363636363636365,1.0,True,1.0,0.2727272727272727,,False,0.0,0.0,,False,0.0,0.0
456,4.56,P3,0.9561147310765485,True,0.04388526892345146,3,temporal|spatial|spectral,flow_3d|phase|coherence,1.0481531516437848,0.8199019559853582,1.0,4.6875,undetermined,False,,False,0.0,0.0,0.9325086263063795,True,1.0,0.36363636363636365,0.9468068841541287,True,1.0,0.36363636363636365,1.0,True,1.0,0.2727272727272727,,False,0.0,0.0,,False,0.0,0.0
456,4.56,P4,0.9250651675934776,True,0.07493483240652243,3,temporal|spatial|spectral,flow_3d|phase|coherence,0.827997256132663,2.4796098265720516,1.0,4.6875,undetermined,False,,False,0.0,0.0,0.9462960429530386,True,1.0,0.36363636363636365,0.8476331679290247,True,1.0,0.36363636363636365,1.0,True,1.0,0.2727272727272727,,False,0.0,0.0,,False,0.0,0.0
457,4.57,P1,0.934019960680097,True,0.06598003931990304,3,temporal|spatial|spectral,flow_3d|phase|coherence,0.7447683057229568,2.140854566820892,1.0,4.6875,undetermined,False,,False,0.0,0.0,0.9515612518004041,True,1.0,0.36363636363636365,0.8669936400698625,True,1.0,0.36363636363636365,1.0,True,1.0,0.2727272727272727,,False,0.0,0.0,,False,0.0,0.0
457,4.57,P2,0.9620967652220398,True,0.037903234777960204,3,temporal|spatial|spectral,flow_3d|phase|coherence,0.8478761782059472,0.7579829120584205,1.0,4.6875,undetermined,False,,False,0.0,0.0,0.9450427838980271,True,1.0,0.36363636363636365,0.9507233204625822,True,1.0,0.36363636363636365,1.0,True,1.0,0.2727272727272727,,False,0.0,0.0,,False,0.0,0.0
457,4.57,P3,0.96494565553383,True,0.03505434446616995,3,temporal|spatial|spectral,flow_3d|phase|coherence,0.7240380903520718,0.7579829120584205,1.0,4.6875,undetermined,False,,False,0.0,0.0,0.9528772322554505,True,1.0,0.36363636363636365,0.9507233204625822,True,1.0,0.36363636363636365,1.0,True,1.0,0.2727272727272727,,False,0.0,0.0,,False,0.0,0.0
457,4.57,P4,0.9456819429649412,True,0.054318057035058764,3,temporal|spatial|spectral,flow_3d|phase|coherence,0.3414184246033256,2.035071116896368,1.0,4.6875,undetermined,False,,False,0.0,0.0,0.9774958542511654,True,1.0,0.36363636363636365,0.8731294889024228,True,1.0,0.36363636363636365,1.0,True,1.0,0.2727272727272727,,False,0.0,0.0,,False,0.0,0.0
458,4.58,P1,0.9401541839042172,True,0.05984581609578277,3,temporal|spatial|spectral,flow_3d|phase|coherence,0.6335377612980277,1.9724816341652875,1.0,4.6875,undetermined,False,,False,0.0,0.0,0.9586436570792604,True,1.0,0.36363636363636365,0.8767803486573371,True,1.0,0.36363636363636365,1.0,True,1.0,0.2727272727272727,,False,0.0,0.0,,False,0.0,0.0
458,4.58,P2,0.9709444467643754,True,0.029055553235624587,3,temporal|spatial|spectral,flow_3d|phase|coherence,0.6012805211792576,0.6218672195215862,1.0,4.6875,undetermined,False,,False,0.0,0.0,0.9607074219048244,True,1.0,0.36363636363636365,0.959389806697208,True,1.0,0.36363636363636365,1.0,True,1.0,0.2727272727272727,,False,0.0,0.0,,False,0.0,0.0
458,4.58,P3,0.9773425655522119,True,0.022657434447788116,3,temporal|spatial|spectral,flow_3d|phase|coherence,0.32904913610558983,0.6218672195215866,1.0,4.6875,undetermined,False,,False,0.0,0.0,0.9783022485713745,True,1.0,0.36363636363636365,0.959389806697208,True,1.0,0.36363636363636365,1.0,True,1.0,0.2727272727272727,,False,0.0,0.0,,False,0.0,0.0
458,4.58,P4,0.9634843426621904,True,0.03651565733780959,3,temporal|spatial|spectral,flow_3d|phase|coherence,0.17858082112965157,1.3913254671242932,1.0,4.6875,undetermined,False,,False,0.0,0.0,0.9881652006508761,True,1.0,0.36363636363636365,0.9114167416701476,True,1.0,0.36363636363636365,1.0,True,1.0,0.2727272727272727,,False,0.0,0.0,,False,0.0,0.0
459,4.59,P1,0.9519798288798568,True,0.04802017112014323,3,temporal|spatial|spectral,flow_3d|phase|coherence,0.4602921266806006,1.6110284560702648,1.0,4.6875,undetermined,False,,False,0.0,0.0,0.9697798987100318,True,1.0,0.36363636363636365,0.8981646307095743,True,1.0,0.36363636363636365,1.0,True,1.0,0.2727272727272727,,False,0.0,0.0,,False,0.0,0.0
459,4.59,P2,0.9827430996876154,True,0.017256900312384582,3,temporal|spatial|spectral,flow_3d|phase|coherence,0.29582733737277245,0.4248788307343916,1.0,4.6875,undetermined,False,,False,0.0,0.0,0.9804713804602526,True,1.0,0.36363636363636365,0.9720721436806897,True,1.0,0.36363636363636365,1.0,True,1.0,0.2727272727272727,,False,0.0,0.0,,False,0.0,0.0
459,4.59,P3,0.9874728030593891,True,0.012527196940610885,3,temporal|spatial|spectral,flow_3d|phase|coherence,0.09814944020161676,0.42487883073439203,1.0,4.6875,undetermined,False,,False,0.0,0.0,0.9934780647326306,True,1.0,0.36363636363636365,0.9720721436806896,True,1.0,0.36363636363636365,1.0,True,1.0,0.2727272727272727,,False,0.0,0.0,,False,0.0,0.0
459,4.59,P4,0.9693342428424965,True,0.030665757157503526,3,temporal|spatial|spectral,flow_3d|phase|coherence,0.6810993318429333,0.611387186695783,1.0,4.6875,undetermined,False,,False,0.0,0.0,0.955608831129928,True,1.0,0.36363636363636365,0.9600603366869374,True,1.0,0.36363636363636365,1.0,True,1.0,0.2727272727272727,,False,0.0,0.0,,False,0.0,0.0
460,4.6,P1,0.9733575428614547,True,0.026642457138545295,3,temporal|spatial|spectral,flow_3d|phase|coherence,0.24198989165917184,0.8845274514787329,1.0,4.6875,undetermined,False,,False,0.0,0.0,0.9839967749314489,True,1.0,0.36363636363636365,0.9427364679375514,True,1.0,0.36363636363636365,1.0,True,1.0,0.2727272727272727,,False,0.0,0.0,,False,0.0,0.0
460,4.6,P2,0.9985559287180301,True,0.001444071281969883,3,temporal|spatial|spectral,flow_3d|phase|coherence,0.03858348736713468,0.02104879483083355,1.0,4.6875,undetermined,False,,False,0.0,0.0,0.9974310728641971,True,1.0,0.36363636363636365,0.9985977311103857,True,1.0,0.36363636363636365,1.0,True,1.0,0.2727272727272727,,False,0.0,0.0,,False,0.0,0.0
460,4.6,P3,0.9782908126735885,True,0.021709187326411472,3,temporal|spatial|spectral,flow_3d|phase|coherence,0.5157404654560018,0.39364947821075,1.0,4.6875,undetermined,False,,False,0.0,0.0,0.9662016707204394,True,1.0,0.36363636363636365,0.9740980641319292,True,1.0,0.36363636363636365,1.0,True,1.0,0.2727272727272727,,False,0.0,0.0,,False,0.0,0.0
460,4.6,P4,0.9733961526801177,True,0.0266038473198823,3,temporal|spatial|spectral,flow_3d|phase|coherence,1.1169470944589754,0.02104879483083355,1.0,4.6875,undetermined,False,,False,0.0,0.0,0.928241688759938,True,1.0,0.36363636363636365,0.9985977311103857,True,1.0,0.36363636363636365,1.0,True,1.0,0.2727272727272727,,False,0.0,0.0,,False,0.0,0.0
461,4.61,P1,0.9952395593525436,True,0.004760440647456399,3,temporal|spatial|spectral,flow_3d|phase|coherence,2.255973186038318e-13,0.19766485455709581,1.0,4.6875,undetermined,False,,False,0.0,0.0,0.999999999999985,True,1.0,0.36363636363636365,0.9869087882195098,True,1.0,0.36363636363636365,1.0,True,1.0,0.2727272727272727,,False,0.0,0.0,,False,0.0,0.0
461,4.61,P2,0.9830397763003276,True,0.016960223699672428,3,temporal|spatial|spectral,flow_3d|phase|coherence,0.36921749153542205,0.338693900216823,1.0,4.6875,undetermined,False,,False,0.0,0.0,0.9756859670298426,True,1.0,0.36363636363636365,0.9776734177960583,True,1.0,0.36363636363636365,1.0,True,1.0,0.2727272727272727,,False,0.0,0.0,,False,0.0,0.0
461,4.61,P3,0.9744548592975442,True,0.025545140702455837,3,temporal|spatial|spectral,flow_3d|phase|coherence,0.8828472205750657,0.19766485455709581,1.0,4.6875,undetermined,False,,False,0.0,0.0,0.9428420748487369,True,1.0,0.36363636363636365,0.9869087882195098,True,1.0,0.36363636363636365,1.0,True,1.0,0.2727272727272727,,False,0.0,0.0,,False,0.0,0.0
461,4.61,P4,0.9482662905094963,True,0.05173370949050371,3,temporal|spatial|spectral,flow_3d|phase|coherence,1.443460293240033,0.7776464911494552,1.0,4.6875,undetermined,False,,False,0.0,0.0,0.9082544701130761,True,1.0,0.36363636363636365,0.9494778287880387,True,1.0,0.36363636363636365,1.0,True,1.0,0.2727272727272727,,False,0.0,0.0,,False,0.0,0.0
462,4.62,P1,0.9878578943537946,True,0.012142105646205437,3,temporal|spatial|spectral,flow_3d|phase|coherence,0.24198989165958462,0.26310756890665465,1.0,4.6875,undetermined,False,,False,0.0,0.0,0.9839967749314218,True,1.0,0.36363636363636365,0.9826124345415131,True,1.0,0.36363636363636365,1.0,True,1.0,0.2727272727272727,,False,0.0,0.0,,False,0.0,0.0
462,4.62,P2,0.9752176973313872,True,0.02478230266861281,3,temporal|spatial|spectral,flow_3d|phase|coherence,0.6637099151437837,0.3777463001963748,1.0,4.6875,undetermined,False,,False,0.0,0.0,0.956717305540957,True,1.0,0.36363636363636365,0.9751313621203577,True,1.0,0.36363636363636365,1.0,True,1.0,0.2727272727272727,,False,0.0,0.0,,False,0.0,0.0
462,4.62,P3,0.96653659011025,True,0.03346340988975005,3,temporal|spatial|spectral,flow_3d|phase|coherence,1.1635347385870851,0.26310756890665465,1.0,4.6875,undetermined,False,,False,0.0,0.0,0.9253631882616743,True,1.0,0.36363636363636365,0.9826124345415131,True,1.0,0.36363636363636365,1.0,True,1.0,0.2727272727272727,,False,0.0,0.0,,False,0.0,0.0
462,4.62,P4,0.9235452649368353,True,0.07645473506316469,3,temporal|spatial|spectral,flow_3d|phase|coherence,1.6286775413404122,1.7035617173665327,1.0,4.6875,undetermined,False,,False,0.0,0.0,0.8971084665655202,True,1.0,0.36363636363636365,0.8926410120107768,True,1.0,0.36363636363636365,1.0,True,1.0,0.2727272727272727,,False,0.0,0.0,,False,0.0,0.0
463,4.63,P1,0.9688111313751495,True,0.031188868624850485,3,temporal|spatial|spectral,flow_3d|phase|coherence,0.46029212668036923,0.8572766553215896,1.0,4.6875,undetermined,False,,False,0.0,0.0,0.9697798987100468,True,1.0,0.36363636363636365,0.9444507125716145,True,1.0,0.36363636363636365,1.0,True,1.0,0.2727272727272727,,False,0.0,0.0,,False,0.0,0.0
463,4.63,P2,0.966143904041213,True,0.033856095958787025,3,temporal|spatial|spectral,flow_3d|phase|coherence,0.8932337879181453,0.538973725373534,1.0,4.6875,undetermined,False,,False,0.0,0.0,0.9421894413152647,True,1.0,0.36363636363636365,0.964706294798071,True,1.0,0.36363636363636365,1.0,True,1.0,0.2727272727272727,,False,0.0,0.0,,False,0.0,0.0
463,4.63,P3,0.9563043254966928,True,0.04369567450330725,3,temporal|spatial|spectral,flow_3d|phase|coherence,1.330327369562184,0.538973725373534,1.0,4.6875,undetermined,False,,False,0.0,0.0,0.915130600317834,True,1.0,0.36363636363636365,0.964706294798071,True,1.0,0.36363636363636365,1.0,True,1.0,0.2727272727272727,,False,0.0,0.0,,False,0.0,0.0
463,4.63,P4,0.910257072210395,True,0.08974292778960502,3,temporal|spatial|spectral,flow_3d|phase|coherence,1.6544684840301223,2.3035689883013504,1.0,4.6875,undetermined,False,,False,0.0,0.0,0.8955673070072858,True,1.0,0.36363636363636365,0.8576396415713003,True,1.0,0.36363636363636365,1.0,True,1.0,0.2727272727272727,,False,0.0,0.0,,False,0.0,0.0
464,4.64,P1,0.9520093644696606,True,0.04799063553033944,3,temporal|spatial|spectral,flow_3d|phase|coherence,0.6335377612980153,1.4248488953609861,1.0,4.6875,undetermined,False,,False,0.0,0.0,0.9586436570792611,True,1.0,0.36363636363636365,0.9093820952123052,True,1.0,0.36363636363636365,1.0,True,1.0,0.2727272727272727,,False,0.0,0.0,,False,0.0,0.0
464,4.64,P2,0.9590578900960884,True,0.04094210990391156,3,temporal|spatial|spectral,flow_3d|phase|coherence,1.03532171400564,0.7047620127053049,1.0,4.6875,undetermined,False,,False,0.0,0.0,0.9333066626752108,True,1.0,0.36363636363636365,0.9541025350890322,True,1.0,0.36363636363636365,1.0,True,1.0,0.2727272727272727,,False,0.0,0.0,,False,0.0,0.0
464,4.64,P3,0.9516380758378938,True,0.04836192416210616,3,temporal|spatial|spectral,flow_3d|phase|coherence,1.3668982886691818,0.7047620127053049,1.0,4.6875,undetermined,False,,False,0.0,0.0,0.9129021734651759,True,1.0,0.36363636363636365,0.9541025350890322,True,1.0,0.36363636363636365,1.0,True,1.0,0.2727272727272727,,False,0.0,0.0,,False,0.0,0.0
464,4.64,P4,0.9067009441016476,True,0.09329905589835241,3,temporal|spatial|spectral,flow_3d|phase|coherence,1.5183085241438068,2.620767511107746,1.0,4.6875,undetermined,False,,False,0.0,0.0,0.9037336759216709,True,1.0,0.36363636363636365,0.8396939203578602,True,1.0,0.36363636363636365,1.0,True,1.0,0.2727272727272727,,False,0.0,0.0,,False,0.0,0.0
465,4.65,P1,0.9401296566068649,True,0.05987034339313513,3,temporal|spatial|spectral,flow_3d|phase|coherence,0.7447683057229533,1.8529469980163826,1.0,4.6875,undetermined,False,,False,0.0,0.0,0.9515612518004043,True,1.0,0.36363636363636365,0.883795303868474,True,1.0,0.36363636363636365,1.0,True,1.0,0.2727272727272727,,False,0.0,0.0,,False,0.0,0.0
465,4.65,P2,0.9559055149193124,True,0.044094485080687584,3,temporal|spatial|spectral,flow_3d|phase|coherence,1.076065137215899,0.8015632838677549,1.0,4.6875,undetermined,False,,False,0.0,0.0,0.9307750285901976,True,1.0,0.36363636363636365,0.9479651374379117,True,1.0,0.36363636363636365,1.0,True,1.0,0.2727272727272727,,False,0.0,0.0,,False,0.0,0.0
465,4.65,P3,0.9515650909113893,True,0.0484349090886107,3,temporal|spatial|spectral,flow_3d|phase|coherence,1.2696676795407988,0.8015632838677549,1.0,4.6875,undetermined,False,,False,0.0,0.0,0.918838862568409,True,1.0,0.36363636363636365,0.9479651374379117,True,1.0,0.36363636363636365,1.0,True,1.0,0.2727272727272727,,False,0.0,0.0,,False,0.0,0.0
465,4.65,P4,0.9117674573880945,True,0.0882325426119055,3,temporal|spatial|spectral,flow_3d|phase|coherence,1.2335259472363393,2.6814270499657367,1.0,4.6875,undetermined,False,,False,0.0,0.0,0.9210554270588711,True,1.0,0.36363636363636365,0.8363050807583887,True,1.0,0.36363636363636365,1.0,True,1.0,0.2727272727272727,,False,0.0,0.0,,False,0.0,0.0
466,4.66,P1,0.9340038438458318,True,0.0659961561541682,3,temporal|spatial|spectral,flow_3d|phase|coherence,0.7830957392775515,2.0996657382648465,1.0,4.6875,undetermined,False,,False,0.0,0.0,0.9491329620818938,True,1.0,0.36363636363636365,0.8693776084941435,True,1.0,0.36363636363636365,1.0,True,1.0,0.2727272727272727,,False,0.0,0.0,,False,0.0,0.0
466,4.66,P2,0.956944883525893,True,0.04305511647410698,3,temporal|spatial|spectral,flow_3d|phase|coherence,1.011475807408413,0.8199019559853573,1.0,4.6875,undetermined,False,,False,0.0,0.0,0.934791545542077,True,1.0,0.36363636363636365,0.9468068841541287,True,1.0,0.36363636363636365,1.0,True,1.0,0.2727272727272727,,False,0.0,0.0,,False,0.0,0.0
466,4.66,P3,0.9561147310765522,True,0.043885268923447796,3,temporal|spatial|spectral,flow_3d|phase|coherence,1.0481531516436178,0.8199019559853573,1.0,4.6875,undetermined,False,,False,0.0,0.0,0.9325086263063899,True,1.0,0.36363636363636365,0.9468068841541287,True,1.0,0.36363636363636365,1.0,True,1.0,0.2727272727272727,,False,0.0,0.0,,False,0.0,0.0
466,4.66,P4,0.925065167593486,True,0.074934832406514,3,temporal|spatial|spectral,flow_3d|phase|coherence,0.8279972561323117,2.479609826572033,1.0,4.6875,undetermined,False,,False,0.0,0.0,0.9462960429530608,True,1.0,0.36363636363636365,0.8476331679290258,True,1.0,0.36363636363636365,1.0,True,1.0,0.2727272727272727,,False,0.0,0.0,,False,0.0,0.0
467,4.67,P1,0.9340199606801041,True,0.06598003931989593,3,temporal|spatial|spectral,flow_3d|phase|coherence,0.7447683057228192,2.1408545668207,1.0,4.6875,undetermined,False,,False,0.0,0.0,0.9515612518004127,True,1.0,0.36363636363636365,0.8669936400698736,True,1.0,0.36363636363636365,1.0,True,1.0,0.2727272727272727,,False,0.0,0.0,,False,0.0,0.0
467,4.67,P2,0.9620967652220476,True,0.03790323477795243,3,temporal|spatial|spectral,flow_3d|phase|coherence,0.8478761782056781,0.7579829120583521,1.0,4.6875,undetermined,False,,False,0.0,0.0,0.9450427838980441,True,1.0,0.36363636363636365,0.9507233204625866,True,1.0,0.36363636363636365,1.0,True,1.0,0.2727272727272727,,False,0.0,0.0,,False,0.0,0.0
467,4.67,P3,0.9649456555338409,True,0.03505434446615907,3,temporal|spatial|spectral,flow_3d|phase|coherence,0.7240380903516677,0.7579829120583521,1.0,4.6875,undetermined,False,,False,0.0,0.0,0.9528772322554762,True,1.0,0.36363636363636365,0.9507233204625866,True,1.0,0.36363636363636365,1.0,True,1.0,0.2727272727272727,,False,0.0,0.0,,False,0.0,0.0
467,4.67,P4,0.9456819429649572,True,0.05431805703504278,3,temporal|spatial|spectral,flow_3d|phase|coherence,0.341418424602818,2.035071116896178,1.0,4.6875,undetermined,False,,False,0.0,0.0,0.9774958542511984,True,1.0,0.36363636363636365,0.8731294889024339,True,1.0,0.36363636363636365,1.0,True,1.0,0.2727272727272727,,False,0.0,0.0,,False,0.0,0.0
468,4.68,P1,0.9401541839042153,True,0.059845816095784654,3,temporal|spatial|spectral,flow_3d|phase|coherence,0.6335377612981024,1.9724816341652982,1.0,4.6875,undetermined,False,,False,0.0,0.0,0.9586436570792556,True,1.0,0.36363636363636365,0.8767803486573365,True,1.0,0.36363636363636365,1.0,True,1.0,0.2727272727272727,,False,0.0,0.0,,False,0.0,0.0
468,4.68,P2,0.9709444467643705,True,0.029055553235629472,3,temporal|spatial|spectral,flow_3d|phase|coherence,0.6012805211794601,0.6218672195215924,1.0,4.6875,undetermined,False,,False,0.0,0.0,0.9607074219048114,True,1.0,0.36363636363636365,0.9593898066972076,True,1.0,0.36363636363636365,1.0,True,1.0,0.2727272727272727,,False,0.0,0.0,,False,0.0,0.0
468,4.68,P3,0.9773425655522033,True,0.022657434447796665,3,temporal|spatial|spectral,flow_3d|phase|coherence,0.3290491361059402,0.621867219521592,1.0,4.6875,undetermined,False,,False,0.0,0.0,0.9783022485713516,True,1.0,0.36363636363636365,0.9593898066972076,True,1.0,0.36363636363636365,1.0,True,1.0,0.2727272727272727,,False,0.0,0.0,,False,0.0,0.0
468,4.68,P4,0.9634843426622017,True,0.03651565733779827,3,temporal|spatial|spectral,flow_3d|phase|coherence,0.1785808211291604,1.3913254671243172,1.0,4.6875,undetermined,False,,False,0.0,0.0,0.9881652006509085,True,1.0,0.36363636363636365,0.9114167416701462,True,1.0,0.36363636363636365,1.0,True,1.0,0.2727272727272727,,False,0.0,0.0,,False,0.0,0.0
469,4.69,P1,0.9519798288798484,True,0.048020171120151556,3,temporal|spatial|spectral,flow_3d|phase|coherence,0.46029212668082486,1.6110284560704038,1.0,4.6875,undetermined,False,,False,0.0,0.0,0.9697798987100172,True,1.0,0.36363636363636365,0.8981646307095661,True,1.0,0.36363636363636365,1.0,True,1.0,0.2727272727272727,,False,0.0,0.0,,False,0.0,0.0
469,4.69,P2,0.9827430996876069,True,0.01725690031239313,3,temporal|spatial|spectral,flow_3d|phase|coherence,0.2958273373730952,0.42487883073442756,1.0,4.6875,undetermined,False,,False,0.0,0.0,0.9804713804602315,True,1.0,0.36363636363636365,0.9720721436806874,True,1.0,0.36363636363636365,1.0,True,1.0,0.2727272727272727,,False,0.0,0.0,,False,0.0,0.0
469,4.69,P3,0.9874728030593976,True,0.012527196940602447,3,temporal|spatial|spectral,flow_3d|phase|coherence,0.09814944020123395,0.42487883073442756,1.0,4.6875,undetermined,False,,False,0.0,0.0,0.9934780647326559,True,1.0,0.36363636363636365,0.9720721436806874,True,1.0,0.36363636363636365,1.0,True,1.0,0.2727272727272727,,False,0.0,0.0,,False,0.0,0.0
469,4.69,P4,0.969334242842504,True,0.030665757157495976,3,temporal|spatial|spectral,flow_3d|phase|coherence,0.6810993318425567,0.61138718669583,1.0,4.6875,undetermined,False,,False,0.0,0.0,0.955608831129952,True,1.0,0.36363636363636365,0.9600603366869344,True,1.0,0.36363636363636365,1.0,True,1.0,0.2727272727272727,,False,0.0,0.0,,False,0.0,0.0
470,4.7,P1,0.9733575428614605,True,0.02664245713853952,3,temporal|spatial|spectral,flow_3d|phase|coherence,0.2419898916589737,0.8845274514786836,1.0,4.6875,undetermined,False,,False,0.0,0.0,0.9839967749314619,True,1.0,0.36363636363636365,0.9427364679375545,True,1.0,0.36363636363636365,1.0,True,1.0,0.2727272727272727,,False,0.0,0.0,,False,0.0,0.0
470,4.7,P2,0.9985559287180217,True,0.0014440712819783208,3,temporal|spatial|spectral,flow_3d|phase|coherence,0.038583487367453984,0.02104879483086508,1.0,4.6875,undetermined,False,,False,0.0,0.0,0.9974310728641759,True,1.0,0.36363636363636365,0.9985977311103836,True,1.0,0.36363636363636365,1.0,True,1.0,0.2727272727272727,,False,0.0,0.0,,False,0.0,0.0
470,4.7,P3,0.9782908126735788,True,0.021709187326421242,3,temporal|spatial|spectral,flow_3d|phase|coherence,0.515740465456421,0.39364947821075313,1.0,4.6875,undetermined,False,,False,0.0,0.0,0.9662016707204124,True,1.0,0.36363636363636365,0.974098064131929,True,1.0,0.36363636363636365,1.0,True,1.0,0.2727272727272727,,False,0.0,0.0,,False,0.0,0.0
470,4.7,P4,0.9733961526801065,True,0.026603847319893514,3,temporal|spatial|spectral,flow_3d|phase|coherence,1.1169470944594408,0.02104879483086508,1.0,4.6875,undetermined,False,,False,0.0,0.0,0.9282416887599091,True,1.0,0.36363636363636365,0.9985977311103836,True,1.0,0.36363636363636365,1.0,True,1.0,0.2727272727272727,,False,0.0,0.0,,False,0.0,0.0
471,4.71,P1,0.9952395593525495,True,0.0047604406474505145,3,temporal|spatial|spectral,flow_3d|phase|coherence,3.552713678800501e-15,0.19766485455707405,1.0,4.6875,undetermined,False,,False,0.0,0.0,0.9999999999999998,True,1.0,0.36363636363636365,0.9869087882195112,True,1.0,0.36363636363636365,1.0,True,1.0,0.2727272727272727,,False,0.0,0.0,,False,0.0,0.0
471,4.71,P2,0.983039776300322,True,0.01696022369967798,3,temporal|spatial|spectral,flow_3d|phase|coherence,0.3692174915356867,0.3386939002167919,1.0,4.6875,undetermined,False,,False,0.0,0.0,0.9756859670298254,True,1.0,0.36363636363636365,0.9776734177960604,True,1.0,0.36363636363636365,1.0,True,1.0,0.2727272727272727,,False,0.0,0.0,,False,0.0,0.0
471,4.71,P3,0.9744548592975396,True,0.02554514070246039,3,temporal|spatial|spectral,flow_3d|phase|coherence,0.8828472205752931,0.19766485455707405,1.0,4.6875,undetermined,False,,False,0.0,0.0,0.9428420748487227,True,1.0,0.36363636363636365,0.9869087882195112,True,1.0,0.36363636363636365,1.0,True,1.0,0.2727272727272727,,False,0.0,0.0,,False,0.0,0.0
471,4.71,P4,0.9482662905094952,True,0.05173370949050482,3,temporal|spatial|spectral,flow_3d|phase|coherence,1.4434602932401468,0.7776464911493988,1.0,4.6875,undetermined,False,,False,0.0,0.0,0.9082544701130693,True,1.0,0.36363636363636365,0.9494778287880423,True,1.0,0.36363636363636365,1.0,True,1.0,0.2727272727272727,,False,0.0,0.0,,False,0.0,0.0
472,4.72,P1,0.9878578943538006,True,0.012142105646199441,3,temporal|spatial|spectral,flow_3d|phase|coherence,0.24198989165934925,0.2631075689066402,1.0,4.6875,undetermined,False,,False,0.0,0.0,0.9839967749314373,True,1.0,0.36363636363636365,0.982612434541514,True,1.0,0.36363636363636365,1.0,True,1.0,0.2727272727272727,,False,0.0,0.0,,False,0.0,0.0
472,4.72,P2,0.9752176973313942,True,0.024782302668605816,3,temporal|spatial|spectral,flow_3d|phase|coherence,0.66370991514348,0.3777463001963759,1.0,4.6875,undetermined,False,,False,0.0,0.0,0.9567173055409764,True,1.0,0.36363636363636365,0.9751313621203577,True,1.0,0.36363636363636365,1.0,True,1.0,0.2727272727272727,,False,0.0,0.0,,False,0.0,0.0
472,4.72,P3,0.9665365901102572,True,0.033463409889742834,3,temporal|spatial|spectral,flow_3d|phase|coherence,1.1635347385867778,0.2631075689066402,1.0,4.6875,undetermined,False,,False,0.0,0.0,0.9253631882616933,True,1.0,0.36363636363636365,0.982612434541514,True,1.0,0.36363636363636365,1.0,True,1.0,0.2727272727272727,,False,0.0,0.0,,False,0.0,0.0
472,4.72,P4,0.9235452649368414,True,0.07645473506315859,3,temporal|spatial|spectral,flow_3d|phase|coherence,1.6286775413401635,1.7035617173664988,1.0,4.6875,undetermined,False,,False,0.0,0.0,0.8971084665655351,True,1.0,0.36363636363636365,0.8926410120107788,True,1.0,0.36363636363636365,1.0,True,1.0,0.2727272727272727,,False,0.0,0.0,,False,0.0,0.0
473,4.73,P1,0.968811131375151,True,0.031188868624849042,3,temporal|spatial|spectral,flow_3d|phase|coherence,0.4602921266802289,0.8572766553216731,1.0,4.6875,undetermined,False,,False,0.0,0.0,0.9697798987100559,True,1.0,0.36363636363636365,0.9444507125716093,True,1.0,0.36363636363636365,1.0,True,1.0,0.2727272727272727,,False,0.0,0.0,,False,0.0,0.0
473,4.73,P2,0.9661439040412139,True,0.03385609595878614,3,temporal|spatial|spectral,flow_3d|phase|coherence,0.893233787918053,0.5389737253735838,1.0,4.6875,undetermined,False,,False,0.0,0.0,0.9421894413152705,True,1.0,0.36363636363636365,0.9647062947980678,True,1.0,0.36363636363636365,1.0,True,1.0,0.2727272727272727,,False,0.0,0.0,,False,0.0,0.0
473,4.73,P3,0.9563043254966912,True,0.0436956745033088,3,temporal|spatial|spectral,flow_3d|phase|coherence,1.3303273695622053,0.5389737253735838,1.0,4.6875,undetermined,False,,False,0.0,0.0,0.9151306003178328,True,1.0,0.36363636363636365,0.9647062947980678,True,1.0,0.36363636363636365,1.0,True,1.0,0.2727272727272727,,False,0.0,0.0,,False,0.0,0.0
473,4.73,P4,0.9102570722103861,True,0.0897429277896139,3,temporal|spatial|spectral,flow_3d|phase|coherence,1.6544684840303265,2.3035689883015635,1.0,4.6875,undetermined,False,,False,0.0,0.0,0.8955673070072736,True,1.0,0.36363636363636365,0.8576396415712881,True,1.0,0.36363636363636365,1.0,True,1.0,0.2727272727272727,,False,0.0,0.0,,False,0.0,0.0
474,4.74,P1,0.9520093644696555,True,0.04799063553034455,3,temporal|spatial|spectral,flow_3d|phase|coherence,0.6335377612982063,1.4248488953610154,1.0,4.6875,undetermined,False,,False,0.0,0.0,0.9586436570792489,True,1.0,0.36363636363636365,0.9093820952123034,True,1.0,0.36363636363636365,1.0,True,1.0,0.2727272727272727,,False,0.0,0.0,,False,0.0,0.0
474,4.74,P2,0.9590578900960841,True,0.04094210990391589,3,temporal|spatial|spectral,flow_3d|phase|coherence,1.0353217140058195,0.7047620127053129,1.0,4.6875,undetermined,False,,False,0.0,0.0,0.9333066626751996,True,1.0,0.36363636363636365,0.9541025350890318,True,1.0,0.36363636363636365,1.0,True,1.0,0.2727272727272727,,False,0.0,0.0,,False,0.0,0.0
474,4.74,P3,0.9516380758378915,True,0.048361924162108494,3,temporal|spatial|spectral,flow_3d|phase|coherence,1.3668982886692778,0.7047620127053129,1.0,4.6875,undetermined,False,,False,0.0,0.0,0.9129021734651701,True,1.0,0.36363636363636365,0.9541025350890318,True,1.0,0.36363636363636365,1.0,True,1.0,0.2727272727272727,,False,0.0,0.0,,False,0.0,0.0
474,4.74,P4,0.9067009441016489,True,0.09329905589835108,3,temporal|spatial|spectral,flow_3d|phase|coherence,1.518308524143741,2.620767511107756,1.0,4.6875,undetermined,False,,False,0.0,0.0,0.9037336759216748,True,1.0,0.36363636363636365,0.8396939203578596,True,1.0,0.36363636363636365,1.0,True,1.0,0.2727272727272727,,False,0.0,0.0,,False,0.0,0.0
475,4.75,P1,0.9401296566068682,True,0.0598703433931318,3,temporal|spatial|spectral,flow_3d|phase|coherence,0.7447683057229568,1.85294699801622,1.0,4.6875,undetermined,False,,False,0.0,0.0,0.9515612518004041,True,1.0,0.36363636363636365,0.8837953038684836,True,1.0,0.36363636363636365,1.0,True,1.0,0.2727272727272727,,False,0.0,0.0,,False,0.0,0.0
475,4.75,P2,0.9559055149193165,True,0.044094485080683476,3,temporal|spatial|spectral,flow_3d|phase|coherence,1.0760651372157906,0.8015632838676838,1.0,4.6875,undetermined,False,,False,0.0,0.0,0.9307750285902043,True,1.0,0.36363636363636365,0.9479651374379162,True,1.0,0.36363636363636365,1.0,True,1.0,0.2727272727272727,,False,0.0,0.0,,False,0.0,0.0
475,4.75,P3,0.9515650909113968,True,0.04843490908860315,3,temporal|spatial|spectral,flow_3d|phase|coherence,1.2696676795405324,0.8015632838676838,1.0,4.6875,undetermined,False,,False,0.0,0.0,0.9188388625684253,True,1.0,0.36363636363636365,0.9479651374379162,True,1.0,0.36363636363636365,1.0,True,1.0,0.2727272727272727,,False,0.0,0.0,,False,0.0,0.0
475,4.75,P4,0.9117674573881092,True,0.08823254261189084,3,temporal|spatial|spectral,flow_3d|phase|coherence,1.2335259472359024,2.681427049965497,1.0,4.6875,undetermined,False,,False,0.0,0.0,0.921055427058898,True,1.0,0.36363636363636365,0.836305080758402,True,1.0,0.36363636363636365,1.0,True,1.0,0.2727272727272727,,False,0.0,0.0,,False,0.0,0.0
476,4.76,P1,0.9340038438458333,True,0.06599615615416665,3,temporal|spatial|spectral,flow_3d|phase|coherence,0.7830957392774822,2.0996657382648416,1.0,4.6875,undetermined,False,,False,0.0,0.0,0.9491329620818981,True,1.0,0.36363636363636365,0.8693776084941437,True,1.0,0.36363636363636365,1.0,True,1.0,0.2727272727272727,,False,0.0,0.0,,False,0.0,0.0
476,4.76,P2,0.9569448835258927,True,0.04305511647410731,3,temporal|spatial|spectral,flow_3d|phase|coherence,1.011475807408429,0.8199019559853578,1.0,4.6875,undetermined,False,,False,0.0,0.0,0.934791545542076,True,1.0,0.36363636363636365,0.9468068841541287,True,1.0,0.36363636363636365,1.0,True,1.0,0.2727272727272727,,False,0.0,0.0,,False,0.0,0.0
476,4.76,P3,0.9561147310765487,True,0.04388526892345135,3,temporal|spatial|spectral,flow_3d|phase|coherence,1.0481531516437768,0.8199019559853578,1.0,4.6875,undetermined,False,,False,0.0,0.0,0.93250862630638,True,1.0,0.36363636363636365,0.9468068841541287,True,1.0,0.36363636363636365,1.0,True,1.0,0.2727272727272727,,False,0.0,0.0,,False,0.0,0.0
476,4.76,P4,0.925065167593478,True,0.07493483240652199,3,temporal|spatial|spectral,flow_3d|phase|coherence,0.8279972561326492,2.479609826572043,1.0,4.6875,undetermined,False,,False,0.0,0.0,0.9462960429530395,True,1.0,0.36363636363636365,0.8476331679290252,True,1.0,0.36363636363636365,1.0,True,1.0,0.2727272727272727,,False,0.0,0.0,,False,0.0,0.0
477,4.77,P1,0.934019960680104,True,0.06598003931989604,3,temporal|spatial|spectral,flow_3d|phase|coherence,0.7447683057228218,2.140854566820702,1.0,4.6875,undetermined,False,,False,0.0,0.0,0.9515612518004126,True,1.0,0.36363636363636365,0.8669936400698733,True,1.0,0.36363636363636365,1.0,True,1.0,0.2727272727272727,,False,0.0,0.0,,False,0.0,0.0
477,4.77,P2,0.9620967652220473,True,0.037903234777952655,3,temporal|spatial|spectral,flow_3d|phase|coherence,0.8478761782056852,0.7579829120583548,1.0,4.6875,undetermined,False,,False,0.0,0.0,0.9450427838980436,True,1.0,0.36363636363636365,0.9507233204625865,True,1.0,0.36363636363636365,1.0,True,1.0,0.2727272727272727,,False,0.0,0.0,,False,0.0,0.0
477,4.77,P3,0.9649456555338407,True,0.03505434446615929,3,temporal|spatial|spectral,flow_3d|phase|coherence,0.7240380903516792,0.7579829120583548,1.0,4.6875,undetermined,False,,False,0.0,0.0,0.9528772322554754,True,1.0,0.36363636363636365,0.9507233204625865,True,1.0,0.36363636363636365,1.0,True,1.0,0.2727272727272727,,False,0.0,0.0,,False,0.0,0.0
477,4.77,P4,0.9456819429649563,True,0.054318057035043665,3,temporal|spatial|spectral,flow_3d|phase|coherence,0.34141842460283645,2.0350711168961975,1.0,4.6875,undetermined,False,,False,0.0,0.0,0.9774958542511973,True,1.0,0.36363636363636365,0.8731294889024328,True,1.0,0.36363636363636365,1.0,True,1.0,0.2727272727272727,,False,0.0,0.0,,False,0.0,0.0
478,4.78,P1,0.9401541839042072,True,0.05984581609579276,3,temporal|spatial|spectral,flow_3d|phase|coherence,0.6335377612982915,1.9724816341654714,1.0,4.6875,undetermined,False,,False,0.0,0.0,0.9586436570792435,True,1.0,0.36363636363636365,0.8767803486573263,True,1.0,0.36363636363636365,1.0,True,1.0,0.2727272727272727,,False,0.0,0.0,,False,0.0,0.0
478,4.78,P2,0.970944446764362,True,0.02905555323563802,3,temporal|spatial|spectral,flow_3d|phase|coherence,0.6012805211797692,0.6218672195216466,1.0,4.6875,undetermined,False,,False,0.0,0.0,0.9607074219047915,True,1.0,0.36363636363636365,0.9593898066972041,True,1.0,0.36363636363636365,1.0,True,1.0,0.2727272727272727,,False,0.0,0.0,,False,0.0,0.0
478,4.78,P3,0.9773425655521923,True,0.022657434447807656,3,temporal|spatial|spectral,flow_3d|phase|coherence,0.3290491361063528,0.6218672195216461,1.0,4.6875,undetermined,False,,False,0.0,0.0,0.9783022485713248,True,1.0,0.36363636363636365,0.9593898066972042,True,1.0,0.36363636363636365,1.0,True,1.0,0.2727272727272727,,False,0.0,0.0,,False,0.0,0.0
478,4.78,P4,0.9634843426622102,True,0.03651565733778983,3,temporal|spatial|spectral,flow_3d|phase|coherence,0.17858082112870122,1.3913254671244353,1.0,4.6875,undetermined,False,,False,0.0,0.0,0.9881652006509387,True,1.0,0.36363636363636365,0.9114167416701391,True,1.0,0.36363636363636365,1.0,True,1.0,0.2727272727272727,,False,0.0,0.0,,False,0.0,0.0
479,4.79,P1,0.9519798288798602,True,0.04802017112013979,3,temporal|spatial|spectral,flow_3d|phase|coherence,0.46029212668046293,1.611028456070255,1.0,4.6875,undetermined,False,,False,0.0,0.0,0.9697798987100407,True,1.0,0.36363636363636365,0.898164630709575,True,1.0,0.36363636363636365,1.0,True,1.0,0.2727272727272727,,False,0.0,0.0,,False,0.0,0.0
479,4.79,P2,0.9827430996876219,True,0.017256900312378143,3,temporal|spatial|spectral,flow_3d|phase|coherence,0.295827337372506,0.42487883073438715,1.0,4.6875,undetermined,False,,False,0.0,0.0,0.98047138046027,True,1.0,0.36363636363636365,0.97207214368069,True,1.0,0.36363636363636365,1.0,True,1.0,0.2727272727272727,,False,0.0,0.0,,False,0.0,0.0
479,4.79,P3,0.9874728030593798,True,0.012527196940620211,3,temporal|spatial|spectral,flow_3d|phase|coherence,0.09814944020201288,0.4248788307343867,1.0,4.6875,undetermined,False,,False,0.0,0.0,0.9934780647326044,True,1.0,0.36363636363636365,0.9720721436806901,True,1.0,0.36363636363636365,1.0,True,1.0,0.2727272727272727,,False,0.0,0.0,,False,0.0,0.0
479,4.79,P4,0.9693342428424856,True,0.030665757157514406,3,temporal|spatial|spectral,flow_3d|phase|coherence,0.6810993318434253,0.6113871866957643,1.0,4.6875,undetermined,False,,False,0.0,0.0,0.9556088311298967,True,1.0,0.36363636363636365,0.9600603366869386,True,1.0,0.36363636363636365,1.0,True,1.0,0.2727272727272727,,False,0.0,0.0,,False,0.0,0.0
480,4.8,P1,0.9733575428614551,True,0.02664245713854485,3,temporal|spatial|spectral,flow_3d|phase|coherence,0.24198989165916635,0.8845274514787143,1.0,4.6875,undetermined,False,,False,0.0,0.0,0.9839967749314493,True,1.0,0.36363636363636365,0.9427364679375525,True,1.0,0.36363636363636365,1.0,True,1.0,0.2727272727272727,,False,0.0,0.0,,False,0.0,0.0
480,4.8,P2,0.9985559287180297,True,0.0014440712819703272,3,temporal|spatial|spectral,flow_3d|phase|coherence,0.03858348736714179,0.02104879483084554,1.0,4.6875,undetermined,False,,False,0.0,0.0,0.9974310728641966,True,1.0,0.36363636363636365,0.998597731110385,True,1.0,0.36363636363636365,1.0,True,1.0,0.2727272727272727,,False,0.0,0.0,,False,0.0,0.0
480,4.8,P3,0.9782908126735883,True,0.021709187326411694,3,temporal|spatial|spectral,flow_3d|phase|coherence,0.5157404654560089,0.39364947821075225,1.0,4.6875,undetermined,False,,False,0.0,0.0,0.9662016707204389,True,1.0,0.36363636363636365,0.9740980641319291,True,1.0,0.36363636363636365,1.0,True,1.0,0.2727272727272727,,False,0.0,0.0,,False,0.0,0.0
480,4.8,P4,0.9733961526801173,True,0.026603847319882745,3,temporal|spatial|spectral,flow_3d|phase|coherence,1.1169470944589843,0.02104879483084554,1.0,4.6875,undetermined,False,,False,0.0,0.0,0.9282416887599374,True,1.0,0.36363636363636365,0.998597731110385,True,1.0,0.36363636363636365,1.0,True,1.0,0.2727272727272727,,False,0.0,0.0,,False,0.0,0.0
481,4.81,P1,0.995239559352549,True,0.004760440647450959,3,temporal|spatial|spectral,flow_3d|phase|coherence,4.884981308350689e-15,0.1976648545570887,1.0,4.6875,undetermined,False,,False,0.0,0.0,0.9999999999999997,True,1.0,0.36363636363636365,0.9869087882195102,True,1.0,0.36363636363636365,1.0,True,1.0,0.2727272727272727,,False,0.0,0.0,,False,0.0,0.0
481,4.81,P2,0.9830397763003225,True,0.016960223699677535,3,temporal|spatial|spectral,flow_3d|phase|coherence,0.3692174915356752,0.338693900216791,1.0,4.6875,undetermined,False,,False,0.0,0.0,0.9756859670298261,True,1.0,0.36363636363636365,0.9776734177960604,True,1.0,0.36363636363636365,1.0,True,1.0,0.2727272727272727,,False,0.0,0.0,,False,0.0,0.0
481,4.81,P3,0.9744548592975395,True,0.0255451407024605,3,temporal|spatial|spectral,flow_3d|phase|coherence,0.8828472205752842,0.1976648545570887,1.0,4.6875,undetermined,False,,False,0.0,0.0,0.9428420748487233,True,1.0,0.36363636363636365,0.9869087882195102,True,1.0,0.36363636363636365,1.0,True,1.0,0.2727272727272727,,False,0.0,0.0,,False,0.0,0.0
481,4.81,P4,0.9482662905094958,True,0.051733709490504154,3,temporal|spatial|spectral,flow_3d|phase|coherence,1.4434602932401432,0.7776464911493663,1.0,4.6875,undetermined,False,,False,0.0,0.0,0.9082544701130695,True,1.0,0.36363636363636365,0.9494778287880443,True,1.0,0.36363636363636365,1.0,True,1.0,0.2727272727272727,,False,0.0,0.0,,False,0.0,0.0
482,4.82,P1,0.9878578943538044,True,0.012142105646195556,3,temporal|spatial|spectral,flow_3d|phase|coherence,0.2419898916591574,0.2631075689066682,1.0,4.6875,undetermined,False,,False,0.0,0.0,0.9839967749314499,True,1.0,0.36363636363636365,0.9826124345415123,True,1.0,0.36363636363636365,1.0,True,1.0,0.2727272727272727,,False,0.0,0.0,,False,0.0,0.0
482,4.82,P2,0.9752176973313976,True,0.024782302668602374,3,temporal|spatial|spectral,flow_3d|phase|coherence,0.663709915143297,0.3777463001964092,1.0,4.6875,undetermined,False,,False,0.0,0.0,0.9567173055409881,True,1.0,0.36363636363636365,0.9751313621203554,True,1.0,0.36363636363636365,1.0,True,1.0,0.2727272727272727,,False,0.0,0.0,,False,0.0,0.0
482,4.82,P3,0.9665365901102589,True,0.03346340988974106,3,temporal|spatial|spectral,flow_3d|phase|coherence,1.1635347385866712,0.2631075689066682,1.0,4.6875,undetermined,False,,False,0.0,0.0,0.9253631882616998,True,1.0,0.36363636363636365,0.9826124345415123,True,1.0,0.36363636363636365,1.0,True,1.0,0.2727272727272727,,False,0.0,0.0,,False,0.0,0.0
482,4.82,P4,0.923545264936837,True,0.07645473506316303,3,temporal|spatial|spectral,flow_3d|phase|coherence,1.6286775413402061,1.70356171736666,1.0,4.6875,undetermined,False,,False,0.0,0.0,0.8971084665655326,True,1.0,0.36363636363636365,0.8926410120107693,True,1.0,0.36363636363636365,1.0,True,1.0,0.2727272727272727,,False,0.0,0.0,,False,0.0,0.0
483,4.83,P1,0.9688111313751441,True,0.031188868624855925,3,temporal|spatial|spectral,flow_3d|phase|coherence,0.4602921266805904,0.8572766553216029,1.0,4.6875,undetermined,False,,False,0.0,0.0,0.9697798987100325,True,1.0,0.36363636363636365,0.9444507125716137,True,1.0,0.36363636363636365,1.0,True,1.0,0.2727272727272727,,False,0.0,0.0,,False,0.0,0.0
483,4.83,P2,0.9661439040412072,True,0.0338560959587928,3,temporal|spatial|spectral,flow_3d|phase|coherence,0.8932337879183958,0.5389737253735385,1.0,4.6875,undetermined,False,,False,0.0,0.0,0.942189441315249,True,1.0,0.36363636363636365,0.9647062947980707,True,1.0,0.36363636363636365,1.0,True,1.0,0.2727272727272727,,False,0.0,0.0,,False,0.0,0.0
483,4.83,P3,0.956304325496688,True,0.04369567450331202,3,temporal|spatial|spectral,flow_3d|phase|coherence,1.3303273695623954,0.5389737253735385,1.0,4.6875,undetermined,False,,False,0.0,0.0,0.9151306003178211,True,1.0,0.36363636363636365,0.9647062947980707,True,1.0,0.36363636363636365,1.0,True,1.0,0.2727272727272727,,False,0.0,0.0,,False,0.0,0.0
483,4.83,P4,0.9102570722103924,True,0.08974292778960757,3,temporal|spatial|spectral,flow_3d|phase|coherence,1.654468484030227,2.303568988301362,1.0,4.6875,undetermined,False,,False,0.0,0.0,0.8955673070072795,True,1.0,0.36363636363636365,0.8576396415712997,True,1.0,0.36363636363636365,1.0,True,1.0,0.2727272727272727,,False,0.0,0.0,,False,0.0,0.0
484,4.84,P1,0.9520093644696602,True,0.047990635530339776,3,temporal|spatial|spectral,flow_3d|phase|coherence,0.6335377612980162,1.4248488953609977,1.0,4.6875,undetermined,False,,False,0.0,0.0,0.958643657079261,True,1.0,0.36363636363636365,0.9093820952123045,True,1.0,0.36363636363636365,1.0,True,1.0,0.2727272727272727,,False,0.0,0.0,,False,0.0,0.0
484,4.84,P2,0.9590578900960882,True,0.04094210990391178,3,temporal|spatial|spectral,flow_3d|phase|coherence,1.0353217140056437,0.7047620127053067,1.0,4.6875,undetermined,False,,False,0.0,0.0,0.9333066626752106,True,1.0,0.36363636363636365,0.9541025350890321,True,1.0,0.36363636363636365,1.0,True,1.0,0.2727272727272727,,False,0.0,0.0,,False,0.0,0.0
484,4.84,P3,0.9516380758378938,True,0.04836192416210616,3,temporal|spatial|spectral,flow_3d|phase|coherence,1.36689828866918,0.7047620127053067,1.0,4.6875,undetermined,False,,False,0.0,0.0,0.912902173465176,True,1.0,0.36363636363636365,0.9541025350890321,True,1.0,0.36363636363636365,1.0,True,1.0,0.2727272727272727,,False,0.0,0.0,,False,0.0,0.0
484,4.84,P4,0.9067009441016478,True,0.09329905589835219,3,temporal|spatial|spectral,flow_3d|phase|coherence,1.518308524143798,2.620767511107748,1.0,4.6875,undetermined,False,,False,0.0,0.0,0.9037336759216713,True,1.0,0.36363636363636365,0.8396939203578601,True,1.0,0.36363636363636365,1.0,True,1.0,0.2727272727272727,,False,0.0,0.0,,False,0.0,0.0
485,4.85,P1,0.9401296566068686,True,0.05987034339313135,3,temporal|spatial|spectral,flow_3d|phase|coherence,0.7447683057229533,1.8529469980162085,1.0,4.6875,undetermined,False,,False,0.0,0.0,0.9515612518004043,True,1.0,0.36363636363636365,0.8837953038684843,True,1.0,0.36363636363636365,1.0,True,1.0,0.2727272727272727,,False,0.0,0.0,,False,0.0,0.0
485,4.85,P2,0.9559055149193165,True,0.044094485080683476,3,temporal|spatial|spectral,flow_3d|phase|coherence,1.0760651372157888,0.8015632838676829,1.0,4.6875,undetermined,False,,False,0.0,0.0,0.9307750285902043,True,1.0,0.36363636363636365,0.9479651374379162,True,1.0,0.36363636363636365,1.0,True,1.0,0.2727272727272727,,False,0.0,0.0,,False,0.0,0.0
485,4.85,P3,0.9515650909113966,True,0.04843490908860337,3,temporal|spatial|spectral,flow_3d|phase|coherence,1.2696676795405413,0.8015632838676829,1.0,4.6875,undetermined,False,,False,0.0,0.0,0.9188388625684247,True,1.0,0.36363636363636365,0.9479651374379162,True,1.0,0.36363636363636365,1.0,True,1.0,0.2727272727272727,,False,0.0,0.0,,False,0.0,0.0
485,4.85,P4,0.9117674573881087,True,0.08823254261189128,3,temporal|spatial|spectral,flow_3d|phase|coherence,1.2335259472359166,2.6814270499654995,1.0,4.6875,undetermined,False,,False,0.0,0.0,0.9210554270588971,True,1.0,0.36363636363636365,0.8363050807584019,True,1.0,0.36363636363636365,1.0,True,1.0,0.2727272727272727,,False,0.0,0.0,,False,0.0,0.0
486,4.86,P1,0.9340038438458278,True,0.0659961561541722,3,temporal|spatial|spectral,flow_3d|phase|coherence,0.7830957392775506,2.0996657382650317,1.0,4.6875,undetermined,False,,False,0.0,0.0,0.9491329620818938,True,1.0,0.36363636363636365,0.8693776084941327,True,1.0,0.36363636363636365,1.0,True,1.0,0.2727272727272727,,False,0.0,0.0,,False,0.0,0.0
486,4.86,P2,0.9569448835258865,True,0.04305511647411353,3,temporal|spatial|spectral,flow_3d|phase|coherence,1.011475807408626,0.8199019559854315,1.0,4.6875,undetermined,False,,False,0.0,0.0,0.9347915455420638,True,1.0,0.36363636363636365,0.9468068841541241,True,1.0,0.36363636363636365,1.0,True,1.0,0.2727272727272727,,False,0.0,0.0,,False,0.0,0.0
486,4.86,P3,0.9561147310765391,True,0.043885268923460896,3,temporal|spatial|spectral,flow_3d|phase|coherence,1.0481531516441231,0.8199019559854315,1.0,4.6875,undetermined,False,,False,0.0,0.0,0.9325086263063584,True,1.0,0.36363636363636365,0.9468068841541241,True,1.0,0.36363636363636365,1.0,True,1.0,0.2727272727272727,,False,0.0,0.0,,False,0.0,0.0
486,4.86,P4,0.9250651675934622,True,0.07493483240653775,3,temporal|spatial|spectral,flow_3d|phase|coherence,0.8279972561331381,2.4796098265722626,1.0,4.6875,undetermined,False,,False,0.0,0.0,0.9462960429530086,True,1.0,0.36363636363636365,0.8476331679290128,True,1.0,0.36363636363636365,1.0,True,1.0,0.2727272727272727,,False,0.0,0.0,,False,0.0,0.0
487,4.87,P1,0.9340199606801042,True,0.06598003931989582,3,temporal|spatial|spectral,flow_3d|phase|coherence,0.7447683057228174,2.140854566820699,1.0,4.6875,undetermined,False,,False,0.0,0.0,0.9515612518004128,True,1.0,0.36363636363636365,0.8669936400698736,True,1.0,0.36363636363636365,1.0,True,1.0,0.2727272727272727,,False,0.0,0.0,,False,0.0,0.0
487,4.87,P2,0.9620967652220501,True,0.03790323477794988,3,temporal|spatial|spectral,flow_3d|phase|coherence,0.847876178205567,0.757982912058349,1.0,4.6875,undetermined,False,,False,0.0,0.0,0.9450427838980511,True,1.0,0.36363636363636365,0.9507233204625868,True,1.0,0.36363636363636365,1.0,True,1.0,0.2727272727272727,,False,0.0,0.0,,False,0.0,0.0
487,4.87,P3,0.9649456555338471,True,0.035054344466152854,3,temporal|spatial|spectral,flow_3d|phase|coherence,0.7240380903514021,0.757982912058349,1.0,4.6875,undetermined,False,,False,0.0,0.0,0.952877232255493,True,1.0,0.36363636363636365,0.9507233204625868,True,1.0,0.36363636363636365,1.0,True,1.0,0.2727272727272727,,False,0.0,0.0,,False,0.0,0.0
487,4.87,P4,0.9456819429649677,True,0.05431805703503234,3,temporal|spatial|spectral,flow_3d|phase|coherence,0.34141842460238814,2.035071116896166,1.0,4.6875,undetermined,False,,False,0.0,0.0,0.9774958542512265,True,1.0,0.36363636363636365,0.8731294889024346,True,1.0,0.36363636363636365,1.0,True,1.0,0.2727272727272727,,False,0.0,0.0,,False,0.0,0.0
488,4.88,P1,0.9401541839042155,True,0.05984581609578454,3,temporal|spatial|spectral,flow_3d|phase|coherence,0.6335377612980997,1.9724816341652915,1.0,4.6875,undetermined,False,,False,0.0,0.0,0.9586436570792557,True,1.0,0.36363636363636365,0.8767803486573368,True,1.0,0.36363636363636365,1.0,True,1.0,0.2727272727272727,,False,0.0,0.0,,False,0.0,0.0
488,4.88,P2,0.9709444467643709,True,0.02905555323562914,3,temporal|spatial|spectral,flow_3d|phase|coherence,0.6012805211794525,0.6218672195215889,1.0,4.6875,undetermined,False,,False,0.0,0.0,0.9607074219048118,True,1.0,0.36363636363636365,0.9593898066972079,True,1.0,0.36363636363636365,1.0,True,1.0,0.2727272727272727,,False,0.0,0.0,,False,0.0,0.0
488,4.88,P3,0.9773425655522037,True,0.022657434447796332,3,temporal|spatial|spectral,flow_3d|phase|coherence,0.3290491361059322,0.6218672195215889,1.0,4.6875,undetermined,False,,False,0.0,0.0,0.9783022485713522,True,1.0,0.36363636363636365,0.9593898066972079,True,1.0,0.36363636363636365,1.0,True,1.0,0.2727272727272727,,False,0.0,0.0,,False,0.0,0.0
488,4.88,P4,0.9634843426622017,True,0.03651565733779827,3,temporal|spatial|spectral,flow_3d|phase|coherence,0.17858082112917195,1.3913254671243016,1.0,4.6875,undetermined,False,,False,0.0,0.0,0.9881652006509077,True,1.0,0.36363636363636365,0.9114167416701472,True,1.0,0.36363636363636365,1.0,True,1.0,0.2727272727272727,,False,0.0,0.0,,False,0.0,0.0
489,4.89,P1,0.9519798288798567,True,0.04802017112014334,3,temporal|spatial|spectral,flow_3d|phase|coherence,0.4602921266806037,1.6110284560702697,1.0,4.6875,undetermined,False,,False,0.0,0.0,0.9697798987100316,True,1.0,0.36363636363636365,0.8981646307095741,True,1.0,0.36363636363636365,1.0,True,1.0,0.2727272727272727,,False,0.0,0.0,,False,0.0,0.0
489,4.89,P2,0.9827430996876152,True,0.017256900312384804,3,temporal|spatial|spectral,flow_3d|phase|coherence,0.2958273373727765,0.42487883073439425,1.0,4.6875,undetermined,False,,False,0.0,0.0,0.9804713804602524,True,1.0,0.36363636363636365,0.9720721436806895,True,1.0,0.36363636363636365,1.0,True,1.0,0.2727272727272727,,False,0.0,0.0,,False,0.0,0.0
489,4.89,P3,0.9874728030593892,True,0.012527196940610774,3,temporal|spatial|spectral,flow_3d|phase|coherence,0.09814944020161231,0.4248788307343947,1.0,4.6875,undetermined,False,,False,0.0,0.0,0.9934780647326309,True,1.0,0.36363636363636365,0.9720721436806895,True,1.0,0.36363636363636365,1.0,True,1.0,0.2727272727272727,,False,0.0,0.0,,False,0.0,0.0
489,4.89,P4,0.9693342428424965,True,0.030665757157503526,3,temporal|spatial|spectral,flow_3d|phase|coherence,0.6810993318429244,0.6113871866957945,1.0,4.6875,undetermined,False,,False,0.0,0.0,0.9556088311299286,True,1.0,0.36363636363636365,0.9600603366869366,True,1.0,0.36363636363636365,1.0,True,1.0,0.2727272727272727,,False,0.0,0.0,,False,0.0,0.0
490,4.9,P1,0.973357542861448,True,0.026642457138551956,3,temporal|spatial|spectral,flow_3d|phase|coherence,0.2419898916594016,0.8845274514787826,1.0,4.6875,undetermined,False,,False,0.0,0.0,0.9839967749314339,True,1.0,0.36363636363636365,0.9427364679375483,True,1.0,0.36363636363636365,1.0,True,1.0,0.2727272727272727,,False,0.0,0.0,,False,0.0,0.0
490,4.9,P2,0.9985559287180368,True,0.0014440712819632218,3,temporal|spatial|spectral,flow_3d|phase|coherence,0.038583487366836255,0.021048794830854867,1.0,4.6875,undetermined,False,,False,0.0,0.0,0.997431072864217,True,1.0,0.36363636363636365,0.9985977311103844,True,1.0,0.36363636363636365,1.0,True,1.0,0.2727272727272727,,False,0.0,0.0,,False,0.0,0.0
490,4.9,P3,0.978290812673595,True,0.021709187326405033,3,temporal|spatial|spectral,flow_3d|phase|coherence,0.515740465455691,0.3936494782107891,1.0,4.6875,undetermined,False,,False,0.0,0.0,0.9662016707204595,True,1.0,0.36363636363636365,0.9740980641319267,True,1.0,0.36363636363636365,1.0,True,1.0,0.2727272727272727,,False,0.0,0.0,,False,0.0,0.0
490,4.9,P4,0.9733961526801227,True,0.026603847319877305,3,temporal|spatial|spectral,flow_3d|phase|coherence,1.1169470944587339,0.021048794830854867,1.0,4.6875,undetermined,False,,False,0.0,0.0,0.9282416887599528,True,1.0,0.36363636363636365,0.9985977311103844,True,1.0,0.36363636363636365,1.0,True,1.0,0.2727272727272727,,False,0.0,0.0,,False,0.0,0.0
491,4.91,P1,0.9952395593525443,True,0.004760440647455733,3,temporal|spatial|spectral,flow_3d|phase|coherence,2.255973186038318e-13,0.19766485455706295,1.0,4.6875,undetermined,False,,False,0.0,0.0,0.999999999999985,True,1.0,0.36363636363636365,0.9869087882195119,True,1.0,0.36363636363636365,1.0,True,1.0,0.2727272727272727,,False,0.0,0.0,,False,0.0,0.0
491,4.91,P2,0.9830397763003145,True,0.016960223699685528,3,temporal|spatial|spectral,flow_3d|phase|coherence,0.3692174915360047,0.338693900216795,1.0,4.6875,undetermined,False,,False,0.0,0.0,0.9756859670298046,True,1.0,0.36363636363636365,0.9776734177960602,True,1.0,0.36363636363636365,1.0,True,1.0,0.2727272727272727,,False,0.0,0.0,,False,0.0,0.0
491,4.91,P3,0.9744548592975312,True,0.025545140702468827,3,temporal|spatial|spectral,flow_3d|phase|coherence,0.8828472205756714,0.19766485455706295,1.0,4.6875,undetermined,False,,False,0.0,0.0,0.9428420748486989,True,1.0,0.36363636363636365,0.9869087882195119,True,1.0,0.36363636363636365,1.0,True,1.0,0.2727272727272727,,False,0.0,0.0,,False,0.0,0.0
491,4.91,P4,0.9482662905094867,True,0.05173370949051326,3,temporal|spatial|spectral,flow_3d|phase|coherence,1.4434602932405056,0.777646491149417,1.0,4.6875,undetermined,False,,False,0.0,0.0,0.9082544701130475,True,1.0,0.36363636363636365,0.9494778287880411,True,1.0,0.36363636363636365,1.0,True,1.0,0.2727272727272727,,False,0.0,0.0,,False,0.0,0.0
492,4.92,P1,0.9878578943538001,True,0.012142105646199886,3,temporal|spatial|spectral,flow_3d|phase|coherence,0.24198989165935458,0.26310756890664955,1.0,4.6875,undetermined,False,,False,0.0,0.0,0.9839967749314369,True,1.0,0.36363636363636365,0.9826124345415135,True,1.0,0.36363636363636365,1.0,True,1.0,0.2727272727272727,,False,0.0,0.0,,False,0.0,0.0
492,4.92,P2,0.9752176973313941,True,0.024782302668605927,3,temporal|spatial|spectral,flow_3d|phase|coherence,0.6637099151434871,0.37774630019637545,1.0,4.6875,undetermined,False,,False,0.0,0.0,0.956717305540976,True,1.0,0.36363636363636365,0.9751313621203577,True,1.0,0.36363636363636365,1.0,True,1.0,0.2727272727272727,,False,0.0,0.0,,False,0.0,0.0
492,4.92,P3,0.9665365901102569,True,0.033463409889743057,3,temporal|spatial|spectral,flow_3d|phase|coherence,1.1635347385867796,0.26310756890664955,1.0,4.6875,undetermined,False,,False,0.0,0.0,0.9253631882616932,True,1.0,0.36363636363636365,0.9826124345415135,True,1.0,0.36363636363636365,1.0,True,1.0,0.2727272727272727,,False,0.0,0.0,,False,0.0,0.0
492,4.92,P4,0.923545264936841,True,0.07645473506315903,3,temporal|spatial|spectral,flow_3d|phase|coherence,1.628677541340167,1.703561717366517,1.0,4.6875,undetermined,False,,False,0.0,0.0,0.8971084665655349,True,1.0,0.36363636363636365,0.8926410120107778,True,1.0,0.36363636363636365,1.0,True,1.0,0.2727272727272727,,False,0.0,0.0,,False,0.0,0.0
493,4.93,P1,0.9688111313751498,True,0.031188868624850152,3,temporal|spatial|spectral,flow_3d|phase|coherence,0.46029212668036656,0.8572766553215816,1.0,4.6875,undetermined,False,,False,0.0,0.0,0.9697798987100469,True,1.0,0.36363636363636365,0.9444507125716151,True,1.0,0.36363636363636365,1.0,True,1.0,0.2727272727272727,,False,0.0,0.0,,False,0.0,0.0
493,4.93,P2,0.9661439040412131,True,0.033856095958786914,3,temporal|spatial|spectral,flow_3d|phase|coherence,0.8932337879181418,0.5389737253735314,1.0,4.6875,undetermined,False,,False,0.0,0.0,0.9421894413152649,True,1.0,0.36363636363636365,0.9647062947980711,True,1.0,0.36363636363636365,1.0,True,1.0,0.2727272727272727,,False,0.0,0.0,,False,0.0,0.0
493,4.93,P3,0.9563043254966928,True,0.04369567450330725,3,temporal|spatial|spectral,flow_3d|phase|coherence,1.3303273695621805,0.5389737253735314,1.0,4.6875,undetermined,False,,False,0.0,0.0,0.9151306003178342,True,1.0,0.36363636363636365,0.9647062947980711,True,1.0,0.36363636363636365,1.0,True,1.0,0.2727272727272727,,False,0.0,0.0,,False,0.0,0.0
493,4.93,P4,0.9102570722103949,True,0.08974292778960513,3,temporal|spatial|spectral,flow_3d|phase|coherence,1.6544684840301294,2.3035689883013477,1.0,4.6875,undetermined,False,,False,0.0,0.0,0.8955673070072854,True,1.0,0.36363636363636365,0.8576396415713005,True,1.0,0.36363636363636365,1.0,True,1.0,0.2727272727272727,,False,0.0,0.0,,False,0.0,0.0
494,4.94,P1,0.952009364469659,True,0.047990635530341,3,temporal|spatial|spectral,flow_3d|phase|coherence,0.6335377612979425,1.4248488953611318,1.0,4.6875,undetermined,False,,False,0.0,0.0,0.9586436570792658,True,1.0,0.36363636363636365,0.9093820952122963,True,1.0,0.36363636363636365,1.0,True,1.0,0.2727272727272727,,False,0.0,0.0,,False,0.0,0.0
494,4.94,P2,0.9590578900960866,True,0.04094210990391345,3,temporal|spatial|spectral,flow_3d|phase|coherence,1.0353217140056525,0.7047620127053715,1.0,4.6875,undetermined,False,,False,0.0,0.0,0.93330666267521,True,1.0,0.36363636363636365,0.954102535089028,True,1.0,0.36363636363636365,1.0,True,1.0,0.2727272727272727,,False,0.0,0.0,,False,0.0,0.0
494,4.94,P3,0.9516380758378891,True,0.048361924162110936,3,temporal|spatial|spectral,flow_3d|phase|coherence,1.3668982886693328,0.7047620127053715,1.0,4.6875,undetermined,False,,False,0.0,0.0,0.9129021734651668,True,1.0,0.36363636363636365,0.954102535089028,True,1.0,0.36363636363636365,1.0,True,1.0,0.2727272727272727,,False,0.0,0.0,,False,0.0,0.0
494,4.94,P4,0.9067009441016356,True,0.0932990558983644,3,temporal|spatial|spectral,flow_3d|phase|coherence,1.5183085241441319,2.620767511107987,1.0,4.6875,undetermined,False,,False,0.0,0.0,0.9037336759216512,True,1.0,0.36363636363636365,0.8396939203578467,True,1.0,0.36363636363636365,1.0,True,1.0,0.2727272727272727,,False,0.0,0.0,,False,0.0,0.0
495,4.95,P1,0.940129656606865,True,0.05987034339313502,3,temporal|spatial|spectral,flow_3d|phase|coherence,0.7447683057230918,1.852946998016228,1.0,4.6875,undetermined,False,,False,0.0,0.0,0.9515612518003955,True,1.0,0.36363636363636365,0.8837953038684832,True,1.0,0.36363636363636365,1.0,True,1.0,0.2727272727272727,,False,0.0,0.0,,False,0.0,0.0
495,4.95,P2,0.9559055149193146,True,0.044094485080685364,3,temporal|spatial|spectral,flow_3d|phase|coherence,1.076065137215874,0.8015632838676856,1.0,4.6875,undetermined,False,,False,0.0,0.0,0.9307750285901991,True,1.0,0.36363636363636365,0.9479651374379161,True,1.0,0.36363636363636365,1.0,True,1.0,0.2727272727272727,,False,0.0,0.0,,False,0.0,0.0
495,4.95,P3,0.9515650909113975,True,0.048434909088602485,3,temporal|spatial|spectral,flow_3d|phase|coherence,1.2696676795405022,0.8015632838676856,1.0,4.6875,undetermined,False,,False,0.0,0.0,0.9188388625684272,True,1.0,0.36363636363636365,0.9479651374379161,True,1.0,0.36363636363636365,1.0,True,1.0,0.2727272727272727,,False,0.0,0.0,,False,0.0,0.0
495,4.95,P4,0.9117674573881137,True,0.08823254261188629,3,temporal|spatial|spectral,flow_3d|phase|coherence,1.2335259472356963,2.681427049965495,1.0,4.6875,undetermined,False,,False,0.0,0.0,0.9210554270589106,True,1.0,0.36363636363636365,0.8363050807584022,True,1.0,0.36363636363636365,1.0,True,1.0,0.2727272727272727,,False,0.0,0.0,,False,0.0,0.0
496,4.96,P1,0.9340038438458333,True,0.06599615615416665,3,temporal|spatial|spectral,flow_3d|phase|coherence,0.7830957392774813,2.099665738264844,1.0,4.6875,undetermined,False,,False,0.0,0.0,0.9491329620818982,True,1.0,0.36363636363636365,0.8693776084941436,True,1.0,0.36363636363636365,1.0,True,1.0,0.2727272727272727,,False,0.0,0.0,,False,0.0,0.0
496,4.96,P2,0.9569448835258927,True,0.04305511647410731,3,temporal|spatial|spectral,flow_3d|phase|coherence,1.0114758074084254,0.8199019559853573,1.0,4.6875,undetermined,False,,False,0.0,0.0,0.9347915455420762,True,1.0,0.36363636363636365,0.9468068841541287,True,1.0,0.36363636363636365,1.0,True,1.0,0.2727272727272727,,False,0.0,0.0,,False,0.0,0.0
496,4.96,P3,0.9561147310765488,True,0.04388526892345124,3,temporal|spatial|spectral,flow_3d|phase|coherence,1.0481531516437688,0.8199019559853573,1.0,4.6875,undetermined,False,,False,0.0,0.0,0.9325086263063805,True,1.0,0.36363636363636365,0.9468068841541287,True,1.0,0.36363636363636365,1.0,True,1.0,0.2727272727272727,,False,0.0,0.0,,False,0.0,0.0
496,4.96,P4,0.9250651675934785,True,0.07493483240652155,3,temporal|spatial|spectral,flow_3d|phase|coherence,0.827997256132639,2.4796098265720365,1.0,4.6875,undetermined,False,,False,0.0,0.0,0.9462960429530402,True,1.0,0.36363636363636365,0.8476331679290255,True,1.0,0.36363636363636365,1.0,True,1.0,0.2727272727272727,,False,0.0,0.0,,False,0.0,0.0
497,4.97,P1,0.9340199606801041,True,0.06598003931989593,3,temporal|spatial|spectral,flow_3d|phase|coherence,0.74476830572282,2.140854566820701,1.0,4.6875,undetermined,False,,False,0.0,0.0,0.9515612518004127,True,1.0,0.36363636363636365,0.8669936400698735,True,1.0,0.36363636363636365,1.0,True,1.0,0.2727272727272727,,False,0.0,0.0,,False,0.0,0.0
497,4.97,P2,0.9620967652220475,True,0.037903234777952544,3,temporal|spatial|spectral,flow_3d|phase|coherence,0.8478761782056816,0.757982912058353,1.0,4.6875,undetermined,False,,False,0.0,0.0,0.9450427838980439,True,1.0,0.36363636363636365,0.9507233204625866,True,1.0,0.36363636363636365,1.0,True,1.0,0.2727272727272727,,False,0.0,0.0,,False,0.0,0.0
497,4.97,P3,0.9649456555338409,True,0.03505434446615907,3,temporal|spatial|spectral,flow_3d|phase|coherence,0.724038090351673,0.757982912058353,1.0,4.6875,undetermined,False,,False,0.0,0.0,0.9528772322554758,True,1.0,0.36363636363636365,0.9507233204625866,True,1.0,0.36363636363636365,1.0,True,1.0,0.2727272727272727,,False,0.0,0.0,,False,0.0,0.0
497,4.97,P4,0.9456819429649569,True,0.05431805703504311,3,temporal|spatial|spectral,flow_3d|phase|coherence,0.3414184246028258,2.035071116896185,1.0,4.6875,undetermined,False,,False,0.0,0.0,0.977495854251198,True,1.0,0.36363636363636365,0.8731294889024335,True,1.0,0.36363636363636365,1.0,True,1.0,0.2727272727272727,,False,0.0,0.0,,False,0.0,0.0
498,4.98,P1,0.9401541839042074,True,0.05984581609579265,3,temporal|spatial|spectral,flow_3d|phase|coherence,0.6335377612982889,1.9724816341654652,1.0,4.6875,undetermined,False,,False,0.0,0.0,0.9586436570792436,True,1.0,0.36363636363636365,0.8767803486573267,True,1.0,0.36363636363636365,1.0,True,1.0,0.2727272727272727,,False,0.0,0.0,,False,0.0,0.0
498,4.98,P2,0.9709444467643623,True,0.029055553235637688,3,temporal|spatial|spectral,flow_3d|phase|coherence,0.6012805211797634,0.6218672195216426,1.0,4.6875,undetermined,False,,False,0.0,0.0,0.960707421904792,True,1.0,0.36363636363636365,0.9593898066972044,True,1.0,0.36363636363636365,1.0,True,1.0,0.2727272727272727,,False,0.0,0.0,,False,0.0,0.0
498,4.98,P3,0.9773425655521927,True,0.022657434447807323,3,temporal|spatial|spectral,flow_3d|phase|coherence,0.3290491361063428,0.6218672195216426,1.0,4.6875,undetermined,False,,False,0.0,0.0,0.9783022485713254,True,1.0,0.36363636363636365,0.9593898066972044,True,1.0,0.36363636363636365,1.0,True,1.0,0.2727272727272727,,False,0.0,0.0,,False,0.0,0.0
498,4.98,P4,0.9634843426622102,True,0.03651565733778983,3,temporal|spatial|spectral,flow_3d|phase|coherence,0.17858082112871188,1.3913254671244193,1.0,4.6875,undetermined,False,,False,0.0,0.0,0.988165200650938,True,1.0,0.36363636363636365,0.91141674167014,True,1.0,0.36363636363636365,1.0,True,1.0,0.2727272727272727,,False,0.0,0.0,,False,0.0,0.0
499,4.99,P1,0.9519798288798605,True,0.048020171120139454,3,temporal|spatial|spectral,flow_3d|phase|coherence,0.4602921266804585,1.6110284560702453,1.0,4.6875,undetermined,False,,False,0.0,0.0,0.969779898710041,True,1.0,0.36363636363636365,0.8981646307095755,True,1.0,0.36363636363636365,1.0,True,1.0,0.2727272727272727,,False,0.0,0.0,,False,0.0,0.0
499,4.99,P2,0.9827430996876221,True,0.01725690031237792,3,temporal|spatial|spectral,flow_3d|phase|coherence,0.29582733737249883,0.42487883073438226,1.0,4.6875,undetermined,False,,False,0.0,0.0,0.9804713804602706,True,1.0,0.36363636363636365,0.9720721436806903,True,1.0,0.36363636363636365,1.0,True,1.0,0.2727272727272727,,False,0.0,0.0,,False,0.0,0.0
499,4.99,P3,0.9874728030593796,True,0.012527196940620433,3,temporal|spatial|spectral,flow_3d|phase|coherence,0.09814944020202176,0.42487883073438226,1.0,4.6875,undetermined,False,,False,0.0,0.0,0.9934780647326037,True,1.0,0.36363636363636365,0.9720721436806903,True,1.0,0.36363636363636365,1.0,True,1.0,0.2727272727272727,,False,0.0,0.0,,False,0.0,0.0
499,4.99,P4,0.9693342428424857,True,0.030665757157514295,3,temporal|spatial|spectral,flow_3d|phase|coherence,0.681099331843436,0.6113871866957448,1.0,4.6875,undetermined,False,,False,0.0,0.0,0.9556088311298959,True,1.0,0.36363636363636365,0.9600603366869398,True,1.0,0.36363636363636365,1.0,True,1.0,0.2727272727272727,,False,0.0,0.0,,False,0.0,0.0
500,5.0,P1,0.9733575428614558,True,0.026642457138544184,3,temporal|spatial|spectral,flow_3d|phase|coherence,0.24198989165916082,0.884527451478696,1.0,4.6875,undetermined,False,,False,0.0,0.0,0.9839967749314497,True,1.0,0.36363636363636365,0.9427364679375537,True,1.0,0.36363636363636365,1.0,True,1.0,0.2727272727272727,,False,0.0,0.0,,False,0.0,0.0
500,5.0,P2,0.9985559287180292,True,0.0014440712819707713,3,temporal|spatial|spectral,flow_3d|phase|coherence,0.03858348736714934,0.021048794830856643,1.0,4.6875,undetermined,False,,False,0.0,0.0,0.9974310728641961,True,1.0,0.36363636363636365,0.9985977311103842,True,1.0,0.36363636363636365,1.0,True,1.0,0.2727272727272727,,False,0.0,0.0,,False,0.0,0.0
500,5.0,P3,0.9782908126735882,True,0.021709187326411805,3,temporal|spatial|spectral,flow_3d|phase|coherence,0.5157404654560178,0.3936494782107518,1.0,4.6875,undetermined,False,,False,0.0,0.0,0.9662016707204384,True,1.0,0.36363636363636365,0.9740980641319291,True,1.0,0.36363636363636365,1.0,True,1.0,0.2727272727272727,,False,0.0,0.0,,False,0.0,0.0
500,5.0,P4,0.9733961526801169,True,0.02660384731988308,3,temporal|spatial|spectral,flow_3d|phase|coherence,1.1169470944589897,0.021048794830856643,1.0,4.6875,undetermined,False,,False,0.0,0.0,0.9282416887599371,True,1.0,0.36363636363636365,0.9985977311103842,True,1.0,0.36363636363636365,1.0,True,1.0,0.2727272727272727,,False,0.0,0.0,,False,0.0,0.0
