frame,point_id,raw_X_mm,raw_Y_mm,raw_Z_mm,timestamp_s,corrected_X_mm,corrected_Y_mm,corrected_Z_mm,correction_applied,correction_method,correction_magnitude_mm,correction_reason,transient_protected,X_gt_mm,Y_gt_mm,Z_gt_mm
0,P1,-150.0,0.0,2000.0,0.0,-150.0,0.0,2000.0,False,none,0.0,physics_confidence_above_threshold,False,-150.0,0.0,2000.0
0,P2,-50.0,3.7718758820099647,2000.0,0.0,-50.0,3.7718758820099647,2000.0,False,none,0.0,physics_confidence_above_threshold,False,-50.0,3.7718758820099647,2000.0
0,P3,50.0,9.019047621327674,2000.0,0.0,50.0,9.019047621327674,2000.0,False,none,0.0,physics_confidence_above_threshold,False,50.0,9.019047621327674,2000.0
0,P4,150.0,14.746194835098288,2000.0,0.0,150.0,14.746194835098288,2000.0,False,none,0.0,physics_confidence_above_threshold,False,150.0,14.746194835098288,2000.0
1,P1,-150.0,2.472135954999579,2000.0,0.01,-150.0,2.472135954999579,2000.0,False,none,0.0,physics_confidence_above_threshold,False,-150.0,2.472135954999579,2000.0
1,P2,-50.0,6.780370591783421,2000.0,0.01,-50.0,6.780370591783421,2000.0,False,none,0.0,physics_confidence_above_threshold,False,-50.0,6.780370591783421,2000.0
1,P3,50.0,11.886513285441374,2000.0,0.01,50.0,11.886513285441374,2000.0,False,none,0.0,physics_confidence_above_threshold,False,50.0,11.886513285441374,2000.0
1,P4,150.0,16.63834915350557,2000.0,0.01,150.0,16.63834915350557,2000.0,False,none,0.0,physics_confidence_above_threshold,False,150.0,16.63834915350557,2000.0
2,P1,-150.0,4.702282018339785,2000.0,0.02,-150.0,4.702282018339785,2000.0,False,none,0.0,physics_confidence_above_threshold,False,-150.0,4.702282018339785,2000.0
2,P2,-50.0,9.125155386413331,2000.0,0.02,-50.0,9.125155386413331,2000.0,False,none,0.0,physics_confidence_above_threshold,False,-50.0,9.125155386413331,2000.0
2,P3,50.0,13.590444210968194,2000.0,0.02,50.0,13.590444210968194,2000.0,False,none,0.0,physics_confidence_above_threshold,False,50.0,13.590444210968194,2000.0
2,P4,150.0,16.901825930572564,2000.0,0.02,150.0,16.901825930572564,2000.0,False,none,0.0,physics_confidence_above_threshold,False,150.0,16.901825930572564,2000.0
3,P1,-150.0,6.47213595499958,2000.0,0.03,-150.0,6.47213595499958,2000.0,False,none,0.0,physics_confidence_above_threshold,False,-150.0,6.47213595499958,2000.0
3,P2,-50.0,10.57670639312502,2000.0,0.03,-50.0,10.57670639312502,2000.0,False,none,0.0,physics_confidence_above_threshold,False,-50.0,10.57670639312502,2000.0
3,P3,50.0,13.964047766932723,2000.0,0.03,50.0,13.964047766932723,2000.0,False,none,0.0,physics_confidence_above_threshold,False,50.0,13.964047766932723,2000.0
3,P4,150.0,15.510834223609296,2000.0,0.03,150.0,15.510834223609296,2000.0,False,none,0.0,physics_confidence_above_threshold,False,150.0,15.510834223609296,2000.0
4,P1,-150.0,7.608452130361228,2000.0,0.04,-150.0,7.608452130361228,2000.0,False,none,0.0,physics_confidence_above_threshold,False,-150.0,7.608452130361228,2000.0
4,P2,-50.0,10.992935685830988,2000.0,0.04,-50.0,10.992935685830988,2000.0,False,none,0.0,physics_confidence_above_threshold,False,-50.0,10.992935685830988,2000.0
4,P3,50.0,12.97075303422811,2000.0,0.04,50.0,12.97075303422811,2000.0,False,none,0.0,physics_confidence_above_threshold,False,50.0,12.97075303422811,2000.0
4,P4,150.0,12.601533992502443,2000.0,0.04,150.0,12.601533992502443,2000.0,False,none,0.0,physics_confidence_above_threshold,False,150.0,12.601533992502443,2000.0
5,P1,-150.0,8.0,2000.0,0.05,-150.0,8.0,2000.0,False,none,0.0,physics_confidence_above_threshold,False,-150.0,8.0,2000.0
5,P2,-50.0,10.333099841321168,2000.0,0.05,-50.0,10.333099841321168,2000.0,False,none,0.0,physics_confidence_above_threshold,False,-50.0,10.333099841321168,2000.0
5,P3,50.0,10.707790621982838,2000.0,0.05,50.0,10.707790621982838,2000.0,False,none,0.0,physics_confidence_above_threshold,False,50.0,10.707790621982838,2000.0
5,P4,150.0,8.458707814159363,2000.0,0.05,150.0,8.458707814159363,2000.0,False,none,0.0,physics_confidence_above_threshold,False,150.0,8.458707814159363,2000.0
6,P1,-150.0,7.608452130361229,2000.0,0.06,-150.0,7.608452130361229,2000.0,False,none,0.0,physics_confidence_above_threshold,False,-150.0,7.608452130361229,2000.0
6,P2,-50.0,8.661788189402841,2000.0,0.06,-50.0,8.661788189402841,2000.0,False,none,0.0,physics_confidence_above_threshold,False,-50.0,8.661788189402841,2000.0
6,P3,50.0,7.396675058093715,2000.0,0.06,50.0,7.396675058093715,2000.0,False,none,0.0,physics_confidence_above_threshold,False,50.0,7.396675058093715,2000.0
6,P4,150.0,3.487884379683551,2000.0,0.06,150.0,3.487884379683551,2000.0,False,none,0.0,physics_confidence_above_threshold,False,150.0,3.487884379683551,2000.0
7,P1,-150.0,6.47213595499958,2000.0,0.07,-150.0,6.47213595499958,2000.0,False,none,0.0,physics_confidence_above_threshold,False,-150.0,6.47213595499958,2000.0
7,P2,-50.0,6.1426003592787755,2000.0,0.07,-50.0,6.1426003592787755,2000.0,False,none,0.0,physics_confidence_above_threshold,False,-50.0,6.1426003592787755,2000.0
7,P3,50.0,3.361521403852886,2000.0,0.07,50.0,3.361521403852886,2000.0,False,none,0.0,physics_confidence_above_threshold,False,50.0,3.361521403852886,2000.0
7,P4,150.0,-1.8243574793951207,2000.0,0.07,150.0,-1.8243574793951207,2000.0,False,none,0.0,physics_confidence_above_threshold,False,150.0,-1.8243574793951207,2000.0
8,P1,-150.0,4.702282018339786,2000.0,0.08,-150.0,4.702282018339786,2000.0,False,none,0.0,physics_confidence_above_threshold,False,-150.0,4.702282018339786,2000.0
8,P2,-50.0,3.0221320079752214,2000.0,0.08,-50.0,3.0221320079752214,2000.0,False,none,0.0,physics_confidence_above_threshold,False,-50.0,3.0221320079752214,2000.0
8,P3,50.0,-1.0026813864938753,2000.0,0.08,50.0,-1.0026813864938753,2000.0,False,none,0.0,physics_confidence_above_threshold,False,50.0,-1.0026813864938753,2000.0
8,P4,150.0,-6.9580185173446125,2000.0,0.08,150.0,-6.9580185173446125,2000.0,False,none,0.0,physics_confidence_above_threshold,False,150.0,-6.9580185173446125,2000.0
9,P1,-150.0,2.47213595499958,2000.0,0.09,-150.0,2.47213595499958,2000.0,False,none,0.0,physics_confidence_above_threshold,False,-150.0,2.47213595499958,2000.0
9,P2,-50.0,-0.3941636807007931,2000.0,0.09,-50.0,-0.3941636807007931,2000.0,False,none,0.0,physics_confidence_above_threshold,False,-50.0,-0.3941636807007931,2000.0
9,P3,50.0,-5.268734736638605,2000.0,0.09,50.0,-5.268734736638605,2000.0,False,none,0.0,physics_confidence_above_threshold,False,50.0,-5.268734736638605,2000.0
9,P4,150.0,-11.410580223450754,2000.0,0.09,150.0,-11.410580223450754,2000.0,False,none,0.0,physics_confidence_above_threshold,False,150.0,-11.410580223450754,2000.0
10,P1,-150.0,9.797174393178826e-16,2000.0,0.1,-150.0,9.797174393178826e-16,2000.0,False,none,0.0,physics_confidence_above_threshold,False,-150.0,9.797174393178826e-16,2000.0
10,P2,-50.0,-3.7718758820099647,2000.0,0.1,-50.0,-3.7718758820099647,2000.0,False,none,0.0,physics_confidence_above_threshold,False,-50.0,-3.7718758820099647,2000.0
10,P3,50.0,-9.019047621327676,2000.0,0.1,50.0,-9.019047621327676,2000.0,False,none,0.0,physics_confidence_above_threshold,False,50.0,-9.019047621327676,2000.0
10,P4,150.0,-14.746194835098285,2000.0,0.1,150.0,-14.746194835098285,2000.0,False,none,0.0,physics_confidence_above_threshold,False,150.0,-14.746194835098285,2000.0
11,P1,-150.0,-2.4721359549995783,2000.0,0.11,-150.0,-2.4721359549995783,2000.0,False,none,0.0,physics_confidence_above_threshold,False,-150.0,-2.4721359549995783,2000.0
11,P2,-50.0,-6.780370591783419,2000.0,0.11,-50.0,-6.780370591783419,2000.0,False,none,0.0,physics_confidence_above_threshold,False,-50.0,-6.780370591783419,2000.0
11,P3,50.0,-11.886513285441374,2000.0,0.11,50.0,-11.886513285441374,2000.0,False,none,0.0,physics_confidence_above_threshold,False,50.0,-11.886513285441374,2000.0
11,P4,150.0,-16.63834915350557,2000.0,0.11,150.0,-16.63834915350557,2000.0,False,none,0.0,physics_confidence_above_threshold,False,150.0,-16.63834915350557,2000.0
12,P1,-150.0,-4.702282018339784,2000.0,0.12,-150.0,-4.702282018339784,2000.0,False,none,0.0,physics_confidence_above_threshold,False,-150.0,-4.702282018339784,2000.0
12,P2,-50.0,-9.12515538641333,2000.0,0.12,-50.0,-9.12515538641333,2000.0,False,none,0.0,physics_confidence_above_threshold,False,-50.0,-9.12515538641333,2000.0
12,P3,50.0,-13.590444210968196,2000.0,0.12,50.0,-13.590444210968196,2000.0,False,none,0.0,physics_confidence_above_threshold,False,50.0,-13.590444210968196,2000.0
12,P4,150.0,-16.901825930572564,2000.0,0.12,150.0,-16.901825930572564,2000.0,False,none,0.0,physics_confidence_above_threshold,False,150.0,-16.901825930572564,2000.0
13,P1,-150.0,-6.472135954999579,2000.0,0.13,-150.0,-6.472135954999579,2000.0,False,none,0.0,physics_confidence_above_threshold,False,-150.0,-6.472135954999579,2000.0
13,P2,-50.0,-10.576706393125018,2000.0,0.13,-50.0,-10.576706393125018,2000.0,False,none,0.0,physics_confidence_above_threshold,False,-50.0,-10.576706393125018,2000.0
13,P3,50.0,-13.964047766932723,2000.0,0.13,50.0,-13.964047766932723,2000.0,False,none,0.0,physics_confidence_above_threshold,False,50.0,-13.964047766932723,2000.0
13,P4,150.0,-15.5108342236093,2000.0,0.13,150.0,-15.5108342236093,2000.0,False,none,0.0,physics_confidence_above_threshold,False,150.0,-15.5108342236093,2000.0
14,P1,-150.0,-7.608452130361228,2000.0,0.14,-150.0,-7.608452130361228,2000.0,False,none,0.0,physics_confidence_above_threshold,False,-150.0,-7.608452130361228,2000.0
14,P2,-50.0,-10.992935685830988,2000.0,0.14,-50.0,-10.992935685830988,2000.0,False,none,0.0,physics_confidence_above_threshold,False,-50.0,-10.992935685830988,2000.0
14,P3,50.0,-12.97075303422811,2000.0,0.14,50.0,-12.97075303422811,2000.0,False,none,0.0,physics_confidence_above_threshold,False,50.0,-12.97075303422811,2000.0
14,P4,150.0,-12.601533992502443,2000.0,0.14,150.0,-12.601533992502443,2000.0,False,none,0.0,physics_confidence_above_threshold,False,150.0,-12.601533992502443,2000.0
15,P1,-150.0,-8.0,2000.0,0.15,-150.0,-8.0,2000.0,False,none,0.0,physics_confidence_above_threshold,False,-150.0,-8.0,2000.0
15,P2,-50.0,-10.33309984132117,2000.0,0.15,-50.0,-10.33309984132117,2000.0,False,none,0.0,physics_confidence_above_threshold,False,-50.0,-10.33309984132117,2000.0
15,P3,50.0,-10.707790621982838,2000.0,0.15,50.0,-10.707790621982838,2000.0,False,none,0.0,physics_confidence_above_threshold,False,50.0,-10.707790621982838,2000.0
15,P4,150.0,-8.458707814159364,2000.0,0.15,150.0,-8.458707814159364,2000.0,False,none,0.0,physics_confidence_above_threshold,False,150.0,-8.458707814159364,2000.0
16,P1,-150.0,-7.608452130361229,2000.0,0.16,-150.0,-7.608452130361229,2000.0,False,none,0.0,physics_confidence_above_threshold,False,-150.0,-7.608452130361229,2000.0
16,P2,-50.0,-8.661788189402845,2000.0,0.16,-50.0,-8.661788189402845,2000.0,False,none,0.0,physics_confidence_above_threshold,False,-50.0,-8.661788189402845,2000.0
16,P3,50.0,-7.396675058093717,2000.0,0.16,50.0,-7.396675058093717,2000.0,False,none,0.0,physics_confidence_above_threshold,False,50.0,-7.396675058093717,2000.0
16,P4,150.0,-3.4878843796835532,2000.0,0.16,150.0,-3.4878843796835532,2000.0,False,none,0.0,physics_confidence_above_threshold,False,150.0,-3.4878843796835532,2000.0
17,P1,-150.0,-6.4721359549995805,2000.0,0.17,-150.0,-6.4721359549995805,2000.0,False,none,0.0,physics_confidence_above_threshold,False,-150.0,-6.4721359549995805,2000.0
17,P2,-50.0,-6.142600359278781,2000.0,0.17,-50.0,-6.142600359278781,2000.0,False,none,0.0,physics_confidence_above_threshold,False,-50.0,-6.142600359278781,2000.0
17,P3,50.0,-3.361521403852888,2000.0,0.17,50.0,-3.361521403852888,2000.0,False,none,0.0,physics_confidence_above_threshold,False,50.0,-3.361521403852888,2000.0
17,P4,150.0,1.8243574793951185,2000.0,0.17,150.0,1.8243574793951185,2000.0,False,none,0.0,physics_confidence_above_threshold,False,150.0,1.8243574793951185,2000.0
18,P1,-150.0,-4.702282018339787,2000.0,0.18,-150.0,-4.702282018339787,2000.0,False,none,0.0,physics_confidence_above_threshold,False,-150.0,-4.702282018339787,2000.0
18,P2,-50.0,-3.022132007975227,2000.0,0.18,-50.0,-3.022132007975227,2000.0,False,none,0.0,physics_confidence_above_threshold,False,-50.0,-3.022132007975227,2000.0
18,P3,50.0,1.0026813864938737,2000.0,0.18,50.0,1.0026813864938737,2000.0,False,none,0.0,physics_confidence_above_threshold,False,50.0,1.0026813864938737,2000.0
18,P4,150.0,6.958018517344611,2000.0,0.18,150.0,6.958018517344611,2000.0,False,none,0.0,physics_confidence_above_threshold,False,150.0,6.958018517344611,2000.0
19,P1,-150.0,-2.4721359549995814,2000.0,0.19,-150.0,-2.4721359549995814,2000.0,False,none,0.0,physics_confidence_above_threshold,False,-150.0,-2.4721359549995814,2000.0
19,P2,-50.0,0.39416368070078694,2000.0,0.19,-50.0,0.39416368070078694,2000.0,False,none,0.0,physics_confidence_above_threshold,False,-50.0,0.39416368070078694,2000.0
19,P3,50.0,5.268734736638604,2000.0,0.19,50.0,5.268734736638604,2000.0,False,none,0.0,physics_confidence_above_threshold,False,50.0,5.268734736638604,2000.0
19,P4,150.0,11.410580223450753,2000.0,0.19,150.0,11.410580223450753,2000.0,False,none,0.0,physics_confidence_above_threshold,False,150.0,11.410580223450753,2000.0
20,P1,-150.0,-1.959434878635765e-15,2000.0,0.2,-150.0,-1.959434878635765e-15,2000.0,False,none,0.0,physics_confidence_above_threshold,False,-150.0,-1.959434878635765e-15,2000.0
20,P2,-50.0,3.7718758820099585,2000.0,0.2,-50.0,3.7718758820099585,2000.0,False,none,0.0,physics_confidence_above_threshold,False,-50.0,3.7718758820099585,2000.0
20,P3,50.0,9.019047621327674,2000.0,0.2,50.0,9.019047621327674,2000.0,False,none,0.0,physics_confidence_above_threshold,False,50.0,9.019047621327674,2000.0
20,P4,150.0,14.746194835098285,2000.0,0.2,150.0,14.746194835098285,2000.0,False,none,0.0,physics_confidence_above_threshold,False,150.0,14.746194835098285,2000.0
21,P1,-150.0,2.4721359549995774,2000.0,0.21,-150.0,2.4721359549995774,2000.0,False,none,0.0,physics_confidence_above_threshold,False,-150.0,2.4721359549995774,2000.0
21,P2,-50.0,6.780370591783415,2000.0,0.21,-50.0,6.780370591783415,2000.0,False,none,0.0,physics_confidence_above_threshold,False,-50.0,6.780370591783415,2000.0
21,P3,50.0,11.886513285441374,2000.0,0.21,50.0,11.886513285441374,2000.0,False,none,0.0,physics_confidence_above_threshold,False,50.0,11.886513285441374,2000.0
21,P4,150.0,16.63834915350557,2000.0,0.21,150.0,16.63834915350557,2000.0,False,none,0.0,physics_confidence_above_threshold,False,150.0,16.63834915350557,2000.0
22,P1,-150.0,4.702282018339783,2000.0,0.22,-150.0,4.702282018339783,2000.0,False,none,0.0,physics_confidence_above_threshold,False,-150.0,4.702282018339783,2000.0
22,P2,-50.0,9.12515538641333,2000.0,0.22,-50.0,9.12515538641333,2000.0,False,none,0.0,physics_confidence_above_threshold,False,-50.0,9.12515538641333,2000.0
22,P3,50.0,13.590444210968194,2000.0,0.22,50.0,13.590444210968194,2000.0,False,none,0.0,physics_confidence_above_threshold,False,50.0,13.590444210968194,2000.0
22,P4,150.0,16.901825930572564,2000.0,0.22,150.0,16.901825930572564,2000.0,False,none,0.0,physics_confidence_above_threshold,False,150.0,16.901825930572564,2000.0
23,P1,-150.0,6.472135954999578,2000.0,0.23,-150.0,6.472135954999578,2000.0,False,none,0.0,physics_confidence_above_threshold,False,-150.0,6.472135954999578,2000.0
23,P2,-50.0,10.576706393125017,2000.0,0.23,-50.0,10.576706393125017,2000.0,False,none,0.0,physics_confidence_above_threshold,False,-50.0,10.576706393125017,2000.0
23,P3,50.0,13.964047766932723,2000.0,0.23,50.0,13.964047766932723,2000.0,False,none,0.0,physics_confidence_above_threshold,False,50.0,13.964047766932723,2000.0
23,P4,150.0,15.510834223609294,2000.0,0.23,150.0,15.510834223609294,2000.0,False,none,0.0,physics_confidence_above_threshold,False,150.0,15.510834223609294,2000.0
24,P1,-150.0,7.608452130361228,2000.0,0.24,-150.0,7.608452130361228,2000.0,False,none,0.0,physics_confidence_above_threshold,False,-150.0,7.608452130361228,2000.0
24,P2,-50.0,10.992935685830988,2000.0,0.24,-50.0,10.992935685830988,2000.0,False,none,0.0,physics_confidence_above_threshold,False,-50.0,10.992935685830988,2000.0
24,P3,50.0,12.970753034228116,2000.0,0.24,50.0,12.970753034228116,2000.0,False,none,0.0,physics_confidence_above_threshold,False,50.0,12.970753034228116,2000.0
24,P4,150.0,12.601533992502434,2000.0,0.24,150.0,12.601533992502434,2000.0,False,none,0.0,physics_confidence_above_threshold,False,150.0,12.601533992502434,2000.0
25,P1,-150.0,8.0,2000.0,0.25,-150.0,8.0,2000.0,False,none,0.0,physics_confidence_above_threshold,False,-150.0,8.0,2000.0
25,P2,-50.0,10.33309984132117,2000.0,0.25,-50.0,10.33309984132117,2000.0,False,none,0.0,physics_confidence_above_threshold,False,-50.0,10.33309984132117,2000.0
25,P3,50.0,10.707790621982847,2000.0,0.25,50.0,10.707790621982847,2000.0,False,none,0.0,physics_confidence_above_threshold,False,50.0,10.707790621982847,2000.0
25,P4,150.0,8.458707814159352,2000.0,0.25,150.0,8.458707814159352,2000.0,False,none,0.0,physics_confidence_above_threshold,False,150.0,8.458707814159352,2000.0
26,P1,-150.0,7.608452130361229,2000.0,0.26,-150.0,7.608452130361229,2000.0,False,none,0.0,physics_confidence_above_threshold,False,-150.0,7.608452130361229,2000.0
26,P2,-50.0,8.661788189402845,2000.0,0.26,-50.0,8.661788189402845,2000.0,False,none,0.0,physics_confidence_above_threshold,False,-50.0,8.661788189402845,2000.0
26,P3,50.0,7.396675058093729,2000.0,0.26,50.0,7.396675058093729,2000.0,False,none,0.0,physics_confidence_above_threshold,False,50.0,7.396675058093729,2000.0
26,P4,150.0,3.4878843796835404,2000.0,0.26,150.0,3.4878843796835404,2000.0,False,none,0.0,physics_confidence_above_threshold,False,150.0,3.4878843796835404,2000.0
27,P1,-150.0,6.4721359549995805,2000.0,0.27,-150.0,6.4721359549995805,2000.0,False,none,0.0,physics_confidence_above_threshold,False,-150.0,6.4721359549995805,2000.0
27,P2,-50.0,6.142600359278782,2000.0,0.27,-50.0,6.142600359278782,2000.0,False,none,0.0,physics_confidence_above_threshold,False,-50.0,6.142600359278782,2000.0
27,P3,50.0,3.361521403852902,2000.0,0.27,50.0,3.361521403852902,2000.0,False,none,0.0,physics_confidence_above_threshold,False,50.0,3.361521403852902,2000.0
27,P4,150.0,-1.8243574793951316,2000.0,0.27,150.0,-1.8243574793951316,2000.0,False,none,0.0,physics_confidence_above_threshold,False,150.0,-1.8243574793951316,2000.0
28,P1,-150.0,4.702282018339787,2000.0,0.28,-150.0,4.702282018339787,2000.0,False,none,0.0,physics_confidence_above_threshold,False,-150.0,4.702282018339787,2000.0
28,P2,-50.0,3.022132007975229,2000.0,0.28,-50.0,3.022132007975229,2000.0,False,none,0.0,physics_confidence_above_threshold,False,-50.0,3.022132007975229,2000.0
28,P3,50.0,-1.0026813864938595,2000.0,0.28,50.0,-1.0026813864938595,2000.0,False,none,0.0,physics_confidence_above_threshold,False,50.0,-1.0026813864938595,2000.0
28,P4,150.0,-6.958018517344623,2000.0,0.28,150.0,-6.958018517344623,2000.0,False,none,0.0,physics_confidence_above_threshold,False,150.0,-6.958018517344623,2000.0
29,P1,-150.0,2.4721359549995823,2000.0,0.29,-150.0,2.4721359549995823,2000.0,False,none,0.0,physics_confidence_above_threshold,False,-150.0,2.4721359549995823,2000.0
29,P2,-50.0,-0.39416368070078556,2000.0,0.29,-50.0,-0.39416368070078556,2000.0,False,none,0.0,physics_confidence_above_threshold,False,-50.0,-0.39416368070078556,2000.0
29,P3,50.0,-5.26873473663859,2000.0,0.29,50.0,-5.26873473663859,2000.0,False,none,0.0,physics_confidence_above_threshold,False,50.0,-5.26873473663859,2000.0
29,P4,150.0,-11.410580223450761,2000.0,0.29,150.0,-11.410580223450761,2000.0,False,none,0.0,physics_confidence_above_threshold,False,150.0,-11.410580223450761,2000.0
30,P1,-150.0,2.9391523179536475e-15,2000.0,0.3,-150.0,2.9391523179536475e-15,2000.0,False,none,0.0,physics_confidence_above_threshold,False,-150.0,2.9391523179536475e-15,2000.0
30,P2,-50.0,-3.7718758820099576,2000.0,0.3,-50.0,-3.7718758820099576,2000.0,False,none,0.0,physics_confidence_above_threshold,False,-50.0,-3.7718758820099576,2000.0
30,P3,50.0,-9.019047621327664,2000.0,0.3,50.0,-9.019047621327664,2000.0,False,none,0.0,physics_confidence_above_threshold,False,50.0,-9.019047621327664,2000.0
30,P4,150.0,-14.74619483509829,2000.0,0.3,150.0,-14.74619483509829,2000.0,False,none,0.0,physics_confidence_above_threshold,False,150.0,-14.74619483509829,2000.0
31,P1,-150.0,-2.4721359549995765,2000.0,0.31,-150.0,-2.4721359549995765,2000.0,False,none,0.0,physics_confidence_above_threshold,False,-150.0,-2.4721359549995765,2000.0
31,P2,-50.0,-6.780370591783415,2000.0,0.31,-50.0,-6.780370591783415,2000.0,False,none,0.0,physics_confidence_above_threshold,False,-50.0,-6.780370591783415,2000.0
31,P3,50.0,-11.886513285441367,2000.0,0.31,50.0,-11.886513285441367,2000.0,False,none,0.0,physics_confidence_above_threshold,False,50.0,-11.886513285441367,2000.0
31,P4,150.0,-16.638349153505573,2000.0,0.31,150.0,-16.638349153505573,2000.0,False,none,0.0,physics_confidence_above_threshold,False,150.0,-16.638349153505573,2000.0
32,P1,-150.0,-4.702282018339782,2000.0,0.32,-150.0,-4.702282018339782,2000.0,False,none,0.0,physics_confidence_above_threshold,False,-150.0,-4.702282018339782,2000.0
32,P2,-50.0,-9.125155386413327,2000.0,0.32,-50.0,-9.125155386413327,2000.0,False,none,0.0,physics_confidence_above_threshold,False,-50.0,-9.125155386413327,2000.0
32,P3,50.0,-13.59044421096819,2000.0,0.32,50.0,-13.59044421096819,2000.0,False,none,0.0,physics_confidence_above_threshold,False,50.0,-13.59044421096819,2000.0
32,P4,150.0,-16.901825930572564,2000.0,0.32,150.0,-16.901825930572564,2000.0,False,none,0.0,physics_confidence_above_threshold,False,150.0,-16.901825930572564,2000.0
33,P1,-150.0,-6.472135954999578,2000.0,0.33,-150.0,-6.472135954999578,2000.0,False,none,0.0,physics_confidence_above_threshold,False,-150.0,-6.472135954999578,2000.0
33,P2,-50.0,-10.576706393125017,2000.0,0.33,-50.0,-10.576706393125017,2000.0,False,none,0.0,physics_confidence_above_threshold,False,-50.0,-10.576706393125017,2000.0
33,P3,50.0,-13.964047766932723,2000.0,0.33,50.0,-13.964047766932723,2000.0,False,none,0.0,physics_confidence_above_threshold,False,50.0,-13.964047766932723,2000.0
33,P4,150.0,-15.510834223609294,2000.0,0.33,150.0,-15.510834223609294,2000.0,False,none,0.0,physics_confidence_above_threshold,False,150.0,-15.510834223609294,2000.0
34,P1,-150.0,-7.608452130361227,2000.0,0.34,-150.0,-7.608452130361227,2000.0,False,none,0.0,physics_confidence_above_threshold,False,-150.0,-7.608452130361227,2000.0
34,P2,-50.0,-10.992935685830988,2000.0,0.34,-50.0,-10.992935685830988,2000.0,False,none,0.0,physics_confidence_above_threshold,False,-50.0,-10.992935685830988,2000.0
34,P3,50.0,-12.970753034228117,2000.0,0.34,50.0,-12.970753034228117,2000.0,False,none,0.0,physics_confidence_above_threshold,False,50.0,-12.970753034228117,2000.0
34,P4,150.0,-12.601533992502436,2000.0,0.34,150.0,-12.601533992502436,2000.0,False,none,0.0,physics_confidence_above_threshold,False,150.0,-12.601533992502436,2000.0
35,P1,-150.0,-8.0,2000.0,0.35,-150.0,-8.0,2000.0,False,none,0.0,physics_confidence_above_threshold,False,-150.0,-8.0,2000.0
35,P2,-50.0,-10.333099841321172,2000.0,0.35,-50.0,-10.333099841321172,2000.0,False,none,0.0,physics_confidence_above_threshold,False,-50.0,-10.333099841321172,2000.0
35,P3,50.0,-10.707790621982848,2000.0,0.35,50.0,-10.707790621982848,2000.0,False,none,0.0,physics_confidence_above_threshold,False,50.0,-10.707790621982848,2000.0
35,P4,150.0,-8.458707814159354,2000.0,0.35,150.0,-8.458707814159354,2000.0,False,none,0.0,physics_confidence_above_threshold,False,150.0,-8.458707814159354,2000.0
36,P1,-150.0,-7.60845213036123,2000.0,0.36,-150.0,-7.60845213036123,2000.0,False,none,0.0,physics_confidence_above_threshold,False,-150.0,-7.60845213036123,2000.0
36,P2,-50.0,-8.661788189402847,2000.0,0.36,-50.0,-8.661788189402847,2000.0,False,none,0.0,physics_confidence_above_threshold,False,-50.0,-8.661788189402847,2000.0
36,P3,50.0,-7.39667505809373,2000.0,0.36,50.0,-7.39667505809373,2000.0,False,none,0.0,physics_confidence_above_threshold,False,50.0,-7.39667505809373,2000.0
36,P4,150.0,-3.4878843796835426,2000.0,0.36,150.0,-3.4878843796835426,2000.0,False,none,0.0,physics_confidence_above_threshold,False,150.0,-3.4878843796835426,2000.0
37,P1,-150.0,-6.472135954999581,2000.0,0.37,-150.0,-6.472135954999581,2000.0,False,none,0.0,physics_confidence_above_threshold,False,-150.0,-6.472135954999581,2000.0
37,P2,-50.0,-6.1426003592787835,2000.0,0.37,-50.0,-6.1426003592787835,2000.0,False,none,0.0,physics_confidence_above_threshold,False,-50.0,-6.1426003592787835,2000.0
37,P3,50.0,-3.3615214038529033,2000.0,0.37,50.0,-3.3615214038529033,2000.0,False,none,0.0,physics_confidence_above_threshold,False,50.0,-3.3615214038529033,2000.0
37,P4,150.0,1.8243574793951294,2000.0,0.37,150.0,1.8243574793951294,2000.0,False,none,0.0,physics_confidence_above_threshold,False,150.0,1.8243574793951294,2000.0
38,P1,-150.0,-4.702282018339788,2000.0,0.38,-150.0,-4.702282018339788,2000.0,False,none,0.0,physics_confidence_above_threshold,False,-150.0,-4.702282018339788,2000.0
38,P2,-50.0,-3.0221320079752303,2000.0,0.38,-50.0,-3.0221320079752303,2000.0,False,none,0.0,physics_confidence_above_threshold,False,-50.0,-3.0221320079752303,2000.0
38,P3,50.0,1.0026813864938577,2000.0,0.38,50.0,1.0026813864938577,2000.0,False,none,0.0,physics_confidence_above_threshold,False,50.0,1.0026813864938577,2000.0
38,P4,150.0,6.958018517344621,2000.0,0.38,150.0,6.958018517344621,2000.0,False,none,0.0,physics_confidence_above_threshold,False,150.0,6.958018517344621,2000.0
39,P1,-150.0,-2.472135954999583,2000.0,0.39,-150.0,-2.472135954999583,2000.0,False,none,0.0,physics_confidence_above_threshold,False,-150.0,-2.472135954999583,2000.0
39,P2,-50.0,0.39416368070078417,2000.0,0.39,-50.0,0.39416368070078417,2000.0,False,none,0.0,physics_confidence_above_threshold,False,-50.0,0.39416368070078417,2000.0
39,P3,50.0,5.268734736638589,2000.0,0.39,50.0,5.268734736638589,2000.0,False,none,0.0,physics_confidence_above_threshold,False,50.0,5.268734736638589,2000.0
39,P4,150.0,11.41058022345076,2000.0,0.39,150.0,11.41058022345076,2000.0,False,none,0.0,physics_confidence_above_threshold,False,150.0,11.41058022345076,2000.0
40,P1,-150.0,-3.91886975727153e-15,2000.0,0.4,-150.0,-3.91886975727153e-15,2000.0,False,none,0.0,physics_confidence_above_threshold,False,-150.0,-3.91886975727153e-15,2000.0
40,P2,-50.0,3.7718758820099563,2000.0,0.4,-50.0,3.7718758820099563,2000.0,False,none,0.0,physics_confidence_above_threshold,False,-50.0,3.7718758820099563,2000.0
40,P3,50.0,9.019047621327662,2000.0,0.4,50.0,9.019047621327662,2000.0,False,none,0.0,physics_confidence_above_threshold,False,50.0,9.019047621327662,2000.0
40,P4,150.0,14.746194835098288,2000.0,0.4,150.0,14.746194835098288,2000.0,False,none,0.0,physics_confidence_above_threshold,False,150.0,14.746194835098288,2000.0
41,P1,-150.0,2.4721359549995756,2000.0,0.41,-150.0,2.4721359549995756,2000.0,False,none,0.0,physics_confidence_above_threshold,False,-150.0,2.4721359549995756,2000.0
41,P2,-50.0,6.780370591783413,2000.0,0.41,-50.0,6.780370591783413,2000.0,False,none,0.0,physics_confidence_above_threshold,False,-50.0,6.780370591783413,2000.0
41,P3,50.0,11.886513285441366,2000.0,0.41,50.0,11.886513285441366,2000.0,False,none,0.0,physics_confidence_above_threshold,False,50.0,11.886513285441366,2000.0
41,P4,150.0,16.638349153505573,2000.0,0.41,150.0,16.638349153505573,2000.0,False,none,0.0,physics_confidence_above_threshold,False,150.0,16.638349153505573,2000.0
42,P1,-150.0,4.7022820183397815,2000.0,0.42,-150.0,4.7022820183397815,2000.0,False,none,0.0,physics_confidence_above_threshold,False,-150.0,4.7022820183397815,2000.0
42,P2,-50.0,9.125155386413327,2000.0,0.42,-50.0,9.125155386413327,2000.0,False,none,0.0,physics_confidence_above_threshold,False,-50.0,9.125155386413327,2000.0
42,P3,50.0,13.59044421096819,2000.0,0.42,50.0,13.59044421096819,2000.0,False,none,0.0,physics_confidence_above_threshold,False,50.0,13.59044421096819,2000.0
42,P4,150.0,16.901825930572564,2000.0,0.42,150.0,16.901825930572564,2000.0,False,none,0.0,physics_confidence_above_threshold,False,150.0,16.901825930572564,2000.0
43,P1,-150.0,6.472135954999577,2000.0,0.43,-150.0,6.472135954999577,2000.0,False,none,0.0,physics_confidence_above_threshold,False,-150.0,6.472135954999577,2000.0
43,P2,-50.0,10.576706393125017,2000.0,0.43,-50.0,10.576706393125017,2000.0,False,none,0.0,physics_confidence_above_threshold,False,-50.0,10.576706393125017,2000.0
43,P3,50.0,13.964047766932723,2000.0,0.43,50.0,13.964047766932723,2000.0,False,none,0.0,physics_confidence_above_threshold,False,50.0,13.964047766932723,2000.0
43,P4,150.0,15.510834223609296,2000.0,0.43,150.0,15.510834223609296,2000.0,False,none,0.0,physics_confidence_above_threshold,False,150.0,15.510834223609296,2000.0
44,P1,-150.0,7.608452130361227,2000.0,0.44,-150.0,7.608452130361227,2000.0,False,none,0.0,physics_confidence_above_threshold,False,-150.0,7.608452130361227,2000.0
44,P2,-50.0,10.992935685830988,2000.0,0.44,-50.0,10.992935685830988,2000.0,False,none,0.0,physics_confidence_above_threshold,False,-50.0,10.992935685830988,2000.0
44,P3,50.0,12.970753034228117,2000.0,0.44,50.0,12.970753034228117,2000.0,False,none,0.0,physics_confidence_above_threshold,False,50.0,12.970753034228117,2000.0
44,P4,150.0,12.601533992502436,2000.0,0.44,150.0,12.601533992502436,2000.0,False,none,0.0,physics_confidence_above_threshold,False,150.0,12.601533992502436,2000.0
45,P1,-150.0,8.0,2000.0,0.45,-150.0,8.0,2000.0,False,none,0.0,physics_confidence_above_threshold,False,-150.0,8.0,2000.0
45,P2,-50.0,10.333099841321172,2000.0,0.45,-50.0,10.333099841321172,2000.0,False,none,0.0,physics_confidence_above_threshold,False,-50.0,10.333099841321172,2000.0
45,P3,50.0,10.70779062198285,2000.0,0.45,50.0,10.70779062198285,2000.0,False,none,0.0,physics_confidence_above_threshold,False,50.0,10.70779062198285,2000.0
45,P4,150.0,8.458707814159357,2000.0,0.45,150.0,8.458707814159357,2000.0,False,none,0.0,physics_confidence_above_threshold,False,150.0,8.458707814159357,2000.0
46,P1,-150.0,7.60845213036123,2000.0,0.46,-150.0,7.60845213036123,2000.0,False,none,0.0,physics_confidence_above_threshold,False,-150.0,7.60845213036123,2000.0
46,P2,-50.0,8.661788189402849,2000.0,0.46,-50.0,8.661788189402849,2000.0,False,none,0.0,physics_confidence_above_threshold,False,-50.0,8.661788189402849,2000.0
46,P3,50.0,7.396675058093732,2000.0,0.46,50.0,7.396675058093732,2000.0,False,none,0.0,physics_confidence_above_threshold,False,50.0,7.396675058093732,2000.0
46,P4,150.0,3.4878843796835444,2000.0,0.46,150.0,3.4878843796835444,2000.0,False,none,0.0,physics_confidence_above_threshold,False,150.0,3.4878843796835444,2000.0
47,P1,-150.0,6.472135954999582,2000.0,0.47,-150.0,6.472135954999582,2000.0,False,none,0.0,physics_confidence_above_threshold,False,-150.0,6.472135954999582,2000.0
47,P2,-50.0,6.142600359278784,2000.0,0.47,-50.0,6.142600359278784,2000.0,False,none,0.0,physics_confidence_above_threshold,False,-50.0,6.142600359278784,2000.0
47,P3,50.0,3.3615214038529047,2000.0,0.47,50.0,3.3615214038529047,2000.0,False,none,0.0,physics_confidence_above_threshold,False,50.0,3.3615214038529047,2000.0
47,P4,150.0,-1.8243574793951274,2000.0,0.47,150.0,-1.8243574793951274,2000.0,False,none,0.0,physics_confidence_above_threshold,False,150.0,-1.8243574793951274,2000.0
48,P1,-150.0,4.702282018339789,2000.0,0.48,-150.0,4.702282018339789,2000.0,False,none,0.0,physics_confidence_above_threshold,False,-150.0,4.702282018339789,2000.0
48,P2,-50.0,3.022132007975231,2000.0,0.48,-50.0,3.022132007975231,2000.0,False,none,0.0,physics_confidence_above_threshold,False,-50.0,3.022132007975231,2000.0
48,P3,50.0,-1.002681386493856,2000.0,0.48,50.0,-1.002681386493856,2000.0,False,none,0.0,physics_confidence_above_threshold,False,50.0,-1.002681386493856,2000.0
48,P4,150.0,-6.95801851734462,2000.0,0.48,150.0,-6.95801851734462,2000.0,False,none,0.0,physics_confidence_above_threshold,False,150.0,-6.95801851734462,2000.0
49,P1,-150.0,2.472135954999584,2000.0,0.49,-150.0,2.472135954999584,2000.0,False,none,0.0,physics_confidence_above_threshold,False,-150.0,2.472135954999584,2000.0
49,P2,-50.0,-0.3941636807007829,2000.0,0.49,-50.0,-0.3941636807007829,2000.0,False,none,0.0,physics_confidence_above_threshold,False,-50.0,-0.3941636807007829,2000.0
49,P3,50.0,-5.26873473663861,2000.0,0.49,50.0,-5.26873473663861,2000.0,False,none,0.0,physics_confidence_above_threshold,False,50.0,-5.26873473663861,2000.0
49,P4,150.0,-11.410580223450737,2000.0,0.49,150.0,-11.410580223450737,2000.0,False,none,0.0,physics_confidence_above_threshold,False,150.0,-11.410580223450737,2000.0
50,P1,-150.0,4.898587196589413e-15,2000.0,0.5,-150.0,4.898587196589413e-15,2000.0,False,none,0.0,physics_confidence_above_threshold,False,-150.0,4.898587196589413e-15,2000.0
50,P2,-50.0,-3.771875882009973,2000.0,0.5,-50.0,-3.771875882009973,2000.0,False,none,0.0,physics_confidence_above_threshold,False,-50.0,-3.771875882009973,2000.0
50,P3,50.0,-9.01904762132766,2000.0,0.5,50.0,-9.01904762132766,2000.0,False,none,0.0,physics_confidence_above_threshold,False,50.0,-9.01904762132766,2000.0
50,P4,150.0,-14.746194835098288,2000.0,0.5,150.0,-14.746194835098288,2000.0,False,none,0.0,physics_confidence_above_threshold,False,150.0,-14.746194835098288,2000.0
51,P1,-150.0,-2.472135954999588,2000.0,0.51,-150.0,-2.472135954999588,2000.0,False,none,0.0,physics_confidence_above_threshold,False,-150.0,-2.472135954999588,2000.0
51,P2,-50.0,-6.780370591783442,2000.0,0.51,-50.0,-6.780370591783442,2000.0,False,none,0.0,physics_confidence_above_threshold,False,-50.0,-6.780370591783442,2000.0
51,P3,50.0,-11.886513285441378,2000.0,0.51,50.0,-11.886513285441378,2000.0,False,none,0.0,physics_confidence_above_threshold,False,50.0,-11.886513285441378,2000.0
51,P4,150.0,-16.638349153505576,2000.0,0.51,150.0,-16.638349153505576,2000.0,False,none,0.0,physics_confidence_above_threshold,False,150.0,-16.638349153505576,2000.0
52,P1,-150.0,-4.702282018339781,2000.0,0.52,-150.0,-4.702282018339781,2000.0,False,none,0.0,physics_confidence_above_threshold,False,-150.0,-4.702282018339781,2000.0
52,P2,-50.0,-9.125155386413338,2000.0,0.52,-50.0,-9.125155386413338,2000.0,False,none,0.0,physics_confidence_above_threshold,False,-50.0,-9.125155386413338,2000.0
52,P3,50.0,-13.59044421096819,2000.0,0.52,50.0,-13.59044421096819,2000.0,False,none,0.0,physics_confidence_above_threshold,False,50.0,-13.59044421096819,2000.0
52,P4,150.0,-16.901825930572564,2000.0,0.52,150.0,-16.901825930572564,2000.0,False,none,0.0,physics_confidence_above_threshold,False,150.0,-16.901825930572564,2000.0
53,P1,-150.0,-6.472135954999585,2000.0,0.53,-150.0,-6.472135954999585,2000.0,False,none,0.0,physics_confidence_above_threshold,False,-150.0,-6.472135954999585,2000.0
53,P2,-50.0,-10.576706393125027,2000.0,0.53,-50.0,-10.576706393125027,2000.0,False,none,0.0,physics_confidence_above_threshold,False,-50.0,-10.576706393125027,2000.0
53,P3,50.0,-13.96404776693272,2000.0,0.53,50.0,-13.96404776693272,2000.0,False,none,0.0,physics_confidence_above_threshold,False,50.0,-13.96404776693272,2000.0
53,P4,150.0,-15.510834223609285,2000.0,0.53,150.0,-15.510834223609285,2000.0,False,none,0.0,physics_confidence_above_threshold,False,150.0,-15.510834223609285,2000.0
54,P1,-150.0,-7.608452130361227,2000.0,0.54,-150.0,-7.608452130361227,2000.0,False,none,0.0,physics_confidence_above_threshold,False,-150.0,-7.608452130361227,2000.0
54,P2,-50.0,-10.992935685830988,2000.0,0.54,-50.0,-10.992935685830988,2000.0,False,none,0.0,physics_confidence_above_threshold,False,-50.0,-10.992935685830988,2000.0
54,P3,50.0,-12.970753034228117,2000.0,0.54,50.0,-12.970753034228117,2000.0,False,none,0.0,physics_confidence_above_threshold,False,50.0,-12.970753034228117,2000.0
54,P4,150.0,-12.601533992502437,2000.0,0.54,150.0,-12.601533992502437,2000.0,False,none,0.0,physics_confidence_above_threshold,False,150.0,-12.601533992502437,2000.0
55,P1,-150.0,-8.0,2000.0,0.55,-150.0,-8.0,2000.0,False,none,0.0,physics_confidence_above_threshold,False,-150.0,-8.0,2000.0
55,P2,-50.0,-10.333099841321157,2000.0,0.55,-50.0,-10.333099841321157,2000.0,False,none,0.0,physics_confidence_above_threshold,False,-50.0,-10.333099841321157,2000.0
55,P3,50.0,-10.707790621982834,2000.0,0.55,50.0,-10.707790621982834,2000.0,False,none,0.0,physics_confidence_above_threshold,False,50.0,-10.707790621982834,2000.0
55,P4,150.0,-8.458707814159332,2000.0,0.55,150.0,-8.458707814159332,2000.0,False,none,0.0,physics_confidence_above_threshold,False,150.0,-8.458707814159332,2000.0
56,P1,-150.0,-7.60845213036123,2000.0,0.56,-150.0,-7.60845213036123,2000.0,False,none,0.0,physics_confidence_above_threshold,False,-150.0,-7.60845213036123,2000.0
56,P2,-50.0,-8.661788189402836,2000.0,0.56,-50.0,-8.661788189402836,2000.0,False,none,0.0,physics_confidence_above_threshold,False,-50.0,-8.661788189402836,2000.0
56,P3,50.0,-7.3966750580937335,2000.0,0.56,50.0,-7.3966750580937335,2000.0,False,none,0.0,physics_confidence_above_threshold,False,50.0,-7.3966750580937335,2000.0
56,P4,150.0,-3.4878843796835466,2000.0,0.56,150.0,-3.4878843796835466,2000.0,False,none,0.0,physics_confidence_above_threshold,False,150.0,-3.4878843796835466,2000.0
57,P1,-150.0,-6.472135954999591,2000.0,0.57,-150.0,-6.472135954999591,2000.0,False,none,0.0,physics_confidence_above_threshold,False,-150.0,-6.472135954999591,2000.0
57,P2,-50.0,-6.142600359278785,2000.0,0.57,-50.0,-6.142600359278785,2000.0,False,none,0.0,physics_confidence_above_threshold,False,-50.0,-6.142600359278785,2000.0
57,P3,50.0,-3.361521403852931,2000.0,0.57,50.0,-3.361521403852931,2000.0,False,none,0.0,physics_confidence_above_threshold,False,50.0,-3.361521403852931,2000.0
57,P4,150.0,1.8243574793950952,2000.0,0.57,150.0,1.8243574793950952,2000.0,False,none,0.0,physics_confidence_above_threshold,False,150.0,1.8243574793950952,2000.0
58,P1,-150.0,-4.7022820183397895,2000.0,0.58,-150.0,-4.7022820183397895,2000.0,False,none,0.0,physics_confidence_above_threshold,False,-150.0,-4.7022820183397895,2000.0
58,P2,-50.0,-3.022132007975214,2000.0,0.58,-50.0,-3.022132007975214,2000.0,False,none,0.0,physics_confidence_above_threshold,False,-50.0,-3.022132007975214,2000.0
58,P3,50.0,1.0026813864938544,2000.0,0.58,50.0,1.0026813864938544,2000.0,False,none,0.0,physics_confidence_above_threshold,False,50.0,1.0026813864938544,2000.0
58,P4,150.0,6.958018517344618,2000.0,0.58,150.0,6.958018517344618,2000.0,False,none,0.0,physics_confidence_above_threshold,False,150.0,6.958018517344618,2000.0
59,P1,-150.0,-2.4721359549995983,2000.0,0.59,-150.0,-2.4721359549995983,2000.0,False,none,0.0,physics_confidence_above_threshold,False,-150.0,-2.4721359549995983,2000.0
59,P2,-50.0,0.3941636807007815,2000.0,0.59,-50.0,0.3941636807007815,2000.0,False,none,0.0,physics_confidence_above_threshold,False,-50.0,0.3941636807007815,2000.0
59,P3,50.0,5.268734736638563,2000.0,0.59,50.0,5.268734736638563,2000.0,False,none,0.0,physics_confidence_above_threshold,False,50.0,5.268734736638563,2000.0
59,P4,150.0,11.410580223450735,2000.0,0.59,150.0,11.410580223450735,2000.0,False,none,0.0,physics_confidence_above_threshold,False,150.0,11.410580223450735,2000.0
60,P1,-150.0,-5.878304635907295e-15,2000.0,0.6,-150.0,-5.878304635907295e-15,2000.0,False,none,0.0,physics_confidence_above_threshold,False,-150.0,-5.878304635907295e-15,2000.0
60,P2,-50.0,3.7718758820099723,2000.0,0.6,-50.0,3.7718758820099723,2000.0,False,none,0.0,physics_confidence_above_threshold,False,-50.0,3.7718758820099723,2000.0
60,P3,50.0,9.019047621327658,2000.0,0.6,50.0,9.019047621327658,2000.0,False,none,0.0,physics_confidence_above_threshold,False,50.0,9.019047621327658,2000.0
60,P4,150.0,14.746194835098287,2000.0,0.6,150.0,14.746194835098287,2000.0,False,none,0.0,physics_confidence_above_threshold,False,150.0,14.746194835098287,2000.0
61,P1,-150.0,2.47213595499956,2000.0,0.61,-150.0,2.47213595499956,2000.0,False,none,0.0,physics_confidence_above_threshold,False,-150.0,2.47213595499956,2000.0
61,P2,-50.0,6.780370591783411,2000.0,0.61,-50.0,6.780370591783411,2000.0,False,none,0.0,physics_confidence_above_threshold,False,-50.0,6.780370591783411,2000.0
61,P3,50.0,11.886513285441351,2000.0,0.61,50.0,11.886513285441351,2000.0,False,none,0.0,physics_confidence_above_threshold,False,50.0,11.886513285441351,2000.0
61,P4,150.0,16.638349153505565,2000.0,0.61,150.0,16.638349153505565,2000.0,False,none,0.0,physics_confidence_above_threshold,False,150.0,16.638349153505565,2000.0
62,P1,-150.0,4.70228201833978,2000.0,0.62,-150.0,4.70228201833978,2000.0,False,none,0.0,physics_confidence_above_threshold,False,-150.0,4.70228201833978,2000.0
62,P2,-50.0,9.125155386413336,2000.0,0.62,-50.0,9.125155386413336,2000.0,False,none,0.0,physics_confidence_above_threshold,False,-50.0,9.125155386413336,2000.0
62,P3,50.0,13.590444210968188,2000.0,0.62,50.0,13.590444210968188,2000.0,False,none,0.0,physics_confidence_above_threshold,False,50.0,13.590444210968188,2000.0
62,P4,150.0,16.901825930572564,2000.0,0.62,150.0,16.901825930572564,2000.0,False,none,0.0,physics_confidence_above_threshold,False,150.0,16.901825930572564,2000.0
63,P1,-150.0,6.472135954999584,2000.0,0.63,-150.0,6.472135954999584,2000.0,False,none,0.0,physics_confidence_above_threshold,False,-150.0,6.472135954999584,2000.0
63,P2,-50.0,10.576706393125027,2000.0,0.63,-50.0,10.576706393125027,2000.0,False,none,0.0,physics_confidence_above_threshold,False,-50.0,10.576706393125027,2000.0
63,P3,50.0,13.96404776693272,2000.0,0.63,50.0,13.96404776693272,2000.0,False,none,0.0,physics_confidence_above_threshold,False,50.0,13.96404776693272,2000.0
63,P4,150.0,15.510834223609285,2000.0,0.63,150.0,15.510834223609285,2000.0,False,none,0.0,physics_confidence_above_threshold,False,150.0,15.510834223609285,2000.0
64,P1,-150.0,7.6084521303612265,2000.0,0.64,-150.0,7.6084521303612265,2000.0,False,none,0.0,physics_confidence_above_threshold,False,-150.0,7.6084521303612265,2000.0
64,P2,-50.0,10.992935685830988,2000.0,0.64,-50.0,10.992935685830988,2000.0,False,none,0.0,physics_confidence_above_threshold,False,-50.0,10.992935685830988,2000.0
64,P3,50.0,12.970753034228117,2000.0,0.64,50.0,12.970753034228117,2000.0,False,none,0.0,physics_confidence_above_threshold,False,50.0,12.970753034228117,2000.0
64,P4,150.0,12.60153399250244,2000.0,0.64,150.0,12.60153399250244,2000.0,False,none,0.0,physics_confidence_above_threshold,False,150.0,12.60153399250244,2000.0
65,P1,-150.0,8.0,2000.0,0.65,-150.0,8.0,2000.0,False,none,0.0,physics_confidence_above_threshold,False,-150.0,8.0,2000.0
65,P2,-50.0,10.33309984132116,2000.0,0.65,-50.0,10.33309984132116,2000.0,False,none,0.0,physics_confidence_above_threshold,False,-50.0,10.33309984132116,2000.0
65,P3,50.0,10.707790621982836,2000.0,0.65,50.0,10.707790621982836,2000.0,False,none,0.0,physics_confidence_above_threshold,False,50.0,10.707790621982836,2000.0
65,P4,150.0,8.458707814159334,2000.0,0.65,150.0,8.458707814159334,2000.0,False,none,0.0,physics_confidence_above_threshold,False,150.0,8.458707814159334,2000.0
66,P1,-150.0,7.608452130361231,2000.0,0.66,-150.0,7.608452130361231,2000.0,False,none,0.0,physics_confidence_above_threshold,False,-150.0,7.608452130361231,2000.0
66,P2,-50.0,8.661788189402836,2000.0,0.66,-50.0,8.661788189402836,2000.0,False,none,0.0,physics_confidence_above_threshold,False,-50.0,8.661788189402836,2000.0
66,P3,50.0,7.396675058093734,2000.0,0.66,50.0,7.396675058093734,2000.0,False,none,0.0,physics_confidence_above_threshold,False,50.0,7.396675058093734,2000.0
66,P4,150.0,3.487884379683549,2000.0,0.66,150.0,3.487884379683549,2000.0,False,none,0.0,physics_confidence_above_threshold,False,150.0,3.487884379683549,2000.0
67,P1,-150.0,6.472135954999575,2000.0,0.67,-150.0,6.472135954999575,2000.0,False,none,0.0,physics_confidence_above_threshold,False,-150.0,6.472135954999575,2000.0
67,P2,-50.0,6.142600359278754,2000.0,0.67,-50.0,6.142600359278754,2000.0,False,none,0.0,physics_confidence_above_threshold,False,-50.0,6.142600359278754,2000.0
67,P3,50.0,3.3615214038528842,2000.0,0.67,50.0,3.3615214038528842,2000.0,False,none,0.0,physics_confidence_above_threshold,False,50.0,3.3615214038528842,2000.0
67,P4,150.0,-1.8243574793951534,2000.0,0.67,150.0,-1.8243574793951534,2000.0,False,none,0.0,physics_confidence_above_threshold,False,150.0,-1.8243574793951534,2000.0
68,P1,-150.0,4.70228201833979,2000.0,0.68,-150.0,4.70228201833979,2000.0,False,none,0.0,physics_confidence_above_threshold,False,-150.0,4.70228201833979,2000.0
68,P2,-50.0,3.0221320079752148,2000.0,0.68,-50.0,3.0221320079752148,2000.0,False,none,0.0,physics_confidence_above_threshold,False,-50.0,3.0221320079752148,2000.0
68,P3,50.0,-1.0026813864938526,2000.0,0.68,50.0,-1.0026813864938526,2000.0,False,none,0.0,physics_confidence_above_threshold,False,50.0,-1.0026813864938526,2000.0
68,P4,150.0,-6.958018517344615,2000.0,0.68,150.0,-6.958018517344615,2000.0,False,none,0.0,physics_confidence_above_threshold,False,150.0,-6.958018517344615,2000.0
69,P1,-150.0,2.472135954999599,2000.0,0.69,-150.0,2.472135954999599,2000.0,False,none,0.0,physics_confidence_above_threshold,False,-150.0,2.472135954999599,2000.0
69,P2,-50.0,-0.3941636807007801,2000.0,0.69,-50.0,-0.3941636807007801,2000.0,False,none,0.0,physics_confidence_above_threshold,False,-50.0,-0.3941636807007801,2000.0
69,P3,50.0,-5.268734736638561,2000.0,0.69,50.0,-5.268734736638561,2000.0,False,none,0.0,physics_confidence_above_threshold,False,50.0,-5.268734736638561,2000.0
69,P4,150.0,-11.410580223450733,2000.0,0.69,150.0,-11.410580223450733,2000.0,False,none,0.0,physics_confidence_above_threshold,False,150.0,-11.410580223450733,2000.0
70,P1,-150.0,6.858022075225178e-15,2000.0,0.7,-150.0,6.858022075225178e-15,2000.0,False,none,0.0,physics_confidence_above_threshold,False,-150.0,6.858022075225178e-15,2000.0
70,P2,-50.0,-3.771875882009971,2000.0,0.7,-50.0,-3.771875882009971,2000.0,False,none,0.0,physics_confidence_above_threshold,False,-50.0,-3.771875882009971,2000.0
70,P3,50.0,-9.019047621327658,2000.0,0.7,50.0,-9.019047621327658,2000.0,False,none,0.0,physics_confidence_above_threshold,False,50.0,-9.019047621327658,2000.0
70,P4,150.0,-14.746194835098287,2000.0,0.7,150.0,-14.746194835098287,2000.0,False,none,0.0,physics_confidence_above_threshold,False,150.0,-14.746194835098287,2000.0
71,P1,-150.0,-2.472135954999559,2000.0,0.71,-150.0,-2.472135954999559,2000.0,False,none,0.0,physics_confidence_above_threshold,False,-150.0,-2.472135954999559,2000.0
71,P2,-50.0,-6.780370591783409,2000.0,0.71,-50.0,-6.780370591783409,2000.0,False,none,0.0,physics_confidence_above_threshold,False,-50.0,-6.780370591783409,2000.0
71,P3,50.0,-11.88651328544135,2000.0,0.71,50.0,-11.88651328544135,2000.0,False,none,0.0,physics_confidence_above_threshold,False,50.0,-11.88651328544135,2000.0
71,P4,150.0,-16.638349153505565,2000.0,0.71,150.0,-16.638349153505565,2000.0,False,none,0.0,physics_confidence_above_threshold,False,150.0,-16.638349153505565,2000.0
72,P1,-150.0,-4.70228201833978,2000.0,0.72,-150.0,-4.70228201833978,2000.0,False,none,0.0,physics_confidence_above_threshold,False,-150.0,-4.70228201833978,2000.0
72,P2,-50.0,-9.125155386413335,2000.0,0.72,-50.0,-9.125155386413335,2000.0,False,none,0.0,physics_confidence_above_threshold,False,-50.0,-9.125155386413335,2000.0
72,P3,50.0,-13.590444210968188,2000.0,0.72,50.0,-13.590444210968188,2000.0,False,none,0.0,physics_confidence_above_threshold,False,50.0,-13.590444210968188,2000.0
72,P4,150.0,-16.901825930572564,2000.0,0.72,150.0,-16.901825930572564,2000.0,False,none,0.0,physics_confidence_above_threshold,False,150.0,-16.901825930572564,2000.0
73,P1,-150.0,-6.472135954999567,2000.0,0.73,-150.0,-6.472135954999567,2000.0,False,none,0.0,physics_confidence_above_threshold,False,-150.0,-6.472135954999567,2000.0
73,P2,-50.0,-10.576706393125015,2000.0,0.73,-50.0,-10.576706393125015,2000.0,False,none,0.0,physics_confidence_above_threshold,False,-50.0,-10.576706393125015,2000.0
73,P3,50.0,-13.964047766932726,2000.0,0.73,50.0,-13.964047766932726,2000.0,False,none,0.0,physics_confidence_above_threshold,False,50.0,-13.964047766932726,2000.0
73,P4,150.0,-15.510834223609312,2000.0,0.73,150.0,-15.510834223609312,2000.0,False,none,0.0,physics_confidence_above_threshold,False,150.0,-15.510834223609312,2000.0
74,P1,-150.0,-7.6084521303612265,2000.0,0.74,-150.0,-7.6084521303612265,2000.0,False,none,0.0,physics_confidence_above_threshold,False,-150.0,-7.6084521303612265,2000.0
74,P2,-50.0,-10.992935685830988,2000.0,0.74,-50.0,-10.992935685830988,2000.0,False,none,0.0,physics_confidence_above_threshold,False,-50.0,-10.992935685830988,2000.0
74,P3,50.0,-12.970753034228117,2000.0,0.74,50.0,-12.970753034228117,2000.0,False,none,0.0,physics_confidence_above_threshold,False,50.0,-12.970753034228117,2000.0
74,P4,150.0,-12.601533992502443,2000.0,0.74,150.0,-12.601533992502443,2000.0,False,none,0.0,physics_confidence_above_threshold,False,150.0,-12.601533992502443,2000.0
75,P1,-150.0,-8.0,2000.0,0.75,-150.0,-8.0,2000.0,False,none,0.0,physics_confidence_above_threshold,False,-150.0,-8.0,2000.0
75,P2,-50.0,-10.333099841321173,2000.0,0.75,-50.0,-10.333099841321173,2000.0,False,none,0.0,physics_confidence_above_threshold,False,-50.0,-10.333099841321173,2000.0
75,P3,50.0,-10.707790621982868,2000.0,0.75,50.0,-10.707790621982868,2000.0,False,none,0.0,physics_confidence_above_threshold,False,50.0,-10.707790621982868,2000.0
75,P4,150.0,-8.458707814159387,2000.0,0.75,150.0,-8.458707814159387,2000.0,False,none,0.0,physics_confidence_above_threshold,False,150.0,-8.458707814159387,2000.0
76,P1,-150.0,-7.608452130361231,2000.0,0.76,-150.0,-7.608452130361231,2000.0,False,none,0.0,physics_confidence_above_threshold,False,-150.0,-7.608452130361231,2000.0
76,P2,-50.0,-8.661788189402838,2000.0,0.76,-50.0,-8.661788189402838,2000.0,False,none,0.0,physics_confidence_above_threshold,False,-50.0,-8.661788189402838,2000.0
76,P3,50.0,-7.396675058093736,2000.0,0.76,50.0,-7.396675058093736,2000.0,False,none,0.0,physics_confidence_above_threshold,False,50.0,-7.396675058093736,2000.0
76,P4,150.0,-3.4878843796835506,2000.0,0.76,150.0,-3.4878843796835506,2000.0,False,none,0.0,physics_confidence_above_threshold,False,150.0,-3.4878843796835506,2000.0
77,P1,-150.0,-6.472135954999575,2000.0,0.77,-150.0,-6.472135954999575,2000.0,False,none,0.0,physics_confidence_above_threshold,False,-150.0,-6.472135954999575,2000.0
77,P2,-50.0,-6.142600359278755,2000.0,0.77,-50.0,-6.142600359278755,2000.0,False,none,0.0,physics_confidence_above_threshold,False,-50.0,-6.142600359278755,2000.0
77,P3,50.0,-3.361521403852886,2000.0,0.77,50.0,-3.361521403852886,2000.0,False,none,0.0,physics_confidence_above_threshold,False,50.0,-3.361521403852886,2000.0
77,P4,150.0,1.8243574793951511,2000.0,0.77,150.0,1.8243574793951511,2000.0,False,none,0.0,physics_confidence_above_threshold,False,150.0,1.8243574793951511,2000.0
78,P1,-150.0,-4.702282018339791,2000.0,0.78,-150.0,-4.702282018339791,2000.0,False,none,0.0,physics_confidence_above_threshold,False,-150.0,-4.702282018339791,2000.0
78,P2,-50.0,-3.022132007975216,2000.0,0.78,-50.0,-3.022132007975216,2000.0,False,none,0.0,physics_confidence_above_threshold,False,-50.0,-3.022132007975216,2000.0
78,P3,50.0,1.0026813864938509,2000.0,0.78,50.0,1.0026813864938509,2000.0,False,none,0.0,physics_confidence_above_threshold,False,50.0,1.0026813864938509,2000.0
78,P4,150.0,6.958018517344613,2000.0,0.78,150.0,6.958018517344613,2000.0,False,none,0.0,physics_confidence_above_threshold,False,150.0,6.958018517344613,2000.0
79,P1,-150.0,-2.4721359549995734,2000.0,0.79,-150.0,-2.4721359549995734,2000.0,False,none,0.0,physics_confidence_above_threshold,False,-150.0,-2.4721359549995734,2000.0
79,P2,-50.0,0.39416368070081786,2000.0,0.79,-50.0,0.39416368070081786,2000.0,False,none,0.0,physics_confidence_above_threshold,False,-50.0,0.39416368070081786,2000.0
79,P3,50.0,5.2687347366386055,2000.0,0.79,50.0,5.2687347366386055,2000.0,False,none,0.0,physics_confidence_above_threshold,False,50.0,5.2687347366386055,2000.0
79,P4,150.0,11.410580223450776,2000.0,0.79,150.0,11.410580223450776,2000.0,False,none,0.0,physics_confidence_above_threshold,False,150.0,11.410580223450776,2000.0
80,P1,-150.0,-7.83773951454306e-15,2000.0,0.8,-150.0,-7.83773951454306e-15,2000.0,False,none,0.0,physics_confidence_above_threshold,False,-150.0,-7.83773951454306e-15,2000.0
80,P2,-50.0,3.7718758820099696,2000.0,0.8,-50.0,3.7718758820099696,2000.0,False,none,0.0,physics_confidence_above_threshold,False,-50.0,3.7718758820099696,2000.0
80,P3,50.0,9.019047621327656,2000.0,0.8,50.0,9.019047621327656,2000.0,False,none,0.0,physics_confidence_above_threshold,False,50.0,9.019047621327656,2000.0
80,P4,150.0,14.746194835098285,2000.0,0.8,150.0,14.746194835098285,2000.0,False,none,0.0,physics_confidence_above_threshold,False,150.0,14.746194835098285,2000.0
81,P1,-150.0,2.4721359549995854,2000.0,0.81,-150.0,2.4721359549995854,2000.0,False,none,0.0,physics_confidence_above_threshold,False,-150.0,2.4721359549995854,2000.0
81,P2,-50.0,6.780370591783439,2000.0,0.81,-50.0,6.780370591783439,2000.0,False,none,0.0,physics_confidence_above_threshold,False,-50.0,6.780370591783439,2000.0
81,P3,50.0,11.886513285441374,2000.0,0.81,50.0,11.886513285441374,2000.0,False,none,0.0,physics_confidence_above_threshold,False,50.0,11.886513285441374,2000.0
81,P4,150.0,16.638349153505576,2000.0,0.81,150.0,16.638349153505576,2000.0,False,none,0.0,physics_confidence_above_threshold,False,150.0,16.638349153505576,2000.0
82,P1,-150.0,4.702282018339779,2000.0,0.82,-150.0,4.702282018339779,2000.0,False,none,0.0,physics_confidence_above_threshold,False,-150.0,4.702282018339779,2000.0
82,P2,-50.0,9.125155386413335,2000.0,0.82,-50.0,9.125155386413335,2000.0,False,none,0.0,physics_confidence_above_threshold,False,-50.0,9.125155386413335,2000.0
82,P3,50.0,13.590444210968188,2000.0,0.82,50.0,13.590444210968188,2000.0,False,none,0.0,physics_confidence_above_threshold,False,50.0,13.590444210968188,2000.0
82,P4,150.0,16.901825930572564,2000.0,0.82,150.0,16.901825930572564,2000.0,False,none,0.0,physics_confidence_above_threshold,False,150.0,16.901825930572564,2000.0
83,P1,-150.0,6.472135954999566,2000.0,0.83,-150.0,6.472135954999566,2000.0,False,none,0.0,physics_confidence_above_threshold,False,-150.0,6.472135954999566,2000.0
83,P2,-50.0,10.576706393125015,2000.0,0.83,-50.0,10.576706393125015,2000.0,False,none,0.0,physics_confidence_above_threshold,False,-50.0,10.576706393125015,2000.0
83,P3,50.0,13.964047766932726,2000.0,0.83,50.0,13.964047766932726,2000.0,False,none,0.0,physics_confidence_above_threshold,False,50.0,13.964047766932726,2000.0
83,P4,150.0,15.510834223609312,2000.0,0.83,150.0,15.510834223609312,2000.0,False,none,0.0,physics_confidence_above_threshold,False,150.0,15.510834223609312,2000.0
84,P1,-150.0,7.6084521303612265,2000.0,0.84,-150.0,7.6084521303612265,2000.0,False,none,0.0,physics_confidence_above_threshold,False,-150.0,7.6084521303612265,2000.0
84,P2,-50.0,10.992935685830988,2000.0,0.84,-50.0,10.992935685830988,2000.0,False,none,0.0,physics_confidence_above_threshold,False,-50.0,10.992935685830988,2000.0
84,P3,50.0,12.97075303422812,2000.0,0.84,50.0,12.97075303422812,2000.0,False,none,0.0,physics_confidence_above_threshold,False,50.0,12.97075303422812,2000.0
84,P4,150.0,12.601533992502445,2000.0,0.84,150.0,12.601533992502445,2000.0,False,none,0.0,physics_confidence_above_threshold,False,150.0,12.601533992502445,2000.0
85,P1,-150.0,8.0,2000.0,0.85,-150.0,8.0,2000.0,False,none,0.0,physics_confidence_above_threshold,False,-150.0,8.0,2000.0
85,P2,-50.0,10.333099841321173,2000.0,0.85,-50.0,10.333099841321173,2000.0,False,none,0.0,physics_confidence_above_threshold,False,-50.0,10.333099841321173,2000.0
85,P3,50.0,10.70779062198287,2000.0,0.85,50.0,10.70779062198287,2000.0,False,none,0.0,physics_confidence_above_threshold,False,50.0,10.70779062198287,2000.0
85,P4,150.0,8.45870781415939,2000.0,0.85,150.0,8.45870781415939,2000.0,False,none,0.0,physics_confidence_above_threshold,False,150.0,8.45870781415939,2000.0
86,P1,-150.0,7.608452130361231,2000.0,0.86,-150.0,7.608452130361231,2000.0,False,none,0.0,physics_confidence_above_threshold,False,-150.0,7.608452130361231,2000.0
86,P2,-50.0,8.66178818940284,2000.0,0.86,-50.0,8.66178818940284,2000.0,False,none,0.0,physics_confidence_above_threshold,False,-50.0,8.66178818940284,2000.0
86,P3,50.0,7.396675058093738,2000.0,0.86,50.0,7.396675058093738,2000.0,False,none,0.0,physics_confidence_above_threshold,False,50.0,7.396675058093738,2000.0
86,P4,150.0,3.4878843796835524,2000.0,0.86,150.0,3.4878843796835524,2000.0,False,none,0.0,physics_confidence_above_threshold,False,150.0,3.4878843796835524,2000.0
87,P1,-150.0,6.472135954999593,2000.0,0.87,-150.0,6.472135954999593,2000.0,False,none,0.0,physics_confidence_above_threshold,False,-150.0,6.472135954999593,2000.0
87,P2,-50.0,6.14260035927879,2000.0,0.87,-50.0,6.14260035927879,2000.0,False,none,0.0,physics_confidence_above_threshold,False,-50.0,6.14260035927879,2000.0
87,P3,50.0,3.3615214038529357,2000.0,0.87,50.0,3.3615214038529357,2000.0,False,none,0.0,physics_confidence_above_threshold,False,50.0,3.3615214038529357,2000.0
87,P4,150.0,-1.8243574793950892,2000.0,0.87,150.0,-1.8243574793950892,2000.0,False,none,0.0,physics_confidence_above_threshold,False,150.0,-1.8243574793950892,2000.0
88,P1,-150.0,4.702282018339792,2000.0,0.88,-150.0,4.702282018339792,2000.0,False,none,0.0,physics_confidence_above_threshold,False,-150.0,4.702282018339792,2000.0
88,P2,-50.0,3.0221320079752174,2000.0,0.88,-50.0,3.0221320079752174,2000.0,False,none,0.0,physics_confidence_above_threshold,False,-50.0,3.0221320079752174,2000.0
88,P3,50.0,-1.0026813864938493,2000.0,0.88,50.0,-1.0026813864938493,2000.0,False,none,0.0,physics_confidence_above_threshold,False,50.0,-1.0026813864938493,2000.0
88,P4,150.0,-6.958018517344612,2000.0,0.88,150.0,-6.958018517344612,2000.0,False,none,0.0,physics_confidence_above_threshold,False,150.0,-6.958018517344612,2000.0
89,P1,-150.0,2.4721359549995743,2000.0,0.89,-150.0,2.4721359549995743,2000.0,False,none,0.0,physics_confidence_above_threshold,False,-150.0,2.4721359549995743,2000.0
89,P2,-50.0,-0.39416368070081653,2000.0,0.89,-50.0,-0.39416368070081653,2000.0,False,none,0.0,physics_confidence_above_threshold,False,-50.0,-0.39416368070081653,2000.0
89,P3,50.0,-5.268734736638605,2000.0,0.89,50.0,-5.268734736638605,2000.0,False,none,0.0,physics_confidence_above_threshold,False,50.0,-5.268734736638605,2000.0
89,P4,150.0,-11.410580223450774,2000.0,0.89,150.0,-11.410580223450774,2000.0,False,none,0.0,physics_confidence_above_threshold,False,150.0,-11.410580223450774,2000.0
90,P1,-150.0,8.817456953860943e-15,2000.0,0.9,-150.0,8.817456953860943e-15,2000.0,False,none,0.0,physics_confidence_above_threshold,False,-150.0,8.817456953860943e-15,2000.0
90,P2,-50.0,-3.7718758820099683,2000.0,0.9,-50.0,-3.7718758820099683,2000.0,False,none,0.0,physics_confidence_above_threshold,False,-50.0,-3.7718758820099683,2000.0
90,P3,50.0,-9.019047621327655,2000.0,0.9,50.0,-9.019047621327655,2000.0,False,none,0.0,physics_confidence_above_threshold,False,50.0,-9.019047621327655,2000.0
90,P4,150.0,-14.746194835098285,2000.0,0.9,150.0,-14.746194835098285,2000.0,False,none,0.0,physics_confidence_above_threshold,False,150.0,-14.746194835098285,2000.0
91,P1,-150.0,-2.4721359549995845,2000.0,0.91,-150.0,-2.4721359549995845,2000.0,False,none,0.0,physics_confidence_above_threshold,False,-150.0,-2.4721359549995845,2000.0
91,P2,-50.0,-6.780370591783439,2000.0,0.91,-50.0,-6.780370591783439,2000.0,False,none,0.0,physics_confidence_above_threshold,False,-50.0,-6.780370591783439,2000.0
91,P3,50.0,-11.886513285441374,2000.0,0.91,50.0,-11.886513285441374,2000.0,False,none,0.0,physics_confidence_above_threshold,False,50.0,-11.886513285441374,2000.0
91,P4,150.0,-16.638349153505576,2000.0,0.91,150.0,-16.638349153505576,2000.0,False,none,0.0,physics_confidence_above_threshold,False,150.0,-16.638349153505576,2000.0
92,P1,-150.0,-4.702282018339778,2000.0,0.92,-150.0,-4.702282018339778,2000.0,False,none,0.0,physics_confidence_above_threshold,False,-150.0,-4.702282018339778,2000.0
92,P2,-50.0,-9.125155386413335,2000.0,0.92,-50.0,-9.125155386413335,2000.0,False,none,0.0,physics_confidence_above_threshold,False,-50.0,-9.125155386413335,2000.0
92,P3,50.0,-13.590444210968188,2000.0,0.92,50.0,-13.590444210968188,2000.0,False,none,0.0,physics_confidence_above_threshold,False,50.0,-13.590444210968188,2000.0
92,P4,150.0,-16.901825930572564,2000.0,0.92,150.0,-16.901825930572564,2000.0,False,none,0.0,physics_confidence_above_threshold,False,150.0,-16.901825930572564,2000.0
93,P1,-150.0,-6.472135954999582,2000.0,0.93,-150.0,-6.472135954999582,2000.0,False,none,0.0,physics_confidence_above_threshold,False,-150.0,-6.472135954999582,2000.0
93,P2,-50.0,-10.576706393125026,2000.0,0.93,-50.0,-10.576706393125026,2000.0,False,none,0.0,physics_confidence_above_threshold,False,-50.0,-10.576706393125026,2000.0
93,P3,50.0,-13.964047766932723,2000.0,0.93,50.0,-13.964047766932723,2000.0,False,none,0.0,physics_confidence_above_threshold,False,50.0,-13.964047766932723,2000.0
93,P4,150.0,-15.510834223609287,2000.0,0.93,150.0,-15.510834223609287,2000.0,False,none,0.0,physics_confidence_above_threshold,False,150.0,-15.510834223609287,2000.0
94,P1,-150.0,-7.608452130361226,2000.0,0.94,-150.0,-7.608452130361226,2000.0,False,none,0.0,physics_confidence_above_threshold,False,-150.0,-7.608452130361226,2000.0
94,P2,-50.0,-10.992935685830988,2000.0,0.94,-50.0,-10.992935685830988,2000.0,False,none,0.0,physics_confidence_above_threshold,False,-50.0,-10.992935685830988,2000.0
94,P3,50.0,-12.97075303422812,2000.0,0.94,50.0,-12.97075303422812,2000.0,False,none,0.0,physics_confidence_above_threshold,False,50.0,-12.97075303422812,2000.0
94,P4,150.0,-12.601533992502445,2000.0,0.94,150.0,-12.601533992502445,2000.0,False,none,0.0,physics_confidence_above_threshold,False,150.0,-12.601533992502445,2000.0
95,P1,-150.0,-8.0,2000.0,0.95,-150.0,-8.0,2000.0,False,none,0.0,physics_confidence_above_threshold,False,-150.0,-8.0,2000.0
95,P2,-50.0,-10.333099841321173,2000.0,0.95,-50.0,-10.333099841321173,2000.0,False,none,0.0,physics_confidence_above_threshold,False,-50.0,-10.333099841321173,2000.0
95,P3,50.0,-10.707790621982872,2000.0,0.95,50.0,-10.707790621982872,2000.0,False,none,0.0,physics_confidence_above_threshold,False,50.0,-10.707790621982872,2000.0
95,P4,150.0,-8.458707814159391,2000.0,0.95,150.0,-8.458707814159391,2000.0,False,none,0.0,physics_confidence_above_threshold,False,150.0,-8.458707814159391,2000.0
96,P1,-150.0,-7.608452130361232,2000.0,0.96,-150.0,-7.608452130361232,2000.0,False,none,0.0,physics_confidence_above_threshold,False,-150.0,-7.608452130361232,2000.0
96,P2,-50.0,-8.66178818940284,2000.0,0.96,-50.0,-8.66178818940284,2000.0,False,none,0.0,physics_confidence_above_threshold,False,-50.0,-8.66178818940284,2000.0
96,P3,50.0,-7.39667505809374,2000.0,0.96,50.0,-7.39667505809374,2000.0,False,none,0.0,physics_confidence_above_threshold,False,50.0,-7.39667505809374,2000.0
96,P4,150.0,-3.4878843796835546,2000.0,0.96,150.0,-3.4878843796835546,2000.0,False,none,0.0,physics_confidence_above_threshold,False,150.0,-3.4878843796835546,2000.0
97,P1,-150.0,-6.472135954999593,2000.0,0.97,-150.0,-6.472135954999593,2000.0,False,none,0.0,physics_confidence_above_threshold,False,-150.0,-6.472135954999593,2000.0
97,P2,-50.0,-6.14260035927879,2000.0,0.97,-50.0,-6.14260035927879,2000.0,False,none,0.0,physics_confidence_above_threshold,False,-50.0,-6.14260035927879,2000.0
97,P3,50.0,-3.3615214038529375,2000.0,0.97,50.0,-3.3615214038529375,2000.0,False,none,0.0,physics_confidence_above_threshold,False,50.0,-3.3615214038529375,2000.0
97,P4,150.0,1.824357479395087,2000.0,0.97,150.0,1.824357479395087,2000.0,False,none,0.0,physics_confidence_above_threshold,False,150.0,1.824357479395087,2000.0
98,P1,-150.0,-4.702282018339793,2000.0,0.98,-150.0,-4.702282018339793,2000.0,False,none,0.0,physics_confidence_above_threshold,False,-150.0,-4.702282018339793,2000.0
98,P2,-50.0,-3.022132007975219,2000.0,0.98,-50.0,-3.022132007975219,2000.0,False,none,0.0,physics_confidence_above_threshold,False,-50.0,-3.022132007975219,2000.0
98,P3,50.0,1.0026813864938475,2000.0,0.98,50.0,1.0026813864938475,2000.0,False,none,0.0,physics_confidence_above_threshold,False,50.0,1.0026813864938475,2000.0
98,P4,150.0,6.95801851734461,2000.0,0.98,150.0,6.95801851734461,2000.0,False,none,0.0,physics_confidence_above_threshold,False,150.0,6.95801851734461,2000.0
99,P1,-150.0,-2.4721359549996023,2000.0,0.99,-150.0,-2.4721359549996023,2000.0,False,none,0.0,physics_confidence_above_threshold,False,-150.0,-2.4721359549996023,2000.0
99,P2,-50.0,0.39416368070077606,2000.0,0.99,-50.0,0.39416368070077606,2000.0,False,none,0.0,physics_confidence_above_threshold,False,-50.0,0.39416368070077606,2000.0
99,P3,50.0,5.268734736638557,2000.0,0.99,50.0,5.268734736638557,2000.0,False,none,0.0,physics_confidence_above_threshold,False,50.0,5.268734736638557,2000.0
99,P4,150.0,11.410580223450683,2000.0,0.99,150.0,11.410580223450683,2000.0,False,none,0.0,physics_confidence_above_threshold,False,150.0,11.410580223450683,2000.0
100,P1,-150.0,-9.797174393178826e-15,2000.0,1.0,-150.0,-9.797174393178826e-15,2000.0,False,none,0.0,physics_confidence_above_threshold,False,-150.0,-9.797174393178826e-15,2000.0
100,P2,-50.0,3.7718758820099665,2000.0,1.0,-50.0,3.7718758820099665,2000.0,False,none,0.0,physics_confidence_above_threshold,False,-50.0,3.7718758820099665,2000.0
100,P3,50.0,9.019047621327694,2000.0,1.0,50.0,9.019047621327694,2000.0,False,none,0.0,physics_confidence_above_threshold,False,50.0,9.019047621327694,2000.0
100,P4,150.0,14.746194835098253,2000.0,1.0,150.0,14.746194835098253,2000.0,False,none,0.0,physics_confidence_above_threshold,False,150.0,14.746194835098253,2000.0
101,P1,-150.0,2.4721359549995836,2000.0,1.01,-150.0,2.4721359549995836,2000.0,False,none,0.0,physics_confidence_above_threshold,False,-150.0,2.4721359549995836,2000.0
101,P2,-50.0,6.780370591783438,2000.0,1.01,-50.0,6.780370591783438,2000.0,False,none,0.0,physics_confidence_above_threshold,False,-50.0,6.780370591783438,2000.0
101,P3,50.0,11.8865132854414,2000.0,1.01,50.0,11.8865132854414,2000.0,False,none,0.0,physics_confidence_above_threshold,False,50.0,11.8865132854414,2000.0
101,P4,150.0,16.638349153505562,2000.0,1.01,150.0,16.638349153505562,2000.0,False,none,0.0,physics_confidence_above_threshold,False,150.0,16.638349153505562,2000.0
102,P1,-150.0,4.7022820183398,2000.0,1.02,-150.0,4.7022820183398,2000.0,False,none,0.0,physics_confidence_above_threshold,False,-150.0,4.7022820183398,2000.0
102,P2,-50.0,9.125155386413356,2000.0,1.02,-50.0,9.125155386413356,2000.0,False,none,0.0,physics_confidence_above_threshold,False,-50.0,9.125155386413356,2000.0
102,P3,50.0,13.590444210968212,2000.0,1.02,50.0,13.590444210968212,2000.0,False,none,0.0,physics_confidence_above_threshold,False,50.0,13.590444210968212,2000.0
102,P4,150.0,16.901825930572564,2000.0,1.02,150.0,16.901825930572564,2000.0,False,none,0.0,physics_confidence_above_threshold,False,150.0,16.901825930572564,2000.0
103,P1,-150.0,6.472135954999565,2000.0,1.03,-150.0,6.472135954999565,2000.0,False,none,0.0,physics_confidence_above_threshold,False,-150.0,6.472135954999565,2000.0
103,P2,-50.0,10.576706393125015,2000.0,1.03,-50.0,10.576706393125015,2000.0,False,none,0.0,physics_confidence_above_threshold,False,-50.0,10.576706393125015,2000.0
103,P3,50.0,13.964047766932723,2000.0,1.03,50.0,13.964047766932723,2000.0,False,none,0.0,physics_confidence_above_threshold,False,50.0,13.964047766932723,2000.0
103,P4,150.0,15.510834223609338,2000.0,1.03,150.0,15.510834223609338,2000.0,False,none,0.0,physics_confidence_above_threshold,False,150.0,15.510834223609338,2000.0
104,P1,-150.0,7.608452130361226,2000.0,1.04,-150.0,7.608452130361226,2000.0,False,none,0.0,physics_confidence_above_threshold,False,-150.0,7.608452130361226,2000.0
104,P2,-50.0,10.992935685830988,2000.0,1.04,-50.0,10.992935685830988,2000.0,False,none,0.0,physics_confidence_above_threshold,False,-50.0,10.992935685830988,2000.0
104,P3,50.0,12.970753034228103,2000.0,1.04,50.0,12.970753034228103,2000.0,False,none,0.0,physics_confidence_above_threshold,False,50.0,12.970753034228103,2000.0
104,P4,150.0,12.601533992502485,2000.0,1.04,150.0,12.601533992502485,2000.0,False,none,0.0,physics_confidence_above_threshold,False,150.0,12.601533992502485,2000.0
105,P1,-150.0,8.0,2000.0,1.05,-150.0,8.0,2000.0,False,none,0.0,physics_confidence_above_threshold,False,-150.0,8.0,2000.0
105,P2,-50.0,10.333099841321161,2000.0,1.05,-50.0,10.333099841321161,2000.0,False,none,0.0,physics_confidence_above_threshold,False,-50.0,10.333099841321161,2000.0
105,P3,50.0,10.707790621982808,2000.0,1.05,50.0,10.707790621982808,2000.0,False,none,0.0,physics_confidence_above_threshold,False,50.0,10.707790621982808,2000.0
105,P4,150.0,8.458707814159393,2000.0,1.05,150.0,8.458707814159393,2000.0,False,none,0.0,physics_confidence_above_threshold,False,150.0,8.458707814159393,2000.0
106,P1,-150.0,7.608452130361223,2000.0,1.06,-150.0,7.608452130361223,2000.0,False,none,0.0,physics_confidence_above_threshold,False,-150.0,7.608452130361223,2000.0
106,P2,-50.0,8.661788189402817,2000.0,1.06,-50.0,8.661788189402817,2000.0,False,none,0.0,physics_confidence_above_threshold,False,-50.0,8.661788189402817,2000.0
106,P3,50.0,7.396675058093655,2000.0,1.06,50.0,7.396675058093655,2000.0,False,none,0.0,physics_confidence_above_threshold,False,50.0,7.396675058093655,2000.0
106,P4,150.0,3.487884379683557,2000.0,1.06,150.0,3.487884379683557,2000.0,False,none,0.0,physics_confidence_above_threshold,False,150.0,3.487884379683557,2000.0
107,P1,-150.0,6.47213595499956,2000.0,1.07,-150.0,6.47213595499956,2000.0,False,none,0.0,physics_confidence_above_threshold,False,-150.0,6.47213595499956,2000.0
107,P2,-50.0,6.142600359278726,2000.0,1.07,-50.0,6.142600359278726,2000.0,False,none,0.0,physics_confidence_above_threshold,False,-50.0,6.142600359278726,2000.0
107,P3,50.0,3.361521403852794,2000.0,1.07,50.0,3.361521403852794,2000.0,False,none,0.0,physics_confidence_above_threshold,False,50.0,3.361521403852794,2000.0
107,P4,150.0,-1.824357479395145,2000.0,1.07,150.0,-1.824357479395145,2000.0,False,none,0.0,physics_confidence_above_threshold,False,150.0,-1.824357479395145,2000.0
108,P1,-150.0,4.702282018339794,2000.0,1.08,-150.0,4.702282018339794,2000.0,False,none,0.0,physics_confidence_above_threshold,False,-150.0,4.702282018339794,2000.0
108,P2,-50.0,3.0221320079752205,2000.0,1.08,-50.0,3.0221320079752205,2000.0,False,none,0.0,physics_confidence_above_threshold,False,-50.0,3.0221320079752205,2000.0
108,P3,50.0,-1.0026813864938955,2000.0,1.08,50.0,-1.0026813864938955,2000.0,False,none,0.0,physics_confidence_above_threshold,False,50.0,-1.0026813864938955,2000.0
108,P4,150.0,-6.958018517344552,2000.0,1.08,150.0,-6.958018517344552,2000.0,False,none,0.0,physics_confidence_above_threshold,False,150.0,-6.958018517344552,2000.0
109,P1,-150.0,2.472135954999576,2000.0,1.09,-150.0,2.472135954999576,2000.0,False,none,0.0,physics_confidence_above_threshold,False,-150.0,2.472135954999576,2000.0
109,P2,-50.0,-0.3941636807008138,2000.0,1.09,-50.0,-0.3941636807008138,2000.0,False,none,0.0,physics_confidence_above_threshold,False,-50.0,-0.3941636807008138,2000.0
109,P3,50.0,-5.268734736638647,2000.0,1.09,50.0,-5.268734736638647,2000.0,False,none,0.0,physics_confidence_above_threshold,False,50.0,-5.268734736638647,2000.0
109,P4,150.0,-11.410580223450728,2000.0,1.09,150.0,-11.410580223450728,2000.0,False,none,0.0,physics_confidence_above_threshold,False,150.0,-11.410580223450728,2000.0
110,P1,-150.0,-1.76448175979073e-14,2000.0,1.1,-150.0,-1.76448175979073e-14,2000.0,False,none,0.0,physics_confidence_above_threshold,False,-150.0,-1.76448175979073e-14,2000.0
110,P2,-50.0,-3.7718758820100025,2000.0,1.1,-50.0,-3.7718758820100025,2000.0,False,none,0.0,physics_confidence_above_threshold,False,-50.0,-3.7718758820100025,2000.0
110,P3,50.0,-9.01904762132773,2000.0,1.1,50.0,-9.01904762132773,2000.0,False,none,0.0,physics_confidence_above_threshold,False,50.0,-9.01904762132773,2000.0
110,P4,150.0,-14.746194835098283,2000.0,1.1,150.0,-14.746194835098283,2000.0,False,none,0.0,physics_confidence_above_threshold,False,150.0,-14.746194835098283,2000.0
111,P1,-150.0,-2.47213595499961,2000.0,1.11,-150.0,-2.47213595499961,2000.0,False,none,0.0,physics_confidence_above_threshold,False,-150.0,-2.47213595499961,2000.0
111,P2,-50.0,-6.780370591783467,2000.0,1.11,-50.0,-6.780370591783467,2000.0,False,none,0.0,physics_confidence_above_threshold,False,-50.0,-6.780370591783467,2000.0
111,P3,50.0,-11.886513285441426,2000.0,1.11,50.0,-11.886513285441426,2000.0,False,none,0.0,physics_confidence_above_threshold,False,50.0,-11.886513285441426,2000.0
111,P4,150.0,-16.638349153505573,2000.0,1.11,150.0,-16.638349153505573,2000.0,False,none,0.0,physics_confidence_above_threshold,False,150.0,-16.638349153505573,2000.0
112,P1,-150.0,-4.702282018339776,2000.0,1.12,-150.0,-4.702282018339776,2000.0,False,none,0.0,physics_confidence_above_threshold,False,-150.0,-4.702282018339776,2000.0
112,P2,-50.0,-9.125155386413333,2000.0,1.12,-50.0,-9.125155386413333,2000.0,False,none,0.0,physics_confidence_above_threshold,False,-50.0,-9.125155386413333,2000.0
112,P3,50.0,-13.5904442109682,2000.0,1.12,50.0,-13.5904442109682,2000.0,False,none,0.0,physics_confidence_above_threshold,False,50.0,-13.5904442109682,2000.0
112,P4,150.0,-16.90182593057257,2000.0,1.12,150.0,-16.90182593057257,2000.0,False,none,0.0,physics_confidence_above_threshold,False,150.0,-16.90182593057257,2000.0
113,P1,-150.0,-6.472135954999548,2000.0,1.13,-150.0,-6.472135954999548,2000.0,False,none,0.0,physics_confidence_above_threshold,False,-150.0,-6.472135954999548,2000.0
113,P2,-50.0,-10.576706393125004,2000.0,1.13,-50.0,-10.576706393125004,2000.0,False,none,0.0,physics_confidence_above_threshold,False,-50.0,-10.576706393125004,2000.0
113,P3,50.0,-13.964047766932726,2000.0,1.13,50.0,-13.964047766932726,2000.0,False,none,0.0,physics_confidence_above_threshold,False,50.0,-13.964047766932726,2000.0
113,P4,150.0,-15.510834223609365,2000.0,1.13,150.0,-15.510834223609365,2000.0,False,none,0.0,physics_confidence_above_threshold,False,150.0,-15.510834223609365,2000.0
114,P1,-150.0,-7.608452130361217,2000.0,1.14,-150.0,-7.608452130361217,2000.0,False,none,0.0,physics_confidence_above_threshold,False,-150.0,-7.608452130361217,2000.0
114,P2,-50.0,-10.99293568583099,2000.0,1.14,-50.0,-10.99293568583099,2000.0,False,none,0.0,physics_confidence_above_threshold,False,-50.0,-10.99293568583099,2000.0
114,P3,50.0,-12.970753034228121,2000.0,1.14,50.0,-12.970753034228121,2000.0,False,none,0.0,physics_confidence_above_threshold,False,50.0,-12.970753034228121,2000.0
114,P4,150.0,-12.601533992502528,2000.0,1.14,150.0,-12.601533992502528,2000.0,False,none,0.0,physics_confidence_above_threshold,False,150.0,-12.601533992502528,2000.0
115,P1,-150.0,-8.0,2000.0,1.15,-150.0,-8.0,2000.0,False,none,0.0,physics_confidence_above_threshold,False,-150.0,-8.0,2000.0
115,P2,-50.0,-10.333099841321175,2000.0,1.15,-50.0,-10.333099841321175,2000.0,False,none,0.0,physics_confidence_above_threshold,False,-50.0,-10.333099841321175,2000.0
115,P3,50.0,-10.707790621982841,2000.0,1.15,50.0,-10.707790621982841,2000.0,False,none,0.0,physics_confidence_above_threshold,False,50.0,-10.707790621982841,2000.0
115,P4,150.0,-8.458707814159448,2000.0,1.15,150.0,-8.458707814159448,2000.0,False,none,0.0,physics_confidence_above_threshold,False,150.0,-8.458707814159448,2000.0
116,P1,-150.0,-7.608452130361232,2000.0,1.16,-150.0,-7.608452130361232,2000.0,False,none,0.0,physics_confidence_above_threshold,False,-150.0,-7.608452130361232,2000.0
116,P2,-50.0,-8.661788189402841,2000.0,1.16,-50.0,-8.661788189402841,2000.0,False,none,0.0,physics_confidence_above_threshold,False,-50.0,-8.661788189402841,2000.0
116,P3,50.0,-7.396675058093699,2000.0,1.16,50.0,-7.396675058093699,2000.0,False,none,0.0,physics_confidence_above_threshold,False,50.0,-7.396675058093699,2000.0
116,P4,150.0,-3.4878843796836176,2000.0,1.16,150.0,-3.4878843796836176,2000.0,False,none,0.0,physics_confidence_above_threshold,False,150.0,-3.4878843796836176,2000.0
117,P1,-150.0,-6.472135954999612,2000.0,1.17,-150.0,-6.472135954999612,2000.0,False,none,0.0,physics_confidence_above_threshold,False,-150.0,-6.472135954999612,2000.0
117,P2,-50.0,-6.142600359278824,2000.0,1.17,-50.0,-6.142600359278824,2000.0,False,none,0.0,physics_confidence_above_threshold,False,-50.0,-6.142600359278824,2000.0
117,P3,50.0,-3.3615214038529406,2000.0,1.17,50.0,-3.3615214038529406,2000.0,False,none,0.0,physics_confidence_above_threshold,False,50.0,-3.3615214038529406,2000.0
117,P4,150.0,1.8243574793949628,2000.0,1.17,150.0,1.8243574793949628,2000.0,False,none,0.0,physics_confidence_above_threshold,False,150.0,1.8243574793949628,2000.0
118,P1,-150.0,-4.702282018339817,2000.0,1.18,-150.0,-4.702282018339817,2000.0,False,none,0.0,physics_confidence_above_threshold,False,-150.0,-4.702282018339817,2000.0
118,P2,-50.0,-3.0221320079752587,2000.0,1.18,-50.0,-3.0221320079752587,2000.0,False,none,0.0,physics_confidence_above_threshold,False,-50.0,-3.0221320079752587,2000.0
118,P3,50.0,1.0026813864938442,2000.0,1.18,50.0,1.0026813864938442,2000.0,False,none,0.0,physics_confidence_above_threshold,False,50.0,1.0026813864938442,2000.0
118,P4,150.0,6.958018517344495,2000.0,1.18,150.0,6.958018517344495,2000.0,False,none,0.0,physics_confidence_above_threshold,False,150.0,6.958018517344495,2000.0
119,P1,-150.0,-2.472135954999604,2000.0,1.19,-150.0,-2.472135954999604,2000.0,False,none,0.0,physics_confidence_above_threshold,False,-150.0,-2.472135954999604,2000.0
119,P2,-50.0,0.3941636807007734,2000.0,1.19,-50.0,0.3941636807007734,2000.0,False,none,0.0,physics_confidence_above_threshold,False,-50.0,0.3941636807007734,2000.0
119,P3,50.0,5.268734736638599,2000.0,1.19,50.0,5.268734736638599,2000.0,False,none,0.0,physics_confidence_above_threshold,False,50.0,5.268734736638599,2000.0
119,P4,150.0,11.41058022345068,2000.0,1.19,150.0,11.41058022345068,2000.0,False,none,0.0,physics_confidence_above_threshold,False,150.0,11.41058022345068,2000.0
120,P1,-150.0,-1.175660927181459e-14,2000.0,1.2,-150.0,-1.175660927181459e-14,2000.0,False,none,0.0,physics_confidence_above_threshold,False,-150.0,-1.175660927181459e-14,2000.0
120,P2,-50.0,3.7718758820099643,2000.0,1.2,-50.0,3.7718758820099643,2000.0,False,none,0.0,physics_confidence_above_threshold,False,-50.0,3.7718758820099643,2000.0
120,P3,50.0,9.01904762132769,2000.0,1.2,50.0,9.01904762132769,2000.0,False,none,0.0,physics_confidence_above_threshold,False,50.0,9.01904762132769,2000.0
120,P4,150.0,14.746194835098251,2000.0,1.2,150.0,14.746194835098251,2000.0,False,none,0.0,physics_confidence_above_threshold,False,150.0,14.746194835098251,2000.0
121,P1,-150.0,2.472135954999582,2000.0,1.21,-150.0,2.472135954999582,2000.0,False,none,0.0,physics_confidence_above_threshold,False,-150.0,2.472135954999582,2000.0
121,P2,-50.0,6.780370591783435,2000.0,1.21,-50.0,6.780370591783435,2000.0,False,none,0.0,physics_confidence_above_threshold,False,-50.0,6.780370591783435,2000.0
121,P3,50.0,11.8865132854414,2000.0,1.21,50.0,11.8865132854414,2000.0,False,none,0.0,physics_confidence_above_threshold,False,50.0,11.8865132854414,2000.0
121,P4,150.0,16.638349153505562,2000.0,1.21,150.0,16.638349153505562,2000.0,False,none,0.0,physics_confidence_above_threshold,False,150.0,16.638349153505562,2000.0
122,P1,-150.0,4.702282018339752,2000.0,1.22,-150.0,4.702282018339752,2000.0,False,none,0.0,physics_confidence_above_threshold,False,-150.0,4.702282018339752,2000.0
122,P2,-50.0,9.12515538641331,2000.0,1.22,-50.0,9.12515538641331,2000.0,False,none,0.0,physics_confidence_above_threshold,False,-50.0,9.12515538641331,2000.0
122,P3,50.0,13.590444210968187,2000.0,1.22,50.0,13.590444210968187,2000.0,False,none,0.0,physics_confidence_above_threshold,False,50.0,13.590444210968187,2000.0
122,P4,150.0,16.901825930572578,2000.0,1.22,150.0,16.901825930572578,2000.0,False,none,0.0,physics_confidence_above_threshold,False,150.0,16.901825930572578,2000.0
123,P1,-150.0,6.472135954999564,2000.0,1.23,-150.0,6.472135954999564,2000.0,False,none,0.0,physics_confidence_above_threshold,False,-150.0,6.472135954999564,2000.0
123,P2,-50.0,10.576706393125013,2000.0,1.23,-50.0,10.576706393125013,2000.0,False,none,0.0,physics_confidence_above_threshold,False,-50.0,10.576706393125013,2000.0
123,P3,50.0,13.964047766932723,2000.0,1.23,50.0,13.964047766932723,2000.0,False,none,0.0,physics_confidence_above_threshold,False,50.0,13.964047766932723,2000.0
123,P4,150.0,15.51083422360934,2000.0,1.23,150.0,15.51083422360934,2000.0,False,none,0.0,physics_confidence_above_threshold,False,150.0,15.51083422360934,2000.0
124,P1,-150.0,7.608452130361225,2000.0,1.24,-150.0,7.608452130361225,2000.0,False,none,0.0,physics_confidence_above_threshold,False,-150.0,7.608452130361225,2000.0
124,P2,-50.0,10.992935685830988,2000.0,1.24,-50.0,10.992935685830988,2000.0,False,none,0.0,physics_confidence_above_threshold,False,-50.0,10.992935685830988,2000.0
124,P3,50.0,12.970753034228103,2000.0,1.24,50.0,12.970753034228103,2000.0,False,none,0.0,physics_confidence_above_threshold,False,50.0,12.970753034228103,2000.0
124,P4,150.0,12.601533992502489,2000.0,1.24,150.0,12.601533992502489,2000.0,False,none,0.0,physics_confidence_above_threshold,False,150.0,12.601533992502489,2000.0
125,P1,-150.0,8.0,2000.0,1.25,-150.0,8.0,2000.0,False,none,0.0,physics_confidence_above_threshold,False,-150.0,8.0,2000.0
125,P2,-50.0,10.333099841321161,2000.0,1.25,-50.0,10.333099841321161,2000.0,False,none,0.0,physics_confidence_above_threshold,False,-50.0,10.333099841321161,2000.0
125,P3,50.0,10.707790621982811,2000.0,1.25,50.0,10.707790621982811,2000.0,False,none,0.0,physics_confidence_above_threshold,False,50.0,10.707790621982811,2000.0
125,P4,150.0,8.458707814159396,2000.0,1.25,150.0,8.458707814159396,2000.0,False,none,0.0,physics_confidence_above_threshold,False,150.0,8.458707814159396,2000.0
126,P1,-150.0,7.608452130361224,2000.0,1.26,-150.0,7.608452130361224,2000.0,False,none,0.0,physics_confidence_above_threshold,False,-150.0,7.608452130361224,2000.0
126,P2,-50.0,8.661788189402817,2000.0,1.26,-50.0,8.661788189402817,2000.0,False,none,0.0,physics_confidence_above_threshold,False,-50.0,8.661788189402817,2000.0
126,P3,50.0,7.396675058093659,2000.0,1.26,50.0,7.396675058093659,2000.0,False,none,0.0,physics_confidence_above_threshold,False,50.0,7.396675058093659,2000.0
126,P4,150.0,3.4878843796835604,2000.0,1.26,150.0,3.4878843796835604,2000.0,False,none,0.0,physics_confidence_above_threshold,False,150.0,3.4878843796835604,2000.0
127,P1,-150.0,6.472135954999595,2000.0,1.27,-150.0,6.472135954999595,2000.0,False,none,0.0,physics_confidence_above_threshold,False,-150.0,6.472135954999595,2000.0
127,P2,-50.0,6.142600359278793,2000.0,1.27,-50.0,6.142600359278793,2000.0,False,none,0.0,physics_confidence_above_threshold,False,-50.0,6.142600359278793,2000.0
127,P3,50.0,3.361521403852894,2000.0,1.27,50.0,3.361521403852894,2000.0,False,none,0.0,physics_confidence_above_threshold,False,50.0,3.361521403852894,2000.0
127,P4,150.0,-1.8243574793950206,2000.0,1.27,150.0,-1.8243574793950206,2000.0,False,none,0.0,physics_confidence_above_threshold,False,150.0,-1.8243574793950206,2000.0
128,P1,-150.0,4.702282018339795,2000.0,1.28,-150.0,4.702282018339795,2000.0,False,none,0.0,physics_confidence_above_threshold,False,-150.0,4.702282018339795,2000.0
128,P2,-50.0,3.0221320079752227,2000.0,1.28,-50.0,3.0221320079752227,2000.0,False,none,0.0,physics_confidence_above_threshold,False,-50.0,3.0221320079752227,2000.0
128,P3,50.0,-1.002681386493892,2000.0,1.28,50.0,-1.002681386493892,2000.0,False,none,0.0,physics_confidence_above_threshold,False,50.0,-1.002681386493892,2000.0
128,P4,150.0,-6.958018517344549,2000.0,1.28,150.0,-6.958018517344549,2000.0,False,none,0.0,physics_confidence_above_threshold,False,150.0,-6.958018517344549,2000.0
129,P1,-150.0,2.472135954999578,2000.0,1.29,-150.0,2.472135954999578,2000.0,False,none,0.0,physics_confidence_above_threshold,False,-150.0,2.472135954999578,2000.0
129,P2,-50.0,-0.3941636807008111,2000.0,1.29,-50.0,-0.3941636807008111,2000.0,False,none,0.0,physics_confidence_above_threshold,False,-50.0,-0.3941636807008111,2000.0
129,P3,50.0,-5.268734736638644,2000.0,1.29,50.0,-5.268734736638644,2000.0,False,none,0.0,physics_confidence_above_threshold,False,50.0,-5.268734736638644,2000.0
129,P4,150.0,-11.410580223450724,2000.0,1.29,150.0,-11.410580223450724,2000.0,False,none,0.0,physics_confidence_above_threshold,False,150.0,-11.410580223450724,2000.0
130,P1,-150.0,-1.5685382719271533e-14,2000.0,1.3,-150.0,-1.5685382719271533e-14,2000.0,False,none,0.0,physics_confidence_above_threshold,False,-150.0,-1.5685382719271533e-14,2000.0
130,P2,-50.0,-3.77187588201,2000.0,1.3,-50.0,-3.77187588201,2000.0,False,none,0.0,physics_confidence_above_threshold,False,-50.0,-3.77187588201,2000.0
130,P3,50.0,-9.019047621327726,2000.0,1.3,50.0,-9.019047621327726,2000.0,False,none,0.0,physics_confidence_above_threshold,False,50.0,-9.019047621327726,2000.0
130,P4,150.0,-14.74619483509828,2000.0,1.3,150.0,-14.74619483509828,2000.0,False,none,0.0,physics_confidence_above_threshold,False,150.0,-14.74619483509828,2000.0
131,P1,-150.0,-2.472135954999554,2000.0,1.31,-150.0,-2.472135954999554,2000.0,False,none,0.0,physics_confidence_above_threshold,False,-150.0,-2.472135954999554,2000.0
131,P2,-50.0,-6.780370591783403,2000.0,1.31,-50.0,-6.780370591783403,2000.0,False,none,0.0,physics_confidence_above_threshold,False,-50.0,-6.780370591783403,2000.0
131,P3,50.0,-11.886513285441373,2000.0,1.31,50.0,-11.886513285441373,2000.0,False,none,0.0,physics_confidence_above_threshold,False,50.0,-11.886513285441373,2000.0
131,P4,150.0,-16.638349153505548,2000.0,1.31,150.0,-16.638349153505548,2000.0,False,none,0.0,physics_confidence_above_threshold,False,150.0,-16.638349153505548,2000.0
132,P1,-150.0,-4.702282018339774,2000.0,1.32,-150.0,-4.702282018339774,2000.0,False,none,0.0,physics_confidence_above_threshold,False,-150.0,-4.702282018339774,2000.0
132,P2,-50.0,-9.125155386413331,2000.0,1.32,-50.0,-9.125155386413331,2000.0,False,none,0.0,physics_confidence_above_threshold,False,-50.0,-9.125155386413331,2000.0
132,P3,50.0,-13.590444210968199,2000.0,1.32,50.0,-13.590444210968199,2000.0,False,none,0.0,physics_confidence_above_threshold,False,50.0,-13.590444210968199,2000.0
132,P4,150.0,-16.90182593057257,2000.0,1.32,150.0,-16.90182593057257,2000.0,False,none,0.0,physics_confidence_above_threshold,False,150.0,-16.90182593057257,2000.0
133,P1,-150.0,-6.47213595499958,2000.0,1.33,-150.0,-6.47213595499958,2000.0,False,none,0.0,physics_confidence_above_threshold,False,-150.0,-6.47213595499958,2000.0
133,P2,-50.0,-10.576706393125024,2000.0,1.33,-50.0,-10.576706393125024,2000.0,False,none,0.0,physics_confidence_above_threshold,False,-50.0,-10.576706393125024,2000.0
133,P3,50.0,-13.964047766932719,2000.0,1.33,50.0,-13.964047766932719,2000.0,False,none,0.0,physics_confidence_above_threshold,False,50.0,-13.964047766932719,2000.0
133,P4,150.0,-15.510834223609315,2000.0,1.33,150.0,-15.510834223609315,2000.0,False,none,0.0,physics_confidence_above_threshold,False,150.0,-15.510834223609315,2000.0
134,P1,-150.0,-7.608452130361234,2000.0,1.34,-150.0,-7.608452130361234,2000.0,False,none,0.0,physics_confidence_above_threshold,False,-150.0,-7.608452130361234,2000.0
134,P2,-50.0,-10.992935685830986,2000.0,1.34,-50.0,-10.992935685830986,2000.0,False,none,0.0,physics_confidence_above_threshold,False,-50.0,-10.992935685830986,2000.0
134,P3,50.0,-12.970753034228085,2000.0,1.34,50.0,-12.970753034228085,2000.0,False,none,0.0,physics_confidence_above_threshold,False,50.0,-12.970753034228085,2000.0
134,P4,150.0,-12.60153399250245,2000.0,1.34,150.0,-12.60153399250245,2000.0,False,none,0.0,physics_confidence_above_threshold,False,150.0,-12.60153399250245,2000.0
135,P1,-150.0,-8.0,2000.0,1.35,-150.0,-8.0,2000.0,False,none,0.0,physics_confidence_above_threshold,False,-150.0,-8.0,2000.0
135,P2,-50.0,-10.33309984132115,2000.0,1.35,-50.0,-10.33309984132115,2000.0,False,none,0.0,physics_confidence_above_threshold,False,-50.0,-10.33309984132115,2000.0
135,P3,50.0,-10.70779062198278,2000.0,1.35,50.0,-10.70779062198278,2000.0,False,none,0.0,physics_confidence_above_threshold,False,50.0,-10.70779062198278,2000.0
135,P4,150.0,-8.458707814159347,2000.0,1.35,150.0,-8.458707814159347,2000.0,False,none,0.0,physics_confidence_above_threshold,False,150.0,-8.458707814159347,2000.0
136,P1,-150.0,-7.608452130361233,2000.0,1.36,-150.0,-7.608452130361233,2000.0,False,none,0.0,physics_confidence_above_threshold,False,-150.0,-7.608452130361233,2000.0
136,P2,-50.0,-8.661788189402843,2000.0,1.36,-50.0,-8.661788189402843,2000.0,False,none,0.0,physics_confidence_above_threshold,False,-50.0,-8.661788189402843,2000.0
136,P3,50.0,-7.396675058093702,2000.0,1.36,50.0,-7.396675058093702,2000.0,False,none,0.0,physics_confidence_above_threshold,False,50.0,-7.396675058093702,2000.0
136,P4,150.0,-3.487884379683622,2000.0,1.36,150.0,-3.487884379683622,2000.0,False,none,0.0,physics_confidence_above_threshold,False,150.0,-3.487884379683622,2000.0
137,P1,-150.0,-6.472135954999579,2000.0,1.37,-150.0,-6.472135954999579,2000.0,False,none,0.0,physics_confidence_above_threshold,False,-150.0,-6.472135954999579,2000.0
137,P2,-50.0,-6.142600359278762,2000.0,1.37,-50.0,-6.142600359278762,2000.0,False,none,0.0,physics_confidence_above_threshold,False,-50.0,-6.142600359278762,2000.0
137,P3,50.0,-3.3615214038528474,2000.0,1.37,50.0,-3.3615214038528474,2000.0,False,none,0.0,physics_confidence_above_threshold,False,50.0,-3.3615214038528474,2000.0
137,P4,150.0,1.8243574793950788,2000.0,1.37,150.0,1.8243574793950788,2000.0,False,none,0.0,physics_confidence_above_threshold,False,150.0,1.8243574793950788,2000.0
138,P1,-150.0,-4.702282018339819,2000.0,1.38,-150.0,-4.702282018339819,2000.0,False,none,0.0,physics_confidence_above_threshold,False,-150.0,-4.702282018339819,2000.0
138,P2,-50.0,-3.022132007975262,2000.0,1.38,-50.0,-3.022132007975262,2000.0,False,none,0.0,physics_confidence_above_threshold,False,-50.0,-3.022132007975262,2000.0
138,P3,50.0,1.0026813864938406,2000.0,1.38,50.0,1.0026813864938406,2000.0,False,none,0.0,physics_confidence_above_threshold,False,50.0,1.0026813864938406,2000.0
138,P4,150.0,6.958018517344492,2000.0,1.38,150.0,6.958018517344492,2000.0,False,none,0.0,physics_confidence_above_threshold,False,150.0,6.958018517344492,2000.0
139,P1,-150.0,-2.472135954999606,2000.0,1.39,-150.0,-2.472135954999606,2000.0,False,none,0.0,physics_confidence_above_threshold,False,-150.0,-2.472135954999606,2000.0
139,P2,-50.0,0.39416368070077074,2000.0,1.39,-50.0,0.39416368070077074,2000.0,False,none,0.0,physics_confidence_above_threshold,False,-50.0,0.39416368070077074,2000.0
139,P3,50.0,5.268734736638597,2000.0,1.39,50.0,5.268734736638597,2000.0,False,none,0.0,physics_confidence_above_threshold,False,50.0,5.268734736638597,2000.0
139,P4,150.0,11.410580223450678,2000.0,1.39,150.0,11.410580223450678,2000.0,False,none,0.0,physics_confidence_above_threshold,False,150.0,11.410580223450678,2000.0
140,P1,-150.0,-1.3716044150450356e-14,2000.0,1.4,-150.0,-1.3716044150450356e-14,2000.0,False,none,0.0,physics_confidence_above_threshold,False,-150.0,-1.3716044150450356e-14,2000.0
140,P2,-50.0,3.7718758820099616,2000.0,1.4,-50.0,3.7718758820099616,2000.0,False,none,0.0,physics_confidence_above_threshold,False,-50.0,3.7718758820099616,2000.0
140,P3,50.0,9.019047621327687,2000.0,1.4,50.0,9.019047621327687,2000.0,False,none,0.0,physics_confidence_above_threshold,False,50.0,9.019047621327687,2000.0
140,P4,150.0,14.74619483509825,2000.0,1.4,150.0,14.74619483509825,2000.0,False,none,0.0,physics_confidence_above_threshold,False,150.0,14.74619483509825,2000.0
141,P1,-150.0,2.472135954999526,2000.0,1.41,-150.0,2.472135954999526,2000.0,False,none,0.0,physics_confidence_above_threshold,False,-150.0,2.472135954999526,2000.0
141,P2,-50.0,6.780370591783372,2000.0,1.41,-50.0,6.780370591783372,2000.0,False,none,0.0,physics_confidence_above_threshold,False,-50.0,6.780370591783372,2000.0
141,P3,50.0,11.886513285441344,2000.0,1.41,50.0,11.886513285441344,2000.0,False,none,0.0,physics_confidence_above_threshold,False,50.0,11.886513285441344,2000.0
141,P4,150.0,16.638349153505537,2000.0,1.41,150.0,16.638349153505537,2000.0,False,none,0.0,physics_confidence_above_threshold,False,150.0,16.638349153505537,2000.0
142,P1,-150.0,4.7022820183397505,2000.0,1.42,-150.0,4.7022820183397505,2000.0,False,none,0.0,physics_confidence_above_threshold,False,-150.0,4.7022820183397505,2000.0
142,P2,-50.0,9.125155386413308,2000.0,1.42,-50.0,9.125155386413308,2000.0,False,none,0.0,physics_confidence_above_threshold,False,-50.0,9.125155386413308,2000.0
142,P3,50.0,13.590444210968187,2000.0,1.42,50.0,13.590444210968187,2000.0,False,none,0.0,physics_confidence_above_threshold,False,50.0,13.590444210968187,2000.0
142,P4,150.0,16.901825930572578,2000.0,1.42,150.0,16.901825930572578,2000.0,False,none,0.0,physics_confidence_above_threshold,False,150.0,16.901825930572578,2000.0
143,P1,-150.0,6.472135954999563,2000.0,1.43,-150.0,6.472135954999563,2000.0,False,none,0.0,physics_confidence_above_threshold,False,-150.0,6.472135954999563,2000.0
143,P2,-50.0,10.576706393125013,2000.0,1.43,-50.0,10.576706393125013,2000.0,False,none,0.0,physics_confidence_above_threshold,False,-50.0,10.576706393125013,2000.0
143,P3,50.0,13.964047766932723,2000.0,1.43,50.0,13.964047766932723,2000.0,False,none,0.0,physics_confidence_above_threshold,False,50.0,13.964047766932723,2000.0
143,P4,150.0,15.510834223609342,2000.0,1.43,150.0,15.510834223609342,2000.0,False,none,0.0,physics_confidence_above_threshold,False,150.0,15.510834223609342,2000.0
144,P1,-150.0,7.608452130361224,2000.0,1.44,-150.0,7.608452130361224,2000.0,False,none,0.0,physics_confidence_above_threshold,False,-150.0,7.608452130361224,2000.0
144,P2,-50.0,10.992935685830988,2000.0,1.44,-50.0,10.992935685830988,2000.0,False,none,0.0,physics_confidence_above_threshold,False,-50.0,10.992935685830988,2000.0
144,P3,50.0,12.970753034228105,2000.0,1.44,50.0,12.970753034228105,2000.0,False,none,0.0,physics_confidence_above_threshold,False,50.0,12.970753034228105,2000.0
144,P4,150.0,12.60153399250249,2000.0,1.44,150.0,12.60153399250249,2000.0,False,none,0.0,physics_confidence_above_threshold,False,150.0,12.60153399250249,2000.0
145,P1,-150.0,8.0,2000.0,1.45,-150.0,8.0,2000.0,False,none,0.0,physics_confidence_above_threshold,False,-150.0,8.0,2000.0
145,P2,-50.0,10.333099841321163,2000.0,1.45,-50.0,10.333099841321163,2000.0,False,none,0.0,physics_confidence_above_threshold,False,-50.0,10.333099841321163,2000.0
145,P3,50.0,10.707790621982813,2000.0,1.45,50.0,10.707790621982813,2000.0,False,none,0.0,physics_confidence_above_threshold,False,50.0,10.707790621982813,2000.0
145,P4,150.0,8.4587078141594,2000.0,1.45,150.0,8.4587078141594,2000.0,False,none,0.0,physics_confidence_above_threshold,False,150.0,8.4587078141594,2000.0
146,P1,-150.0,7.608452130361242,2000.0,1.46,-150.0,7.608452130361242,2000.0,False,none,0.0,physics_confidence_above_threshold,False,-150.0,7.608452130361242,2000.0
146,P2,-50.0,8.661788189402868,2000.0,1.46,-50.0,8.661788189402868,2000.0,False,none,0.0,physics_confidence_above_threshold,False,-50.0,8.661788189402868,2000.0
146,P3,50.0,7.396675058093746,2000.0,1.46,50.0,7.396675058093746,2000.0,False,none,0.0,physics_confidence_above_threshold,False,50.0,7.396675058093746,2000.0
146,P4,150.0,3.4878843796836834,2000.0,1.46,150.0,3.4878843796836834,2000.0,False,none,0.0,physics_confidence_above_threshold,False,150.0,3.4878843796836834,2000.0
147,P1,-150.0,6.4721359549995965,2000.0,1.47,-150.0,6.4721359549995965,2000.0,False,none,0.0,physics_confidence_above_threshold,False,-150.0,6.4721359549995965,2000.0
147,P2,-50.0,6.142600359278795,2000.0,1.47,-50.0,6.142600359278795,2000.0,False,none,0.0,physics_confidence_above_threshold,False,-50.0,6.142600359278795,2000.0
147,P3,50.0,3.3615214038528975,2000.0,1.47,50.0,3.3615214038528975,2000.0,False,none,0.0,physics_confidence_above_threshold,False,50.0,3.3615214038528975,2000.0
147,P4,150.0,-1.8243574793950166,2000.0,1.47,150.0,-1.8243574793950166,2000.0,False,none,0.0,physics_confidence_above_threshold,False,150.0,-1.8243574793950166,2000.0
148,P1,-150.0,4.702282018339797,2000.0,1.48,-150.0,4.702282018339797,2000.0,False,none,0.0,physics_confidence_above_threshold,False,-150.0,4.702282018339797,2000.0
148,P2,-50.0,3.0221320079752254,2000.0,1.48,-50.0,3.0221320079752254,2000.0,False,none,0.0,physics_confidence_above_threshold,False,-50.0,3.0221320079752254,2000.0
148,P3,50.0,-1.0026813864938886,2000.0,1.48,50.0,-1.0026813864938886,2000.0,False,none,0.0,physics_confidence_above_threshold,False,50.0,-1.0026813864938886,2000.0
148,P4,150.0,-6.958018517344545,2000.0,1.48,150.0,-6.958018517344545,2000.0,False,none,0.0,physics_confidence_above_threshold,False,150.0,-6.958018517344545,2000.0
149,P1,-150.0,2.4721359549995796,2000.0,1.49,-150.0,2.4721359549995796,2000.0,False,none,0.0,physics_confidence_above_threshold,False,-150.0,2.4721359549995796,2000.0
149,P2,-50.0,-0.3941636807008084,2000.0,1.49,-50.0,-0.3941636807008084,2000.0,False,none,0.0,physics_confidence_above_threshold,False,-50.0,-0.3941636807008084,2000.0
149,P3,50.0,-5.268734736638641,2000.0,1.49,50.0,-5.268734736638641,2000.0,False,none,0.0,physics_confidence_above_threshold,False,50.0,-5.268734736638641,2000.0
149,P4,150.0,-11.410580223450719,2000.0,1.49,150.0,-11.410580223450719,2000.0,False,none,0.0,physics_confidence_above_threshold,False,150.0,-11.410580223450719,2000.0
150,P1,-150.0,4.3117471020172244e-14,2000.0,1.5,-150.0,4.3117471020172244e-14,2000.0,False,none,0.0,physics_confidence_above_threshold,False,-150.0,4.3117471020172244e-14,2000.0
150,P2,-50.0,-3.771875882009924,2000.0,1.5,-50.0,-3.771875882009924,2000.0,False,none,0.0,physics_confidence_above_threshold,False,-50.0,-3.771875882009924,2000.0
150,P3,50.0,-9.019047621327648,2000.0,1.5,50.0,-9.019047621327648,2000.0,False,none,0.0,physics_confidence_above_threshold,False,50.0,-9.019047621327648,2000.0
150,P4,150.0,-14.746194835098217,2000.0,1.5,150.0,-14.746194835098217,2000.0,False,none,0.0,physics_confidence_above_threshold,False,150.0,-14.746194835098217,2000.0
151,P1,-150.0,-2.4721359549995516,2000.0,1.51,-150.0,-2.4721359549995516,2000.0,False,none,0.0,physics_confidence_above_threshold,False,-150.0,-2.4721359549995516,2000.0
151,P2,-50.0,-6.780370591783401,2000.0,1.51,-50.0,-6.780370591783401,2000.0,False,none,0.0,physics_confidence_above_threshold,False,-50.0,-6.780370591783401,2000.0
151,P3,50.0,-11.886513285441369,2000.0,1.51,50.0,-11.886513285441369,2000.0,False,none,0.0,physics_confidence_above_threshold,False,50.0,-11.886513285441369,2000.0
151,P4,150.0,-16.638349153505548,2000.0,1.51,150.0,-16.638349153505548,2000.0,False,none,0.0,physics_confidence_above_threshold,False,150.0,-16.638349153505548,2000.0
152,P1,-150.0,-4.702282018339773,2000.0,1.52,-150.0,-4.702282018339773,2000.0,False,none,0.0,physics_confidence_above_threshold,False,-150.0,-4.702282018339773,2000.0
152,P2,-50.0,-9.12515538641333,2000.0,1.52,-50.0,-9.12515538641333,2000.0,False,none,0.0,physics_confidence_above_threshold,False,-50.0,-9.12515538641333,2000.0
152,P3,50.0,-13.590444210968199,2000.0,1.52,50.0,-13.590444210968199,2000.0,False,none,0.0,physics_confidence_above_threshold,False,50.0,-13.590444210968199,2000.0
152,P4,150.0,-16.90182593057257,2000.0,1.52,150.0,-16.90182593057257,2000.0,False,none,0.0,physics_confidence_above_threshold,False,150.0,-16.90182593057257,2000.0
153,P1,-150.0,-6.472135954999579,2000.0,1.53,-150.0,-6.472135954999579,2000.0,False,none,0.0,physics_confidence_above_threshold,False,-150.0,-6.472135954999579,2000.0
153,P2,-50.0,-10.576706393125024,2000.0,1.53,-50.0,-10.576706393125024,2000.0,False,none,0.0,physics_confidence_above_threshold,False,-50.0,-10.576706393125024,2000.0
153,P3,50.0,-13.964047766932719,2000.0,1.53,50.0,-13.964047766932719,2000.0,False,none,0.0,physics_confidence_above_threshold,False,50.0,-13.964047766932719,2000.0
153,P4,150.0,-15.510834223609317,2000.0,1.53,150.0,-15.510834223609317,2000.0,False,none,0.0,physics_confidence_above_threshold,False,150.0,-15.510834223609317,2000.0
154,P1,-150.0,-7.608452130361233,2000.0,1.54,-150.0,-7.608452130361233,2000.0,False,none,0.0,physics_confidence_above_threshold,False,-150.0,-7.608452130361233,2000.0
154,P2,-50.0,-10.992935685830986,2000.0,1.54,-50.0,-10.992935685830986,2000.0,False,none,0.0,physics_confidence_above_threshold,False,-50.0,-10.992935685830986,2000.0
154,P3,50.0,-12.970753034228087,2000.0,1.54,50.0,-12.970753034228087,2000.0,False,none,0.0,physics_confidence_above_threshold,False,50.0,-12.970753034228087,2000.0
154,P4,150.0,-12.601533992502453,2000.0,1.54,150.0,-12.601533992502453,2000.0,False,none,0.0,physics_confidence_above_threshold,False,150.0,-12.601533992502453,2000.0
155,P1,-150.0,-8.0,2000.0,1.55,-150.0,-8.0,2000.0,False,none,0.0,physics_confidence_above_threshold,False,-150.0,-8.0,2000.0
155,P2,-50.0,-10.333099841321177,2000.0,1.55,-50.0,-10.333099841321177,2000.0,False,none,0.0,physics_confidence_above_threshold,False,-50.0,-10.333099841321177,2000.0
155,P3,50.0,-10.707790621982845,2000.0,1.55,50.0,-10.707790621982845,2000.0,False,none,0.0,physics_confidence_above_threshold,False,50.0,-10.707790621982845,2000.0
155,P4,150.0,-8.458707814159455,2000.0,1.55,150.0,-8.458707814159455,2000.0,False,none,0.0,physics_confidence_above_threshold,False,150.0,-8.458707814159455,2000.0
156,P1,-150.0,-7.608452130361234,2000.0,1.56,-150.0,-7.608452130361234,2000.0,False,none,0.0,physics_confidence_above_threshold,False,-150.0,-7.608452130361234,2000.0
156,P2,-50.0,-8.661788189402845,2000.0,1.56,-50.0,-8.661788189402845,2000.0,False,none,0.0,physics_confidence_above_threshold,False,-50.0,-8.661788189402845,2000.0
156,P3,50.0,-7.396675058093705,2000.0,1.56,50.0,-7.396675058093705,2000.0,False,none,0.0,physics_confidence_above_threshold,False,50.0,-7.396675058093705,2000.0
156,P4,150.0,-3.487884379683626,2000.0,1.56,150.0,-3.487884379683626,2000.0,False,none,0.0,physics_confidence_above_threshold,False,150.0,-3.487884379683626,2000.0
157,P1,-150.0,-6.47213595499958,2000.0,1.57,-150.0,-6.47213595499958,2000.0,False,none,0.0,physics_confidence_above_threshold,False,-150.0,-6.47213595499958,2000.0
157,P2,-50.0,-6.142600359278764,2000.0,1.57,-50.0,-6.142600359278764,2000.0,False,none,0.0,physics_confidence_above_threshold,False,-50.0,-6.142600359278764,2000.0
157,P3,50.0,-3.361521403852851,2000.0,1.57,50.0,-3.361521403852851,2000.0,False,none,0.0,physics_confidence_above_threshold,False,50.0,-3.361521403852851,2000.0
157,P4,150.0,1.8243574793950748,2000.0,1.57,150.0,1.8243574793950748,2000.0,False,none,0.0,physics_confidence_above_threshold,False,150.0,1.8243574793950748,2000.0
158,P1,-150.0,-4.702282018339774,2000.0,1.58,-150.0,-4.702282018339774,2000.0,False,none,0.0,physics_confidence_above_threshold,False,-150.0,-4.702282018339774,2000.0
158,P2,-50.0,-3.0221320079751894,2000.0,1.58,-50.0,-3.0221320079751894,2000.0,False,none,0.0,physics_confidence_above_threshold,False,-50.0,-3.0221320079751894,2000.0
158,P3,50.0,1.0026813864939363,2000.0,1.58,50.0,1.0026813864939363,2000.0,False,none,0.0,physics_confidence_above_threshold,False,50.0,1.0026813864939363,2000.0
158,P4,150.0,6.958018517344598,2000.0,1.58,150.0,6.958018517344598,2000.0,False,none,0.0,physics_confidence_above_threshold,False,150.0,6.958018517344598,2000.0
159,P1,-150.0,-2.472135954999554,2000.0,1.59,-150.0,-2.472135954999554,2000.0,False,none,0.0,physics_confidence_above_threshold,False,-150.0,-2.472135954999554,2000.0
159,P2,-50.0,0.3941636807008462,2000.0,1.59,-50.0,0.3941636807008462,2000.0,False,none,0.0,physics_confidence_above_threshold,False,-50.0,0.3941636807008462,2000.0
159,P3,50.0,5.2687347366386845,2000.0,1.59,50.0,5.2687347366386845,2000.0,False,none,0.0,physics_confidence_above_threshold,False,50.0,5.2687347366386845,2000.0
159,P4,150.0,11.410580223450765,2000.0,1.59,150.0,11.410580223450765,2000.0,False,none,0.0,physics_confidence_above_threshold,False,150.0,11.410580223450765,2000.0
160,P1,-150.0,-1.567547902908612e-14,2000.0,1.6,-150.0,-1.567547902908612e-14,2000.0,False,none,0.0,physics_confidence_above_threshold,False,-150.0,-1.567547902908612e-14,2000.0
160,P2,-50.0,3.7718758820099594,2000.0,1.6,-50.0,3.7718758820099594,2000.0,False,none,0.0,physics_confidence_above_threshold,False,-50.0,3.7718758820099594,2000.0
160,P3,50.0,9.019047621327683,2000.0,1.6,50.0,9.019047621327683,2000.0,False,none,0.0,physics_confidence_above_threshold,False,50.0,9.019047621327683,2000.0
160,P4,150.0,14.746194835098247,2000.0,1.6,150.0,14.746194835098247,2000.0,False,none,0.0,physics_confidence_above_threshold,False,150.0,14.746194835098247,2000.0
161,P1,-150.0,2.472135954999578,2000.0,1.61,-150.0,2.472135954999578,2000.0,False,none,0.0,physics_confidence_above_threshold,False,-150.0,2.472135954999578,2000.0
161,P2,-50.0,6.780370591783432,2000.0,1.61,-50.0,6.780370591783432,2000.0,False,none,0.0,physics_confidence_above_threshold,False,-50.0,6.780370591783432,2000.0
161,P3,50.0,11.886513285441396,2000.0,1.61,50.0,11.886513285441396,2000.0,False,none,0.0,physics_confidence_above_threshold,False,50.0,11.886513285441396,2000.0
161,P4,150.0,16.638349153505562,2000.0,1.61,150.0,16.638349153505562,2000.0,False,none,0.0,physics_confidence_above_threshold,False,150.0,16.638349153505562,2000.0
162,P1,-150.0,4.702282018339795,2000.0,1.62,-150.0,4.702282018339795,2000.0,False,none,0.0,physics_confidence_above_threshold,False,-150.0,4.702282018339795,2000.0
162,P2,-50.0,9.12515538641335,2000.0,1.62,-50.0,9.12515538641335,2000.0,False,none,0.0,physics_confidence_above_threshold,False,-50.0,9.12515538641335,2000.0
162,P3,50.0,13.59044421096821,2000.0,1.62,50.0,13.59044421096821,2000.0,False,none,0.0,physics_confidence_above_threshold,False,50.0,13.59044421096821,2000.0
162,P4,150.0,16.901825930572567,2000.0,1.62,150.0,16.901825930572567,2000.0,False,none,0.0,physics_confidence_above_threshold,False,150.0,16.901825930572567,2000.0
163,P1,-150.0,6.472135954999562,2000.0,1.63,-150.0,6.472135954999562,2000.0,False,none,0.0,physics_confidence_above_threshold,False,-150.0,6.472135954999562,2000.0
163,P2,-50.0,10.576706393125011,2000.0,1.63,-50.0,10.576706393125011,2000.0,False,none,0.0,physics_confidence_above_threshold,False,-50.0,10.576706393125011,2000.0
163,P3,50.0,13.964047766932723,2000.0,1.63,50.0,13.964047766932723,2000.0,False,none,0.0,physics_confidence_above_threshold,False,50.0,13.964047766932723,2000.0
163,P4,150.0,15.510834223609343,2000.0,1.63,150.0,15.510834223609343,2000.0,False,none,0.0,physics_confidence_above_threshold,False,150.0,15.510834223609343,2000.0
164,P1,-150.0,7.608452130361224,2000.0,1.64,-150.0,7.608452130361224,2000.0,False,none,0.0,physics_confidence_above_threshold,False,-150.0,7.608452130361224,2000.0
164,P2,-50.0,10.992935685830988,2000.0,1.64,-50.0,10.992935685830988,2000.0,False,none,0.0,physics_confidence_above_threshold,False,-50.0,10.992935685830988,2000.0
164,P3,50.0,12.970753034228107,2000.0,1.64,50.0,12.970753034228107,2000.0,False,none,0.0,physics_confidence_above_threshold,False,50.0,12.970753034228107,2000.0
164,P4,150.0,12.601533992502494,2000.0,1.64,150.0,12.601533992502494,2000.0,False,none,0.0,physics_confidence_above_threshold,False,150.0,12.601533992502494,2000.0
165,P1,-150.0,8.0,2000.0,1.65,-150.0,8.0,2000.0,False,none,0.0,physics_confidence_above_threshold,False,-150.0,8.0,2000.0
165,P2,-50.0,10.333099841321191,2000.0,1.65,-50.0,10.333099841321191,2000.0,False,none,0.0,physics_confidence_above_threshold,False,-50.0,10.333099841321191,2000.0
165,P3,50.0,10.707790621982879,2000.0,1.65,50.0,10.707790621982879,2000.0,False,none,0.0,physics_confidence_above_threshold,False,50.0,10.707790621982879,2000.0
165,P4,150.0,8.45870781415951,2000.0,1.65,150.0,8.45870781415951,2000.0,False,none,0.0,physics_confidence_above_threshold,False,150.0,8.45870781415951,2000.0
166,P1,-150.0,7.6084521303612425,2000.0,1.66,-150.0,7.6084521303612425,2000.0,False,none,0.0,physics_confidence_above_threshold,False,-150.0,7.6084521303612425,2000.0
166,P2,-50.0,8.66178818940287,2000.0,1.66,-50.0,8.66178818940287,2000.0,False,none,0.0,physics_confidence_above_threshold,False,-50.0,8.66178818940287,2000.0
166,P3,50.0,7.396675058093749,2000.0,1.66,50.0,7.396675058093749,2000.0,False,none,0.0,physics_confidence_above_threshold,False,50.0,7.396675058093749,2000.0
166,P4,150.0,3.487884379683687,2000.0,1.66,150.0,3.487884379683687,2000.0,False,none,0.0,physics_confidence_above_threshold,False,150.0,3.487884379683687,2000.0
167,P1,-150.0,6.472135954999597,2000.0,1.67,-150.0,6.472135954999597,2000.0,False,none,0.0,physics_confidence_above_threshold,False,-150.0,6.472135954999597,2000.0
167,P2,-50.0,6.142600359278798,2000.0,1.67,-50.0,6.142600359278798,2000.0,False,none,0.0,physics_confidence_above_threshold,False,-50.0,6.142600359278798,2000.0
167,P3,50.0,3.3615214038529007,2000.0,1.67,50.0,3.3615214038529007,2000.0,False,none,0.0,physics_confidence_above_threshold,False,50.0,3.3615214038529007,2000.0
167,P4,150.0,-1.8243574793950124,2000.0,1.67,150.0,-1.8243574793950124,2000.0,False,none,0.0,physics_confidence_above_threshold,False,150.0,-1.8243574793950124,2000.0
168,P1,-150.0,4.702282018339798,2000.0,1.68,-150.0,4.702282018339798,2000.0,False,none,0.0,physics_confidence_above_threshold,False,-150.0,4.702282018339798,2000.0
168,P2,-50.0,3.0221320079752276,2000.0,1.68,-50.0,3.0221320079752276,2000.0,False,none,0.0,physics_confidence_above_threshold,False,-50.0,3.0221320079752276,2000.0
168,P3,50.0,-1.002681386493885,2000.0,1.68,50.0,-1.002681386493885,2000.0,False,none,0.0,physics_confidence_above_threshold,False,50.0,-1.002681386493885,2000.0
168,P4,150.0,-6.958018517344541,2000.0,1.68,150.0,-6.958018517344541,2000.0,False,none,0.0,physics_confidence_above_threshold,False,150.0,-6.958018517344541,2000.0
169,P1,-150.0,2.472135954999582,2000.0,1.69,-150.0,2.472135954999582,2000.0,False,none,0.0,physics_confidence_above_threshold,False,-150.0,2.472135954999582,2000.0
169,P2,-50.0,-0.39416368070080576,2000.0,1.69,-50.0,-0.39416368070080576,2000.0,False,none,0.0,physics_confidence_above_threshold,False,-50.0,-0.39416368070080576,2000.0
169,P3,50.0,-5.2687347366386375,2000.0,1.69,50.0,-5.2687347366386375,2000.0,False,none,0.0,physics_confidence_above_threshold,False,50.0,-5.2687347366386375,2000.0
169,P4,150.0,-11.410580223450717,2000.0,1.69,150.0,-11.410580223450717,2000.0,False,none,0.0,physics_confidence_above_threshold,False,150.0,-11.410580223450717,2000.0
170,P1,-150.0,4.507690589880801e-14,2000.0,1.7,-150.0,4.507690589880801e-14,2000.0,False,none,0.0,physics_confidence_above_threshold,False,-150.0,4.507690589880801e-14,2000.0
170,P2,-50.0,-3.7718758820099216,2000.0,1.7,-50.0,-3.7718758820099216,2000.0,False,none,0.0,physics_confidence_above_threshold,False,-50.0,-3.7718758820099216,2000.0
170,P3,50.0,-9.019047621327644,2000.0,1.7,50.0,-9.019047621327644,2000.0,False,none,0.0,physics_confidence_above_threshold,False,50.0,-9.019047621327644,2000.0
170,P4,150.0,-14.746194835098215,2000.0,1.7,150.0,-14.746194835098215,2000.0,False,none,0.0,physics_confidence_above_threshold,False,150.0,-14.746194835098215,2000.0
171,P1,-150.0,-2.47213595499955,2000.0,1.71,-150.0,-2.47213595499955,2000.0,False,none,0.0,physics_confidence_above_threshold,False,-150.0,-2.47213595499955,2000.0
171,P2,-50.0,-6.780370591783399,2000.0,1.71,-50.0,-6.780370591783399,2000.0,False,none,0.0,physics_confidence_above_threshold,False,-50.0,-6.780370591783399,2000.0
171,P3,50.0,-11.886513285441367,2000.0,1.71,50.0,-11.886513285441367,2000.0,False,none,0.0,physics_confidence_above_threshold,False,50.0,-11.886513285441367,2000.0
171,P4,150.0,-16.638349153505548,2000.0,1.71,150.0,-16.638349153505548,2000.0,False,none,0.0,physics_confidence_above_threshold,False,150.0,-16.638349153505548,2000.0
172,P1,-150.0,-4.702282018339771,2000.0,1.72,-150.0,-4.702282018339771,2000.0,False,none,0.0,physics_confidence_above_threshold,False,-150.0,-4.702282018339771,2000.0
172,P2,-50.0,-9.125155386413327,2000.0,1.72,-50.0,-9.125155386413327,2000.0,False,none,0.0,physics_confidence_above_threshold,False,-50.0,-9.125155386413327,2000.0
172,P3,50.0,-13.590444210968197,2000.0,1.72,50.0,-13.590444210968197,2000.0,False,none,0.0,physics_confidence_above_threshold,False,50.0,-13.590444210968197,2000.0
172,P4,150.0,-16.90182593057257,2000.0,1.72,150.0,-16.90182593057257,2000.0,False,none,0.0,physics_confidence_above_threshold,False,150.0,-16.90182593057257,2000.0
173,P1,-150.0,-6.472135954999578,2000.0,1.73,-150.0,-6.472135954999578,2000.0,False,none,0.0,physics_confidence_above_threshold,False,-150.0,-6.472135954999578,2000.0
173,P2,-50.0,-10.576706393125024,2000.0,1.73,-50.0,-10.576706393125024,2000.0,False,none,0.0,physics_confidence_above_threshold,False,-50.0,-10.576706393125024,2000.0
173,P3,50.0,-13.964047766932719,2000.0,1.73,50.0,-13.964047766932719,2000.0,False,none,0.0,physics_confidence_above_threshold,False,50.0,-13.964047766932719,2000.0
173,P4,150.0,-15.510834223609319,2000.0,1.73,150.0,-15.510834223609319,2000.0,False,none,0.0,physics_confidence_above_threshold,False,150.0,-15.510834223609319,2000.0
174,P1,-150.0,-7.608452130361215,2000.0,1.74,-150.0,-7.608452130361215,2000.0,False,none,0.0,physics_confidence_above_threshold,False,-150.0,-7.608452130361215,2000.0
174,P2,-50.0,-10.99293568583099,2000.0,1.74,-50.0,-10.99293568583099,2000.0,False,none,0.0,physics_confidence_above_threshold,False,-50.0,-10.99293568583099,2000.0
174,P3,50.0,-12.970753034228126,2000.0,1.74,50.0,-12.970753034228126,2000.0,False,none,0.0,physics_confidence_above_threshold,False,50.0,-12.970753034228126,2000.0
174,P4,150.0,-12.601533992502537,2000.0,1.74,150.0,-12.601533992502537,2000.0,False,none,0.0,physics_confidence_above_threshold,False,150.0,-12.601533992502537,2000.0
175,P1,-150.0,-8.0,2000.0,1.75,-150.0,-8.0,2000.0,False,none,0.0,physics_confidence_above_threshold,False,-150.0,-8.0,2000.0
175,P2,-50.0,-10.333099841321177,2000.0,1.75,-50.0,-10.333099841321177,2000.0,False,none,0.0,physics_confidence_above_threshold,False,-50.0,-10.333099841321177,2000.0
175,P3,50.0,-10.707790621982848,2000.0,1.75,50.0,-10.707790621982848,2000.0,False,none,0.0,physics_confidence_above_threshold,False,50.0,-10.707790621982848,2000.0
175,P4,150.0,-8.458707814159458,2000.0,1.75,150.0,-8.458707814159458,2000.0,False,none,0.0,physics_confidence_above_threshold,False,150.0,-8.458707814159458,2000.0
176,P1,-150.0,-7.608452130361234,2000.0,1.76,-150.0,-7.608452130361234,2000.0,False,none,0.0,physics_confidence_above_threshold,False,-150.0,-7.608452130361234,2000.0
176,P2,-50.0,-8.661788189402847,2000.0,1.76,-50.0,-8.661788189402847,2000.0,False,none,0.0,physics_confidence_above_threshold,False,-50.0,-8.661788189402847,2000.0
176,P3,50.0,-7.396675058093709,2000.0,1.76,50.0,-7.396675058093709,2000.0,False,none,0.0,physics_confidence_above_threshold,False,50.0,-7.396675058093709,2000.0
176,P4,150.0,-3.48788437968363,2000.0,1.76,150.0,-3.48788437968363,2000.0,False,none,0.0,physics_confidence_above_threshold,False,150.0,-3.48788437968363,2000.0
177,P1,-150.0,-6.472135954999581,2000.0,1.77,-150.0,-6.472135954999581,2000.0,False,none,0.0,physics_confidence_above_threshold,False,-150.0,-6.472135954999581,2000.0
177,P2,-50.0,-6.142600359278766,2000.0,1.77,-50.0,-6.142600359278766,2000.0,False,none,0.0,physics_confidence_above_threshold,False,-50.0,-6.142600359278766,2000.0
177,P3,50.0,-3.361521403852854,2000.0,1.77,50.0,-3.361521403852854,2000.0,False,none,0.0,physics_confidence_above_threshold,False,50.0,-3.361521403852854,2000.0
177,P4,150.0,1.8243574793950705,2000.0,1.77,150.0,1.8243574793950705,2000.0,False,none,0.0,physics_confidence_above_threshold,False,150.0,1.8243574793950705,2000.0
178,P1,-150.0,-4.702282018339776,2000.0,1.78,-150.0,-4.702282018339776,2000.0,False,none,0.0,physics_confidence_above_threshold,False,-150.0,-4.702282018339776,2000.0
178,P2,-50.0,-3.0221320079751917,2000.0,1.78,-50.0,-3.0221320079751917,2000.0,False,none,0.0,physics_confidence_above_threshold,False,-50.0,-3.0221320079751917,2000.0
178,P3,50.0,1.0026813864939332,2000.0,1.78,50.0,1.0026813864939332,2000.0,False,none,0.0,physics_confidence_above_threshold,False,50.0,1.0026813864939332,2000.0
178,P4,150.0,6.958018517344595,2000.0,1.78,150.0,6.958018517344595,2000.0,False,none,0.0,physics_confidence_above_threshold,False,150.0,6.958018517344595,2000.0
179,P1,-150.0,-2.47213595499961,2000.0,1.79,-150.0,-2.47213595499961,2000.0,False,none,0.0,physics_confidence_above_threshold,False,-150.0,-2.47213595499961,2000.0
179,P2,-50.0,0.39416368070076535,2000.0,1.79,-50.0,0.39416368070076535,2000.0,False,none,0.0,physics_confidence_above_threshold,False,-50.0,0.39416368070076535,2000.0
179,P3,50.0,5.2687347366385895,2000.0,1.79,50.0,5.2687347366385895,2000.0,False,none,0.0,physics_confidence_above_threshold,False,50.0,5.2687347366385895,2000.0
179,P4,150.0,11.41058022345067,2000.0,1.79,150.0,11.41058022345067,2000.0,False,none,0.0,physics_confidence_above_threshold,False,150.0,11.41058022345067,2000.0
180,P1,-150.0,-1.7634913907721887e-14,2000.0,1.8,-150.0,-1.7634913907721887e-14,2000.0,False,none,0.0,physics_confidence_above_threshold,False,-150.0,-1.7634913907721887e-14,2000.0
180,P2,-50.0,3.7718758820099567,2000.0,1.8,-50.0,3.7718758820099567,2000.0,False,none,0.0,physics_confidence_above_threshold,False,-50.0,3.7718758820099567,2000.0
180,P3,50.0,9.019047621327681,2000.0,1.8,50.0,9.019047621327681,2000.0,False,none,0.0,physics_confidence_above_threshold,False,50.0,9.019047621327681,2000.0
180,P4,150.0,14.746194835098246,2000.0,1.8,150.0,14.746194835098246,2000.0,False,none,0.0,physics_confidence_above_threshold,False,150.0,14.746194835098246,2000.0
181,P1,-150.0,2.472135954999576,2000.0,1.81,-150.0,2.472135954999576,2000.0,False,none,0.0,physics_confidence_above_threshold,False,-150.0,2.472135954999576,2000.0
181,P2,-50.0,6.780370591783429,2000.0,1.81,-50.0,6.780370591783429,2000.0,False,none,0.0,physics_confidence_above_threshold,False,-50.0,6.780370591783429,2000.0
181,P3,50.0,11.886513285441392,2000.0,1.81,50.0,11.886513285441392,2000.0,False,none,0.0,physics_confidence_above_threshold,False,50.0,11.886513285441392,2000.0
181,P4,150.0,16.63834915350556,2000.0,1.81,150.0,16.63834915350556,2000.0,False,none,0.0,physics_confidence_above_threshold,False,150.0,16.63834915350556,2000.0
182,P1,-150.0,4.702282018339794,2000.0,1.82,-150.0,4.702282018339794,2000.0,False,none,0.0,physics_confidence_above_threshold,False,-150.0,4.702282018339794,2000.0
182,P2,-50.0,9.12515538641335,2000.0,1.82,-50.0,9.12515538641335,2000.0,False,none,0.0,physics_confidence_above_threshold,False,-50.0,9.12515538641335,2000.0
182,P3,50.0,13.59044421096821,2000.0,1.82,50.0,13.59044421096821,2000.0,False,none,0.0,physics_confidence_above_threshold,False,50.0,13.59044421096821,2000.0
182,P4,150.0,16.901825930572567,2000.0,1.82,150.0,16.901825930572567,2000.0,False,none,0.0,physics_confidence_above_threshold,False,150.0,16.901825930572567,2000.0
183,P1,-150.0,6.472135954999594,2000.0,1.83,-150.0,6.472135954999594,2000.0,False,none,0.0,physics_confidence_above_threshold,False,-150.0,6.472135954999594,2000.0
183,P2,-50.0,10.576706393125033,2000.0,1.83,-50.0,10.576706393125033,2000.0,False,none,0.0,physics_confidence_above_threshold,False,-50.0,10.576706393125033,2000.0
183,P3,50.0,13.964047766932715,2000.0,1.83,50.0,13.964047766932715,2000.0,False,none,0.0,physics_confidence_above_threshold,False,50.0,13.964047766932715,2000.0
183,P4,150.0,15.510834223609294,2000.0,1.83,150.0,15.510834223609294,2000.0,False,none,0.0,physics_confidence_above_threshold,False,150.0,15.510834223609294,2000.0
184,P1,-150.0,7.608452130361223,2000.0,1.84,-150.0,7.608452130361223,2000.0,False,none,0.0,physics_confidence_above_threshold,False,-150.0,7.608452130361223,2000.0
184,P2,-50.0,10.992935685830988,2000.0,1.84,-50.0,10.992935685830988,2000.0,False,none,0.0,physics_confidence_above_threshold,False,-50.0,10.992935685830988,2000.0
184,P3,50.0,12.970753034228107,2000.0,1.84,50.0,12.970753034228107,2000.0,False,none,0.0,physics_confidence_above_threshold,False,50.0,12.970753034228107,2000.0
184,P4,150.0,12.601533992502496,2000.0,1.84,150.0,12.601533992502496,2000.0,False,none,0.0,physics_confidence_above_threshold,False,150.0,12.601533992502496,2000.0
185,P1,-150.0,8.0,2000.0,1.85,-150.0,8.0,2000.0,False,none,0.0,physics_confidence_above_threshold,False,-150.0,8.0,2000.0
185,P2,-50.0,10.333099841321165,2000.0,1.85,-50.0,10.333099841321165,2000.0,False,none,0.0,physics_confidence_above_threshold,False,-50.0,10.333099841321165,2000.0
185,P3,50.0,10.707790621982817,2000.0,1.85,50.0,10.707790621982817,2000.0,False,none,0.0,physics_confidence_above_threshold,False,50.0,10.707790621982817,2000.0
185,P4,150.0,8.458707814159409,2000.0,1.85,150.0,8.458707814159409,2000.0,False,none,0.0,physics_confidence_above_threshold,False,150.0,8.458707814159409,2000.0
186,P1,-150.0,7.608452130361226,2000.0,1.86,-150.0,7.608452130361226,2000.0,False,none,0.0,physics_confidence_above_threshold,False,-150.0,7.608452130361226,2000.0
186,P2,-50.0,8.661788189402824,2000.0,1.86,-50.0,8.661788189402824,2000.0,False,none,0.0,physics_confidence_above_threshold,False,-50.0,8.661788189402824,2000.0
186,P3,50.0,7.396675058093668,2000.0,1.86,50.0,7.396675058093668,2000.0,False,none,0.0,physics_confidence_above_threshold,False,50.0,7.396675058093668,2000.0
186,P4,150.0,3.487884379683573,2000.0,1.86,150.0,3.487884379683573,2000.0,False,none,0.0,physics_confidence_above_threshold,False,150.0,3.487884379683573,2000.0
187,P1,-150.0,6.472135954999565,2000.0,1.87,-150.0,6.472135954999565,2000.0,False,none,0.0,physics_confidence_above_threshold,False,-150.0,6.472135954999565,2000.0
187,P2,-50.0,6.1426003592787355,2000.0,1.87,-50.0,6.1426003592787355,2000.0,False,none,0.0,physics_confidence_above_threshold,False,-50.0,6.1426003592787355,2000.0
187,P3,50.0,3.3615214038528074,2000.0,1.87,50.0,3.3615214038528074,2000.0,False,none,0.0,physics_confidence_above_threshold,False,50.0,3.3615214038528074,2000.0
187,P4,150.0,-1.8243574793951285,2000.0,1.87,150.0,-1.8243574793951285,2000.0,False,none,0.0,physics_confidence_above_threshold,False,150.0,-1.8243574793951285,2000.0
188,P1,-150.0,4.7022820183398,2000.0,1.88,-150.0,4.7022820183398,2000.0,False,none,0.0,physics_confidence_above_threshold,False,-150.0,4.7022820183398,2000.0
188,P2,-50.0,3.0221320079752307,2000.0,1.88,-50.0,3.0221320079752307,2000.0,False,none,0.0,physics_confidence_above_threshold,False,-50.0,3.0221320079752307,2000.0
188,P3,50.0,-1.0026813864938817,2000.0,1.88,50.0,-1.0026813864938817,2000.0,False,none,0.0,physics_confidence_above_threshold,False,50.0,-1.0026813864938817,2000.0
188,P4,150.0,-6.958018517344537,2000.0,1.88,150.0,-6.958018517344537,2000.0,False,none,0.0,physics_confidence_above_threshold,False,150.0,-6.958018517344537,2000.0
189,P1,-150.0,2.4721359549996373,2000.0,1.89,-150.0,2.4721359549996373,2000.0,False,none,0.0,physics_confidence_above_threshold,False,-150.0,2.4721359549996373,2000.0
189,P2,-50.0,-0.39416368070072494,2000.0,1.89,-50.0,-0.39416368070072494,2000.0,False,none,0.0,physics_confidence_above_threshold,False,-50.0,-0.39416368070072494,2000.0
189,P3,50.0,-5.268734736638542,2000.0,1.89,50.0,-5.268734736638542,2000.0,False,none,0.0,physics_confidence_above_threshold,False,50.0,-5.268734736638542,2000.0
189,P4,150.0,-11.410580223450625,2000.0,1.89,150.0,-11.410580223450625,2000.0,False,none,0.0,physics_confidence_above_threshold,False,150.0,-11.410580223450625,2000.0
190,P1,-150.0,4.7036340777443775e-14,2000.0,1.9,-150.0,4.7036340777443775e-14,2000.0,False,none,0.0,physics_confidence_above_threshold,False,-150.0,4.7036340777443775e-14,2000.0
190,P2,-50.0,-3.771875882009919,2000.0,1.9,-50.0,-3.771875882009919,2000.0,False,none,0.0,physics_confidence_above_threshold,False,-50.0,-3.771875882009919,2000.0
190,P3,50.0,-9.019047621327642,2000.0,1.9,50.0,-9.019047621327642,2000.0,False,none,0.0,physics_confidence_above_threshold,False,50.0,-9.019047621327642,2000.0
190,P4,150.0,-14.746194835098214,2000.0,1.9,150.0,-14.746194835098214,2000.0,False,none,0.0,physics_confidence_above_threshold,False,150.0,-14.746194835098214,2000.0
191,P1,-150.0,-2.472135954999548,2000.0,1.91,-150.0,-2.472135954999548,2000.0,False,none,0.0,physics_confidence_above_threshold,False,-150.0,-2.472135954999548,2000.0
191,P2,-50.0,-6.780370591783397,2000.0,1.91,-50.0,-6.780370591783397,2000.0,False,none,0.0,physics_confidence_above_threshold,False,-50.0,-6.780370591783397,2000.0
191,P3,50.0,-11.886513285441366,2000.0,1.91,50.0,-11.886513285441366,2000.0,False,none,0.0,physics_confidence_above_threshold,False,50.0,-11.886513285441366,2000.0
191,P4,150.0,-16.638349153505544,2000.0,1.91,150.0,-16.638349153505544,2000.0,False,none,0.0,physics_confidence_above_threshold,False,150.0,-16.638349153505544,2000.0
192,P1,-150.0,-4.70228201833977,2000.0,1.92,-150.0,-4.70228201833977,2000.0,False,none,0.0,physics_confidence_above_threshold,False,-150.0,-4.70228201833977,2000.0
192,P2,-50.0,-9.125155386413327,2000.0,1.92,-50.0,-9.125155386413327,2000.0,False,none,0.0,physics_confidence_above_threshold,False,-50.0,-9.125155386413327,2000.0
192,P3,50.0,-13.590444210968197,2000.0,1.92,50.0,-13.590444210968197,2000.0,False,none,0.0,physics_confidence_above_threshold,False,50.0,-13.590444210968197,2000.0
192,P4,150.0,-16.90182593057257,2000.0,1.92,150.0,-16.90182593057257,2000.0,False,none,0.0,physics_confidence_above_threshold,False,150.0,-16.90182593057257,2000.0
193,P1,-150.0,-6.472135954999543,2000.0,1.93,-150.0,-6.472135954999543,2000.0,False,none,0.0,physics_confidence_above_threshold,False,-150.0,-6.472135954999543,2000.0
193,P2,-50.0,-10.576706393125,2000.0,1.93,-50.0,-10.576706393125,2000.0,False,none,0.0,physics_confidence_above_threshold,False,-50.0,-10.576706393125,2000.0
193,P3,50.0,-13.964047766932726,2000.0,1.93,50.0,-13.964047766932726,2000.0,False,none,0.0,physics_confidence_above_threshold,False,50.0,-13.964047766932726,2000.0
193,P4,150.0,-15.51083422360937,2000.0,1.93,150.0,-15.51083422360937,2000.0,False,none,0.0,physics_confidence_above_threshold,False,150.0,-15.51083422360937,2000.0
194,P1,-150.0,-7.608452130361214,2000.0,1.94,-150.0,-7.608452130361214,2000.0,False,none,0.0,physics_confidence_above_threshold,False,-150.0,-7.608452130361214,2000.0
194,P2,-50.0,-10.99293568583099,2000.0,1.94,-50.0,-10.99293568583099,2000.0,False,none,0.0,physics_confidence_above_threshold,False,-50.0,-10.99293568583099,2000.0
194,P3,50.0,-12.970753034228126,2000.0,1.94,50.0,-12.970753034228126,2000.0,False,none,0.0,physics_confidence_above_threshold,False,50.0,-12.970753034228126,2000.0
194,P4,150.0,-12.601533992502539,2000.0,1.94,150.0,-12.601533992502539,2000.0,False,none,0.0,physics_confidence_above_threshold,False,150.0,-12.601533992502539,2000.0
195,P1,-150.0,-8.0,2000.0,1.95,-150.0,-8.0,2000.0,False,none,0.0,physics_confidence_above_threshold,False,-150.0,-8.0,2000.0
195,P2,-50.0,-10.333099841321179,2000.0,1.95,-50.0,-10.333099841321179,2000.0,False,none,0.0,physics_confidence_above_threshold,False,-50.0,-10.333099841321179,2000.0
195,P3,50.0,-10.70779062198285,2000.0,1.95,50.0,-10.70779062198285,2000.0,False,none,0.0,physics_confidence_above_threshold,False,50.0,-10.70779062198285,2000.0
195,P4,150.0,-8.458707814159462,2000.0,1.95,150.0,-8.458707814159462,2000.0,False,none,0.0,physics_confidence_above_threshold,False,150.0,-8.458707814159462,2000.0
196,P1,-150.0,-7.6084521303612345,2000.0,1.96,-150.0,-7.6084521303612345,2000.0,False,none,0.0,physics_confidence_above_threshold,False,-150.0,-7.6084521303612345,2000.0
196,P2,-50.0,-8.661788189402849,2000.0,1.96,-50.0,-8.661788189402849,2000.0,False,none,0.0,physics_confidence_above_threshold,False,-50.0,-8.661788189402849,2000.0
196,P3,50.0,-7.396675058093711,2000.0,1.96,50.0,-7.396675058093711,2000.0,False,none,0.0,physics_confidence_above_threshold,False,50.0,-7.396675058093711,2000.0
196,P4,150.0,-3.487884379683634,2000.0,1.96,150.0,-3.487884379683634,2000.0,False,none,0.0,physics_confidence_above_threshold,False,150.0,-3.487884379683634,2000.0
197,P1,-150.0,-6.472135954999582,2000.0,1.97,-150.0,-6.472135954999582,2000.0,False,none,0.0,physics_confidence_above_threshold,False,-150.0,-6.472135954999582,2000.0
197,P2,-50.0,-6.142600359278768,2000.0,1.97,-50.0,-6.142600359278768,2000.0,False,none,0.0,physics_confidence_above_threshold,False,-50.0,-6.142600359278768,2000.0
197,P3,50.0,-3.3615214038528576,2000.0,1.97,50.0,-3.3615214038528576,2000.0,False,none,0.0,physics_confidence_above_threshold,False,50.0,-3.3615214038528576,2000.0
197,P4,150.0,1.8243574793950663,2000.0,1.97,150.0,1.8243574793950663,2000.0,False,none,0.0,physics_confidence_above_threshold,False,150.0,1.8243574793950663,2000.0
198,P1,-150.0,-4.702282018339824,2000.0,1.98,-150.0,-4.702282018339824,2000.0,False,none,0.0,physics_confidence_above_threshold,False,-150.0,-4.702282018339824,2000.0
198,P2,-50.0,-3.0221320079752694,2000.0,1.98,-50.0,-3.0221320079752694,2000.0,False,none,0.0,physics_confidence_above_threshold,False,-50.0,-3.0221320079752694,2000.0
198,P3,50.0,1.0026813864938304,2000.0,1.98,50.0,1.0026813864938304,2000.0,False,none,0.0,physics_confidence_above_threshold,False,50.0,1.0026813864938304,2000.0
198,P4,150.0,6.95801851734448,2000.0,1.98,150.0,6.95801851734448,2000.0,False,none,0.0,physics_confidence_above_threshold,False,150.0,6.95801851734448,2000.0
199,P1,-150.0,-2.4721359549996116,2000.0,1.99,-150.0,-2.4721359549996116,2000.0,False,none,0.0,physics_confidence_above_threshold,False,-150.0,-2.4721359549996116,2000.0
199,P2,-50.0,0.39416368070076263,2000.0,1.99,-50.0,0.39416368070076263,2000.0,False,none,0.0,physics_confidence_above_threshold,False,-50.0,0.39416368070076263,2000.0
199,P3,50.0,5.268734736638586,2000.0,1.99,50.0,5.268734736638586,2000.0,False,none,0.0,physics_confidence_above_threshold,False,50.0,5.268734736638586,2000.0
199,P4,150.0,11.410580223450669,2000.0,1.99,150.0,11.410580223450669,2000.0,False,none,0.0,physics_confidence_above_threshold,False,150.0,11.410580223450669,2000.0
200,P1,-150.0,-1.9594348786357652e-14,2000.0,2.0,-150.0,-1.9594348786357652e-14,2000.0,False,none,0.0,physics_confidence_above_threshold,False,-150.0,-1.9594348786357652e-14,2000.0
200,P2,-50.0,3.7718758820099545,2000.0,2.0,-50.0,3.7718758820099545,2000.0,False,none,0.0,physics_confidence_above_threshold,False,-50.0,3.7718758820099545,2000.0
200,P3,50.0,9.01904762132768,2000.0,2.0,50.0,9.01904762132768,2000.0,False,none,0.0,physics_confidence_above_threshold,False,50.0,9.01904762132768,2000.0
200,P4,150.0,14.746194835098244,2000.0,2.0,150.0,14.746194835098244,2000.0,False,none,0.0,physics_confidence_above_threshold,False,150.0,14.746194835098244,2000.0
201,P1,-150.0,2.47213595499952,2000.0,2.01,-150.0,2.47213595499952,2000.0,False,none,0.0,physics_confidence_above_threshold,False,-150.0,2.47213595499952,2000.0
201,P2,-50.0,6.780370591783366,2000.0,2.01,-50.0,6.780370591783366,2000.0,False,none,0.0,physics_confidence_above_threshold,False,-50.0,6.780370591783366,2000.0
201,P3,50.0,11.886513285441339,2000.0,2.01,50.0,11.886513285441339,2000.0,False,none,0.0,physics_confidence_above_threshold,False,50.0,11.886513285441339,2000.0
201,P4,150.0,16.63834915350556,2000.0,2.01,150.0,16.63834915350556,2000.0,False,none,0.0,physics_confidence_above_threshold,False,150.0,16.63834915350556,2000.0
202,P1,-150.0,4.702282018339792,2000.0,2.02,-150.0,4.702282018339792,2000.0,False,none,0.0,physics_confidence_above_threshold,False,-150.0,4.702282018339792,2000.0
202,P2,-50.0,9.125155386413347,2000.0,2.02,-50.0,9.125155386413347,2000.0,False,none,0.0,physics_confidence_above_threshold,False,-50.0,9.125155386413347,2000.0
202,P3,50.0,13.590444210968208,2000.0,2.02,50.0,13.590444210968208,2000.0,False,none,0.0,physics_confidence_above_threshold,False,50.0,13.590444210968208,2000.0
202,P4,150.0,16.901825930572567,2000.0,2.02,150.0,16.901825930572567,2000.0,False,none,0.0,physics_confidence_above_threshold,False,150.0,16.901825930572567,2000.0
203,P1,-150.0,6.472135954999526,2000.0,2.03,-150.0,6.472135954999526,2000.0,False,none,0.0,physics_confidence_above_threshold,False,-150.0,6.472135954999526,2000.0
203,P2,-50.0,10.576706393124969,2000.0,2.03,-50.0,10.576706393124969,2000.0,False,none,0.0,physics_confidence_above_threshold,False,-50.0,10.576706393124969,2000.0
203,P3,50.0,13.96404776693273,2000.0,2.03,50.0,13.96404776693273,2000.0,False,none,0.0,physics_confidence_above_threshold,False,50.0,13.96404776693273,2000.0
203,P4,150.0,15.510834223609397,2000.0,2.03,150.0,15.510834223609397,2000.0,False,none,0.0,physics_confidence_above_threshold,False,150.0,15.510834223609397,2000.0
204,P1,-150.0,7.60845213036124,2000.0,2.04,-150.0,7.60845213036124,2000.0,False,none,0.0,physics_confidence_above_threshold,False,-150.0,7.60845213036124,2000.0
204,P2,-50.0,10.992935685830988,2000.0,2.04,-50.0,10.992935685830988,2000.0,False,none,0.0,physics_confidence_above_threshold,False,-50.0,10.992935685830988,2000.0
204,P3,50.0,12.970753034228071,2000.0,2.04,50.0,12.970753034228071,2000.0,False,none,0.0,physics_confidence_above_threshold,False,50.0,12.970753034228071,2000.0
204,P4,150.0,12.60153399250242,2000.0,2.04,150.0,12.60153399250242,2000.0,False,none,0.0,physics_confidence_above_threshold,False,150.0,12.60153399250242,2000.0
205,P1,-150.0,8.0,2000.0,2.05,-150.0,8.0,2000.0,False,none,0.0,physics_confidence_above_threshold,False,-150.0,8.0,2000.0
205,P2,-50.0,10.33309984132122,2000.0,2.05,-50.0,10.33309984132122,2000.0,False,none,0.0,physics_confidence_above_threshold,False,-50.0,10.33309984132122,2000.0
205,P3,50.0,10.707790621982882,2000.0,2.05,50.0,10.707790621982882,2000.0,False,none,0.0,physics_confidence_above_threshold,False,50.0,10.707790621982882,2000.0
205,P4,150.0,8.458707814159515,2000.0,2.05,150.0,8.458707814159515,2000.0,False,none,0.0,physics_confidence_above_threshold,False,150.0,8.458707814159515,2000.0
206,P1,-150.0,7.608452130361243,2000.0,2.06,-150.0,7.608452130361243,2000.0,False,none,0.0,physics_confidence_above_threshold,False,-150.0,7.608452130361243,2000.0
206,P2,-50.0,8.661788189402921,2000.0,2.06,-50.0,8.661788189402921,2000.0,False,none,0.0,physics_confidence_above_threshold,False,-50.0,8.661788189402921,2000.0
206,P3,50.0,7.396675058093755,2000.0,2.06,50.0,7.396675058093755,2000.0,False,none,0.0,physics_confidence_above_threshold,False,50.0,7.396675058093755,2000.0
206,P4,150.0,3.4878843796836954,2000.0,2.06,150.0,3.4878843796836954,2000.0,False,none,0.0,physics_confidence_above_threshold,False,150.0,3.4878843796836954,2000.0
207,P1,-150.0,6.4721359549996,2000.0,2.07,-150.0,6.4721359549996,2000.0,False,none,0.0,physics_confidence_above_threshold,False,-150.0,6.4721359549996,2000.0
207,P2,-50.0,6.142600359278868,2000.0,2.07,-50.0,6.142600359278868,2000.0,False,none,0.0,physics_confidence_above_threshold,False,-50.0,6.142600359278868,2000.0
207,P3,50.0,3.3615214038529078,2000.0,2.07,50.0,3.3615214038529078,2000.0,False,none,0.0,physics_confidence_above_threshold,False,50.0,3.3615214038529078,2000.0
207,P4,150.0,-1.8243574793950041,2000.0,2.07,150.0,-1.8243574793950041,2000.0,False,none,0.0,physics_confidence_above_threshold,False,150.0,-1.8243574793950041,2000.0
208,P1,-150.0,4.702282018339801,2000.0,2.08,-150.0,4.702282018339801,2000.0,False,none,0.0,physics_confidence_above_threshold,False,-150.0,4.702282018339801,2000.0
208,P2,-50.0,3.0221320079753085,2000.0,2.08,-50.0,3.0221320079753085,2000.0,False,none,0.0,physics_confidence_above_threshold,False,-50.0,3.0221320079753085,2000.0
208,P3,50.0,-1.0026813864938784,2000.0,2.08,50.0,-1.0026813864938784,2000.0,False,none,0.0,physics_confidence_above_threshold,False,50.0,-1.0026813864938784,2000.0
208,P4,150.0,-6.9580185173445335,2000.0,2.08,150.0,-6.9580185173445335,2000.0,False,none,0.0,physics_confidence_above_threshold,False,150.0,-6.9580185173445335,2000.0
209,P1,-150.0,2.4721359549995854,2000.0,2.09,-150.0,2.4721359549995854,2000.0,False,none,0.0,physics_confidence_above_threshold,False,-150.0,2.4721359549995854,2000.0
209,P2,-50.0,-0.3941636807007223,2000.0,2.09,-50.0,-0.3941636807007223,2000.0,False,none,0.0,physics_confidence_above_threshold,False,-50.0,-0.3941636807007223,2000.0
209,P3,50.0,-5.268734736638631,2000.0,2.09,50.0,-5.268734736638631,2000.0,False,none,0.0,physics_confidence_above_threshold,False,50.0,-5.268734736638631,2000.0
209,P4,150.0,-11.410580223450712,2000.0,2.09,150.0,-11.410580223450712,2000.0,False,none,0.0,physics_confidence_above_threshold,False,150.0,-11.410580223450712,2000.0
210,P1,-150.0,-7.847643204728474e-15,2000.0,2.1,-150.0,-7.847643204728474e-15,2000.0,False,none,0.0,physics_confidence_above_threshold,False,-150.0,-7.847643204728474e-15,2000.0
210,P2,-50.0,-3.7718758820099163,2000.0,2.1,-50.0,-3.7718758820099163,2000.0,False,none,0.0,physics_confidence_above_threshold,False,-50.0,-3.7718758820099163,2000.0
210,P3,50.0,-9.019047621327717,2000.0,2.1,50.0,-9.019047621327717,2000.0,False,none,0.0,physics_confidence_above_threshold,False,50.0,-9.019047621327717,2000.0
210,P4,150.0,-14.746194835098272,2000.0,2.1,150.0,-14.746194835098272,2000.0,False,none,0.0,physics_confidence_above_threshold,False,150.0,-14.746194835098272,2000.0
211,P1,-150.0,-2.472135954999492,2000.0,2.11,-150.0,-2.472135954999492,2000.0,False,none,0.0,physics_confidence_above_threshold,False,-150.0,-2.472135954999492,2000.0
211,P2,-50.0,-6.780370591783272,2000.0,2.11,-50.0,-6.780370591783272,2000.0,False,none,0.0,physics_confidence_above_threshold,False,-50.0,-6.780370591783272,2000.0
211,P3,50.0,-11.88651328544131,2000.0,2.11,50.0,-11.88651328544131,2000.0,False,none,0.0,physics_confidence_above_threshold,False,50.0,-11.88651328544131,2000.0
211,P4,150.0,-16.63834915350552,2000.0,2.11,150.0,-16.63834915350552,2000.0,False,none,0.0,physics_confidence_above_threshold,False,150.0,-16.63834915350552,2000.0
212,P1,-150.0,-4.702282018339814,2000.0,2.12,-150.0,-4.702282018339814,2000.0,False,none,0.0,physics_confidence_above_threshold,False,-150.0,-4.702282018339814,2000.0
212,P2,-50.0,-9.125155386413326,2000.0,2.12,-50.0,-9.125155386413326,2000.0,False,none,0.0,physics_confidence_above_threshold,False,-50.0,-9.125155386413326,2000.0
212,P3,50.0,-13.590444210968219,2000.0,2.12,50.0,-13.590444210968219,2000.0,False,none,0.0,physics_confidence_above_threshold,False,50.0,-13.590444210968219,2000.0
212,P4,150.0,-16.90182593057256,2000.0,2.12,150.0,-16.90182593057256,2000.0,False,none,0.0,physics_confidence_above_threshold,False,150.0,-16.90182593057256,2000.0
213,P1,-150.0,-6.472135954999542,2000.0,2.13,-150.0,-6.472135954999542,2000.0,False,none,0.0,physics_confidence_above_threshold,False,-150.0,-6.472135954999542,2000.0
213,P2,-50.0,-10.576706393124978,2000.0,2.13,-50.0,-10.576706393124978,2000.0,False,none,0.0,physics_confidence_above_threshold,False,-50.0,-10.576706393124978,2000.0
213,P3,50.0,-13.964047766932726,2000.0,2.13,50.0,-13.964047766932726,2000.0,False,none,0.0,physics_confidence_above_threshold,False,50.0,-13.964047766932726,2000.0
213,P4,150.0,-15.510834223609372,2000.0,2.13,150.0,-15.510834223609372,2000.0,False,none,0.0,physics_confidence_above_threshold,False,150.0,-15.510834223609372,2000.0
214,P1,-150.0,-7.608452130361249,2000.0,2.14,-150.0,-7.608452130361249,2000.0,False,none,0.0,physics_confidence_above_threshold,False,-150.0,-7.608452130361249,2000.0
214,P2,-50.0,-10.992935685830986,2000.0,2.14,-50.0,-10.992935685830986,2000.0,False,none,0.0,physics_confidence_above_threshold,False,-50.0,-10.992935685830986,2000.0
214,P3,50.0,-12.970753034228053,2000.0,2.14,50.0,-12.970753034228053,2000.0,False,none,0.0,physics_confidence_above_threshold,False,50.0,-12.970753034228053,2000.0
214,P4,150.0,-12.601533992502379,2000.0,2.14,150.0,-12.601533992502379,2000.0,False,none,0.0,physics_confidence_above_threshold,False,150.0,-12.601533992502379,2000.0
215,P1,-150.0,-8.0,2000.0,2.15,-150.0,-8.0,2000.0,False,none,0.0,physics_confidence_above_threshold,False,-150.0,-8.0,2000.0
215,P2,-50.0,-10.333099841321205,2000.0,2.15,-50.0,-10.333099841321205,2000.0,False,none,0.0,physics_confidence_above_threshold,False,-50.0,-10.333099841321205,2000.0
215,P3,50.0,-10.707790621982852,2000.0,2.15,50.0,-10.707790621982852,2000.0,False,none,0.0,physics_confidence_above_threshold,False,50.0,-10.707790621982852,2000.0
215,P4,150.0,-8.458707814159466,2000.0,2.15,150.0,-8.458707814159466,2000.0,False,none,0.0,physics_confidence_above_threshold,False,150.0,-8.458707814159466,2000.0
216,P1,-150.0,-7.608452130361235,2000.0,2.16,-150.0,-7.608452130361235,2000.0,False,none,0.0,physics_confidence_above_threshold,False,-150.0,-7.608452130361235,2000.0
216,P2,-50.0,-8.661788189402898,2000.0,2.16,-50.0,-8.661788189402898,2000.0,False,none,0.0,physics_confidence_above_threshold,False,-50.0,-8.661788189402898,2000.0
216,P3,50.0,-7.396675058093715,2000.0,2.16,50.0,-7.396675058093715,2000.0,False,none,0.0,physics_confidence_above_threshold,False,50.0,-7.396675058093715,2000.0
216,P4,150.0,-3.4878843796836385,2000.0,2.16,150.0,-3.4878843796836385,2000.0,False,none,0.0,physics_confidence_above_threshold,False,150.0,-3.4878843796836385,2000.0
217,P1,-150.0,-6.472135954999583,2000.0,2.17,-150.0,-6.472135954999583,2000.0,False,none,0.0,physics_confidence_above_threshold,False,-150.0,-6.472135954999583,2000.0
217,P2,-50.0,-6.142600359278836,2000.0,2.17,-50.0,-6.142600359278836,2000.0,False,none,0.0,physics_confidence_above_threshold,False,-50.0,-6.142600359278836,2000.0
217,P3,50.0,-3.361521403852861,2000.0,2.17,50.0,-3.361521403852861,2000.0,False,none,0.0,physics_confidence_above_threshold,False,50.0,-3.361521403852861,2000.0
217,P4,150.0,1.824357479395062,2000.0,2.17,150.0,1.824357479395062,2000.0,False,none,0.0,physics_confidence_above_threshold,False,150.0,1.824357479395062,2000.0
218,P1,-150.0,-4.70228201833978,2000.0,2.18,-150.0,-4.70228201833978,2000.0,False,none,0.0,physics_confidence_above_threshold,False,-150.0,-4.70228201833978,2000.0
218,P2,-50.0,-3.0221320079752725,2000.0,2.18,-50.0,-3.0221320079752725,2000.0,False,none,0.0,physics_confidence_above_threshold,False,-50.0,-3.0221320079752725,2000.0
218,P3,50.0,1.0026813864939261,2000.0,2.18,50.0,1.0026813864939261,2000.0,False,none,0.0,physics_confidence_above_threshold,False,50.0,1.0026813864939261,2000.0
218,P4,150.0,6.958018517344588,2000.0,2.18,150.0,6.958018517344588,2000.0,False,none,0.0,physics_confidence_above_threshold,False,150.0,6.958018517344588,2000.0
219,P1,-150.0,-2.472135954999559,2000.0,2.19,-150.0,-2.472135954999559,2000.0,False,none,0.0,physics_confidence_above_threshold,False,-150.0,-2.472135954999559,2000.0
219,P2,-50.0,0.39416368070075997,2000.0,2.19,-50.0,0.39416368070075997,2000.0,False,none,0.0,physics_confidence_above_threshold,False,-50.0,0.39416368070075997,2000.0
219,P3,50.0,5.268734736638676,2000.0,2.19,50.0,5.268734736638676,2000.0,False,none,0.0,physics_confidence_above_threshold,False,50.0,5.268734736638676,2000.0
219,P4,150.0,11.410580223450754,2000.0,2.19,150.0,11.410580223450754,2000.0,False,none,0.0,physics_confidence_above_threshold,False,150.0,11.410580223450754,2000.0
220,P1,-150.0,3.52896351958146e-14,2000.0,2.2,-150.0,3.52896351958146e-14,2000.0,False,none,0.0,physics_confidence_above_threshold,False,-150.0,3.52896351958146e-14,2000.0
220,P2,-50.0,3.771875882009952,2000.0,2.2,-50.0,3.771875882009952,2000.0,False,none,0.0,physics_confidence_above_threshold,False,-50.0,3.771875882009952,2000.0
220,P3,50.0,9.019047621327752,2000.0,2.2,50.0,9.019047621327752,2000.0,False,none,0.0,physics_confidence_above_threshold,False,50.0,9.019047621327752,2000.0
220,P4,150.0,14.746194835098299,2000.0,2.2,150.0,14.746194835098299,2000.0,False,none,0.0,physics_confidence_above_threshold,False,150.0,14.746194835098299,2000.0
221,P1,-150.0,2.4721359549995183,2000.0,2.21,-150.0,2.4721359549995183,2000.0,False,none,0.0,physics_confidence_above_threshold,False,-150.0,2.4721359549995183,2000.0
221,P2,-50.0,6.780370591783302,2000.0,2.21,-50.0,6.780370591783302,2000.0,False,none,0.0,physics_confidence_above_threshold,False,-50.0,6.780370591783302,2000.0
221,P3,50.0,11.886513285441335,2000.0,2.21,50.0,11.886513285441335,2000.0,False,none,0.0,physics_confidence_above_threshold,False,50.0,11.886513285441335,2000.0
221,P4,150.0,16.638349153505533,2000.0,2.21,150.0,16.638349153505533,2000.0,False,none,0.0,physics_confidence_above_threshold,False,150.0,16.638349153505533,2000.0
222,P1,-150.0,4.702282018339837,2000.0,2.22,-150.0,4.702282018339837,2000.0,False,none,0.0,physics_confidence_above_threshold,False,-150.0,4.702282018339837,2000.0
222,P2,-50.0,9.125155386413347,2000.0,2.22,-50.0,9.125155386413347,2000.0,False,none,0.0,physics_confidence_above_threshold,False,-50.0,9.125155386413347,2000.0
222,P3,50.0,13.590444210968231,2000.0,2.22,50.0,13.590444210968231,2000.0,False,none,0.0,physics_confidence_above_threshold,False,50.0,13.590444210968231,2000.0
222,P4,150.0,16.901825930572553,2000.0,2.22,150.0,16.901825930572553,2000.0,False,none,0.0,physics_confidence_above_threshold,False,150.0,16.901825930572553,2000.0
223,P1,-150.0,6.472135954999558,2000.0,2.23,-150.0,6.472135954999558,2000.0,False,none,0.0,physics_confidence_above_threshold,False,-150.0,6.472135954999558,2000.0
223,P2,-50.0,10.576706393124988,2000.0,2.23,-50.0,10.576706393124988,2000.0,False,none,0.0,physics_confidence_above_threshold,False,-50.0,10.576706393124988,2000.0
223,P3,50.0,13.964047766932724,2000.0,2.23,50.0,13.964047766932724,2000.0,False,none,0.0,physics_confidence_above_threshold,False,50.0,13.964047766932724,2000.0
223,P4,150.0,15.510834223609347,2000.0,2.23,150.0,15.510834223609347,2000.0,False,none,0.0,physics_confidence_above_threshold,False,150.0,15.510834223609347,2000.0
224,P1,-150.0,7.608452130361222,2000.0,2.24,-150.0,7.608452130361222,2000.0,False,none,0.0,physics_confidence_above_threshold,False,-150.0,7.608452130361222,2000.0
224,P2,-50.0,10.992935685830991,2000.0,2.24,-50.0,10.992935685830991,2000.0,False,none,0.0,physics_confidence_above_threshold,False,-50.0,10.992935685830991,2000.0
224,P3,50.0,12.97075303422811,2000.0,2.24,50.0,12.97075303422811,2000.0,False,none,0.0,physics_confidence_above_threshold,False,50.0,12.97075303422811,2000.0
224,P4,150.0,12.601533992502505,2000.0,2.24,150.0,12.601533992502505,2000.0,False,none,0.0,physics_confidence_above_threshold,False,150.0,12.601533992502505,2000.0
225,P1,-150.0,8.0,2000.0,2.25,-150.0,8.0,2000.0,False,none,0.0,physics_confidence_above_threshold,False,-150.0,8.0,2000.0
225,P2,-50.0,10.333099841321193,2000.0,2.25,-50.0,10.333099841321193,2000.0,False,none,0.0,physics_confidence_above_threshold,False,-50.0,10.333099841321193,2000.0
225,P3,50.0,10.70779062198282,2000.0,2.25,50.0,10.70779062198282,2000.0,False,none,0.0,physics_confidence_above_threshold,False,50.0,10.70779062198282,2000.0
225,P4,150.0,8.458707814159414,2000.0,2.25,150.0,8.458707814159414,2000.0,False,none,0.0,physics_confidence_above_threshold,False,150.0,8.458707814159414,2000.0
226,P1,-150.0,7.608452130361262,2000.0,2.26,-150.0,7.608452130361262,2000.0,False,none,0.0,physics_confidence_above_threshold,False,-150.0,7.608452130361262,2000.0
226,P2,-50.0,8.661788189402971,2000.0,2.26,-50.0,8.661788189402971,2000.0,False,none,0.0,physics_confidence_above_threshold,False,-50.0,8.661788189402971,2000.0
226,P3,50.0,7.396675058093842,2000.0,2.26,50.0,7.396675058093842,2000.0,False,none,0.0,physics_confidence_above_threshold,False,50.0,7.396675058093842,2000.0
226,P4,150.0,3.487884379683818,2000.0,2.26,150.0,3.487884379683818,2000.0,False,none,0.0,physics_confidence_above_threshold,False,150.0,3.487884379683818,2000.0
227,P1,-150.0,6.472135954999567,2000.0,2.27,-150.0,6.472135954999567,2000.0,False,none,0.0,physics_confidence_above_threshold,False,-150.0,6.472135954999567,2000.0
227,P2,-50.0,6.142600359278804,2000.0,2.27,-50.0,6.142600359278804,2000.0,False,none,0.0,physics_confidence_above_threshold,False,-50.0,6.142600359278804,2000.0
227,P3,50.0,3.3615214038528145,2000.0,2.27,50.0,3.3615214038528145,2000.0,False,none,0.0,physics_confidence_above_threshold,False,50.0,3.3615214038528145,2000.0
227,P4,150.0,-1.8243574793951203,2000.0,2.27,150.0,-1.8243574793951203,2000.0,False,none,0.0,physics_confidence_above_threshold,False,150.0,-1.8243574793951203,2000.0
228,P1,-150.0,4.702282018339849,2000.0,2.28,-150.0,4.702282018339849,2000.0,False,none,0.0,physics_confidence_above_threshold,False,-150.0,4.702282018339849,2000.0
228,P2,-50.0,3.0221320079753857,2000.0,2.28,-50.0,3.0221320079753857,2000.0,False,none,0.0,physics_confidence_above_threshold,False,-50.0,3.0221320079753857,2000.0
228,P3,50.0,-1.0026813864937758,2000.0,2.28,50.0,-1.0026813864937758,2000.0,False,none,0.0,physics_confidence_above_threshold,False,50.0,-1.0026813864937758,2000.0
228,P4,150.0,-6.958018517344419,2000.0,2.28,150.0,-6.958018517344419,2000.0,False,none,0.0,physics_confidence_above_threshold,False,150.0,-6.958018517344419,2000.0
229,P1,-150.0,2.4721359549996413,2000.0,2.29,-150.0,2.4721359549996413,2000.0,False,none,0.0,physics_confidence_above_threshold,False,-150.0,2.4721359549996413,2000.0
229,P2,-50.0,-0.39416368070064145,2000.0,2.29,-50.0,-0.39416368070064145,2000.0,False,none,0.0,physics_confidence_above_threshold,False,-50.0,-0.39416368070064145,2000.0
229,P3,50.0,-5.268734736638535,2000.0,2.29,50.0,-5.268734736638535,2000.0,False,none,0.0,physics_confidence_above_threshold,False,50.0,-5.268734736638535,2000.0
229,P4,150.0,-11.410580223450618,2000.0,2.29,150.0,-11.410580223450618,2000.0,False,none,0.0,physics_confidence_above_threshold,False,150.0,-11.410580223450618,2000.0
230,P1,-150.0,5.0955210534715306e-14,2000.0,2.3,-150.0,5.0955210534715306e-14,2000.0,False,none,0.0,physics_confidence_above_threshold,False,-150.0,5.0955210534715306e-14,2000.0
230,P2,-50.0,-3.7718758820098404,2000.0,2.3,-50.0,-3.7718758820098404,2000.0,False,none,0.0,physics_confidence_above_threshold,False,-50.0,-3.7718758820098404,2000.0
230,P3,50.0,-9.019047621327637,2000.0,2.3,50.0,-9.019047621327637,2000.0,False,none,0.0,physics_confidence_above_threshold,False,50.0,-9.019047621327637,2000.0
230,P4,150.0,-14.746194835098208,2000.0,2.3,150.0,-14.746194835098208,2000.0,False,none,0.0,physics_confidence_above_threshold,False,150.0,-14.746194835098208,2000.0
231,P1,-150.0,-2.4721359549995445,2000.0,2.31,-150.0,-2.4721359549995445,2000.0,False,none,0.0,physics_confidence_above_threshold,False,-150.0,-2.4721359549995445,2000.0
231,P2,-50.0,-6.780370591783331,2000.0,2.31,-50.0,-6.780370591783331,2000.0,False,none,0.0,physics_confidence_above_threshold,False,-50.0,-6.780370591783331,2000.0
231,P3,50.0,-11.886513285441362,2000.0,2.31,50.0,-11.886513285441362,2000.0,False,none,0.0,physics_confidence_above_threshold,False,50.0,-11.886513285441362,2000.0
231,P4,150.0,-16.638349153505544,2000.0,2.31,150.0,-16.638349153505544,2000.0,False,none,0.0,physics_confidence_above_threshold,False,150.0,-16.638349153505544,2000.0
232,P1,-150.0,-4.7022820183397664,2000.0,2.32,-150.0,-4.7022820183397664,2000.0,False,none,0.0,physics_confidence_above_threshold,False,-150.0,-4.7022820183397664,2000.0
232,P2,-50.0,-9.12515538641328,2000.0,2.32,-50.0,-9.12515538641328,2000.0,False,none,0.0,physics_confidence_above_threshold,False,-50.0,-9.12515538641328,2000.0
232,P3,50.0,-13.590444210968196,2000.0,2.32,50.0,-13.590444210968196,2000.0,False,none,0.0,physics_confidence_above_threshold,False,50.0,-13.590444210968196,2000.0
232,P4,150.0,-16.901825930572574,2000.0,2.32,150.0,-16.901825930572574,2000.0,False,none,0.0,physics_confidence_above_threshold,False,150.0,-16.901825930572574,2000.0
233,P1,-150.0,-6.472135954999574,2000.0,2.33,-150.0,-6.472135954999574,2000.0,False,none,0.0,physics_confidence_above_threshold,False,-150.0,-6.472135954999574,2000.0
233,P2,-50.0,-10.576706393124999,2000.0,2.33,-50.0,-10.576706393124999,2000.0,False,none,0.0,physics_confidence_above_threshold,False,-50.0,-10.576706393124999,2000.0
233,P3,50.0,-13.964047766932719,2000.0,2.33,50.0,-13.964047766932719,2000.0,False,none,0.0,physics_confidence_above_threshold,False,50.0,-13.964047766932719,2000.0
233,P4,150.0,-15.510834223609324,2000.0,2.33,150.0,-15.510834223609324,2000.0,False,none,0.0,physics_confidence_above_threshold,False,150.0,-15.510834223609324,2000.0
234,P1,-150.0,-7.608452130361195,2000.0,2.34,-150.0,-7.608452130361195,2000.0,False,none,0.0,physics_confidence_above_threshold,False,-150.0,-7.608452130361195,2000.0
234,P2,-50.0,-10.992935685830995,2000.0,2.34,-50.0,-10.992935685830995,2000.0,False,none,0.0,physics_confidence_above_threshold,False,-50.0,-10.992935685830995,2000.0
234,P3,50.0,-12.970753034228167,2000.0,2.34,50.0,-12.970753034228167,2000.0,False,none,0.0,physics_confidence_above_threshold,False,50.0,-12.970753034228167,2000.0
234,P4,150.0,-12.601533992502626,2000.0,2.34,150.0,-12.601533992502626,2000.0,False,none,0.0,physics_confidence_above_threshold,False,150.0,-12.601533992502626,2000.0
235,P1,-150.0,-8.0,2000.0,2.35,-150.0,-8.0,2000.0,False,none,0.0,physics_confidence_above_threshold,False,-150.0,-8.0,2000.0
235,P2,-50.0,-10.33309984132118,2000.0,2.35,-50.0,-10.33309984132118,2000.0,False,none,0.0,physics_confidence_above_threshold,False,-50.0,-10.33309984132118,2000.0
235,P3,50.0,-10.707790621982792,2000.0,2.35,50.0,-10.707790621982792,2000.0,False,none,0.0,physics_confidence_above_threshold,False,50.0,-10.707790621982792,2000.0
235,P4,150.0,-8.458707814159364,2000.0,2.35,150.0,-8.458707814159364,2000.0,False,none,0.0,physics_confidence_above_threshold,False,150.0,-8.458707814159364,2000.0
236,P1,-150.0,-7.608452130361253,2000.0,2.36,-150.0,-7.608452130361253,2000.0,False,none,0.0,physics_confidence_above_threshold,False,-150.0,-7.608452130361253,2000.0
236,P2,-50.0,-8.661788189402948,2000.0,2.36,-50.0,-8.661788189402948,2000.0,False,none,0.0,physics_confidence_above_threshold,False,-50.0,-8.661788189402948,2000.0
236,P3,50.0,-7.396675058093802,2000.0,2.36,50.0,-7.396675058093802,2000.0,False,none,0.0,physics_confidence_above_threshold,False,50.0,-7.396675058093802,2000.0
236,P4,150.0,-3.4878843796837606,2000.0,2.36,150.0,-3.4878843796837606,2000.0,False,none,0.0,physics_confidence_above_threshold,False,150.0,-3.4878843796837606,2000.0
237,P1,-150.0,-6.472135954999551,2000.0,2.37,-150.0,-6.472135954999551,2000.0,False,none,0.0,physics_confidence_above_threshold,False,-150.0,-6.472135954999551,2000.0
237,P2,-50.0,-6.142600359278774,2000.0,2.37,-50.0,-6.142600359278774,2000.0,False,none,0.0,physics_confidence_above_threshold,False,-50.0,-6.142600359278774,2000.0
237,P3,50.0,-3.361521403852768,2000.0,2.37,50.0,-3.361521403852768,2000.0,False,none,0.0,physics_confidence_above_threshold,False,50.0,-3.361521403852768,2000.0
237,P4,150.0,1.824357479395178,2000.0,2.37,150.0,1.824357479395178,2000.0,False,none,0.0,physics_confidence_above_threshold,False,150.0,1.824357479395178,2000.0
238,P1,-150.0,-4.702282018339827,2000.0,2.38,-150.0,-4.702282018339827,2000.0,False,none,0.0,physics_confidence_above_threshold,False,-150.0,-4.702282018339827,2000.0
238,P2,-50.0,-3.0221320079753498,2000.0,2.38,-50.0,-3.0221320079753498,2000.0,False,none,0.0,physics_confidence_above_threshold,False,-50.0,-3.0221320079753498,2000.0
238,P3,50.0,1.0026813864938235,2000.0,2.38,50.0,1.0026813864938235,2000.0,False,none,0.0,physics_confidence_above_threshold,False,50.0,1.0026813864938235,2000.0
238,P4,150.0,6.958018517344473,2000.0,2.38,150.0,6.958018517344473,2000.0,False,none,0.0,physics_confidence_above_threshold,False,150.0,6.958018517344473,2000.0
239,P1,-150.0,-2.472135954999615,2000.0,2.39,-150.0,-2.472135954999615,2000.0,False,none,0.0,physics_confidence_above_threshold,False,-150.0,-2.472135954999615,2000.0
239,P2,-50.0,0.39416368070067914,2000.0,2.39,-50.0,0.39416368070067914,2000.0,False,none,0.0,physics_confidence_above_threshold,False,-50.0,0.39416368070067914,2000.0
239,P3,50.0,5.26873473663858,2000.0,2.39,50.0,5.26873473663858,2000.0,False,none,0.0,physics_confidence_above_threshold,False,50.0,5.26873473663858,2000.0
239,P4,150.0,11.410580223450664,2000.0,2.39,150.0,11.410580223450664,2000.0,False,none,0.0,physics_confidence_above_threshold,False,150.0,11.410580223450664,2000.0
240,P1,-150.0,-2.351321854362918e-14,2000.0,2.4,-150.0,-2.351321854362918e-14,2000.0,False,none,0.0,physics_confidence_above_threshold,False,-150.0,-2.351321854362918e-14,2000.0
240,P2,-50.0,3.7718758820098754,2000.0,2.4,-50.0,3.7718758820098754,2000.0,False,none,0.0,physics_confidence_above_threshold,False,-50.0,3.7718758820098754,2000.0
240,P3,50.0,9.019047621327674,2000.0,2.4,50.0,9.019047621327674,2000.0,False,none,0.0,physics_confidence_above_threshold,False,50.0,9.019047621327674,2000.0
240,P4,150.0,14.746194835098239,2000.0,2.4,150.0,14.746194835098239,2000.0,False,none,0.0,physics_confidence_above_threshold,False,150.0,14.746194835098239,2000.0
241,P1,-150.0,2.4721359549995703,2000.0,2.41,-150.0,2.4721359549995703,2000.0,False,none,0.0,physics_confidence_above_threshold,False,-150.0,2.4721359549995703,2000.0
241,P2,-50.0,6.7803705917833605,2000.0,2.41,-50.0,6.7803705917833605,2000.0,False,none,0.0,physics_confidence_above_threshold,False,-50.0,6.7803705917833605,2000.0
241,P3,50.0,11.886513285441387,2000.0,2.41,50.0,11.886513285441387,2000.0,False,none,0.0,physics_confidence_above_threshold,False,50.0,11.886513285441387,2000.0
241,P4,150.0,16.638349153505555,2000.0,2.41,150.0,16.638349153505555,2000.0,False,none,0.0,physics_confidence_above_threshold,False,150.0,16.638349153505555,2000.0
242,P1,-150.0,4.702282018339789,2000.0,2.42,-150.0,4.702282018339789,2000.0,False,none,0.0,physics_confidence_above_threshold,False,-150.0,4.702282018339789,2000.0
242,P2,-50.0,9.1251553864133,2000.0,2.42,-50.0,9.1251553864133,2000.0,False,none,0.0,physics_confidence_above_threshold,False,-50.0,9.1251553864133,2000.0
242,P3,50.0,13.590444210968206,2000.0,2.42,50.0,13.590444210968206,2000.0,False,none,0.0,physics_confidence_above_threshold,False,50.0,13.590444210968206,2000.0
242,P4,150.0,16.901825930572567,2000.0,2.42,150.0,16.901825930572567,2000.0,False,none,0.0,physics_confidence_above_threshold,False,150.0,16.901825930572567,2000.0
243,P1,-150.0,6.47213595499959,2000.0,2.43,-150.0,6.47213595499959,2000.0,False,none,0.0,physics_confidence_above_threshold,False,-150.0,6.47213595499959,2000.0
243,P2,-50.0,10.57670639312501,2000.0,2.43,-50.0,10.57670639312501,2000.0,False,none,0.0,physics_confidence_above_threshold,False,-50.0,10.57670639312501,2000.0
243,P3,50.0,13.964047766932715,2000.0,2.43,50.0,13.964047766932715,2000.0,False,none,0.0,physics_confidence_above_threshold,False,50.0,13.964047766932715,2000.0
243,P4,150.0,15.5108342236093,2000.0,2.43,150.0,15.5108342236093,2000.0,False,none,0.0,physics_confidence_above_threshold,False,150.0,15.5108342236093,2000.0
244,P1,-150.0,7.608452130361203,2000.0,2.44,-150.0,7.608452130361203,2000.0,False,none,0.0,physics_confidence_above_threshold,False,-150.0,7.608452130361203,2000.0
244,P2,-50.0,10.992935685830993,2000.0,2.44,-50.0,10.992935685830993,2000.0,False,none,0.0,physics_confidence_above_threshold,False,-50.0,10.992935685830993,2000.0
244,P3,50.0,12.97075303422815,2000.0,2.44,50.0,12.97075303422815,2000.0,False,none,0.0,physics_confidence_above_threshold,False,50.0,12.97075303422815,2000.0
244,P4,150.0,12.601533992502587,2000.0,2.44,150.0,12.601533992502587,2000.0,False,none,0.0,physics_confidence_above_threshold,False,150.0,12.601533992502587,2000.0
245,P1,-150.0,8.0,2000.0,2.45,-150.0,8.0,2000.0,False,none,0.0,physics_confidence_above_threshold,False,-150.0,8.0,2000.0
245,P2,-50.0,10.333099841321168,2000.0,2.45,-50.0,10.333099841321168,2000.0,False,none,0.0,physics_confidence_above_threshold,False,-50.0,10.333099841321168,2000.0
245,P3,50.0,10.70779062198276,2000.0,2.45,50.0,10.70779062198276,2000.0,False,none,0.0,physics_confidence_above_threshold,False,50.0,10.70779062198276,2000.0
245,P4,150.0,8.458707814159315,2000.0,2.45,150.0,8.458707814159315,2000.0,False,none,0.0,physics_confidence_above_threshold,False,150.0,8.458707814159315,2000.0
246,P1,-150.0,7.608452130361245,2000.0,2.46,-150.0,7.608452130361245,2000.0,False,none,0.0,physics_confidence_above_threshold,False,-150.0,7.608452130361245,2000.0
246,P2,-50.0,8.661788189402925,2000.0,2.46,-50.0,8.661788189402925,2000.0,False,none,0.0,physics_confidence_above_threshold,False,-50.0,8.661788189402925,2000.0
246,P3,50.0,7.396675058093761,2000.0,2.46,50.0,7.396675058093761,2000.0,False,none,0.0,physics_confidence_above_threshold,False,50.0,7.396675058093761,2000.0
246,P4,150.0,3.4878843796837034,2000.0,2.46,150.0,3.4878843796837034,2000.0,False,none,0.0,physics_confidence_above_threshold,False,150.0,3.4878843796837034,2000.0
247,P1,-150.0,6.472135954999535,2000.0,2.47,-150.0,6.472135954999535,2000.0,False,none,0.0,physics_confidence_above_threshold,False,-150.0,6.472135954999535,2000.0
247,P2,-50.0,6.142600359278742,2000.0,2.47,-50.0,6.142600359278742,2000.0,False,none,0.0,physics_confidence_above_threshold,False,-50.0,6.142600359278742,2000.0
247,P3,50.0,3.3615214038527212,2000.0,2.47,50.0,3.3615214038527212,2000.0,False,none,0.0,physics_confidence_above_threshold,False,50.0,3.3615214038527212,2000.0
247,P4,150.0,-1.824357479395236,2000.0,2.47,150.0,-1.824357479395236,2000.0,False,none,0.0,physics_confidence_above_threshold,False,150.0,-1.824357479395236,2000.0
248,P1,-150.0,4.702282018339805,2000.0,2.48,-150.0,4.702282018339805,2000.0,False,none,0.0,physics_confidence_above_threshold,False,-150.0,4.702282018339805,2000.0
248,P2,-50.0,3.0221320079753133,2000.0,2.48,-50.0,3.0221320079753133,2000.0,False,none,0.0,physics_confidence_above_threshold,False,-50.0,3.0221320079753133,2000.0
248,P3,50.0,-1.0026813864938715,2000.0,2.48,50.0,-1.0026813864938715,2000.0,False,none,0.0,physics_confidence_above_threshold,False,50.0,-1.0026813864938715,2000.0
248,P4,150.0,-6.9580185173445255,2000.0,2.48,150.0,-6.9580185173445255,2000.0,False,none,0.0,physics_confidence_above_threshold,False,150.0,-6.9580185173445255,2000.0
249,P1,-150.0,2.472135954999589,2000.0,2.49,-150.0,2.472135954999589,2000.0,False,none,0.0,physics_confidence_above_threshold,False,-150.0,2.472135954999589,2000.0
249,P2,-50.0,-0.39416368070071683,2000.0,2.49,-50.0,-0.39416368070071683,2000.0,False,none,0.0,physics_confidence_above_threshold,False,-50.0,-0.39416368070071683,2000.0
249,P3,50.0,-5.268734736638624,2000.0,2.49,50.0,-5.268734736638624,2000.0,False,none,0.0,physics_confidence_above_threshold,False,50.0,-5.268734736638624,2000.0
249,P4,150.0,-11.410580223450705,2000.0,2.49,150.0,-11.410580223450705,2000.0,False,none,0.0,physics_confidence_above_threshold,False,150.0,-11.410580223450705,2000.0
250,P1,-150.0,-3.928773447456944e-15,2000.0,2.5,-150.0,-3.928773447456944e-15,2000.0,False,none,0.0,physics_confidence_above_threshold,False,-150.0,-3.928773447456944e-15,2000.0
250,P2,-50.0,-3.771875882009911,2000.0,2.5,-50.0,-3.771875882009911,2000.0,False,none,0.0,physics_confidence_above_threshold,False,-50.0,-3.771875882009911,2000.0
250,P3,50.0,70.98095237867228,2000.0,2.5,50.0,70.98095237867228,2000.0,False,none,0.0,insufficient_evidence_for_safe_correction,False,50.0,-9.01904762132771,2000.0
250,P4,150.0,-14.746194835098267,2000.0,2.5,150.0,-14.746194835098267,2000.0,False,none,0.0,physics_confidence_above_threshold,False,150.0,-14.746194835098267,2000.0
251,P1,-150.0,-2.4721359549994886,2000.0,2.51,-150.0,-2.4721359549994886,2000.0,False,none,0.0,physics_confidence_above_threshold,False,-150.0,-2.4721359549994886,2000.0
251,P2,-50.0,-6.780370591783268,2000.0,2.51,-50.0,-6.780370591783268,2000.0,False,none,0.0,physics_confidence_above_threshold,False,-50.0,-6.780370591783268,2000.0
251,P3,50.0,-11.886513285441309,2000.0,2.51,50.0,-11.886513285441309,2000.0,False,none,0.0,insufficient_evidence_for_safe_correction,False,50.0,-11.886513285441309,2000.0
251,P4,150.0,-16.63834915350552,2000.0,2.51,150.0,-16.63834915350552,2000.0,False,none,0.0,physics_confidence_above_threshold,False,150.0,-16.63834915350552,2000.0
252,P1,-150.0,-4.702282018339811,2000.0,2.52,-150.0,-4.702282018339811,2000.0,False,none,0.0,physics_confidence_above_threshold,False,-150.0,-4.702282018339811,2000.0
252,P2,-50.0,-9.125155386413322,2000.0,2.52,-50.0,-9.125155386413322,2000.0,False,none,0.0,physics_confidence_above_threshold,False,-50.0,-9.125155386413322,2000.0
252,P3,50.0,-13.590444210968217,2000.0,2.52,50.0,-13.590444210968217,2000.0,False,none,0.0,physics_confidence_above_threshold,False,50.0,-13.590444210968217,2000.0
252,P4,150.0,-16.90182593057256,2000.0,2.52,150.0,-16.90182593057256,2000.0,False,none,0.0,physics_confidence_above_threshold,False,150.0,-16.90182593057256,2000.0
253,P1,-150.0,-6.47213595499954,2000.0,2.53,-150.0,-6.47213595499954,2000.0,False,none,0.0,physics_confidence_above_threshold,False,-150.0,-6.47213595499954,2000.0
253,P2,-50.0,-10.576706393124976,2000.0,2.53,-50.0,-10.576706393124976,2000.0,False,none,0.0,physics_confidence_above_threshold,False,-50.0,-10.576706393124976,2000.0
253,P3,50.0,-13.964047766932726,2000.0,2.53,50.0,-13.964047766932726,2000.0,False,none,0.0,physics_confidence_above_threshold,False,50.0,-13.964047766932726,2000.0
253,P4,150.0,-15.510834223609375,2000.0,2.53,150.0,-15.510834223609375,2000.0,False,none,0.0,physics_confidence_above_threshold,False,150.0,-15.510834223609375,2000.0
254,P1,-150.0,-7.608452130361212,2000.0,2.54,-150.0,-7.608452130361212,2000.0,False,none,0.0,physics_confidence_above_threshold,False,-150.0,-7.608452130361212,2000.0
254,P2,-50.0,-10.992935685830993,2000.0,2.54,-50.0,-10.992935685830993,2000.0,False,none,0.0,physics_confidence_above_threshold,False,-50.0,-10.992935685830993,2000.0
254,P3,50.0,-12.970753034228132,2000.0,2.54,50.0,-12.970753034228132,2000.0,False,none,0.0,physics_confidence_above_threshold,False,50.0,-12.970753034228132,2000.0
254,P4,150.0,-12.601533992502548,2000.0,2.54,150.0,-12.601533992502548,2000.0,False,none,0.0,physics_confidence_above_threshold,False,150.0,-12.601533992502548,2000.0
255,P1,-150.0,-8.0,2000.0,2.55,-150.0,-8.0,2000.0,False,none,0.0,physics_confidence_above_threshold,False,-150.0,-8.0,2000.0
255,P2,-50.0,-10.333099841321207,2000.0,2.55,-50.0,-10.333099841321207,2000.0,False,none,0.0,physics_confidence_above_threshold,False,-50.0,-10.333099841321207,2000.0
255,P3,50.0,-10.707790621982856,2000.0,2.55,50.0,-10.707790621982856,2000.0,False,none,0.0,physics_confidence_above_threshold,False,50.0,-10.707790621982856,2000.0
255,P4,150.0,-8.458707814159473,2000.0,2.55,150.0,-8.458707814159473,2000.0,False,none,0.0,physics_confidence_above_threshold,False,150.0,-8.458707814159473,2000.0
256,P1,-150.0,-7.608452130361236,2000.0,2.56,-150.0,-7.608452130361236,2000.0,False,none,0.0,physics_confidence_above_threshold,False,-150.0,-7.608452130361236,2000.0
256,P2,-50.0,-8.6617881894029,2000.0,2.56,-50.0,-8.6617881894029,2000.0,False,none,0.0,physics_confidence_above_threshold,False,-50.0,-8.6617881894029,2000.0
256,P3,50.0,-7.396675058093719,2000.0,2.56,50.0,-7.396675058093719,2000.0,False,none,0.0,physics_confidence_above_threshold,False,50.0,-7.396675058093719,2000.0
256,P4,150.0,-3.4878843796836465,2000.0,2.56,150.0,-3.4878843796836465,2000.0,False,none,0.0,physics_confidence_above_threshold,False,150.0,-3.4878843796836465,2000.0
257,P1,-150.0,-6.472135954999586,2000.0,2.57,-150.0,-6.472135954999586,2000.0,False,none,0.0,physics_confidence_above_threshold,False,-150.0,-6.472135954999586,2000.0
257,P2,-50.0,-6.14260035927884,2000.0,2.57,-50.0,-6.14260035927884,2000.0,False,none,0.0,physics_confidence_above_threshold,False,-50.0,-6.14260035927884,2000.0
257,P3,50.0,-3.3615214038528674,2000.0,2.57,50.0,-3.3615214038528674,2000.0,False,none,0.0,physics_confidence_above_threshold,False,50.0,-3.3615214038528674,2000.0
257,P4,150.0,1.8243574793950539,2000.0,2.57,150.0,1.8243574793950539,2000.0,False,none,0.0,physics_confidence_above_threshold,False,150.0,1.8243574793950539,2000.0
258,P1,-150.0,-4.702282018339782,2000.0,2.58,-150.0,-4.702282018339782,2000.0,False,none,0.0,physics_confidence_above_threshold,False,-150.0,-4.702282018339782,2000.0
258,P2,-50.0,-3.0221320079752774,2000.0,2.58,-50.0,-3.0221320079752774,2000.0,False,none,0.0,physics_confidence_above_threshold,False,-50.0,-3.0221320079752774,2000.0
258,P3,50.0,1.0026813864939192,2000.0,2.58,50.0,1.0026813864939192,2000.0,False,none,0.0,physics_confidence_above_threshold,False,50.0,1.0026813864939192,2000.0
258,P4,150.0,6.958018517344579,2000.0,2.58,150.0,6.958018517344579,2000.0,False,none,0.0,physics_confidence_above_threshold,False,150.0,6.958018517344579,2000.0
259,P1,-150.0,-2.472135954999671,2000.0,2.59,-150.0,-2.472135954999671,2000.0,False,none,0.0,physics_confidence_above_threshold,False,-150.0,-2.472135954999671,2000.0
259,P2,-50.0,0.3941636807005984,2000.0,2.59,-50.0,0.3941636807005984,2000.0,False,none,0.0,physics_confidence_above_threshold,False,-50.0,0.3941636807005984,2000.0
259,P3,50.0,5.268734736638486,2000.0,2.59,50.0,5.268734736638486,2000.0,False,none,0.0,physics_confidence_above_threshold,False,50.0,5.268734736638486,2000.0
259,P4,150.0,11.41058022345057,2000.0,2.59,150.0,11.41058022345057,2000.0,False,none,0.0,physics_confidence_above_threshold,False,150.0,11.41058022345057,2000.0
260,P1,-150.0,3.1370765438543066e-14,2000.0,2.6,-150.0,3.1370765438543066e-14,2000.0,False,none,0.0,physics_confidence_above_threshold,False,-150.0,3.1370765438543066e-14,2000.0
260,P2,-50.0,3.7718758820099465,2000.0,2.6,-50.0,3.7718758820099465,2000.0,False,none,0.0,physics_confidence_above_threshold,False,-50.0,3.7718758820099465,2000.0
260,P3,50.0,9.019047621327747,2000.0,2.6,50.0,9.019047621327747,2000.0,False,none,0.0,physics_confidence_above_threshold,False,50.0,9.019047621327747,2000.0
260,P4,150.0,14.746194835098295,2000.0,2.6,150.0,14.746194835098295,2000.0,False,none,0.0,physics_confidence_above_threshold,False,150.0,14.746194835098295,2000.0
261,P1,-150.0,2.4721359549995143,2000.0,2.61,-150.0,2.4721359549995143,2000.0,False,none,0.0,physics_confidence_above_threshold,False,-150.0,2.4721359549995143,2000.0
261,P2,-50.0,6.7803705917832975,2000.0,2.61,-50.0,6.7803705917832975,2000.0,False,none,0.0,physics_confidence_above_threshold,False,-50.0,6.7803705917832975,2000.0
261,P3,50.0,11.886513285441334,2000.0,2.61,50.0,11.886513285441334,2000.0,False,none,0.0,physics_confidence_above_threshold,False,50.0,11.886513285441334,2000.0
261,P4,150.0,16.63834915350553,2000.0,2.61,150.0,16.63834915350553,2000.0,False,none,0.0,physics_confidence_above_threshold,False,150.0,16.63834915350553,2000.0
262,P1,-150.0,4.702282018339742,2000.0,2.62,-150.0,4.702282018339742,2000.0,False,none,0.0,physics_confidence_above_threshold,False,-150.0,4.702282018339742,2000.0
262,P2,-50.0,9.125155386413256,2000.0,2.62,-50.0,9.125155386413256,2000.0,False,none,0.0,physics_confidence_above_threshold,False,-50.0,9.125155386413256,2000.0
262,P3,50.0,13.590444210968181,2000.0,2.62,50.0,13.590444210968181,2000.0,False,none,0.0,physics_confidence_above_threshold,False,50.0,13.590444210968181,2000.0
262,P4,150.0,16.90182593057258,2000.0,2.62,150.0,16.90182593057258,2000.0,False,none,0.0,physics_confidence_above_threshold,False,150.0,16.90182593057258,2000.0
263,P1,-150.0,6.472135954999556,2000.0,2.63,-150.0,6.472135954999556,2000.0,False,none,0.0,physics_confidence_above_threshold,False,-150.0,6.472135954999556,2000.0
263,P2,-50.0,10.576706393124987,2000.0,2.63,-50.0,10.576706393124987,2000.0,False,none,0.0,physics_confidence_above_threshold,False,-50.0,10.576706393124987,2000.0
263,P3,50.0,13.964047766932724,2000.0,2.63,50.0,13.964047766932724,2000.0,False,none,0.0,physics_confidence_above_threshold,False,50.0,13.964047766932724,2000.0
263,P4,150.0,15.51083422360935,2000.0,2.63,150.0,15.51083422360935,2000.0,False,none,0.0,physics_confidence_above_threshold,False,150.0,15.51083422360935,2000.0
264,P1,-150.0,7.60845213036122,2000.0,2.64,-150.0,7.60845213036122,2000.0,False,none,0.0,physics_confidence_above_threshold,False,-150.0,7.60845213036122,2000.0
264,P2,-50.0,10.992935685830991,2000.0,2.64,-50.0,10.992935685830991,2000.0,False,none,0.0,physics_confidence_above_threshold,False,-50.0,10.992935685830991,2000.0
264,P3,50.0,12.970753034228112,2000.0,2.64,50.0,12.970753034228112,2000.0,False,none,0.0,physics_confidence_above_threshold,False,50.0,12.970753034228112,2000.0
264,P4,150.0,12.601533992502508,2000.0,2.64,150.0,12.601533992502508,2000.0,False,none,0.0,physics_confidence_above_threshold,False,150.0,12.601533992502508,2000.0
265,P1,-150.0,8.0,2000.0,2.65,-150.0,8.0,2000.0,False,none,0.0,physics_confidence_above_threshold,False,-150.0,8.0,2000.0
265,P2,-50.0,10.333099841321195,2000.0,2.65,-50.0,10.333099841321195,2000.0,False,none,0.0,physics_confidence_above_threshold,False,-50.0,10.333099841321195,2000.0
265,P3,50.0,10.707790621982827,2000.0,2.65,50.0,10.707790621982827,2000.0,False,none,0.0,physics_confidence_above_threshold,False,50.0,10.707790621982827,2000.0
265,P4,150.0,8.458707814159423,2000.0,2.65,150.0,8.458707814159423,2000.0,False,none,0.0,physics_confidence_above_threshold,False,150.0,8.458707814159423,2000.0
266,P1,-150.0,7.608452130361228,2000.0,2.66,-150.0,7.608452130361228,2000.0,False,none,0.0,physics_confidence_above_threshold,False,-150.0,7.608452130361228,2000.0
266,P2,-50.0,8.661788189402879,2000.0,2.66,-50.0,8.661788189402879,2000.0,False,none,0.0,physics_confidence_above_threshold,False,-50.0,8.661788189402879,2000.0
266,P3,50.0,7.396675058093679,2000.0,2.66,50.0,7.396675058093679,2000.0,False,none,0.0,physics_confidence_above_threshold,False,50.0,7.396675058093679,2000.0
266,P4,150.0,3.487884379683589,2000.0,2.66,150.0,3.487884379683589,2000.0,False,none,0.0,physics_confidence_above_threshold,False,150.0,3.487884379683589,2000.0
267,P1,-150.0,6.4721359549996365,2000.0,2.67,-150.0,6.4721359549996365,2000.0,False,none,0.0,physics_confidence_above_threshold,False,-150.0,6.4721359549996365,2000.0
267,P2,-50.0,6.142600359278938,2000.0,2.67,-50.0,6.142600359278938,2000.0,False,none,0.0,physics_confidence_above_threshold,False,-50.0,6.142600359278938,2000.0
267,P3,50.0,3.361521403853014,2000.0,2.67,50.0,3.361521403853014,2000.0,False,none,0.0,physics_confidence_above_threshold,False,50.0,3.361521403853014,2000.0
267,P4,150.0,-1.8243574793948716,2000.0,2.67,150.0,-1.8243574793948716,2000.0,False,none,0.0,physics_confidence_above_threshold,False,150.0,-1.8243574793948716,2000.0
268,P1,-150.0,4.70228201833976,2000.0,2.68,-150.0,4.70228201833976,2000.0,False,none,0.0,physics_confidence_above_threshold,False,-150.0,4.70228201833976,2000.0
268,P2,-50.0,3.022132007975241,2000.0,2.68,-50.0,3.022132007975241,2000.0,False,none,0.0,physics_confidence_above_threshold,False,-50.0,3.022132007975241,2000.0
268,P3,50.0,-1.0026813864939674,2000.0,2.68,50.0,-1.0026813864939674,2000.0,False,none,0.0,physics_confidence_above_threshold,False,50.0,-1.0026813864939674,2000.0
268,P4,150.0,-6.958018517344632,2000.0,2.68,150.0,-6.958018517344632,2000.0,False,none,0.0,physics_confidence_above_threshold,False,150.0,-6.958018517344632,2000.0
269,P1,-150.0,2.472135954999645,2000.0,2.69,-150.0,2.472135954999645,2000.0,False,none,0.0,physics_confidence_above_threshold,False,-150.0,2.472135954999645,2000.0
269,P2,-50.0,-0.3941636807006361,2000.0,2.69,-50.0,-0.3941636807006361,2000.0,False,none,0.0,physics_confidence_above_threshold,False,-50.0,-0.3941636807006361,2000.0
269,P3,50.0,-5.26873473663853,2000.0,2.69,50.0,-5.26873473663853,2000.0,False,none,0.0,physics_confidence_above_threshold,False,50.0,-5.26873473663853,2000.0
269,P4,150.0,-11.410580223450612,2000.0,2.69,150.0,-11.410580223450612,2000.0,False,none,0.0,physics_confidence_above_threshold,False,150.0,-11.410580223450612,2000.0
270,P1,-150.0,-5.881275742962919e-14,2000.0,2.7,-150.0,-5.881275742962919e-14,2000.0,False,none,0.0,physics_confidence_above_threshold,False,-150.0,-5.881275742962919e-14,2000.0
270,P2,-50.0,-3.771875882009982,2000.0,2.7,-50.0,-3.771875882009982,2000.0,False,none,0.0,physics_confidence_above_threshold,False,-50.0,-3.771875882009982,2000.0
270,P3,50.0,-9.019047621327784,2000.0,2.7,50.0,-9.019047621327784,2000.0,False,none,0.0,physics_confidence_above_threshold,False,50.0,-9.019047621327784,2000.0
270,P4,150.0,-14.746194835098324,2000.0,2.7,150.0,-14.746194835098324,2000.0,False,none,0.0,physics_confidence_above_threshold,False,150.0,-14.746194835098324,2000.0
271,P1,-150.0,-2.4721359549995405,2000.0,2.71,-150.0,-2.4721359549995405,2000.0,False,none,0.0,physics_confidence_above_threshold,False,-150.0,-2.4721359549995405,2000.0
271,P2,-50.0,-6.780370591783327,2000.0,2.71,-50.0,-6.780370591783327,2000.0,False,none,0.0,physics_confidence_above_threshold,False,-50.0,-6.780370591783327,2000.0
271,P3,50.0,-11.886513285441358,2000.0,2.71,50.0,-11.886513285441358,2000.0,False,none,0.0,physics_confidence_above_threshold,False,50.0,-11.886513285441358,2000.0
271,P4,150.0,-16.638349153505544,2000.0,2.71,150.0,-16.638349153505544,2000.0,False,none,0.0,physics_confidence_above_threshold,False,150.0,-16.638349153505544,2000.0
272,P1,-150.0,-4.702282018339764,2000.0,2.72,-150.0,-4.702282018339764,2000.0,False,none,0.0,physics_confidence_above_threshold,False,-150.0,-4.702282018339764,2000.0
272,P2,-50.0,-9.125155386413276,2000.0,2.72,-50.0,-9.125155386413276,2000.0,False,none,0.0,physics_confidence_above_threshold,False,-50.0,-9.125155386413276,2000.0
272,P3,50.0,-13.590444210968192,2000.0,2.72,50.0,-13.590444210968192,2000.0,False,none,0.0,physics_confidence_above_threshold,False,50.0,-13.590444210968192,2000.0
272,P4,150.0,-16.901825930572574,2000.0,2.72,150.0,-16.901825930572574,2000.0,False,none,0.0,physics_confidence_above_threshold,False,150.0,-16.901825930572574,2000.0
273,P1,-150.0,-6.4721359549995725,2000.0,2.73,-150.0,-6.4721359549995725,2000.0,False,none,0.0,physics_confidence_above_threshold,False,-150.0,-6.4721359549995725,2000.0
273,P2,-50.0,-10.576706393124997,2000.0,2.73,-50.0,-10.576706393124997,2000.0,False,none,0.0,physics_confidence_above_threshold,False,-50.0,-10.576706393124997,2000.0
273,P3,50.0,-13.96404776693272,2000.0,2.73,50.0,-13.96404776693272,2000.0,False,none,0.0,physics_confidence_above_threshold,False,50.0,-13.96404776693272,2000.0
273,P4,150.0,-15.510834223609328,2000.0,2.73,150.0,-15.510834223609328,2000.0,False,none,0.0,physics_confidence_above_threshold,False,150.0,-15.510834223609328,2000.0
274,P1,-150.0,-7.608452130361229,2000.0,2.74,-150.0,-7.608452130361229,2000.0,False,none,0.0,physics_confidence_above_threshold,False,-150.0,-7.608452130361229,2000.0
274,P2,-50.0,-10.99293568583099,2000.0,2.74,-50.0,-10.99293568583099,2000.0,False,none,0.0,physics_confidence_above_threshold,False,-50.0,-10.99293568583099,2000.0
274,P3,50.0,-12.970753034228094,2000.0,2.74,50.0,-12.970753034228094,2000.0,False,none,0.0,physics_confidence_above_threshold,False,50.0,-12.970753034228094,2000.0
274,P4,150.0,-12.601533992502471,2000.0,2.74,150.0,-12.601533992502471,2000.0,False,none,0.0,physics_confidence_above_threshold,False,150.0,-12.601533992502471,2000.0
275,P1,-150.0,-8.0,2000.0,2.75,-150.0,-8.0,2000.0,False,none,0.0,physics_confidence_above_threshold,False,-150.0,-8.0,2000.0
275,P2,-50.0,-10.333099841321182,2000.0,2.75,-50.0,-10.333099841321182,2000.0,False,none,0.0,physics_confidence_above_threshold,False,-50.0,-10.333099841321182,2000.0
275,P3,50.0,-10.707790621982795,2000.0,2.75,50.0,-10.707790621982795,2000.0,False,none,0.0,physics_confidence_above_threshold,False,50.0,-10.707790621982795,2000.0
275,P4,150.0,-8.458707814159371,2000.0,2.75,150.0,-8.458707814159371,2000.0,False,none,0.0,physics_confidence_above_threshold,False,150.0,-8.458707814159371,2000.0
276,P1,-150.0,-7.608452130361255,2000.0,2.76,-150.0,-7.608452130361255,2000.0,False,none,0.0,physics_confidence_above_threshold,False,-150.0,-7.608452130361255,2000.0
276,P2,-50.0,-8.66178818940295,2000.0,2.76,-50.0,-8.66178818940295,2000.0,False,none,0.0,physics_confidence_above_threshold,False,-50.0,-8.66178818940295,2000.0
276,P3,50.0,-7.396675058093808,2000.0,2.76,50.0,-7.396675058093808,2000.0,False,none,0.0,physics_confidence_above_threshold,False,50.0,-7.396675058093808,2000.0
276,P4,150.0,-3.4878843796837686,2000.0,2.76,150.0,-3.4878843796837686,2000.0,False,none,0.0,physics_confidence_above_threshold,False,150.0,-3.4878843796837686,2000.0
277,P1,-150.0,-6.4721359549996205,2000.0,2.77,-150.0,-6.4721359549996205,2000.0,False,none,0.0,physics_confidence_above_threshold,False,-150.0,-6.4721359549996205,2000.0
277,P2,-50.0,-6.142600359278908,2000.0,2.77,-50.0,-6.142600359278908,2000.0,False,none,0.0,physics_confidence_above_threshold,False,-50.0,-6.142600359278908,2000.0
277,P3,50.0,-3.3615214038529673,2000.0,2.77,50.0,-3.3615214038529673,2000.0,False,none,0.0,physics_confidence_above_threshold,False,50.0,-3.3615214038529673,2000.0
277,P4,150.0,1.8243574793949295,2000.0,2.77,150.0,1.8243574793949295,2000.0,False,none,0.0,physics_confidence_above_threshold,False,150.0,1.8243574793949295,2000.0
278,P1,-150.0,-4.70228201833983,2000.0,2.78,-150.0,-4.70228201833983,2000.0,False,none,0.0,physics_confidence_above_threshold,False,-150.0,-4.70228201833983,2000.0
278,P2,-50.0,-3.0221320079753546,2000.0,2.78,-50.0,-3.0221320079753546,2000.0,False,none,0.0,physics_confidence_above_threshold,False,-50.0,-3.0221320079753546,2000.0
278,P3,50.0,1.0026813864938167,2000.0,2.78,50.0,1.0026813864938167,2000.0,False,none,0.0,physics_confidence_above_threshold,False,50.0,1.0026813864938167,2000.0
278,P4,150.0,6.958018517344465,2000.0,2.78,150.0,6.958018517344465,2000.0,False,none,0.0,physics_confidence_above_threshold,False,150.0,6.958018517344465,2000.0
279,P1,-150.0,-2.4721359549996187,2000.0,2.79,-150.0,-2.4721359549996187,2000.0,False,none,0.0,physics_confidence_above_threshold,False,-150.0,-2.4721359549996187,2000.0
279,P2,-50.0,0.3941636807006738,2000.0,2.79,-50.0,0.3941636807006738,2000.0,False,none,0.0,physics_confidence_above_threshold,False,-50.0,0.3941636807006738,2000.0
279,P3,50.0,5.2687347366385735,2000.0,2.79,50.0,5.2687347366385735,2000.0,False,none,0.0,physics_confidence_above_threshold,False,50.0,5.2687347366385735,2000.0
279,P4,150.0,11.410580223450655,2000.0,2.79,150.0,11.410580223450655,2000.0,False,none,0.0,physics_confidence_above_threshold,False,150.0,11.410580223450655,2000.0
280,P1,-150.0,-2.743208830090071e-14,2000.0,2.8,-150.0,-2.743208830090071e-14,2000.0,False,none,0.0,physics_confidence_above_threshold,False,-150.0,-2.743208830090071e-14,2000.0
280,P2,-50.0,3.7718758820098706,2000.0,2.8,-50.0,3.7718758820098706,2000.0,False,none,0.0,physics_confidence_above_threshold,False,-50.0,3.7718758820098706,2000.0
280,P3,50.0,9.019047621327669,2000.0,2.8,50.0,9.019047621327669,2000.0,False,none,0.0,physics_confidence_above_threshold,False,50.0,9.019047621327669,2000.0
280,P4,150.0,14.746194835098233,2000.0,2.8,150.0,14.746194835098233,2000.0,False,none,0.0,physics_confidence_above_threshold,False,150.0,14.746194835098233,2000.0
281,P1,-150.0,2.4721359549995667,2000.0,2.81,-150.0,2.4721359549995667,2000.0,False,none,0.0,physics_confidence_above_threshold,False,-150.0,2.4721359549995667,2000.0
281,P2,-50.0,6.780370591783357,2000.0,2.81,-50.0,6.780370591783357,2000.0,False,none,0.0,physics_confidence_above_threshold,False,-50.0,6.780370591783357,2000.0
281,P3,50.0,11.886513285441385,2000.0,2.81,50.0,11.886513285441385,2000.0,False,none,0.0,physics_confidence_above_threshold,False,50.0,11.886513285441385,2000.0
281,P4,150.0,16.638349153505555,2000.0,2.81,150.0,16.638349153505555,2000.0,False,none,0.0,physics_confidence_above_threshold,False,150.0,16.638349153505555,2000.0
282,P1,-150.0,4.702282018339694,2000.0,2.82,-150.0,4.702282018339694,2000.0,False,none,0.0,physics_confidence_above_threshold,False,-150.0,4.702282018339694,2000.0
282,P2,-50.0,9.12515538641321,2000.0,2.82,-50.0,9.12515538641321,2000.0,False,none,0.0,physics_confidence_above_threshold,False,-50.0,9.12515538641321,2000.0
282,P3,50.0,13.590444210968156,2000.0,2.82,50.0,13.590444210968156,2000.0,False,none,0.0,physics_confidence_above_threshold,False,50.0,13.590444210968156,2000.0
282,P4,150.0,16.901825930572596,2000.0,2.82,150.0,16.901825930572596,2000.0,False,none,0.0,physics_confidence_above_threshold,False,150.0,16.901825930572596,2000.0
283,P1,-150.0,6.4721359549995885,2000.0,2.83,-150.0,6.4721359549995885,2000.0,False,none,0.0,physics_confidence_above_threshold,False,-150.0,6.4721359549995885,2000.0
283,P2,-50.0,10.576706393125008,2000.0,2.83,-50.0,10.576706393125008,2000.0,False,none,0.0,physics_confidence_above_threshold,False,-50.0,10.576706393125008,2000.0
283,P3,50.0,13.964047766932715,2000.0,2.83,50.0,13.964047766932715,2000.0,False,none,0.0,physics_confidence_above_threshold,False,50.0,13.964047766932715,2000.0
283,P4,150.0,15.510834223609304,2000.0,2.83,150.0,15.510834223609304,2000.0,False,none,0.0,physics_confidence_above_threshold,False,150.0,15.510834223609304,2000.0
284,P1,-150.0,7.6084521303612025,2000.0,2.84,-150.0,7.6084521303612025,2000.0,False,none,0.0,physics_confidence_above_threshold,False,-150.0,7.6084521303612025,2000.0
284,P2,-50.0,10.992935685830993,2000.0,2.84,-50.0,10.992935685830993,2000.0,False,none,0.0,physics_confidence_above_threshold,False,-50.0,10.992935685830993,2000.0
284,P3,50.0,12.970753034228151,2000.0,2.84,50.0,12.970753034228151,2000.0,False,none,0.0,physics_confidence_above_threshold,False,50.0,12.970753034228151,2000.0
284,P4,150.0,12.601533992502594,2000.0,2.84,150.0,12.601533992502594,2000.0,False,none,0.0,physics_confidence_above_threshold,False,150.0,12.601533992502594,2000.0
285,P1,-150.0,8.0,2000.0,2.85,-150.0,8.0,2000.0,False,none,0.0,physics_confidence_above_threshold,False,-150.0,8.0,2000.0
285,P2,-50.0,10.333099841321168,2000.0,2.85,-50.0,10.333099841321168,2000.0,False,none,0.0,physics_confidence_above_threshold,False,-50.0,10.333099841321168,2000.0
285,P3,50.0,10.707790621982765,2000.0,2.85,50.0,10.707790621982765,2000.0,False,none,0.0,physics_confidence_above_threshold,False,50.0,10.707790621982765,2000.0
285,P4,150.0,8.458707814159322,2000.0,2.85,150.0,8.458707814159322,2000.0,False,none,0.0,physics_confidence_above_threshold,False,150.0,8.458707814159322,2000.0
286,P1,-150.0,7.608452130361246,2000.0,2.86,-150.0,7.608452130361246,2000.0,False,none,0.0,physics_confidence_above_threshold,False,-150.0,7.608452130361246,2000.0
286,P2,-50.0,8.661788189402927,2000.0,2.86,-50.0,8.661788189402927,2000.0,False,none,0.0,physics_confidence_above_threshold,False,-50.0,8.661788189402927,2000.0
286,P3,50.0,7.396675058093766,2000.0,2.86,50.0,7.396675058093766,2000.0,False,none,0.0,physics_confidence_above_threshold,False,50.0,7.396675058093766,2000.0
286,P4,150.0,3.4878843796837113,2000.0,2.86,150.0,3.4878843796837113,2000.0,False,none,0.0,physics_confidence_above_threshold,False,150.0,3.4878843796837113,2000.0
287,P1,-150.0,6.4721359549996045,2000.0,2.87,-150.0,6.4721359549996045,2000.0,False,none,0.0,physics_confidence_above_threshold,False,-150.0,6.4721359549996045,2000.0
287,P2,-50.0,6.142600359278876,2000.0,2.87,-50.0,6.142600359278876,2000.0,False,none,0.0,physics_confidence_above_threshold,False,-50.0,6.142600359278876,2000.0
287,P3,50.0,3.3615214038529206,2000.0,2.87,50.0,3.3615214038529206,2000.0,False,none,0.0,physics_confidence_above_threshold,False,50.0,3.3615214038529206,2000.0
287,P4,150.0,-1.8243574793949877,2000.0,2.87,150.0,-1.8243574793949877,2000.0,False,none,0.0,physics_confidence_above_threshold,False,150.0,-1.8243574793949877,2000.0
288,P1,-150.0,4.702282018339808,2000.0,2.88,-150.0,4.702282018339808,2000.0,False,none,0.0,physics_confidence_above_threshold,False,-150.0,4.702282018339808,2000.0
288,P2,-50.0,3.0221320079753187,2000.0,2.88,-50.0,3.0221320079753187,2000.0,False,none,0.0,physics_confidence_above_threshold,False,-50.0,3.0221320079753187,2000.0
288,P3,50.0,-1.0026813864938648,2000.0,2.88,50.0,-1.0026813864938648,2000.0,False,none,0.0,physics_confidence_above_threshold,False,50.0,-1.0026813864938648,2000.0
288,P4,150.0,-6.958018517344518,2000.0,2.88,150.0,-6.958018517344518,2000.0,False,none,0.0,physics_confidence_above_threshold,False,150.0,-6.958018517344518,2000.0
289,P1,-150.0,2.472135954999593,2000.0,2.89,-150.0,2.472135954999593,2000.0,False,none,0.0,physics_confidence_above_threshold,False,-150.0,2.472135954999593,2000.0
289,P2,-50.0,-0.3941636807007115,2000.0,2.89,-50.0,-0.3941636807007115,2000.0,False,none,0.0,physics_confidence_above_threshold,False,-50.0,-0.3941636807007115,2000.0
289,P3,50.0,-5.268734736638618,2000.0,2.89,50.0,-5.268734736638618,2000.0,False,none,0.0,physics_confidence_above_threshold,False,50.0,-5.268734736638618,2000.0
289,P4,150.0,-11.4105802234507,2000.0,2.89,150.0,-11.4105802234507,2000.0,False,none,0.0,physics_confidence_above_threshold,False,150.0,-11.4105802234507,2000.0
290,P1,-150.0,-9.903690185413723e-18,2000.0,2.9,-150.0,-9.903690185413723e-18,2000.0,False,none,0.0,physics_confidence_above_threshold,False,-150.0,-9.903690185413723e-18,2000.0
290,P2,-50.0,-3.771875882009906,2000.0,2.9,-50.0,-3.771875882009906,2000.0,False,none,0.0,physics_confidence_above_threshold,False,-50.0,-3.771875882009906,2000.0
290,P3,50.0,-9.019047621327704,2000.0,2.9,50.0,-9.019047621327704,2000.0,False,none,0.0,physics_confidence_above_threshold,False,50.0,-9.019047621327704,2000.0
290,P4,150.0,-14.746194835098263,2000.0,2.9,150.0,-14.746194835098263,2000.0,False,none,0.0,physics_confidence_above_threshold,False,150.0,-14.746194835098263,2000.0
291,P1,-150.0,-2.472135954999593,2000.0,2.91,-150.0,-2.472135954999593,2000.0,False,none,0.0,physics_confidence_above_threshold,False,-150.0,-2.472135954999593,2000.0
291,P2,-50.0,-6.780370591783386,2000.0,2.91,-50.0,-6.780370591783386,2000.0,False,none,0.0,physics_confidence_above_threshold,False,-50.0,-6.780370591783386,2000.0
291,P3,50.0,-11.88651328544141,2000.0,2.91,50.0,-11.88651328544141,2000.0,False,none,0.0,physics_confidence_above_threshold,False,50.0,-11.88651328544141,2000.0
291,P4,150.0,-16.638349153505565,2000.0,2.91,150.0,-16.638349153505565,2000.0,False,none,0.0,physics_confidence_above_threshold,False,150.0,-16.638349153505565,2000.0
292,P1,-150.0,-4.702282018339716,2000.0,2.92,-150.0,-4.702282018339716,2000.0,False,none,0.0,physics_confidence_above_threshold,False,-150.0,-4.702282018339716,2000.0
292,P2,-50.0,-9.125155386413232,2000.0,2.92,-50.0,-9.125155386413232,2000.0,False,none,0.0,physics_confidence_above_threshold,False,-50.0,-9.125155386413232,2000.0
292,P3,50.0,-13.590444210968169,2000.0,2.92,50.0,-13.590444210968169,2000.0,False,none,0.0,physics_confidence_above_threshold,False,50.0,-13.590444210968169,2000.0
292,P4,150.0,-16.901825930572585,2000.0,2.92,150.0,-16.901825930572585,2000.0,False,none,0.0,physics_confidence_above_threshold,False,150.0,-16.901825930572585,2000.0
293,P1,-150.0,-6.4721359549996045,2000.0,2.93,-150.0,-6.4721359549996045,2000.0,False,none,0.0,physics_confidence_above_threshold,False,-150.0,-6.4721359549996045,2000.0
293,P2,-50.0,-10.576706393125018,2000.0,2.93,-50.0,-10.576706393125018,2000.0,False,none,0.0,physics_confidence_above_threshold,False,-50.0,-10.576706393125018,2000.0
293,P3,50.0,-13.964047766932712,2000.0,2.93,50.0,-13.964047766932712,2000.0,False,none,0.0,physics_confidence_above_threshold,False,50.0,-13.964047766932712,2000.0
293,P4,150.0,-15.51083422360928,2000.0,2.93,150.0,-15.51083422360928,2000.0,False,none,0.0,physics_confidence_above_threshold,False,150.0,-15.51083422360928,2000.0
294,P1,-150.0,-7.6084521303612105,2000.0,2.94,-150.0,-7.6084521303612105,2000.0,False,none,0.0,physics_confidence_above_threshold,False,-150.0,-7.6084521303612105,2000.0
294,P2,-50.0,-10.992935685830993,2000.0,2.94,-50.0,-10.992935685830993,2000.0,False,none,0.0,physics_confidence_above_threshold,False,-50.0,-10.992935685830993,2000.0
294,P3,50.0,-12.970753034228133,2000.0,2.94,50.0,-12.970753034228133,2000.0,False,none,0.0,physics_confidence_above_threshold,False,50.0,-12.970753034228133,2000.0
294,P4,150.0,-12.601533992502553,2000.0,2.94,150.0,-12.601533992502553,2000.0,False,none,0.0,physics_confidence_above_threshold,False,150.0,-12.601533992502553,2000.0
295,P1,-150.0,-8.0,2000.0,2.95,-150.0,-8.0,2000.0,False,none,0.0,physics_confidence_above_threshold,False,-150.0,-8.0,2000.0
295,P2,-50.0,-10.333099841321157,2000.0,2.95,-50.0,-10.333099841321157,2000.0,False,none,0.0,physics_confidence_above_threshold,False,-50.0,-10.333099841321157,2000.0
295,P3,50.0,-10.707790621982733,2000.0,2.95,50.0,-10.707790621982733,2000.0,False,none,0.0,physics_confidence_above_threshold,False,50.0,-10.707790621982733,2000.0
295,P4,150.0,-8.45870781415927,2000.0,2.95,150.0,-8.45870781415927,2000.0,False,none,0.0,physics_confidence_above_threshold,False,150.0,-8.45870781415927,2000.0
296,P1,-150.0,-7.608452130361237,2000.0,2.96,-150.0,-7.608452130361237,2000.0,False,none,0.0,physics_confidence_above_threshold,False,-150.0,-7.608452130361237,2000.0
296,P2,-50.0,-8.661788189402904,2000.0,2.96,-50.0,-8.661788189402904,2000.0,False,none,0.0,physics_confidence_above_threshold,False,-50.0,-8.661788189402904,2000.0
296,P3,50.0,-7.3966750580937255,2000.0,2.96,50.0,-7.3966750580937255,2000.0,False,none,0.0,physics_confidence_above_threshold,False,50.0,-7.3966750580937255,2000.0
296,P4,150.0,-3.4878843796836545,2000.0,2.96,150.0,-3.4878843796836545,2000.0,False,none,0.0,physics_confidence_above_threshold,False,150.0,-3.4878843796836545,2000.0
297,P1,-150.0,-6.472135954999588,2000.0,2.97,-150.0,-6.472135954999588,2000.0,False,none,0.0,physics_confidence_above_threshold,False,-150.0,-6.472135954999588,2000.0
297,P2,-50.0,-6.142600359278844,2000.0,2.97,-50.0,-6.142600359278844,2000.0,False,none,0.0,physics_confidence_above_threshold,False,-50.0,-6.142600359278844,2000.0
297,P3,50.0,-3.361521403852874,2000.0,2.97,50.0,-3.361521403852874,2000.0,False,none,0.0,physics_confidence_above_threshold,False,50.0,-3.361521403852874,2000.0
297,P4,150.0,1.8243574793950457,2000.0,2.97,150.0,1.8243574793950457,2000.0,False,none,0.0,physics_confidence_above_threshold,False,150.0,1.8243574793950457,2000.0
298,P1,-150.0,-4.702282018339786,2000.0,2.98,-150.0,-4.702282018339786,2000.0,False,none,0.0,physics_confidence_above_threshold,False,-150.0,-4.702282018339786,2000.0
298,P2,-50.0,-3.0221320079752827,2000.0,2.98,-50.0,-3.0221320079752827,2000.0,False,none,0.0,physics_confidence_above_threshold,False,-50.0,-3.0221320079752827,2000.0
298,P3,50.0,1.0026813864939126,2000.0,2.98,50.0,1.0026813864939126,2000.0,False,none,0.0,physics_confidence_above_threshold,False,50.0,1.0026813864939126,2000.0
298,P4,150.0,6.958018517344571,2000.0,2.98,150.0,6.958018517344571,2000.0,False,none,0.0,physics_confidence_above_threshold,False,150.0,6.958018517344571,2000.0
299,P1,-150.0,-2.4721359549995667,2000.0,2.99,-150.0,-2.4721359549995667,2000.0,False,none,0.0,physics_confidence_above_threshold,False,-150.0,-2.4721359549995667,2000.0
299,P2,-50.0,0.3941636807007492,2000.0,2.99,-50.0,0.3941636807007492,2000.0,False,none,0.0,physics_confidence_above_threshold,False,-50.0,0.3941636807007492,2000.0
299,P3,50.0,5.268734736638663,2000.0,2.99,50.0,5.268734736638663,2000.0,False,none,0.0,physics_confidence_above_threshold,False,50.0,5.268734736638663,2000.0
299,P4,150.0,11.410580223450742,2000.0,2.99,150.0,11.410580223450742,2000.0,False,none,0.0,physics_confidence_above_threshold,False,150.0,11.410580223450742,2000.0
300,P1,-150.0,-8.623494204034449e-14,2000.0,3.0,-150.0,-8.623494204034449e-14,2000.0,False,none,0.0,physics_confidence_above_threshold,False,-150.0,-8.623494204034449e-14,2000.0
300,P2,-50.0,3.771875882009795,2000.0,3.0,-50.0,3.771875882009795,2000.0,False,none,0.0,physics_confidence_above_threshold,False,-50.0,3.771875882009795,2000.0
300,P3,50.0,9.01904762132759,2000.0,3.0,50.0,9.01904762132759,2000.0,False,none,0.0,physics_confidence_above_threshold,False,50.0,9.01904762132759,2000.0
300,P4,150.0,14.746194835098171,2000.0,3.0,150.0,14.746194835098171,2000.0,False,none,0.0,physics_confidence_above_threshold,False,150.0,14.746194835098171,2000.0
301,P1,-150.0,2.4721359549995108,2000.0,3.01,-150.0,2.4721359549995108,2000.0,False,none,0.0,physics_confidence_above_threshold,False,-150.0,2.4721359549995108,2000.0
301,P2,-50.0,6.780370591783294,2000.0,3.01,-50.0,6.780370591783294,2000.0,False,none,0.0,physics_confidence_above_threshold,False,-50.0,6.780370591783294,2000.0
301,P3,50.0,11.88651328544133,2000.0,3.01,50.0,11.88651328544133,2000.0,False,none,0.0,physics_confidence_above_threshold,False,50.0,11.88651328544133,2000.0
301,P4,150.0,16.63834915350553,2000.0,3.01,150.0,16.63834915350553,2000.0,False,none,0.0,physics_confidence_above_threshold,False,150.0,16.63834915350553,2000.0
302,P1,-150.0,4.702282018339738,2000.0,3.02,-150.0,4.702282018339738,2000.0,False,none,0.0,physics_confidence_above_threshold,False,-150.0,4.702282018339738,2000.0
302,P2,-50.0,9.125155386413253,2000.0,3.02,-50.0,9.125155386413253,2000.0,False,none,0.0,physics_confidence_above_threshold,False,-50.0,9.125155386413253,2000.0
302,P3,50.0,13.59044421096818,2000.0,3.02,50.0,13.59044421096818,2000.0,False,none,0.0,physics_confidence_above_threshold,False,50.0,13.59044421096818,2000.0
302,P4,150.0,16.90182593057258,2000.0,3.02,150.0,16.90182593057258,2000.0,False,none,0.0,physics_confidence_above_threshold,False,150.0,16.90182593057258,2000.0
303,P1,-150.0,6.472135954999554,2000.0,3.03,-150.0,6.472135954999554,2000.0,False,none,0.0,physics_confidence_above_threshold,False,-150.0,6.472135954999554,2000.0
303,P2,-50.0,10.576706393124985,2000.0,3.03,-50.0,10.576706393124985,2000.0,False,none,0.0,physics_confidence_above_threshold,False,-50.0,10.576706393124985,2000.0
303,P3,50.0,13.964047766932724,2000.0,3.03,50.0,13.964047766932724,2000.0,False,none,0.0,physics_confidence_above_threshold,False,50.0,13.964047766932724,2000.0
303,P4,150.0,15.510834223609354,2000.0,3.03,150.0,15.510834223609354,2000.0,False,none,0.0,physics_confidence_above_threshold,False,150.0,15.510834223609354,2000.0
304,P1,-150.0,7.608452130361219,2000.0,3.04,-150.0,7.608452130361219,2000.0,False,none,0.0,physics_confidence_above_threshold,False,-150.0,7.608452130361219,2000.0
304,P2,-50.0,10.992935685830991,2000.0,3.04,-50.0,10.992935685830991,2000.0,False,none,0.0,physics_confidence_above_threshold,False,-50.0,10.992935685830991,2000.0
304,P3,50.0,12.970753034228116,2000.0,3.04,50.0,12.970753034228116,2000.0,False,none,0.0,physics_confidence_above_threshold,False,50.0,12.970753034228116,2000.0
304,P4,150.0,12.601533992502514,2000.0,3.04,150.0,12.601533992502514,2000.0,False,none,0.0,physics_confidence_above_threshold,False,150.0,12.601533992502514,2000.0
305,P1,-150.0,8.0,2000.0,3.05,-150.0,8.0,2000.0,False,none,0.0,physics_confidence_above_threshold,False,-150.0,8.0,2000.0
305,P2,-50.0,10.333099841321252,2000.0,3.05,-50.0,10.333099841321252,2000.0,False,none,0.0,physics_confidence_above_threshold,False,-50.0,10.333099841321252,2000.0
305,P3,50.0,10.707790621982959,2000.0,3.05,50.0,10.707790621982959,2000.0,False,none,0.0,physics_confidence_above_threshold,False,50.0,10.707790621982959,2000.0
305,P4,150.0,8.45870781415964,2000.0,3.05,150.0,8.45870781415964,2000.0,False,none,0.0,physics_confidence_above_threshold,False,150.0,8.45870781415964,2000.0
306,P1,-150.0,7.608452130361229,2000.0,3.06,-150.0,7.608452130361229,2000.0,False,none,0.0,physics_confidence_above_threshold,False,-150.0,7.608452130361229,2000.0
306,P2,-50.0,8.66178818940288,2000.0,3.06,-50.0,8.66178818940288,2000.0,False,none,0.0,physics_confidence_above_threshold,False,-50.0,8.66178818940288,2000.0
306,P3,50.0,7.396675058093685,2000.0,3.06,50.0,7.396675058093685,2000.0,False,none,0.0,physics_confidence_above_threshold,False,50.0,7.396675058093685,2000.0
306,P4,150.0,3.487884379683597,2000.0,3.06,150.0,3.487884379683597,2000.0,False,none,0.0,physics_confidence_above_threshold,False,150.0,3.487884379683597,2000.0
307,P1,-150.0,6.472135954999639,2000.0,3.07,-150.0,6.472135954999639,2000.0,False,none,0.0,physics_confidence_above_threshold,False,-150.0,6.472135954999639,2000.0
307,P2,-50.0,6.142600359278943,2000.0,3.07,-50.0,6.142600359278943,2000.0,False,none,0.0,physics_confidence_above_threshold,False,-50.0,6.142600359278943,2000.0
307,P3,50.0,3.3615214038530206,2000.0,3.07,50.0,3.3615214038530206,2000.0,False,none,0.0,physics_confidence_above_threshold,False,50.0,3.3615214038530206,2000.0
307,P4,150.0,-1.8243574793948634,2000.0,3.07,150.0,-1.8243574793948634,2000.0,False,none,0.0,physics_confidence_above_threshold,False,150.0,-1.8243574793948634,2000.0
308,P1,-150.0,4.702282018339764,2000.0,3.08,-150.0,4.702282018339764,2000.0,False,none,0.0,physics_confidence_above_threshold,False,-150.0,4.702282018339764,2000.0
308,P2,-50.0,3.0221320079752463,2000.0,3.08,-50.0,3.0221320079752463,2000.0,False,none,0.0,physics_confidence_above_threshold,False,-50.0,3.0221320079752463,2000.0
308,P3,50.0,-1.0026813864939605,2000.0,3.08,50.0,-1.0026813864939605,2000.0,False,none,0.0,physics_confidence_above_threshold,False,50.0,-1.0026813864939605,2000.0
308,P4,150.0,-6.958018517344625,2000.0,3.08,150.0,-6.958018517344625,2000.0,False,none,0.0,physics_confidence_above_threshold,False,150.0,-6.958018517344625,2000.0
309,P1,-150.0,2.472135954999649,2000.0,3.09,-150.0,2.472135954999649,2000.0,False,none,0.0,physics_confidence_above_threshold,False,-150.0,2.472135954999649,2000.0
309,P2,-50.0,-0.3941636807006307,2000.0,3.09,-50.0,-0.3941636807006307,2000.0,False,none,0.0,physics_confidence_above_threshold,False,-50.0,-0.3941636807006307,2000.0
309,P3,50.0,-5.268734736638523,2000.0,3.09,50.0,-5.268734736638523,2000.0,False,none,0.0,physics_confidence_above_threshold,False,50.0,-5.268734736638523,2000.0
309,P4,150.0,-11.410580223450607,2000.0,3.09,150.0,-11.410580223450607,2000.0,False,none,0.0,physics_confidence_above_threshold,False,150.0,-11.410580223450607,2000.0
310,P1,-150.0,5.879295004925836e-14,2000.0,3.1,-150.0,5.879295004925836e-14,2000.0,False,none,0.0,physics_confidence_above_threshold,False,-150.0,5.879295004925836e-14,2000.0
310,P2,-50.0,-3.7718758820098306,2000.0,3.1,-50.0,-3.7718758820098306,2000.0,False,none,0.0,physics_confidence_above_threshold,False,-50.0,-3.7718758820098306,2000.0
310,P3,50.0,-9.019047621327626,2000.0,3.1,50.0,-9.019047621327626,2000.0,False,none,0.0,physics_confidence_above_threshold,False,50.0,-9.019047621327626,2000.0
310,P4,150.0,-14.746194835098201,2000.0,3.1,150.0,-14.746194835098201,2000.0,False,none,0.0,physics_confidence_above_threshold,False,150.0,-14.746194835098201,2000.0
311,P1,-150.0,-2.472135954999537,2000.0,3.11,-150.0,-2.472135954999537,2000.0,False,none,0.0,physics_confidence_above_threshold,False,-150.0,-2.472135954999537,2000.0
311,P2,-50.0,-6.780370591783323,2000.0,3.11,-50.0,-6.780370591783323,2000.0,False,none,0.0,physics_confidence_above_threshold,False,-50.0,-6.780370591783323,2000.0
311,P3,50.0,-11.886513285441355,2000.0,3.11,50.0,-11.886513285441355,2000.0,False,none,0.0,physics_confidence_above_threshold,False,50.0,-11.886513285441355,2000.0
311,P4,150.0,-16.63834915350554,2000.0,3.11,150.0,-16.63834915350554,2000.0,False,none,0.0,physics_confidence_above_threshold,False,150.0,-16.63834915350554,2000.0
312,P1,-150.0,-4.70228201833976,2000.0,3.12,-150.0,-4.70228201833976,2000.0,False,none,0.0,physics_confidence_above_threshold,False,-150.0,-4.70228201833976,2000.0
312,P2,-50.0,-9.125155386413274,2000.0,3.12,-50.0,-9.125155386413274,2000.0,False,none,0.0,physics_confidence_above_threshold,False,-50.0,-9.125155386413274,2000.0
312,P3,50.0,-13.59044421096819,2000.0,3.12,50.0,-13.59044421096819,2000.0,False,none,0.0,physics_confidence_above_threshold,False,50.0,-13.59044421096819,2000.0
312,P4,150.0,-16.901825930572574,2000.0,3.12,150.0,-16.901825930572574,2000.0,False,none,0.0,physics_confidence_above_threshold,False,150.0,-16.901825930572574,2000.0
313,P1,-150.0,-6.47213595499957,2000.0,3.13,-150.0,-6.47213595499957,2000.0,False,none,0.0,physics_confidence_above_threshold,False,-150.0,-6.47213595499957,2000.0
313,P2,-50.0,-10.576706393124997,2000.0,3.13,-50.0,-10.576706393124997,2000.0,False,none,0.0,physics_confidence_above_threshold,False,-50.0,-10.576706393124997,2000.0
313,P3,50.0,-13.96404776693272,2000.0,3.13,50.0,-13.96404776693272,2000.0,False,none,0.0,physics_confidence_above_threshold,False,50.0,-13.96404776693272,2000.0
313,P4,150.0,-15.51083422360933,2000.0,3.13,150.0,-15.51083422360933,2000.0,False,none,0.0,physics_confidence_above_threshold,False,150.0,-15.51083422360933,2000.0
314,P1,-150.0,-7.608452130361228,2000.0,3.14,-150.0,-7.608452130361228,2000.0,False,none,0.0,physics_confidence_above_threshold,False,-150.0,-7.608452130361228,2000.0
314,P2,-50.0,-10.99293568583099,2000.0,3.14,-50.0,-10.99293568583099,2000.0,False,none,0.0,physics_confidence_above_threshold,False,-50.0,-10.99293568583099,2000.0
314,P3,50.0,-12.970753034228096,2000.0,3.14,50.0,-12.970753034228096,2000.0,False,none,0.0,physics_confidence_above_threshold,False,50.0,-12.970753034228096,2000.0
314,P4,150.0,-12.601533992502475,2000.0,3.14,150.0,-12.601533992502475,2000.0,False,none,0.0,physics_confidence_above_threshold,False,150.0,-12.601533992502475,2000.0
315,P1,-150.0,-8.0,2000.0,3.15,-150.0,-8.0,2000.0,False,none,0.0,physics_confidence_above_threshold,False,-150.0,-8.0,2000.0
315,P2,-50.0,-10.333099841321237,2000.0,3.15,-50.0,-10.333099841321237,2000.0,False,none,0.0,physics_confidence_above_threshold,False,-50.0,-10.333099841321237,2000.0
315,P3,50.0,-10.707790621982927,2000.0,3.15,50.0,-10.707790621982927,2000.0,False,none,0.0,physics_confidence_above_threshold,False,50.0,-10.707790621982927,2000.0
315,P4,150.0,-8.458707814159588,2000.0,3.15,150.0,-8.458707814159588,2000.0,False,none,0.0,physics_confidence_above_threshold,False,150.0,-8.458707814159588,2000.0
316,P1,-150.0,-7.60845213036122,2000.0,3.16,-150.0,-7.60845213036122,2000.0,False,none,0.0,physics_confidence_above_threshold,False,-150.0,-7.60845213036122,2000.0
316,P2,-50.0,-8.661788189402857,2000.0,3.16,-50.0,-8.661788189402857,2000.0,False,none,0.0,physics_confidence_above_threshold,False,-50.0,-8.661788189402857,2000.0
316,P3,50.0,-7.396675058093645,2000.0,3.16,50.0,-7.396675058093645,2000.0,False,none,0.0,physics_confidence_above_threshold,False,50.0,-7.396675058093645,2000.0
316,P4,150.0,-3.4878843796835404,2000.0,3.16,150.0,-3.4878843796835404,2000.0,False,none,0.0,physics_confidence_above_threshold,False,150.0,-3.4878843796835404,2000.0
317,P1,-150.0,-6.472135954999622,2000.0,3.17,-150.0,-6.472135954999622,2000.0,False,none,0.0,physics_confidence_above_threshold,False,-150.0,-6.472135954999622,2000.0
317,P2,-50.0,-6.142600359278911,2000.0,3.17,-50.0,-6.142600359278911,2000.0,False,none,0.0,physics_confidence_above_threshold,False,-50.0,-6.142600359278911,2000.0
317,P3,50.0,-3.361521403852974,2000.0,3.17,50.0,-3.361521403852974,2000.0,False,none,0.0,physics_confidence_above_threshold,False,50.0,-3.361521403852974,2000.0
317,P4,150.0,1.8243574793949213,2000.0,3.17,150.0,1.8243574793949213,2000.0,False,none,0.0,physics_confidence_above_threshold,False,150.0,1.8243574793949213,2000.0
318,P1,-150.0,-4.702282018339742,2000.0,3.18,-150.0,-4.702282018339742,2000.0,False,none,0.0,physics_confidence_above_threshold,False,-150.0,-4.702282018339742,2000.0
318,P2,-50.0,-3.02213200797521,2000.0,3.18,-50.0,-3.02213200797521,2000.0,False,none,0.0,physics_confidence_above_threshold,False,-50.0,-3.02213200797521,2000.0
318,P3,50.0,1.0026813864940083,2000.0,3.18,50.0,1.0026813864940083,2000.0,False,none,0.0,physics_confidence_above_threshold,False,50.0,1.0026813864940083,2000.0
318,P4,150.0,6.958018517344678,2000.0,3.18,150.0,6.958018517344678,2000.0,False,none,0.0,physics_confidence_above_threshold,False,150.0,6.958018517344678,2000.0
319,P1,-150.0,-2.4721359549996227,2000.0,3.19,-150.0,-2.4721359549996227,2000.0,False,none,0.0,physics_confidence_above_threshold,False,-150.0,-2.4721359549996227,2000.0
319,P2,-50.0,0.3941636807006684,2000.0,3.19,-50.0,0.3941636807006684,2000.0,False,none,0.0,physics_confidence_above_threshold,False,-50.0,0.3941636807006684,2000.0
319,P3,50.0,5.268734736638567,2000.0,3.19,50.0,5.268734736638567,2000.0,False,none,0.0,physics_confidence_above_threshold,False,50.0,5.268734736638567,2000.0
319,P4,150.0,11.41058022345065,2000.0,3.19,150.0,11.41058022345065,2000.0,False,none,0.0,physics_confidence_above_threshold,False,150.0,11.41058022345065,2000.0
320,P1,-150.0,-3.135095805817224e-14,2000.0,3.2,-150.0,-3.135095805817224e-14,2000.0,False,none,0.0,physics_confidence_above_threshold,False,-150.0,-3.135095805817224e-14,2000.0
320,P2,-50.0,3.7718758820098657,2000.0,3.2,-50.0,3.7718758820098657,2000.0,False,none,0.0,physics_confidence_above_threshold,False,-50.0,3.7718758820098657,2000.0
320,P3,50.0,9.019047621327664,2000.0,3.2,50.0,9.019047621327664,2000.0,False,none,0.0,physics_confidence_above_threshold,False,50.0,9.019047621327664,2000.0
320,P4,150.0,14.74619483509823,2000.0,3.2,150.0,14.74619483509823,2000.0,False,none,0.0,physics_confidence_above_threshold,False,150.0,14.74619483509823,2000.0
321,P1,-150.0,2.472135954999563,2000.0,3.21,-150.0,2.472135954999563,2000.0,False,none,0.0,physics_confidence_above_threshold,False,-150.0,2.472135954999563,2000.0
321,P2,-50.0,6.7803705917833526,2000.0,3.21,-50.0,6.7803705917833526,2000.0,False,none,0.0,physics_confidence_above_threshold,False,-50.0,6.7803705917833526,2000.0
321,P3,50.0,11.88651328544138,2000.0,3.21,50.0,11.88651328544138,2000.0,False,none,0.0,physics_confidence_above_threshold,False,50.0,11.88651328544138,2000.0
321,P4,150.0,16.63834915350555,2000.0,3.21,150.0,16.63834915350555,2000.0,False,none,0.0,physics_confidence_above_threshold,False,150.0,16.63834915350555,2000.0
322,P1,-150.0,4.702282018339782,2000.0,3.22,-150.0,4.702282018339782,2000.0,False,none,0.0,physics_confidence_above_threshold,False,-150.0,4.702282018339782,2000.0
322,P2,-50.0,9.125155386413295,2000.0,3.22,-50.0,9.125155386413295,2000.0,False,none,0.0,physics_confidence_above_threshold,False,-50.0,9.125155386413295,2000.0
322,P3,50.0,13.590444210968203,2000.0,3.22,50.0,13.590444210968203,2000.0,False,none,0.0,physics_confidence_above_threshold,False,50.0,13.590444210968203,2000.0
322,P4,150.0,16.901825930572567,2000.0,3.22,150.0,16.901825930572567,2000.0,False,none,0.0,physics_confidence_above_threshold,False,150.0,16.901825930572567,2000.0
323,P1,-150.0,6.472135954999586,2000.0,3.23,-150.0,6.472135954999586,2000.0,False,none,0.0,physics_confidence_above_threshold,False,-150.0,6.472135954999586,2000.0
323,P2,-50.0,10.576706393125006,2000.0,3.23,-50.0,10.576706393125006,2000.0,False,none,0.0,physics_confidence_above_threshold,False,-50.0,10.576706393125006,2000.0
323,P3,50.0,13.964047766932717,2000.0,3.23,50.0,13.964047766932717,2000.0,False,none,0.0,physics_confidence_above_threshold,False,50.0,13.964047766932717,2000.0
323,P4,150.0,15.510834223609308,2000.0,3.23,150.0,15.510834223609308,2000.0,False,none,0.0,physics_confidence_above_threshold,False,150.0,15.510834223609308,2000.0
324,P1,-150.0,7.608452130361236,2000.0,3.24,-150.0,7.608452130361236,2000.0,False,none,0.0,physics_confidence_above_threshold,False,-150.0,7.608452130361236,2000.0
324,P2,-50.0,10.99293568583099,2000.0,3.24,-50.0,10.99293568583099,2000.0,False,none,0.0,physics_confidence_above_threshold,False,-50.0,10.99293568583099,2000.0
324,P3,50.0,12.97075303422808,2000.0,3.24,50.0,12.97075303422808,2000.0,False,none,0.0,physics_confidence_above_threshold,False,50.0,12.97075303422808,2000.0
324,P4,150.0,12.601533992502436,2000.0,3.24,150.0,12.601533992502436,2000.0,False,none,0.0,physics_confidence_above_threshold,False,150.0,12.601533992502436,2000.0
325,P1,-150.0,8.0,2000.0,3.25,-150.0,8.0,2000.0,False,none,0.0,physics_confidence_above_threshold,False,-150.0,8.0,2000.0
325,P2,-50.0,10.333099841321225,2000.0,3.25,-50.0,10.333099841321225,2000.0,False,none,0.0,physics_confidence_above_threshold,False,-50.0,10.333099841321225,2000.0
325,P3,50.0,10.707790621982896,2000.0,3.25,50.0,10.707790621982896,2000.0,False,none,0.0,physics_confidence_above_threshold,False,50.0,10.707790621982896,2000.0
325,P4,150.0,8.458707814159538,2000.0,3.25,150.0,8.458707814159538,2000.0,False,none,0.0,physics_confidence_above_threshold,False,150.0,8.458707814159538,2000.0
326,P1,-150.0,7.608452130361247,2000.0,3.26,-150.0,7.608452130361247,2000.0,False,none,0.0,physics_confidence_above_threshold,False,-150.0,7.608452130361247,2000.0
326,P2,-50.0,8.66178818940293,2000.0,3.26,-50.0,8.66178818940293,2000.0,False,none,0.0,physics_confidence_above_threshold,False,-50.0,8.66178818940293,2000.0
326,P3,50.0,7.396675058093772,2000.0,3.26,50.0,7.396675058093772,2000.0,False,none,0.0,physics_confidence_above_threshold,False,50.0,7.396675058093772,2000.0
326,P4,150.0,3.48788437968372,2000.0,3.26,150.0,3.48788437968372,2000.0,False,none,0.0,physics_confidence_above_threshold,False,150.0,3.48788437968372,2000.0
327,P1,-150.0,6.472135954999606,2000.0,3.27,-150.0,6.472135954999606,2000.0,False,none,0.0,physics_confidence_above_threshold,False,-150.0,6.472135954999606,2000.0
327,P2,-50.0,6.142600359278881,2000.0,3.27,-50.0,6.142600359278881,2000.0,False,none,0.0,physics_confidence_above_threshold,False,-50.0,6.142600359278881,2000.0
327,P3,50.0,3.3615214038529273,2000.0,3.27,50.0,3.3615214038529273,2000.0,False,none,0.0,physics_confidence_above_threshold,False,50.0,3.3615214038529273,2000.0
327,P4,150.0,-1.8243574793949793,2000.0,3.27,150.0,-1.8243574793949793,2000.0,False,none,0.0,physics_confidence_above_threshold,False,150.0,-1.8243574793949793,2000.0
328,P1,-150.0,4.702282018339811,2000.0,3.28,-150.0,4.702282018339811,2000.0,False,none,0.0,physics_confidence_above_threshold,False,-150.0,4.702282018339811,2000.0
328,P2,-50.0,3.0221320079753236,2000.0,3.28,-50.0,3.0221320079753236,2000.0,False,none,0.0,physics_confidence_above_threshold,False,-50.0,3.0221320079753236,2000.0
328,P3,50.0,-1.0026813864938577,2000.0,3.28,50.0,-1.0026813864938577,2000.0,False,none,0.0,physics_confidence_above_threshold,False,50.0,-1.0026813864938577,2000.0
328,P4,150.0,-6.95801851734451,2000.0,3.28,150.0,-6.95801851734451,2000.0,False,none,0.0,physics_confidence_above_threshold,False,150.0,-6.95801851734451,2000.0
329,P1,-150.0,2.4721359549995965,2000.0,3.29,-150.0,2.4721359549995965,2000.0,False,none,0.0,physics_confidence_above_threshold,False,-150.0,2.4721359549995965,2000.0
329,P2,-50.0,-0.39416368070070606,2000.0,3.29,-50.0,-0.39416368070070606,2000.0,False,none,0.0,physics_confidence_above_threshold,False,-50.0,-0.39416368070070606,2000.0
329,P3,50.0,-5.268734736638612,2000.0,3.29,50.0,-5.268734736638612,2000.0,False,none,0.0,physics_confidence_above_threshold,False,50.0,-5.268734736638612,2000.0
329,P4,150.0,-11.410580223450694,2000.0,3.29,150.0,-11.410580223450694,2000.0,False,none,0.0,physics_confidence_above_threshold,False,150.0,-11.410580223450694,2000.0
330,P1,-150.0,1.1759580378870215e-13,2000.0,3.3,-150.0,1.1759580378870215e-13,2000.0,False,none,0.0,physics_confidence_above_threshold,False,-150.0,1.1759580378870215e-13,2000.0
330,P2,-50.0,-3.771875882009754,2000.0,3.3,-50.0,-3.771875882009754,2000.0,False,none,0.0,physics_confidence_above_threshold,False,-50.0,-3.771875882009754,2000.0
330,P3,50.0,-9.019047621327548,2000.0,3.3,50.0,-9.019047621327548,2000.0,False,none,0.0,physics_confidence_above_threshold,False,50.0,-9.019047621327548,2000.0
330,P4,150.0,-14.746194835098139,2000.0,3.3,150.0,-14.746194835098139,2000.0,False,none,0.0,physics_confidence_above_threshold,False,150.0,-14.746194835098139,2000.0
331,P1,-150.0,-2.472135954999589,2000.0,3.31,-150.0,-2.472135954999589,2000.0,False,none,0.0,physics_confidence_above_threshold,False,-150.0,-2.472135954999589,2000.0
331,P2,-50.0,-6.780370591783383,2000.0,3.31,-50.0,-6.780370591783383,2000.0,False,none,0.0,physics_confidence_above_threshold,False,-50.0,-6.780370591783383,2000.0
331,P3,50.0,-11.886513285441406,2000.0,3.31,50.0,-11.886513285441406,2000.0,False,none,0.0,physics_confidence_above_threshold,False,50.0,-11.886513285441406,2000.0
331,P4,150.0,-16.638349153505565,2000.0,3.31,150.0,-16.638349153505565,2000.0,False,none,0.0,physics_confidence_above_threshold,False,150.0,-16.638349153505565,2000.0
332,P1,-150.0,-4.702282018339712,2000.0,3.32,-150.0,-4.702282018339712,2000.0,False,none,0.0,physics_confidence_above_threshold,False,-150.0,-4.702282018339712,2000.0
332,P2,-50.0,-9.12515538641323,2000.0,3.32,-50.0,-9.12515538641323,2000.0,False,none,0.0,physics_confidence_above_threshold,False,-50.0,-9.12515538641323,2000.0
332,P3,50.0,-13.590444210968167,2000.0,3.32,50.0,-13.590444210968167,2000.0,False,none,0.0,physics_confidence_above_threshold,False,50.0,-13.590444210968167,2000.0
332,P4,150.0,-16.90182593057259,2000.0,3.32,150.0,-16.90182593057259,2000.0,False,none,0.0,physics_confidence_above_threshold,False,150.0,-16.90182593057259,2000.0
333,P1,-150.0,-6.472135954999602,2000.0,3.33,-150.0,-6.472135954999602,2000.0,False,none,0.0,physics_confidence_above_threshold,False,-150.0,-6.472135954999602,2000.0
333,P2,-50.0,-10.576706393125017,2000.0,3.33,-50.0,-10.576706393125017,2000.0,False,none,0.0,physics_confidence_above_threshold,False,-50.0,-10.576706393125017,2000.0
333,P3,50.0,-13.964047766932714,2000.0,3.33,50.0,-13.964047766932714,2000.0,False,none,0.0,physics_confidence_above_threshold,False,50.0,-13.964047766932714,2000.0
333,P4,150.0,-15.510834223609283,2000.0,3.33,150.0,-15.510834223609283,2000.0,False,none,0.0,physics_confidence_above_threshold,False,150.0,-15.510834223609283,2000.0
334,P1,-150.0,-7.60845213036121,2000.0,3.34,-150.0,-7.60845213036121,2000.0,False,none,0.0,physics_confidence_above_threshold,False,-150.0,-7.60845213036121,2000.0
334,P2,-50.0,-10.992935685830993,2000.0,3.34,-50.0,-10.992935685830993,2000.0,False,none,0.0,physics_confidence_above_threshold,False,-50.0,-10.992935685830993,2000.0
334,P3,50.0,-12.970753034228135,2000.0,3.34,50.0,-12.970753034228135,2000.0,False,none,0.0,physics_confidence_above_threshold,False,50.0,-12.970753034228135,2000.0
334,P4,150.0,-12.601533992502558,2000.0,3.34,150.0,-12.601533992502558,2000.0,False,none,0.0,physics_confidence_above_threshold,False,150.0,-12.601533992502558,2000.0
335,P1,-150.0,-8.0,2000.0,3.35,-150.0,-8.0,2000.0,False,none,0.0,physics_confidence_above_threshold,False,-150.0,-8.0,2000.0
335,P2,-50.0,-10.333099841321213,2000.0,3.35,-50.0,-10.333099841321213,2000.0,False,none,0.0,physics_confidence_above_threshold,False,-50.0,-10.333099841321213,2000.0
335,P3,50.0,-10.707790621982866,2000.0,3.35,50.0,-10.707790621982866,2000.0,False,none,0.0,physics_confidence_above_threshold,False,50.0,-10.707790621982866,2000.0
335,P4,150.0,-8.458707814159487,2000.0,3.35,150.0,-8.458707814159487,2000.0,False,none,0.0,physics_confidence_above_threshold,False,150.0,-8.458707814159487,2000.0
336,P1,-150.0,-7.608452130361239,2000.0,3.36,-150.0,-7.608452130361239,2000.0,False,none,0.0,physics_confidence_above_threshold,False,-150.0,-7.608452130361239,2000.0
336,P2,-50.0,-8.661788189402907,2000.0,3.36,-50.0,-8.661788189402907,2000.0,False,none,0.0,physics_confidence_above_threshold,False,-50.0,-8.661788189402907,2000.0
336,P3,50.0,-7.396675058093732,2000.0,3.36,50.0,-7.396675058093732,2000.0,False,none,0.0,physics_confidence_above_threshold,False,50.0,-7.396675058093732,2000.0
336,P4,150.0,-3.4878843796836625,2000.0,3.36,150.0,-3.4878843796836625,2000.0,False,none,0.0,physics_confidence_above_threshold,False,150.0,-3.4878843796836625,2000.0
337,P1,-150.0,-6.47213595499959,2000.0,3.37,-150.0,-6.47213595499959,2000.0,False,none,0.0,physics_confidence_above_threshold,False,-150.0,-6.47213595499959,2000.0
337,P2,-50.0,-6.142600359278849,2000.0,3.37,-50.0,-6.142600359278849,2000.0,False,none,0.0,physics_confidence_above_threshold,False,-50.0,-6.142600359278849,2000.0
337,P3,50.0,-3.3615214038528807,2000.0,3.37,50.0,-3.3615214038528807,2000.0,False,none,0.0,physics_confidence_above_threshold,False,50.0,-3.3615214038528807,2000.0
337,P4,150.0,1.8243574793950375,2000.0,3.37,150.0,1.8243574793950375,2000.0,False,none,0.0,physics_confidence_above_threshold,False,150.0,1.8243574793950375,2000.0
338,P1,-150.0,-4.702282018339789,2000.0,3.38,-150.0,-4.702282018339789,2000.0,False,none,0.0,physics_confidence_above_threshold,False,-150.0,-4.702282018339789,2000.0
338,P2,-50.0,-3.0221320079752876,2000.0,3.38,-50.0,-3.0221320079752876,2000.0,False,none,0.0,physics_confidence_above_threshold,False,-50.0,-3.0221320079752876,2000.0
338,P3,50.0,1.0026813864939057,2000.0,3.38,50.0,1.0026813864939057,2000.0,False,none,0.0,physics_confidence_above_threshold,False,50.0,1.0026813864939057,2000.0
338,P4,150.0,6.958018517344564,2000.0,3.38,150.0,6.958018517344564,2000.0,False,none,0.0,physics_confidence_above_threshold,False,150.0,6.958018517344564,2000.0
339,P1,-150.0,-2.4721359549995703,2000.0,3.39,-150.0,-2.4721359549995703,2000.0,False,none,0.0,physics_confidence_above_threshold,False,-150.0,-2.4721359549995703,2000.0
339,P2,-50.0,0.3941636807007438,2000.0,3.39,-50.0,0.3941636807007438,2000.0,False,none,0.0,physics_confidence_above_threshold,False,-50.0,0.3941636807007438,2000.0
339,P3,50.0,5.268734736638656,2000.0,3.39,50.0,5.268734736638656,2000.0,False,none,0.0,physics_confidence_above_threshold,False,50.0,5.268734736638656,2000.0
339,P4,150.0,11.410580223450737,2000.0,3.39,150.0,11.410580223450737,2000.0,False,none,0.0,physics_confidence_above_threshold,False,150.0,11.410580223450737,2000.0
340,P1,-150.0,-9.015381179761603e-14,2000.0,3.4,-150.0,-9.015381179761603e-14,2000.0,False,none,0.0,physics_confidence_above_threshold,False,-150.0,-9.015381179761603e-14,2000.0
340,P2,-50.0,3.7718758820097893,2000.0,3.4,-50.0,3.7718758820097893,2000.0,False,none,0.0,physics_confidence_above_threshold,False,-50.0,3.7718758820097893,2000.0
340,P3,50.0,9.019047621327584,2000.0,3.4,50.0,9.019047621327584,2000.0,False,none,0.0,physics_confidence_above_threshold,False,50.0,9.019047621327584,2000.0
340,P4,150.0,14.746194835098168,2000.0,3.4,150.0,14.746194835098168,2000.0,False,none,0.0,physics_confidence_above_threshold,False,150.0,14.746194835098168,2000.0
341,P1,-150.0,2.472135954999615,2000.0,3.41,-150.0,2.472135954999615,2000.0,False,none,0.0,physics_confidence_above_threshold,False,-150.0,2.472135954999615,2000.0
341,P2,-50.0,6.780370591783412,2000.0,3.41,-50.0,6.780370591783412,2000.0,False,none,0.0,physics_confidence_above_threshold,False,-50.0,6.780370591783412,2000.0
341,P3,50.0,11.886513285441431,2000.0,3.41,50.0,11.886513285441431,2000.0,False,none,0.0,physics_confidence_above_threshold,False,50.0,11.886513285441431,2000.0
341,P4,150.0,16.638349153505576,2000.0,3.41,150.0,16.638349153505576,2000.0,False,none,0.0,physics_confidence_above_threshold,False,150.0,16.638349153505576,2000.0
342,P1,-150.0,4.702282018339735,2000.0,3.42,-150.0,4.702282018339735,2000.0,False,none,0.0,physics_confidence_above_threshold,False,-150.0,4.702282018339735,2000.0
342,P2,-50.0,9.12515538641325,2000.0,3.42,-50.0,9.12515538641325,2000.0,False,none,0.0,physics_confidence_above_threshold,False,-50.0,9.12515538641325,2000.0
342,P3,50.0,13.590444210968178,2000.0,3.42,50.0,13.590444210968178,2000.0,False,none,0.0,physics_confidence_above_threshold,False,50.0,13.590444210968178,2000.0
342,P4,150.0,16.90182593057258,2000.0,3.42,150.0,16.90182593057258,2000.0,False,none,0.0,physics_confidence_above_threshold,False,150.0,16.90182593057258,2000.0
343,P1,-150.0,6.472135954999551,2000.0,3.43,-150.0,6.472135954999551,2000.0,False,none,0.0,physics_confidence_above_threshold,False,-150.0,6.472135954999551,2000.0
343,P2,-50.0,10.576706393124985,2000.0,3.43,-50.0,10.576706393124985,2000.0,False,none,0.0,physics_confidence_above_threshold,False,-50.0,10.576706393124985,2000.0
343,P3,50.0,13.964047766932726,2000.0,3.43,50.0,13.964047766932726,2000.0,False,none,0.0,physics_confidence_above_threshold,False,50.0,13.964047766932726,2000.0
343,P4,150.0,15.510834223609358,2000.0,3.43,150.0,15.510834223609358,2000.0,False,none,0.0,physics_confidence_above_threshold,False,150.0,15.510834223609358,2000.0
344,P1,-150.0,7.6084521303612185,2000.0,3.44,-150.0,7.6084521303612185,2000.0,False,none,0.0,physics_confidence_above_threshold,False,-150.0,7.6084521303612185,2000.0
344,P2,-50.0,10.992935685830991,2000.0,3.44,-50.0,10.992935685830991,2000.0,False,none,0.0,physics_confidence_above_threshold,False,-50.0,10.992935685830991,2000.0
344,P3,50.0,12.970753034228117,2000.0,3.44,50.0,12.970753034228117,2000.0,False,none,0.0,physics_confidence_above_threshold,False,50.0,12.970753034228117,2000.0
344,P4,150.0,12.60153399250252,2000.0,3.44,150.0,12.60153399250252,2000.0,False,none,0.0,physics_confidence_above_threshold,False,150.0,12.60153399250252,2000.0
345,P1,-150.0,8.0,2000.0,3.45,-150.0,8.0,2000.0,False,none,0.0,physics_confidence_above_threshold,False,-150.0,8.0,2000.0
345,P2,-50.0,10.333099841321198,2000.0,3.45,-50.0,10.333099841321198,2000.0,False,none,0.0,physics_confidence_above_threshold,False,-50.0,10.333099841321198,2000.0
345,P3,50.0,10.707790621982834,2000.0,3.45,50.0,10.707790621982834,2000.0,False,none,0.0,physics_confidence_above_threshold,False,50.0,10.707790621982834,2000.0
345,P4,150.0,8.458707814159437,2000.0,3.45,150.0,8.458707814159437,2000.0,False,none,0.0,physics_confidence_above_threshold,False,150.0,8.458707814159437,2000.0
346,P1,-150.0,7.60845213036123,2000.0,3.46,-150.0,7.60845213036123,2000.0,False,none,0.0,physics_confidence_above_threshold,False,-150.0,7.60845213036123,2000.0
346,P2,-50.0,8.661788189402884,2000.0,3.46,-50.0,8.661788189402884,2000.0,False,none,0.0,physics_confidence_above_threshold,False,-50.0,8.661788189402884,2000.0
346,P3,50.0,7.396675058093692,2000.0,3.46,50.0,7.396675058093692,2000.0,False,none,0.0,physics_confidence_above_threshold,False,50.0,7.396675058093692,2000.0
346,P4,150.0,3.487884379683605,2000.0,3.46,150.0,3.487884379683605,2000.0,False,none,0.0,physics_confidence_above_threshold,False,150.0,3.487884379683605,2000.0
347,P1,-150.0,6.472135954999574,2000.0,3.47,-150.0,6.472135954999574,2000.0,False,none,0.0,physics_confidence_above_threshold,False,-150.0,6.472135954999574,2000.0
347,P2,-50.0,6.142600359278817,2000.0,3.47,-50.0,6.142600359278817,2000.0,False,none,0.0,physics_confidence_above_threshold,False,-50.0,6.142600359278817,2000.0
347,P3,50.0,3.361521403852834,2000.0,3.47,50.0,3.361521403852834,2000.0,False,none,0.0,physics_confidence_above_threshold,False,50.0,3.361521403852834,2000.0
347,P4,150.0,-1.8243574793950952,2000.0,3.47,150.0,-1.8243574793950952,2000.0,False,none,0.0,physics_confidence_above_threshold,False,150.0,-1.8243574793950952,2000.0
348,P1,-150.0,4.702282018339859,2000.0,3.48,-150.0,4.702282018339859,2000.0,False,none,0.0,physics_confidence_above_threshold,False,-150.0,4.702282018339859,2000.0
348,P2,-50.0,3.0221320079754017,2000.0,3.48,-50.0,3.0221320079754017,2000.0,False,none,0.0,physics_confidence_above_threshold,False,-50.0,3.0221320079754017,2000.0
348,P3,50.0,-1.0026813864937552,2000.0,3.48,50.0,-1.0026813864937552,2000.0,False,none,0.0,physics_confidence_above_threshold,False,50.0,-1.0026813864937552,2000.0
348,P4,150.0,-6.958018517344397,2000.0,3.48,150.0,-6.958018517344397,2000.0,False,none,0.0,physics_confidence_above_threshold,False,150.0,-6.958018517344397,2000.0
349,P1,-150.0,2.4721359549995445,2000.0,3.49,-150.0,2.4721359549995445,2000.0,False,none,0.0,physics_confidence_above_threshold,False,-150.0,2.4721359549995445,2000.0
349,P2,-50.0,-0.3941636807007815,2000.0,3.49,-50.0,-0.3941636807007815,2000.0,False,none,0.0,physics_confidence_above_threshold,False,-50.0,-0.3941636807007815,2000.0
349,P3,50.0,-5.268734736638701,2000.0,3.49,50.0,-5.268734736638701,2000.0,False,none,0.0,physics_confidence_above_threshold,False,50.0,-5.268734736638701,2000.0
349,P4,150.0,-11.41058022345078,2000.0,3.49,150.0,-11.41058022345078,2000.0,False,none,0.0,physics_confidence_above_threshold,False,150.0,-11.41058022345078,2000.0
350,P1,-150.0,6.27118198065299e-14,2000.0,3.5,-150.0,6.27118198065299e-14,2000.0,False,none,0.0,physics_confidence_above_threshold,False,-150.0,6.27118198065299e-14,2000.0
350,P2,-50.0,-3.771875882009825,2000.0,3.5,-50.0,-3.771875882009825,2000.0,False,none,0.0,physics_confidence_above_threshold,False,-50.0,-3.771875882009825,2000.0
350,P3,50.0,-9.019047621327621,2000.0,3.5,50.0,-9.019047621327621,2000.0,False,none,0.0,physics_confidence_above_threshold,False,50.0,-9.019047621327621,2000.0
350,P4,150.0,-14.746194835098196,2000.0,3.5,150.0,-14.746194835098196,2000.0,False,none,0.0,physics_confidence_above_threshold,False,150.0,-14.746194835098196,2000.0
351,P1,-150.0,-2.472135954999533,2000.0,3.51,-150.0,-2.472135954999533,2000.0,False,none,0.0,physics_confidence_above_threshold,False,-150.0,-2.472135954999533,2000.0
351,P2,-50.0,-6.780370591783319,2000.0,3.51,-50.0,-6.780370591783319,2000.0,False,none,0.0,physics_confidence_above_threshold,False,-50.0,-6.780370591783319,2000.0
351,P3,50.0,-11.886513285441351,2000.0,3.51,50.0,-11.886513285441351,2000.0,False,none,0.0,physics_confidence_above_threshold,False,50.0,-11.886513285441351,2000.0
351,P4,150.0,-16.63834915350554,2000.0,3.51,150.0,-16.63834915350554,2000.0,False,none,0.0,physics_confidence_above_threshold,False,150.0,-16.63834915350554,2000.0
352,P1,-150.0,-4.702282018339757,2000.0,3.52,-150.0,-4.702282018339757,2000.0,False,none,0.0,physics_confidence_above_threshold,False,-150.0,-4.702282018339757,2000.0
352,P2,-50.0,-9.12515538641327,2000.0,3.52,-50.0,-9.12515538641327,2000.0,False,none,0.0,physics_confidence_above_threshold,False,-50.0,-9.12515538641327,2000.0
352,P3,50.0,-13.590444210968188,2000.0,3.52,50.0,-13.590444210968188,2000.0,False,none,0.0,physics_confidence_above_threshold,False,50.0,-13.590444210968188,2000.0
352,P4,150.0,-16.901825930572574,2000.0,3.52,150.0,-16.901825930572574,2000.0,False,none,0.0,physics_confidence_above_threshold,False,150.0,-16.901825930572574,2000.0
353,P1,-150.0,-6.472135954999501,2000.0,3.53,-150.0,-6.472135954999501,2000.0,False,none,0.0,physics_confidence_above_threshold,False,-150.0,-6.472135954999501,2000.0
353,P2,-50.0,-10.576706393124951,2000.0,3.53,-50.0,-10.576706393124951,2000.0,False,none,0.0,physics_confidence_above_threshold,False,-50.0,-10.576706393124951,2000.0
353,P3,50.0,-13.964047766932737,2000.0,3.53,50.0,-13.964047766932737,2000.0,False,none,0.0,physics_confidence_above_threshold,False,50.0,-13.964047766932737,2000.0
353,P4,150.0,-15.510834223609434,2000.0,3.53,150.0,-15.510834223609434,2000.0,False,none,0.0,physics_confidence_above_threshold,False,150.0,-15.510834223609434,2000.0
354,P1,-150.0,-7.6084521303612265,2000.0,3.54,-150.0,-7.6084521303612265,2000.0,False,none,0.0,physics_confidence_above_threshold,False,-150.0,-7.6084521303612265,2000.0
354,P2,-50.0,-10.99293568583099,2000.0,3.54,-50.0,-10.99293568583099,2000.0,False,none,0.0,physics_confidence_above_threshold,False,-50.0,-10.99293568583099,2000.0
354,P3,50.0,-12.9707530342281,2000.0,3.54,50.0,-12.9707530342281,2000.0,False,none,0.0,physics_confidence_above_threshold,False,50.0,-12.9707530342281,2000.0
354,P4,150.0,-12.60153399250248,2000.0,3.54,150.0,-12.60153399250248,2000.0,False,none,0.0,physics_confidence_above_threshold,False,150.0,-12.60153399250248,2000.0
355,P1,-150.0,-8.0,2000.0,3.55,-150.0,-8.0,2000.0,False,none,0.0,physics_confidence_above_threshold,False,-150.0,-8.0,2000.0
355,P2,-50.0,-10.33309984132124,2000.0,3.55,-50.0,-10.33309984132124,2000.0,False,none,0.0,physics_confidence_above_threshold,False,-50.0,-10.33309984132124,2000.0
355,P3,50.0,-10.707790621982932,2000.0,3.55,50.0,-10.707790621982932,2000.0,False,none,0.0,physics_confidence_above_threshold,False,50.0,-10.707790621982932,2000.0
355,P4,150.0,-8.458707814159595,2000.0,3.55,150.0,-8.458707814159595,2000.0,False,none,0.0,physics_confidence_above_threshold,False,150.0,-8.458707814159595,2000.0
356,P1,-150.0,-7.608452130361222,2000.0,3.56,-150.0,-7.608452130361222,2000.0,False,none,0.0,physics_confidence_above_threshold,False,-150.0,-7.608452130361222,2000.0
356,P2,-50.0,-8.661788189402861,2000.0,3.56,-50.0,-8.661788189402861,2000.0,False,none,0.0,physics_confidence_above_threshold,False,-50.0,-8.661788189402861,2000.0
356,P3,50.0,-7.396675058093649,2000.0,3.56,50.0,-7.396675058093649,2000.0,False,none,0.0,physics_confidence_above_threshold,False,50.0,-7.396675058093649,2000.0
356,P4,150.0,-3.4878843796835484,2000.0,3.56,150.0,-3.4878843796835484,2000.0,False,none,0.0,physics_confidence_above_threshold,False,150.0,-3.4878843796835484,2000.0
357,P1,-150.0,-6.472135954999625,2000.0,3.57,-150.0,-6.472135954999625,2000.0,False,none,0.0,physics_confidence_above_threshold,False,-150.0,-6.472135954999625,2000.0
357,P2,-50.0,-6.142600359278916,2000.0,3.57,-50.0,-6.142600359278916,2000.0,False,none,0.0,physics_confidence_above_threshold,False,-50.0,-6.142600359278916,2000.0
357,P3,50.0,-3.3615214038529806,2000.0,3.57,50.0,-3.3615214038529806,2000.0,False,none,0.0,physics_confidence_above_threshold,False,50.0,-3.3615214038529806,2000.0
357,P4,150.0,1.824357479394913,2000.0,3.57,150.0,1.824357479394913,2000.0,False,none,0.0,physics_confidence_above_threshold,False,150.0,1.824357479394913,2000.0
358,P1,-150.0,-4.702282018339837,2000.0,3.58,-150.0,-4.702282018339837,2000.0,False,none,0.0,physics_confidence_above_threshold,False,-150.0,-4.702282018339837,2000.0
358,P2,-50.0,-3.0221320079753653,2000.0,3.58,-50.0,-3.0221320079753653,2000.0,False,none,0.0,physics_confidence_above_threshold,False,-50.0,-3.0221320079753653,2000.0
358,P3,50.0,1.0026813864938031,2000.0,3.58,50.0,1.0026813864938031,2000.0,False,none,0.0,physics_confidence_above_threshold,False,50.0,1.0026813864938031,2000.0
358,P4,150.0,6.95801851734445,2000.0,3.58,150.0,6.95801851734445,2000.0,False,none,0.0,physics_confidence_above_threshold,False,150.0,6.95801851734445,2000.0
359,P1,-150.0,-2.4721359549996262,2000.0,3.59,-150.0,-2.4721359549996262,2000.0,False,none,0.0,physics_confidence_above_threshold,False,-150.0,-2.4721359549996262,2000.0
359,P2,-50.0,0.394163680700663,2000.0,3.59,-50.0,0.394163680700663,2000.0,False,none,0.0,physics_confidence_above_threshold,False,-50.0,0.394163680700663,2000.0
359,P3,50.0,5.268734736638561,2000.0,3.59,50.0,5.268734736638561,2000.0,False,none,0.0,physics_confidence_above_threshold,False,50.0,5.268734736638561,2000.0
359,P4,150.0,11.410580223450644,2000.0,3.59,150.0,11.410580223450644,2000.0,False,none,0.0,physics_confidence_above_threshold,False,150.0,11.410580223450644,2000.0
360,P1,-150.0,-3.5269827815443773e-14,2000.0,3.6,-150.0,-3.5269827815443773e-14,2000.0,False,none,0.0,physics_confidence_above_threshold,False,-150.0,-3.5269827815443773e-14,2000.0
360,P2,-50.0,3.7718758820098603,2000.0,3.6,-50.0,3.7718758820098603,2000.0,False,none,0.0,physics_confidence_above_threshold,False,-50.0,3.7718758820098603,2000.0
360,P3,50.0,9.019047621327658,2000.0,3.6,50.0,9.019047621327658,2000.0,False,none,0.0,physics_confidence_above_threshold,False,50.0,9.019047621327658,2000.0
360,P4,150.0,14.746194835098226,2000.0,3.6,150.0,14.746194835098226,2000.0,False,none,0.0,physics_confidence_above_threshold,False,150.0,14.746194835098226,2000.0
361,P1,-150.0,2.472135954999559,2000.0,3.61,-150.0,2.472135954999559,2000.0,False,none,0.0,physics_confidence_above_threshold,False,-150.0,2.472135954999559,2000.0
361,P2,-50.0,6.780370591783349,2000.0,3.61,-50.0,6.780370591783349,2000.0,False,none,0.0,physics_confidence_above_threshold,False,-50.0,6.780370591783349,2000.0
361,P3,50.0,11.886513285441376,2000.0,3.61,50.0,11.886513285441376,2000.0,False,none,0.0,physics_confidence_above_threshold,False,50.0,11.886513285441376,2000.0
361,P4,150.0,16.63834915350555,2000.0,3.61,150.0,16.63834915350555,2000.0,False,none,0.0,physics_confidence_above_threshold,False,150.0,16.63834915350555,2000.0
362,P1,-150.0,4.70228201833978,2000.0,3.62,-150.0,4.70228201833978,2000.0,False,none,0.0,physics_confidence_above_threshold,False,-150.0,4.70228201833978,2000.0
362,P2,-50.0,9.125155386413292,2000.0,3.62,-50.0,9.125155386413292,2000.0,False,none,0.0,physics_confidence_above_threshold,False,-50.0,9.125155386413292,2000.0
362,P3,50.0,13.5904442109682,2000.0,3.62,50.0,13.5904442109682,2000.0,False,none,0.0,physics_confidence_above_threshold,False,50.0,13.5904442109682,2000.0
362,P4,150.0,16.90182593057257,2000.0,3.62,150.0,16.90182593057257,2000.0,False,none,0.0,physics_confidence_above_threshold,False,150.0,16.90182593057257,2000.0
363,P1,-150.0,6.4721359549995165,2000.0,3.63,-150.0,6.4721359549995165,2000.0,False,none,0.0,physics_confidence_above_threshold,False,-150.0,6.4721359549995165,2000.0
363,P2,-50.0,10.576706393124962,2000.0,3.63,-50.0,10.576706393124962,2000.0,False,none,0.0,physics_confidence_above_threshold,False,-50.0,10.576706393124962,2000.0
363,P3,50.0,13.964047766932731,2000.0,3.63,50.0,13.964047766932731,2000.0,False,none,0.0,physics_confidence_above_threshold,False,50.0,13.964047766932731,2000.0
363,P4,150.0,15.51083422360941,2000.0,3.63,150.0,15.51083422360941,2000.0,False,none,0.0,physics_confidence_above_threshold,False,150.0,15.51083422360941,2000.0
364,P1,-150.0,7.608452130361235,2000.0,3.64,-150.0,7.608452130361235,2000.0,False,none,0.0,physics_confidence_above_threshold,False,-150.0,7.608452130361235,2000.0
364,P2,-50.0,10.99293568583099,2000.0,3.64,-50.0,10.99293568583099,2000.0,False,none,0.0,physics_confidence_above_threshold,False,-50.0,10.99293568583099,2000.0
364,P3,50.0,12.970753034228082,2000.0,3.64,50.0,12.970753034228082,2000.0,False,none,0.0,physics_confidence_above_threshold,False,50.0,12.970753034228082,2000.0
364,P4,150.0,12.601533992502443,2000.0,3.64,150.0,12.601533992502443,2000.0,False,none,0.0,physics_confidence_above_threshold,False,150.0,12.601533992502443,2000.0
365,P1,-150.0,8.0,2000.0,3.65,-150.0,8.0,2000.0,False,none,0.0,physics_confidence_above_threshold,False,-150.0,8.0,2000.0
365,P2,-50.0,10.333099841321227,2000.0,3.65,-50.0,10.333099841321227,2000.0,False,none,0.0,physics_confidence_above_threshold,False,-50.0,10.333099841321227,2000.0
365,P3,50.0,10.707790621982902,2000.0,3.65,50.0,10.707790621982902,2000.0,False,none,0.0,physics_confidence_above_threshold,False,50.0,10.707790621982902,2000.0
365,P4,150.0,8.458707814159546,2000.0,3.65,150.0,8.458707814159546,2000.0,False,none,0.0,physics_confidence_above_threshold,False,150.0,8.458707814159546,2000.0
366,P1,-150.0,7.608452130361213,2000.0,3.66,-150.0,7.608452130361213,2000.0,False,none,0.0,physics_confidence_above_threshold,False,-150.0,7.608452130361213,2000.0
366,P2,-50.0,8.661788189402838,2000.0,3.66,-50.0,8.661788189402838,2000.0,False,none,0.0,physics_confidence_above_threshold,False,-50.0,8.661788189402838,2000.0
366,P3,50.0,7.396675058093609,2000.0,3.66,50.0,7.396675058093609,2000.0,False,none,0.0,physics_confidence_above_threshold,False,50.0,7.396675058093609,2000.0
366,P4,150.0,3.4878843796834915,2000.0,3.66,150.0,3.4878843796834915,2000.0,False,none,0.0,physics_confidence_above_threshold,False,150.0,3.4878843796834915,2000.0
367,P1,-150.0,6.472135954999609,2000.0,3.67,-150.0,6.472135954999609,2000.0,False,none,0.0,physics_confidence_above_threshold,False,-150.0,6.472135954999609,2000.0
367,P2,-50.0,6.142600359278885,2000.0,3.67,-50.0,6.142600359278885,2000.0,False,none,0.0,physics_confidence_above_threshold,False,-50.0,6.142600359278885,2000.0
367,P3,50.0,3.361521403852934,2000.0,3.67,50.0,3.361521403852934,2000.0,False,none,0.0,physics_confidence_above_threshold,False,50.0,3.361521403852934,2000.0
367,P4,150.0,-1.824357479394971,2000.0,3.67,150.0,-1.824357479394971,2000.0,False,none,0.0,physics_confidence_above_threshold,False,150.0,-1.824357479394971,2000.0
368,P1,-150.0,4.702282018339814,2000.0,3.68,-150.0,4.702282018339814,2000.0,False,none,0.0,physics_confidence_above_threshold,False,-150.0,4.702282018339814,2000.0
368,P2,-50.0,3.022132007975329,2000.0,3.68,-50.0,3.022132007975329,2000.0,False,none,0.0,physics_confidence_above_threshold,False,-50.0,3.022132007975329,2000.0
368,P3,50.0,-1.0026813864938509,2000.0,3.68,50.0,-1.0026813864938509,2000.0,False,none,0.0,physics_confidence_above_threshold,False,50.0,-1.0026813864938509,2000.0
368,P4,150.0,-6.958018517344503,2000.0,3.68,150.0,-6.958018517344503,2000.0,False,none,0.0,physics_confidence_above_threshold,False,150.0,-6.958018517344503,2000.0
369,P1,-150.0,2.4721359549996,2000.0,3.69,-150.0,2.4721359549996,2000.0,False,none,0.0,physics_confidence_above_threshold,False,-150.0,2.4721359549996,2000.0
369,P2,-50.0,-0.39416368070070074,2000.0,3.69,-50.0,-0.39416368070070074,2000.0,False,none,0.0,physics_confidence_above_threshold,False,-50.0,-0.39416368070070074,2000.0
369,P3,50.0,-5.2687347366386055,2000.0,3.69,50.0,-5.2687347366386055,2000.0,False,none,0.0,physics_confidence_above_threshold,False,50.0,-5.2687347366386055,2000.0
369,P4,150.0,-11.410580223450685,2000.0,3.69,150.0,-11.410580223450685,2000.0,False,none,0.0,physics_confidence_above_threshold,False,150.0,-11.410580223450685,2000.0
370,P1,-150.0,7.827835824357647e-15,2000.0,3.7,-150.0,7.827835824357647e-15,2000.0,False,none,0.0,physics_confidence_above_threshold,False,-150.0,7.827835824357647e-15,2000.0
370,P2,-50.0,-3.771875882009896,2000.0,3.7,-50.0,-3.771875882009896,2000.0,False,none,0.0,physics_confidence_above_threshold,False,-50.0,-3.771875882009896,2000.0
370,P3,50.0,-9.019047621327694,2000.0,3.7,50.0,-9.019047621327694,2000.0,False,none,0.0,physics_confidence_above_threshold,False,50.0,-9.019047621327694,2000.0
370,P4,150.0,-14.746194835098255,2000.0,3.7,150.0,-14.746194835098255,2000.0,False,none,0.0,physics_confidence_above_threshold,False,150.0,-14.746194835098255,2000.0
371,P1,-150.0,-2.4721359549995854,2000.0,3.71,-150.0,-2.4721359549995854,2000.0,False,none,0.0,physics_confidence_above_threshold,False,-150.0,-2.4721359549995854,2000.0
371,P2,-50.0,-6.780370591783377,2000.0,3.71,-50.0,-6.780370591783377,2000.0,False,none,0.0,physics_confidence_above_threshold,False,-50.0,-6.780370591783377,2000.0
371,P3,50.0,-11.886513285441401,2000.0,3.71,50.0,-11.886513285441401,2000.0,False,none,0.0,physics_confidence_above_threshold,False,50.0,-11.886513285441401,2000.0
371,P4,150.0,-16.638349153505562,2000.0,3.71,150.0,-16.638349153505562,2000.0,False,none,0.0,physics_confidence_above_threshold,False,150.0,-16.638349153505562,2000.0
372,P1,-150.0,-4.702282018339801,2000.0,3.72,-150.0,-4.702282018339801,2000.0,False,none,0.0,physics_confidence_above_threshold,False,-150.0,-4.702282018339801,2000.0
372,P2,-50.0,-9.125155386413313,2000.0,3.72,-50.0,-9.125155386413313,2000.0,False,none,0.0,physics_confidence_above_threshold,False,-50.0,-9.125155386413313,2000.0
372,P3,50.0,-13.590444210968212,2000.0,3.72,50.0,-13.590444210968212,2000.0,False,none,0.0,physics_confidence_above_threshold,False,50.0,-13.590444210968212,2000.0
372,P4,150.0,-16.901825930572564,2000.0,3.72,150.0,-16.901825930572564,2000.0,False,none,0.0,physics_confidence_above_threshold,False,150.0,-16.901825930572564,2000.0
373,P1,-150.0,-6.4721359549995325,2000.0,3.73,-150.0,-6.4721359549995325,2000.0,False,none,0.0,physics_confidence_above_threshold,False,-150.0,-6.4721359549995325,2000.0
373,P2,-50.0,-10.576706393124972,2000.0,3.73,-50.0,-10.576706393124972,2000.0,False,none,0.0,physics_confidence_above_threshold,False,-50.0,-10.576706393124972,2000.0
373,P3,50.0,-13.964047766932728,2000.0,3.73,50.0,-13.964047766932728,2000.0,False,none,0.0,physics_confidence_above_threshold,False,50.0,-13.964047766932728,2000.0
373,P4,150.0,-15.510834223609384,2000.0,3.73,150.0,-15.510834223609384,2000.0,False,none,0.0,physics_confidence_above_threshold,False,150.0,-15.510834223609384,2000.0
374,P1,-150.0,-7.608452130361243,2000.0,3.74,-150.0,-7.608452130361243,2000.0,False,none,0.0,physics_confidence_above_threshold,False,-150.0,-7.608452130361243,2000.0
374,P2,-50.0,-10.992935685830988,2000.0,3.74,-50.0,-10.992935685830988,2000.0,False,none,0.0,physics_confidence_above_threshold,False,-50.0,-10.992935685830988,2000.0
374,P3,50.0,-12.970753034228064,2000.0,3.74,50.0,-12.970753034228064,2000.0,False,none,0.0,physics_confidence_above_threshold,False,50.0,-12.970753034228064,2000.0
374,P4,150.0,-12.601533992502402,2000.0,3.74,150.0,-12.601533992502402,2000.0,False,none,0.0,physics_confidence_above_threshold,False,150.0,-12.601533992502402,2000.0
375,P1,-150.0,-8.0,2000.0,3.75,-150.0,-8.0,2000.0,False,none,0.0,physics_confidence_above_threshold,False,-150.0,-8.0,2000.0
375,P2,-50.0,-10.333099841321214,2000.0,3.75,-50.0,-10.333099841321214,2000.0,False,none,0.0,physics_confidence_above_threshold,False,-50.0,-10.333099841321214,2000.0
375,P3,50.0,-10.70779062198287,2000.0,3.75,50.0,-10.70779062198287,2000.0,False,none,0.0,physics_confidence_above_threshold,False,50.0,-10.70779062198287,2000.0
375,P4,150.0,-8.458707814159494,2000.0,3.75,150.0,-8.458707814159494,2000.0,False,none,0.0,physics_confidence_above_threshold,False,150.0,-8.458707814159494,2000.0
376,P1,-150.0,-7.60845213036124,2000.0,3.76,-150.0,-7.60845213036124,2000.0,False,none,0.0,physics_confidence_above_threshold,False,-150.0,-7.60845213036124,2000.0
376,P2,-50.0,-8.66178818940291,2000.0,3.76,-50.0,-8.66178818940291,2000.0,False,none,0.0,physics_confidence_above_threshold,False,-50.0,-8.66178818940291,2000.0
376,P3,50.0,-7.396675058093738,2000.0,3.76,50.0,-7.396675058093738,2000.0,False,none,0.0,physics_confidence_above_threshold,False,50.0,-7.396675058093738,2000.0
376,P4,150.0,-3.487884379683671,2000.0,3.76,150.0,-3.487884379683671,2000.0,False,none,0.0,physics_confidence_above_threshold,False,150.0,-3.487884379683671,2000.0
377,P1,-150.0,-6.472135954999593,2000.0,3.77,-150.0,-6.472135954999593,2000.0,False,none,0.0,physics_confidence_above_threshold,False,-150.0,-6.472135954999593,2000.0
377,P2,-50.0,-6.142600359278854,2000.0,3.77,-50.0,-6.142600359278854,2000.0,False,none,0.0,physics_confidence_above_threshold,False,-50.0,-6.142600359278854,2000.0
377,P3,50.0,-3.3615214038528873,2000.0,3.77,50.0,-3.3615214038528873,2000.0,False,none,0.0,physics_confidence_above_threshold,False,50.0,-3.3615214038528873,2000.0
377,P4,150.0,1.8243574793950292,2000.0,3.77,150.0,1.8243574793950292,2000.0,False,none,0.0,physics_confidence_above_threshold,False,150.0,1.8243574793950292,2000.0
378,P1,-150.0,-4.702282018339884,2000.0,3.78,-150.0,-4.702282018339884,2000.0,False,none,0.0,physics_confidence_above_threshold,False,-150.0,-4.702282018339884,2000.0
378,P2,-50.0,-3.0221320079754435,2000.0,3.78,-50.0,-3.0221320079754435,2000.0,False,none,0.0,physics_confidence_above_threshold,False,-50.0,-3.0221320079754435,2000.0
378,P3,50.0,1.0026813864937003,2000.0,3.78,50.0,1.0026813864937003,2000.0,False,none,0.0,physics_confidence_above_threshold,False,50.0,1.0026813864937003,2000.0
378,P4,150.0,6.958018517344336,2000.0,3.78,150.0,6.958018517344336,2000.0,False,none,0.0,physics_confidence_above_threshold,False,150.0,6.958018517344336,2000.0
379,P1,-150.0,-2.4721359549995743,2000.0,3.79,-150.0,-2.4721359549995743,2000.0,False,none,0.0,physics_confidence_above_threshold,False,-150.0,-2.4721359549995743,2000.0
379,P2,-50.0,0.3941636807007385,2000.0,3.79,-50.0,0.3941636807007385,2000.0,False,none,0.0,physics_confidence_above_threshold,False,-50.0,0.3941636807007385,2000.0
379,P3,50.0,5.26873473663865,2000.0,3.79,50.0,5.26873473663865,2000.0,False,none,0.0,physics_confidence_above_threshold,False,50.0,5.26873473663865,2000.0
379,P4,150.0,11.410580223450731,2000.0,3.79,150.0,11.410580223450731,2000.0,False,none,0.0,physics_confidence_above_threshold,False,150.0,11.410580223450731,2000.0
380,P1,-150.0,-9.407268155488755e-14,2000.0,3.8,-150.0,-9.407268155488755e-14,2000.0,False,none,0.0,physics_confidence_above_threshold,False,-150.0,-9.407268155488755e-14,2000.0
380,P2,-50.0,3.771875882009785,2000.0,3.8,-50.0,3.771875882009785,2000.0,False,none,0.0,physics_confidence_above_threshold,False,-50.0,3.771875882009785,2000.0
380,P3,50.0,9.01904762132758,2000.0,3.8,50.0,9.01904762132758,2000.0,False,none,0.0,physics_confidence_above_threshold,False,50.0,9.01904762132758,2000.0
380,P4,150.0,14.746194835098164,2000.0,3.8,150.0,14.746194835098164,2000.0,False,none,0.0,physics_confidence_above_threshold,False,150.0,14.746194835098164,2000.0
381,P1,-150.0,2.4721359549995032,2000.0,3.81,-150.0,2.4721359549995032,2000.0,False,none,0.0,physics_confidence_above_threshold,False,-150.0,2.4721359549995032,2000.0
381,P2,-50.0,6.780370591783285,2000.0,3.81,-50.0,6.780370591783285,2000.0,False,none,0.0,physics_confidence_above_threshold,False,-50.0,6.780370591783285,2000.0
381,P3,50.0,11.886513285441323,2000.0,3.81,50.0,11.886513285441323,2000.0,False,none,0.0,physics_confidence_above_threshold,False,50.0,11.886513285441323,2000.0
381,P4,150.0,16.638349153505523,2000.0,3.81,150.0,16.638349153505523,2000.0,False,none,0.0,physics_confidence_above_threshold,False,150.0,16.638349153505523,2000.0
382,P1,-150.0,4.702282018339732,2000.0,3.82,-150.0,4.702282018339732,2000.0,False,none,0.0,physics_confidence_above_threshold,False,-150.0,4.702282018339732,2000.0
382,P2,-50.0,9.125155386413248,2000.0,3.82,-50.0,9.125155386413248,2000.0,False,none,0.0,physics_confidence_above_threshold,False,-50.0,9.125155386413248,2000.0
382,P3,50.0,13.590444210968176,2000.0,3.82,50.0,13.590444210968176,2000.0,False,none,0.0,physics_confidence_above_threshold,False,50.0,13.590444210968176,2000.0
382,P4,150.0,16.90182593057258,2000.0,3.82,150.0,16.90182593057258,2000.0,False,none,0.0,physics_confidence_above_threshold,False,150.0,16.90182593057258,2000.0
383,P1,-150.0,6.472135954999549,2000.0,3.83,-150.0,6.472135954999549,2000.0,False,none,0.0,physics_confidence_above_threshold,False,-150.0,6.472135954999549,2000.0
383,P2,-50.0,10.576706393124983,2000.0,3.83,-50.0,10.576706393124983,2000.0,False,none,0.0,physics_confidence_above_threshold,False,-50.0,10.576706393124983,2000.0
383,P3,50.0,13.964047766932726,2000.0,3.83,50.0,13.964047766932726,2000.0,False,none,0.0,physics_confidence_above_threshold,False,50.0,13.964047766932726,2000.0
383,P4,150.0,15.510834223609363,2000.0,3.83,150.0,15.510834223609363,2000.0,False,none,0.0,physics_confidence_above_threshold,False,150.0,15.510834223609363,2000.0
384,P1,-150.0,7.608452130361217,2000.0,3.84,-150.0,7.608452130361217,2000.0,False,none,0.0,physics_confidence_above_threshold,False,-150.0,7.608452130361217,2000.0
384,P2,-50.0,10.992935685830991,2000.0,3.84,-50.0,10.992935685830991,2000.0,False,none,0.0,physics_confidence_above_threshold,False,-50.0,10.992935685830991,2000.0
384,P3,50.0,12.97075303422812,2000.0,3.84,50.0,12.97075303422812,2000.0,False,none,0.0,physics_confidence_above_threshold,False,50.0,12.97075303422812,2000.0
384,P4,150.0,12.601533992502524,2000.0,3.84,150.0,12.601533992502524,2000.0,False,none,0.0,physics_confidence_above_threshold,False,150.0,12.601533992502524,2000.0
385,P1,-150.0,8.0,2000.0,3.85,-150.0,8.0,2000.0,False,none,0.0,physics_confidence_above_threshold,False,-150.0,8.0,2000.0
385,P2,-50.0,10.3330998413212,2000.0,3.85,-50.0,10.3330998413212,2000.0,False,none,0.0,physics_confidence_above_threshold,False,-50.0,10.3330998413212,2000.0
385,P3,50.0,10.70779062198284,2000.0,3.85,50.0,10.70779062198284,2000.0,False,none,0.0,physics_confidence_above_threshold,False,50.0,10.70779062198284,2000.0
385,P4,150.0,8.458707814159444,2000.0,3.85,150.0,8.458707814159444,2000.0,False,none,0.0,physics_confidence_above_threshold,False,150.0,8.458707814159444,2000.0
386,P1,-150.0,7.608452130361266,2000.0,3.86,-150.0,7.608452130361266,2000.0,False,none,0.0,physics_confidence_above_threshold,False,-150.0,7.608452130361266,2000.0
386,P2,-50.0,8.661788189402985,2000.0,3.86,-50.0,8.661788189402985,2000.0,False,none,0.0,physics_confidence_above_threshold,False,-50.0,8.661788189402985,2000.0
386,P3,50.0,7.396675058093866,2000.0,3.86,50.0,7.396675058093866,2000.0,False,none,0.0,physics_confidence_above_threshold,False,50.0,7.396675058093866,2000.0
386,P4,150.0,3.4878843796838503,2000.0,3.86,150.0,3.4878843796838503,2000.0,False,none,0.0,physics_confidence_above_threshold,False,150.0,3.4878843796838503,2000.0
387,P1,-150.0,6.472135954999577,2000.0,3.87,-150.0,6.472135954999577,2000.0,False,none,0.0,physics_confidence_above_threshold,False,-150.0,6.472135954999577,2000.0
387,P2,-50.0,6.1426003592788225,2000.0,3.87,-50.0,6.1426003592788225,2000.0,False,none,0.0,physics_confidence_above_threshold,False,-50.0,6.1426003592788225,2000.0
387,P3,50.0,3.3615214038528407,2000.0,3.87,50.0,3.3615214038528407,2000.0,False,none,0.0,physics_confidence_above_threshold,False,50.0,3.3615214038528407,2000.0
387,P4,150.0,-1.824357479395087,2000.0,3.87,150.0,-1.824357479395087,2000.0,False,none,0.0,physics_confidence_above_threshold,False,150.0,-1.824357479395087,2000.0
388,P1,-150.0,4.7022820183398615,2000.0,3.88,-150.0,4.7022820183398615,2000.0,False,none,0.0,physics_confidence_above_threshold,False,-150.0,4.7022820183398615,2000.0
388,P2,-50.0,3.0221320079754066,2000.0,3.88,-50.0,3.0221320079754066,2000.0,False,none,0.0,physics_confidence_above_threshold,False,-50.0,3.0221320079754066,2000.0
388,P3,50.0,-1.0026813864937483,2000.0,3.88,50.0,-1.0026813864937483,2000.0,False,none,0.0,physics_confidence_above_threshold,False,50.0,-1.0026813864937483,2000.0
388,P4,150.0,-6.958018517344389,2000.0,3.88,150.0,-6.958018517344389,2000.0,False,none,0.0,physics_confidence_above_threshold,False,150.0,-6.958018517344389,2000.0
389,P1,-150.0,2.472135954999548,2000.0,3.89,-150.0,2.472135954999548,2000.0,False,none,0.0,physics_confidence_above_threshold,False,-150.0,2.472135954999548,2000.0
389,P2,-50.0,-0.3941636807007762,2000.0,3.89,-50.0,-0.3941636807007762,2000.0,False,none,0.0,physics_confidence_above_threshold,False,-50.0,-0.3941636807007762,2000.0
389,P3,50.0,-5.268734736638694,2000.0,3.89,50.0,-5.268734736638694,2000.0,False,none,0.0,physics_confidence_above_threshold,False,50.0,-5.268734736638694,2000.0
389,P4,150.0,-11.410580223450772,2000.0,3.89,150.0,-11.410580223450772,2000.0,False,none,0.0,physics_confidence_above_threshold,False,150.0,-11.410580223450772,2000.0
390,P1,-150.0,6.663068956380142e-14,2000.0,3.9,-150.0,6.663068956380142e-14,2000.0,False,none,0.0,physics_confidence_above_threshold,False,-150.0,6.663068956380142e-14,2000.0
390,P2,-50.0,-3.77187588200982,2000.0,3.9,-50.0,-3.77187588200982,2000.0,False,none,0.0,physics_confidence_above_threshold,False,-50.0,-3.77187588200982,2000.0
390,P3,50.0,-9.019047621327617,2000.0,3.9,50.0,-9.019047621327617,2000.0,False,none,0.0,physics_confidence_above_threshold,False,50.0,-9.019047621327617,2000.0
390,P4,150.0,-14.746194835098192,2000.0,3.9,150.0,-14.746194835098192,2000.0,False,none,0.0,physics_confidence_above_threshold,False,150.0,-14.746194835098192,2000.0
391,P1,-150.0,-2.4721359549995294,2000.0,3.91,-150.0,-2.4721359549995294,2000.0,False,none,0.0,physics_confidence_above_threshold,False,-150.0,-2.4721359549995294,2000.0
391,P2,-50.0,-6.780370591783314,2000.0,3.91,-50.0,-6.780370591783314,2000.0,False,none,0.0,physics_confidence_above_threshold,False,-50.0,-6.780370591783314,2000.0
391,P3,50.0,-11.886513285441348,2000.0,3.91,50.0,-11.886513285441348,2000.0,False,none,0.0,physics_confidence_above_threshold,False,50.0,-11.886513285441348,2000.0
391,P4,150.0,-16.638349153505537,2000.0,3.91,150.0,-16.638349153505537,2000.0,False,none,0.0,physics_confidence_above_threshold,False,150.0,-16.638349153505537,2000.0
392,P1,-150.0,-4.702282018339754,2000.0,3.92,-150.0,-4.702282018339754,2000.0,False,none,0.0,physics_confidence_above_threshold,False,-150.0,-4.702282018339754,2000.0
392,P2,-50.0,-9.125155386413269,2000.0,3.92,-50.0,-9.125155386413269,2000.0,False,none,0.0,physics_confidence_above_threshold,False,-50.0,-9.125155386413269,2000.0
392,P3,50.0,-13.590444210968187,2000.0,3.92,50.0,-13.590444210968187,2000.0,False,none,0.0,physics_confidence_above_threshold,False,50.0,-13.590444210968187,2000.0
392,P4,150.0,-16.901825930572578,2000.0,3.92,150.0,-16.901825930572578,2000.0,False,none,0.0,physics_confidence_above_threshold,False,150.0,-16.901825930572578,2000.0
393,P1,-150.0,-6.472135954999565,2000.0,3.93,-150.0,-6.472135954999565,2000.0,False,none,0.0,physics_confidence_above_threshold,False,-150.0,-6.472135954999565,2000.0
393,P2,-50.0,-10.576706393124992,2000.0,3.93,-50.0,-10.576706393124992,2000.0,False,none,0.0,physics_confidence_above_threshold,False,-50.0,-10.576706393124992,2000.0
393,P3,50.0,-13.964047766932723,2000.0,3.93,50.0,-13.964047766932723,2000.0,False,none,0.0,physics_confidence_above_threshold,False,50.0,-13.964047766932723,2000.0
393,P4,150.0,-15.510834223609338,2000.0,3.93,150.0,-15.510834223609338,2000.0,False,none,0.0,physics_confidence_above_threshold,False,150.0,-15.510834223609338,2000.0
394,P1,-150.0,-7.608452130361226,2000.0,3.94,-150.0,-7.608452130361226,2000.0,False,none,0.0,physics_confidence_above_threshold,False,-150.0,-7.608452130361226,2000.0
394,P2,-50.0,-10.99293568583099,2000.0,3.94,-50.0,-10.99293568583099,2000.0,False,none,0.0,physics_confidence_above_threshold,False,-50.0,-10.99293568583099,2000.0
394,P3,50.0,-12.970753034228103,2000.0,3.94,50.0,-12.970753034228103,2000.0,False,none,0.0,physics_confidence_above_threshold,False,50.0,-12.970753034228103,2000.0
394,P4,150.0,-12.601533992502485,2000.0,3.94,150.0,-12.601533992502485,2000.0,False,none,0.0,physics_confidence_above_threshold,False,150.0,-12.601533992502485,2000.0
395,P1,-150.0,-8.0,2000.0,3.95,-150.0,-8.0,2000.0,False,none,0.0,physics_confidence_above_threshold,False,-150.0,-8.0,2000.0
395,P2,-50.0,-10.333099841321188,2000.0,3.95,-50.0,-10.333099841321188,2000.0,False,none,0.0,physics_confidence_above_threshold,False,-50.0,-10.333099841321188,2000.0
395,P3,50.0,-10.707790621982808,2000.0,3.95,50.0,-10.707790621982808,2000.0,False,none,0.0,physics_confidence_above_threshold,False,50.0,-10.707790621982808,2000.0
395,P4,150.0,-8.458707814159393,2000.0,3.95,150.0,-8.458707814159393,2000.0,False,none,0.0,physics_confidence_above_threshold,False,150.0,-8.458707814159393,2000.0
396,P1,-150.0,-7.6084521303612584,2000.0,3.96,-150.0,-7.6084521303612584,2000.0,False,none,0.0,physics_confidence_above_threshold,False,-150.0,-7.6084521303612584,2000.0
396,P2,-50.0,-8.661788189402962,2000.0,3.96,-50.0,-8.661788189402962,2000.0,False,none,0.0,physics_confidence_above_threshold,False,-50.0,-8.661788189402962,2000.0
396,P3,50.0,-7.396675058093825,2000.0,3.96,50.0,-7.396675058093825,2000.0,False,none,0.0,physics_confidence_above_threshold,False,50.0,-7.396675058093825,2000.0
396,P4,150.0,-3.487884379683793,2000.0,3.96,150.0,-3.487884379683793,2000.0,False,none,0.0,physics_confidence_above_threshold,False,150.0,-3.487884379683793,2000.0
397,P1,-150.0,-6.47213595499956,2000.0,3.97,-150.0,-6.47213595499956,2000.0,False,none,0.0,physics_confidence_above_threshold,False,-150.0,-6.47213595499956,2000.0
397,P2,-50.0,-6.142600359278791,2000.0,3.97,-50.0,-6.142600359278791,2000.0,False,none,0.0,physics_confidence_above_threshold,False,-50.0,-6.142600359278791,2000.0
397,P3,50.0,-3.361521403852794,2000.0,3.97,50.0,-3.361521403852794,2000.0,False,none,0.0,physics_confidence_above_threshold,False,50.0,-3.361521403852794,2000.0
397,P4,150.0,1.824357479395145,2000.0,3.97,150.0,1.824357479395145,2000.0,False,none,0.0,physics_confidence_above_threshold,False,150.0,1.824357479395145,2000.0
398,P1,-150.0,-4.702282018339839,2000.0,3.98,-150.0,-4.702282018339839,2000.0,False,none,0.0,physics_confidence_above_threshold,False,-150.0,-4.702282018339839,2000.0
398,P2,-50.0,-3.0221320079753706,2000.0,3.98,-50.0,-3.0221320079753706,2000.0,False,none,0.0,physics_confidence_above_threshold,False,-50.0,-3.0221320079753706,2000.0
398,P3,50.0,1.0026813864937962,2000.0,3.98,50.0,1.0026813864937962,2000.0,False,none,0.0,physics_confidence_above_threshold,False,50.0,1.0026813864937962,2000.0
398,P4,150.0,6.958018517344442,2000.0,3.98,150.0,6.958018517344442,2000.0,False,none,0.0,physics_confidence_above_threshold,False,150.0,6.958018517344442,2000.0
399,P1,-150.0,-2.472135954999522,2000.0,3.99,-150.0,-2.472135954999522,2000.0,False,none,0.0,physics_confidence_above_threshold,False,-150.0,-2.472135954999522,2000.0
399,P2,-50.0,0.39416368070081387,2000.0,3.99,-50.0,0.39416368070081387,2000.0,False,none,0.0,physics_confidence_above_threshold,False,-50.0,0.39416368070081387,2000.0
399,P3,50.0,5.26873473663874,2000.0,3.99,50.0,5.26873473663874,2000.0,False,none,0.0,physics_confidence_above_threshold,False,50.0,5.26873473663874,2000.0
399,P4,150.0,11.410580223450816,2000.0,3.99,150.0,11.410580223450816,2000.0,False,none,0.0,physics_confidence_above_threshold,False,150.0,11.410580223450816,2000.0
400,P1,-150.0,-3.9188697572715304e-14,2000.0,4.0,-150.0,-3.9188697572715304e-14,2000.0,False,none,0.0,physics_confidence_above_threshold,False,-150.0,-3.9188697572715304e-14,2000.0
400,P2,-50.0,3.7718758820098555,2000.0,4.0,-50.0,3.7718758820098555,2000.0,False,none,0.0,physics_confidence_above_threshold,False,-50.0,3.7718758820098555,2000.0
400,P3,50.0,9.019047621327653,2000.0,4.0,50.0,9.019047621327653,2000.0,False,none,0.0,physics_confidence_above_threshold,False,50.0,9.019047621327653,2000.0
400,P4,150.0,14.746194835098223,2000.0,4.0,150.0,14.746194835098223,2000.0,False,none,0.0,physics_confidence_above_threshold,False,150.0,14.746194835098223,2000.0
401,P1,-150.0,2.4721359549994473,2000.0,4.01,-150.0,2.4721359549994473,2000.0,False,none,0.0,physics_confidence_above_threshold,False,-150.0,2.4721359549994473,2000.0
401,P2,-50.0,6.780370591783221,2000.0,4.01,-50.0,6.780370591783221,2000.0,False,none,0.0,physics_confidence_above_threshold,False,-50.0,6.780370591783221,2000.0
401,P3,50.0,11.886513285441268,2000.0,4.01,50.0,11.886513285441268,2000.0,False,none,0.0,physics_confidence_above_threshold,False,50.0,11.886513285441268,2000.0
401,P4,150.0,16.6383491535055,2000.0,4.01,150.0,16.6383491535055,2000.0,False,none,0.0,physics_confidence_above_threshold,False,150.0,16.6383491535055,2000.0
402,P1,-150.0,4.702282018339684,2000.0,4.02,-150.0,4.702282018339684,2000.0,False,none,0.0,physics_confidence_above_threshold,False,-150.0,4.702282018339684,2000.0
402,P2,-50.0,9.125155386413201,2000.0,4.02,-50.0,9.125155386413201,2000.0,False,none,0.0,physics_confidence_above_threshold,False,-50.0,9.125155386413201,2000.0
402,P3,50.0,13.590444210968151,2000.0,4.02,50.0,13.590444210968151,2000.0,False,none,0.0,physics_confidence_above_threshold,False,50.0,13.590444210968151,2000.0
402,P4,150.0,16.901825930572596,2000.0,4.02,150.0,16.901825930572596,2000.0,False,none,0.0,physics_confidence_above_threshold,False,150.0,16.901825930572596,2000.0
403,P1,-150.0,6.472135954999581,2000.0,4.03,-150.0,6.472135954999581,2000.0,False,none,0.0,physics_confidence_above_threshold,False,-150.0,6.472135954999581,2000.0
403,P2,-50.0,10.576706393125004,2000.0,4.03,-50.0,10.576706393125004,2000.0,False,none,0.0,physics_confidence_above_threshold,False,-50.0,10.576706393125004,2000.0
403,P3,50.0,13.964047766932717,2000.0,4.03,50.0,13.964047766932717,2000.0,False,none,0.0,physics_confidence_above_threshold,False,50.0,13.964047766932717,2000.0
403,P4,150.0,15.510834223609313,2000.0,4.03,150.0,15.510834223609313,2000.0,False,none,0.0,physics_confidence_above_threshold,False,150.0,15.510834223609313,2000.0
404,P1,-150.0,7.608452130361234,2000.0,4.04,-150.0,7.608452130361234,2000.0,False,none,0.0,physics_confidence_above_threshold,False,-150.0,7.608452130361234,2000.0
404,P2,-50.0,10.99293568583099,2000.0,4.04,-50.0,10.99293568583099,2000.0,False,none,0.0,physics_confidence_above_threshold,False,-50.0,10.99293568583099,2000.0
404,P3,50.0,12.970753034228084,2000.0,4.04,50.0,12.970753034228084,2000.0,False,none,0.0,physics_confidence_above_threshold,False,50.0,12.970753034228084,2000.0
404,P4,150.0,12.601533992502448,2000.0,4.04,150.0,12.601533992502448,2000.0,False,none,0.0,physics_confidence_above_threshold,False,150.0,12.601533992502448,2000.0
405,P1,-150.0,8.0,2000.0,4.05,-150.0,8.0,2000.0,False,none,0.0,physics_confidence_above_threshold,False,-150.0,8.0,2000.0
405,P2,-50.0,10.333099841321228,2000.0,4.05,-50.0,10.333099841321228,2000.0,False,none,0.0,physics_confidence_above_threshold,False,-50.0,10.333099841321228,2000.0
405,P3,50.0,10.707790621982905,2000.0,4.05,50.0,10.707790621982905,2000.0,False,none,0.0,physics_confidence_above_threshold,False,50.0,10.707790621982905,2000.0
405,P4,150.0,8.458707814159343,2000.0,4.05,150.0,8.458707814159343,2000.0,False,none,0.0,physics_confidence_above_threshold,False,150.0,8.458707814159343,2000.0
406,P1,-150.0,7.608452130361285,2000.0,4.06,-150.0,7.608452130361285,2000.0,False,none,0.0,physics_confidence_above_threshold,False,-150.0,7.608452130361285,2000.0
406,P2,-50.0,8.661788189403033,2000.0,4.06,-50.0,8.661788189403033,2000.0,False,none,0.0,physics_confidence_above_threshold,False,-50.0,8.661788189403033,2000.0
406,P3,50.0,7.396675058094122,2000.0,4.06,50.0,7.396675058094122,2000.0,False,none,0.0,physics_confidence_above_threshold,False,50.0,7.396675058094122,2000.0
406,P4,150.0,3.487884379683736,2000.0,4.06,150.0,3.487884379683736,2000.0,False,none,0.0,physics_confidence_above_threshold,False,150.0,3.487884379683736,2000.0
407,P1,-150.0,6.472135954999544,2000.0,4.07,-150.0,6.472135954999544,2000.0,False,none,0.0,physics_confidence_above_threshold,False,-150.0,6.472135954999544,2000.0
407,P2,-50.0,6.142600359278631,2000.0,4.07,-50.0,6.142600359278631,2000.0,False,none,0.0,physics_confidence_above_threshold,False,-50.0,6.142600359278631,2000.0
407,P3,50.0,3.3615214038527474,2000.0,4.07,50.0,3.3615214038527474,2000.0,False,none,0.0,physics_confidence_above_threshold,False,50.0,3.3615214038527474,2000.0
407,P4,150.0,-1.824357479395203,2000.0,4.07,150.0,-1.824357479395203,2000.0,False,none,0.0,physics_confidence_above_threshold,False,150.0,-1.824357479395203,2000.0
408,P1,-150.0,4.702282018339726,2000.0,4.08,-150.0,4.702282018339726,2000.0,False,none,0.0,physics_confidence_above_threshold,False,-150.0,4.702282018339726,2000.0
408,P2,-50.0,3.0221320079751837,2000.0,4.08,-50.0,3.0221320079751837,2000.0,False,none,0.0,physics_confidence_above_threshold,False,-50.0,3.0221320079751837,2000.0
408,P3,50.0,-1.0026813864938442,2000.0,4.08,50.0,-1.0026813864938442,2000.0,False,none,0.0,physics_confidence_above_threshold,False,50.0,-1.0026813864938442,2000.0
408,P4,150.0,-6.958018517344937,2000.0,4.08,150.0,-6.958018517344937,2000.0,False,none,0.0,physics_confidence_above_threshold,False,150.0,-6.958018517344937,2000.0
409,P1,-150.0,2.472135954999604,2000.0,4.09,-150.0,2.472135954999604,2000.0,False,none,0.0,physics_confidence_above_threshold,False,-150.0,2.472135954999604,2000.0
409,P2,-50.0,-0.39416368070069535,2000.0,4.09,-50.0,-0.39416368070069535,2000.0,False,none,0.0,physics_confidence_above_threshold,False,-50.0,-0.39416368070069535,2000.0
409,P3,50.0,-5.268734736638415,2000.0,4.09,50.0,-5.268734736638415,2000.0,False,none,0.0,physics_confidence_above_threshold,False,50.0,-5.268734736638415,2000.0
409,P4,150.0,-11.410580223450859,2000.0,4.09,150.0,-11.410580223450859,2000.0,False,none,0.0,physics_confidence_above_threshold,False,150.0,-11.410580223450859,2000.0
410,P1,-150.0,1.254335433032452e-13,2000.0,4.1,-150.0,1.254335433032452e-13,2000.0,False,none,0.0,physics_confidence_above_threshold,False,-150.0,1.254335433032452e-13,2000.0
410,P2,-50.0,-3.7718758820097444,2000.0,4.1,-50.0,-3.7718758820097444,2000.0,False,none,0.0,physics_confidence_above_threshold,False,-50.0,-3.7718758820097444,2000.0
410,P3,50.0,-9.019047621327385,2000.0,4.1,50.0,-9.019047621327385,2000.0,False,none,0.0,physics_confidence_above_threshold,False,50.0,-9.019047621327385,2000.0
410,P4,150.0,-14.746194835098251,2000.0,4.1,150.0,-14.746194835098251,2000.0,False,none,0.0,physics_confidence_above_threshold,False,150.0,-14.746194835098251,2000.0
411,P1,-150.0,-2.472135954999582,2000.0,4.11,-150.0,-2.472135954999582,2000.0,False,none,0.0,physics_confidence_above_threshold,False,-150.0,-2.472135954999582,2000.0
411,P2,-50.0,-6.780370591783374,2000.0,4.11,-50.0,-6.780370591783374,2000.0,False,none,0.0,physics_confidence_above_threshold,False,-50.0,-6.780370591783374,2000.0
411,P3,50.0,-11.886513285441293,2000.0,4.11,50.0,-11.886513285441293,2000.0,False,none,0.0,physics_confidence_above_threshold,False,50.0,-11.886513285441293,2000.0
411,P4,150.0,-16.63834915350561,2000.0,4.11,150.0,-16.63834915350561,2000.0,False,none,0.0,physics_confidence_above_threshold,False,150.0,-16.63834915350561,2000.0
412,P1,-150.0,-4.702282018339706,2000.0,4.12,-150.0,-4.702282018339706,2000.0,False,none,0.0,physics_confidence_above_threshold,False,-150.0,-4.702282018339706,2000.0
412,P2,-50.0,-9.125155386413223,2000.0,4.12,-50.0,-9.125155386413223,2000.0,False,none,0.0,physics_confidence_above_threshold,False,-50.0,-9.125155386413223,2000.0
412,P3,50.0,-13.590444210968116,2000.0,4.12,50.0,-13.590444210968116,2000.0,False,none,0.0,physics_confidence_above_threshold,False,50.0,-13.590444210968116,2000.0
412,P4,150.0,-16.901825930572564,2000.0,4.12,150.0,-16.901825930572564,2000.0,False,none,0.0,physics_confidence_above_threshold,False,150.0,-16.901825930572564,2000.0
413,P1,-150.0,-6.472135954999597,2000.0,4.13,-150.0,-6.472135954999597,2000.0,False,none,0.0,physics_confidence_above_threshold,False,-150.0,-6.472135954999597,2000.0
413,P2,-50.0,-10.576706393125013,2000.0,4.13,-50.0,-10.576706393125013,2000.0,False,none,0.0,physics_confidence_above_threshold,False,-50.0,-10.576706393125013,2000.0
413,P3,50.0,-13.964047766932728,2000.0,4.13,50.0,-13.964047766932728,2000.0,False,none,0.0,physics_confidence_above_threshold,False,50.0,-13.964047766932728,2000.0
413,P4,150.0,-15.51083422360919,2000.0,4.13,150.0,-15.51083422360919,2000.0,False,none,0.0,physics_confidence_above_threshold,False,150.0,-15.51083422360919,2000.0
414,P1,-150.0,-7.608452130361207,2000.0,4.14,-150.0,-7.608452130361207,2000.0,False,none,0.0,physics_confidence_above_threshold,False,-150.0,-7.608452130361207,2000.0
414,P2,-50.0,-10.992935685830993,2000.0,4.14,-50.0,-10.992935685830993,2000.0,False,none,0.0,physics_confidence_above_threshold,False,-50.0,-10.992935685830993,2000.0
414,P3,50.0,-12.970753034228217,2000.0,4.14,50.0,-12.970753034228217,2000.0,False,none,0.0,physics_confidence_above_threshold,False,50.0,-12.970753034228217,2000.0
414,P4,150.0,-12.601533992502407,2000.0,4.14,150.0,-12.601533992502407,2000.0,False,none,0.0,physics_confidence_above_threshold,False,150.0,-12.601533992502407,2000.0
415,P1,-150.0,-8.0,2000.0,4.15,-150.0,-8.0,2000.0,False,none,0.0,physics_confidence_above_threshold,False,-150.0,-8.0,2000.0
415,P2,-50.0,-10.333099841321161,2000.0,4.15,-50.0,-10.333099841321161,2000.0,False,none,0.0,physics_confidence_above_threshold,False,-50.0,-10.333099841321161,2000.0
415,P3,50.0,-10.707790621982875,2000.0,4.15,50.0,-10.707790621982875,2000.0,False,none,0.0,physics_confidence_above_threshold,False,50.0,-10.707790621982875,2000.0
415,P4,150.0,-8.458707814159082,2000.0,4.15,150.0,-8.458707814159082,2000.0,False,none,0.0,physics_confidence_above_threshold,False,150.0,-8.458707814159082,2000.0
416,P1,-150.0,-7.608452130361242,2000.0,4.16,-150.0,-7.608452130361242,2000.0,False,none,0.0,physics_confidence_above_threshold,False,-150.0,-7.608452130361242,2000.0
416,P2,-50.0,-8.661788189402914,2000.0,4.16,-50.0,-8.661788189402914,2000.0,False,none,0.0,physics_confidence_above_threshold,False,-50.0,-8.661788189402914,2000.0
416,P3,50.0,-7.396675058093912,2000.0,4.16,50.0,-7.396675058093912,2000.0,False,none,0.0,physics_confidence_above_threshold,False,50.0,-7.396675058093912,2000.0
416,P4,150.0,-3.4878843796834427,2000.0,4.16,150.0,-3.4878843796834427,2000.0,False,none,0.0,physics_confidence_above_threshold,False,150.0,-3.4878843796834427,2000.0
417,P1,-150.0,-6.472135954999662,2000.0,4.17,-150.0,-6.472135954999662,2000.0,False,none,0.0,physics_confidence_above_threshold,False,-150.0,-6.472135954999662,2000.0
417,P2,-50.0,-6.142600359278987,2000.0,4.17,-50.0,-6.142600359278987,2000.0,False,none,0.0,physics_confidence_above_threshold,False,-50.0,-6.142600359278987,2000.0
417,P3,50.0,-3.3615214038532804,2000.0,4.17,50.0,-3.3615214038532804,2000.0,False,none,0.0,physics_confidence_above_threshold,False,50.0,-3.3615214038532804,2000.0
417,P4,150.0,1.8243574793950206,2000.0,4.17,150.0,1.8243574793950206,2000.0,False,none,0.0,physics_confidence_above_threshold,False,150.0,1.8243574793950206,2000.0
418,P1,-150.0,-4.702282018339795,2000.0,4.18,-150.0,-4.702282018339795,2000.0,False,none,0.0,physics_confidence_above_threshold,False,-150.0,-4.702282018339795,2000.0
418,P2,-50.0,-3.022132007975298,2000.0,4.18,-50.0,-3.022132007975298,2000.0,False,none,0.0,physics_confidence_above_threshold,False,-50.0,-3.022132007975298,2000.0
418,P3,50.0,1.0026813864936936,2000.0,4.18,50.0,1.0026813864936936,2000.0,False,none,0.0,physics_confidence_above_threshold,False,50.0,1.0026813864936936,2000.0
418,P4,150.0,6.95801851734477,2000.0,4.18,150.0,6.95801851734477,2000.0,False,none,0.0,physics_confidence_above_threshold,False,150.0,6.95801851734477,2000.0
419,P1,-150.0,-2.47213595499947,2000.0,4.19,-150.0,-2.47213595499947,2000.0,False,none,0.0,physics_confidence_above_threshold,False,-150.0,-2.47213595499947,2000.0
419,P2,-50.0,0.39416368070088925,2000.0,4.19,-50.0,0.39416368070088925,2000.0,False,none,0.0,physics_confidence_above_threshold,False,-50.0,0.39416368070088925,2000.0
419,P3,50.0,5.268734736638644,2000.0,4.19,50.0,5.268734736638644,2000.0,False,none,0.0,physics_confidence_above_threshold,False,50.0,5.268734736638644,2000.0
419,P4,150.0,11.410580223451081,2000.0,4.19,150.0,11.410580223451081,2000.0,False,none,0.0,physics_confidence_above_threshold,False,150.0,11.410580223451081,2000.0
420,P1,-150.0,1.5695286409456948e-14,2000.0,4.2,-150.0,1.5695286409456948e-14,2000.0,False,none,0.0,physics_confidence_above_threshold,False,-150.0,1.5695286409456948e-14,2000.0
420,P2,-50.0,3.771875882009926,2000.0,4.2,-50.0,3.771875882009926,2000.0,False,none,0.0,physics_confidence_above_threshold,False,-50.0,3.771875882009926,2000.0
420,P3,50.0,9.019047621327575,2000.0,4.2,50.0,9.019047621327575,2000.0,False,none,0.0,physics_confidence_above_threshold,False,50.0,9.019047621327575,2000.0
420,P4,150.0,14.7461948350984,2000.0,4.2,150.0,14.7461948350984,2000.0,False,none,0.0,physics_confidence_above_threshold,False,150.0,14.7461948350984,2000.0
421,P1,-150.0,2.4721359549994997,2000.0,4.21,-150.0,2.4721359549994997,2000.0,False,none,0.0,physics_confidence_above_threshold,False,-150.0,2.4721359549994997,2000.0
421,P2,-50.0,6.78037059178328,2000.0,4.21,-50.0,6.78037059178328,2000.0,False,none,0.0,physics_confidence_above_threshold,False,-50.0,6.78037059178328,2000.0
421,P3,50.0,11.886513285441213,2000.0,4.21,50.0,11.886513285441213,2000.0,False,none,0.0,physics_confidence_above_threshold,False,50.0,11.886513285441213,2000.0
421,P4,150.0,16.638349153505573,2000.0,4.21,150.0,16.638349153505573,2000.0,False,none,0.0,physics_confidence_above_threshold,False,150.0,16.638349153505573,2000.0
422,P1,-150.0,4.702282018339637,2000.0,4.22,-150.0,4.702282018339637,2000.0,False,none,0.0,physics_confidence_above_threshold,False,-150.0,4.702282018339637,2000.0
422,P2,-50.0,9.125155386413157,2000.0,4.22,-50.0,9.125155386413157,2000.0,False,none,0.0,physics_confidence_above_threshold,False,-50.0,9.125155386413157,2000.0
422,P3,50.0,13.590444210968078,2000.0,4.22,50.0,13.590444210968078,2000.0,False,none,0.0,physics_confidence_above_threshold,False,50.0,13.590444210968078,2000.0
422,P4,150.0,16.90182593057258,2000.0,4.22,150.0,16.90182593057258,2000.0,False,none,0.0,physics_confidence_above_threshold,False,150.0,16.90182593057258,2000.0
423,P1,-150.0,6.47213595499968,2000.0,4.23,-150.0,6.47213595499968,2000.0,False,none,0.0,physics_confidence_above_threshold,False,-150.0,6.47213595499968,2000.0
423,P2,-50.0,10.576706393125066,2000.0,4.23,-50.0,10.576706393125066,2000.0,False,none,0.0,physics_confidence_above_threshold,False,-50.0,10.576706393125066,2000.0
423,P3,50.0,13.964047766932712,2000.0,4.23,50.0,13.964047766932712,2000.0,False,none,0.0,physics_confidence_above_threshold,False,50.0,13.964047766932712,2000.0
423,P4,150.0,15.510834223609068,2000.0,4.23,150.0,15.510834223609068,2000.0,False,none,0.0,physics_confidence_above_threshold,False,150.0,15.510834223609068,2000.0
424,P1,-150.0,7.6084521303612505,2000.0,4.24,-150.0,7.6084521303612505,2000.0,False,none,0.0,physics_confidence_above_threshold,False,-150.0,7.6084521303612505,2000.0
424,P2,-50.0,10.992935685830986,2000.0,4.24,-50.0,10.992935685830986,2000.0,False,none,0.0,physics_confidence_above_threshold,False,-50.0,10.992935685830986,2000.0
424,P3,50.0,12.970753034228123,2000.0,4.24,50.0,12.970753034228123,2000.0,False,none,0.0,physics_confidence_above_threshold,False,50.0,12.970753034228123,2000.0
424,P4,150.0,12.601533992502207,2000.0,4.24,150.0,12.601533992502207,2000.0,False,none,0.0,physics_confidence_above_threshold,False,150.0,12.601533992502207,2000.0
425,P1,-150.0,8.0,2000.0,4.25,-150.0,8.0,2000.0,False,none,0.0,physics_confidence_above_threshold,False,-150.0,8.0,2000.0
425,P2,-50.0,10.333099841321202,2000.0,4.25,-50.0,10.333099841321202,2000.0,False,none,0.0,physics_confidence_above_threshold,False,-50.0,10.333099841321202,2000.0
425,P3,50.0,10.707790621982971,2000.0,4.25,50.0,10.707790621982971,2000.0,False,none,0.0,physics_confidence_above_threshold,False,50.0,10.707790621982971,2000.0
425,P4,150.0,8.458707814159242,2000.0,4.25,150.0,8.458707814159242,2000.0,False,none,0.0,physics_confidence_above_threshold,False,150.0,8.458707814159242,2000.0
426,P1,-150.0,7.608452130361268,2000.0,4.26,-150.0,7.608452130361268,2000.0,False,none,0.0,physics_confidence_above_threshold,False,-150.0,7.608452130361268,2000.0
426,P2,-50.0,8.661788189402987,2000.0,4.26,-50.0,8.661788189402987,2000.0,False,none,0.0,physics_confidence_above_threshold,False,-50.0,8.661788189402987,2000.0
426,P3,50.0,7.39667505809404,2000.0,4.26,50.0,7.39667505809404,2000.0,False,none,0.0,physics_confidence_above_threshold,False,50.0,7.39667505809404,2000.0
426,P4,150.0,3.487884379683622,2000.0,4.26,150.0,3.487884379683622,2000.0,False,none,0.0,physics_confidence_above_threshold,False,150.0,3.487884379683622,2000.0
427,P1,-150.0,6.472135954999713,2000.0,4.27,-150.0,6.472135954999713,2000.0,False,none,0.0,physics_confidence_above_threshold,False,-150.0,6.472135954999713,2000.0
427,P2,-50.0,6.142600359279086,2000.0,4.27,-50.0,6.142600359279086,2000.0,False,none,0.0,physics_confidence_above_threshold,False,-50.0,6.142600359279086,2000.0
427,P3,50.0,3.361521403853427,2000.0,4.27,50.0,3.361521403853427,2000.0,False,none,0.0,physics_confidence_above_threshold,False,50.0,3.361521403853427,2000.0
427,P4,150.0,-1.8243574793948385,2000.0,4.27,150.0,-1.8243574793948385,2000.0,False,none,0.0,physics_confidence_above_threshold,False,150.0,-1.8243574793948385,2000.0
428,P1,-150.0,4.702282018339681,2000.0,4.28,-150.0,4.702282018339681,2000.0,False,none,0.0,physics_confidence_above_threshold,False,-150.0,4.702282018339681,2000.0
428,P2,-50.0,3.0221320079751113,2000.0,4.28,-50.0,3.0221320079751113,2000.0,False,none,0.0,physics_confidence_above_threshold,False,-50.0,3.0221320079751113,2000.0
428,P3,50.0,-1.00268138649394,2000.0,4.28,50.0,-1.00268138649394,2000.0,False,none,0.0,physics_confidence_above_threshold,False,50.0,-1.00268138649394,2000.0
428,P4,150.0,-6.958018517345043,2000.0,4.28,150.0,-6.958018517345043,2000.0,False,none,0.0,physics_confidence_above_threshold,False,150.0,-6.958018517345043,2000.0
429,P1,-150.0,2.4721359549995516,2000.0,4.29,-150.0,2.4721359549995516,2000.0,False,none,0.0,physics_confidence_above_threshold,False,-150.0,2.4721359549995516,2000.0
429,P2,-50.0,-0.39416368070077074,2000.0,4.29,-50.0,-0.39416368070077074,2000.0,False,none,0.0,physics_confidence_above_threshold,False,-50.0,-0.39416368070077074,2000.0
429,P3,50.0,-5.268734736638504,2000.0,4.29,50.0,-5.268734736638504,2000.0,False,none,0.0,physics_confidence_above_threshold,False,50.0,-5.268734736638504,2000.0
429,P4,150.0,-11.410580223450946,2000.0,4.29,150.0,-11.410580223450946,2000.0,False,none,0.0,physics_confidence_above_threshold,False,150.0,-11.410580223450946,2000.0
430,P1,-150.0,7.054955932107296e-14,2000.0,4.3,-150.0,7.054955932107296e-14,2000.0,False,none,0.0,physics_confidence_above_threshold,False,-150.0,7.054955932107296e-14,2000.0
430,P2,-50.0,-3.771875882009815,2000.0,4.3,-50.0,-3.771875882009815,2000.0,False,none,0.0,physics_confidence_above_threshold,False,-50.0,-3.771875882009815,2000.0
430,P3,50.0,-9.019047621327458,2000.0,4.3,50.0,-9.019047621327458,2000.0,False,none,0.0,physics_confidence_above_threshold,False,50.0,-9.019047621327458,2000.0
430,P4,150.0,-14.74619483509831,2000.0,4.3,150.0,-14.74619483509831,2000.0,False,none,0.0,physics_confidence_above_threshold,False,150.0,-14.74619483509831,2000.0
431,P1,-150.0,-2.4721359549994175,2000.0,4.31,-150.0,-2.4721359549994175,2000.0,False,none,0.0,physics_confidence_above_threshold,False,-150.0,-2.4721359549994175,2000.0
431,P2,-50.0,-6.780370591783187,2000.0,4.31,-50.0,-6.780370591783187,2000.0,False,none,0.0,physics_confidence_above_threshold,False,-50.0,-6.780370591783187,2000.0
431,P3,50.0,-11.886513285441135,2000.0,4.31,50.0,-11.886513285441135,2000.0,False,none,0.0,physics_confidence_above_threshold,False,50.0,-11.886513285441135,2000.0
431,P4,150.0,-16.638349153505537,2000.0,4.31,150.0,-16.638349153505537,2000.0,False,none,0.0,physics_confidence_above_threshold,False,150.0,-16.638349153505537,2000.0
432,P1,-150.0,-4.7022820183397505,2000.0,4.32,-150.0,-4.7022820183397505,2000.0,False,none,0.0,physics_confidence_above_threshold,False,-150.0,-4.7022820183397505,2000.0
432,P2,-50.0,-9.125155386413265,2000.0,4.32,-50.0,-9.125155386413265,2000.0,False,none,0.0,physics_confidence_above_threshold,False,-50.0,-9.125155386413265,2000.0
432,P3,50.0,-13.590444210968137,2000.0,4.32,50.0,-13.590444210968137,2000.0,False,none,0.0,physics_confidence_above_threshold,False,50.0,-13.590444210968137,2000.0
432,P4,150.0,-16.90182593057255,2000.0,4.32,150.0,-16.90182593057255,2000.0,False,none,0.0,physics_confidence_above_threshold,False,150.0,-16.90182593057255,2000.0
433,P1,-150.0,-6.472135954999629,2000.0,4.33,-150.0,-6.472135954999629,2000.0,False,none,0.0,physics_confidence_above_threshold,False,-150.0,-6.472135954999629,2000.0
433,P2,-50.0,-10.576706393125034,2000.0,4.33,-50.0,-10.576706393125034,2000.0,False,none,0.0,physics_confidence_above_threshold,False,-50.0,-10.576706393125034,2000.0
433,P3,50.0,-13.964047766932723,2000.0,4.33,50.0,-13.964047766932723,2000.0,False,none,0.0,physics_confidence_above_threshold,False,50.0,-13.964047766932723,2000.0
433,P4,150.0,-15.510834223609143,2000.0,4.33,150.0,-15.510834223609143,2000.0,False,none,0.0,physics_confidence_above_threshold,False,150.0,-15.510834223609143,2000.0
434,P1,-150.0,-7.608452130361224,2000.0,4.34,-150.0,-7.608452130361224,2000.0,False,none,0.0,physics_confidence_above_threshold,False,-150.0,-7.608452130361224,2000.0
434,P2,-50.0,-10.99293568583099,2000.0,4.34,-50.0,-10.99293568583099,2000.0,False,none,0.0,physics_confidence_above_threshold,False,-50.0,-10.99293568583099,2000.0
434,P3,50.0,-12.970753034228181,2000.0,4.34,50.0,-12.970753034228181,2000.0,False,none,0.0,physics_confidence_above_threshold,False,50.0,-12.970753034228181,2000.0
434,P4,150.0,-12.60153399250233,2000.0,4.34,150.0,-12.60153399250233,2000.0,False,none,0.0,physics_confidence_above_threshold,False,150.0,-12.60153399250233,2000.0
435,P1,-150.0,-8.0,2000.0,4.35,-150.0,-8.0,2000.0,False,none,0.0,physics_confidence_above_threshold,False,-150.0,-8.0,2000.0
435,P2,-50.0,-10.333099841321243,2000.0,4.35,-50.0,-10.333099841321243,2000.0,False,none,0.0,physics_confidence_above_threshold,False,-50.0,-10.333099841321243,2000.0
435,P3,50.0,-10.707790621983069,2000.0,4.35,50.0,-10.707790621983069,2000.0,False,none,0.0,physics_confidence_above_threshold,False,50.0,-10.707790621983069,2000.0
435,P4,150.0,-8.4587078141594,2000.0,4.35,150.0,-8.4587078141594,2000.0,False,none,0.0,physics_confidence_above_threshold,False,150.0,-8.4587078141594,2000.0
436,P1,-150.0,-7.608452130361224,2000.0,4.36,-150.0,-7.608452130361224,2000.0,False,none,0.0,physics_confidence_above_threshold,False,-150.0,-7.608452130361224,2000.0
436,P2,-50.0,-8.661788189402868,2000.0,4.36,-50.0,-8.661788189402868,2000.0,False,none,0.0,physics_confidence_above_threshold,False,-50.0,-8.661788189402868,2000.0
436,P3,50.0,-7.396675058093831,2000.0,4.36,50.0,-7.396675058093831,2000.0,False,none,0.0,physics_confidence_above_threshold,False,50.0,-7.396675058093831,2000.0
436,P4,150.0,-3.4878843796833285,2000.0,4.36,150.0,-3.4878843796833285,2000.0,False,none,0.0,physics_confidence_above_threshold,False,150.0,-3.4878843796833285,2000.0
437,P1,-150.0,-6.472135954999629,2000.0,4.37,-150.0,-6.472135954999629,2000.0,False,none,0.0,physics_confidence_above_threshold,False,-150.0,-6.472135954999629,2000.0
437,P2,-50.0,-6.142600359278925,2000.0,4.37,-50.0,-6.142600359278925,2000.0,False,none,0.0,physics_confidence_above_threshold,False,-50.0,-6.142600359278925,2000.0
437,P3,50.0,-3.361521403853187,2000.0,4.37,50.0,-3.361521403853187,2000.0,False,none,0.0,physics_confidence_above_threshold,False,50.0,-3.361521403853187,2000.0
437,P4,150.0,1.8243574793951367,2000.0,4.37,150.0,1.8243574793951367,2000.0,False,none,0.0,physics_confidence_above_threshold,False,150.0,1.8243574793951367,2000.0
438,P1,-150.0,-4.7022820183397505,2000.0,4.38,-150.0,-4.7022820183397505,2000.0,False,none,0.0,physics_confidence_above_threshold,False,-150.0,-4.7022820183397505,2000.0
438,P2,-50.0,-3.0221320079752254,2000.0,4.38,-50.0,-3.0221320079752254,2000.0,False,none,0.0,physics_confidence_above_threshold,False,-50.0,-3.0221320079752254,2000.0
438,P3,50.0,1.0026813864937894,2000.0,4.38,50.0,1.0026813864937894,2000.0,False,none,0.0,physics_confidence_above_threshold,False,50.0,1.0026813864937894,2000.0
438,P4,150.0,6.958018517344876,2000.0,4.38,150.0,6.958018517344876,2000.0,False,none,0.0,physics_confidence_above_threshold,False,150.0,6.958018517344876,2000.0
439,P1,-150.0,-2.472135954999634,2000.0,4.39,-150.0,-2.472135954999634,2000.0,False,none,0.0,physics_confidence_above_threshold,False,-150.0,-2.472135954999634,2000.0
439,P2,-50.0,0.3941636807006522,2000.0,4.39,-50.0,0.3941636807006522,2000.0,False,none,0.0,physics_confidence_above_threshold,False,-50.0,0.3941636807006522,2000.0
439,P3,50.0,5.268734736638364,2000.0,4.39,50.0,5.268734736638364,2000.0,False,none,0.0,physics_confidence_above_threshold,False,50.0,5.268734736638364,2000.0
439,P4,150.0,11.410580223450811,2000.0,4.39,150.0,11.410580223450811,2000.0,False,none,0.0,physics_confidence_above_threshold,False,150.0,11.410580223450811,2000.0
440,P1,-150.0,7.05792703916292e-14,2000.0,4.4,-150.0,7.05792703916292e-14,2000.0,False,none,0.0,physics_confidence_above_threshold,False,-150.0,7.05792703916292e-14,2000.0
440,P2,-50.0,3.771875882009997,2000.0,4.4,-50.0,3.771875882009997,2000.0,False,none,0.0,physics_confidence_above_threshold,False,-50.0,3.771875882009997,2000.0
440,P3,50.0,9.019047621327648,2000.0,4.4,50.0,9.019047621327648,2000.0,False,none,0.0,physics_confidence_above_threshold,False,50.0,9.019047621327648,2000.0
440,P4,150.0,14.746194835098459,2000.0,4.4,150.0,14.746194835098459,2000.0,False,none,0.0,physics_confidence_above_threshold,False,150.0,14.746194835098459,2000.0
441,P1,-150.0,2.4721359549995516,2000.0,4.41,-150.0,2.4721359549995516,2000.0,False,none,0.0,physics_confidence_above_threshold,False,-150.0,2.4721359549995516,2000.0
441,P2,-50.0,6.78037059178334,2000.0,4.41,-50.0,6.78037059178334,2000.0,False,none,0.0,physics_confidence_above_threshold,False,-50.0,6.78037059178334,2000.0
441,P3,50.0,11.886513285441264,2000.0,4.41,50.0,11.886513285441264,2000.0,False,none,0.0,physics_confidence_above_threshold,False,50.0,11.886513285441264,2000.0
441,P4,150.0,16.638349153505597,2000.0,4.41,150.0,16.638349153505597,2000.0,False,none,0.0,physics_confidence_above_threshold,False,150.0,16.638349153505597,2000.0
442,P1,-150.0,4.702282018339681,2000.0,4.42,-150.0,4.702282018339681,2000.0,False,none,0.0,physics_confidence_above_threshold,False,-150.0,4.702282018339681,2000.0
442,P2,-50.0,9.125155386413198,2000.0,4.42,-50.0,9.125155386413198,2000.0,False,none,0.0,physics_confidence_above_threshold,False,-50.0,9.125155386413198,2000.0
442,P3,50.0,13.590444210968101,2000.0,4.42,50.0,13.590444210968101,2000.0,False,none,0.0,physics_confidence_above_threshold,False,50.0,13.590444210968101,2000.0
442,P4,150.0,16.90182593057257,2000.0,4.42,150.0,16.90182593057257,2000.0,False,none,0.0,physics_confidence_above_threshold,False,150.0,16.90182593057257,2000.0
443,P1,-150.0,6.4721359549994455,2000.0,4.43,-150.0,6.4721359549994455,2000.0,False,none,0.0,physics_confidence_above_threshold,False,-150.0,6.4721359549994455,2000.0
443,P2,-50.0,10.576706393124915,2000.0,4.43,-50.0,10.576706393124915,2000.0,False,none,0.0,physics_confidence_above_threshold,False,-50.0,10.576706393124915,2000.0
443,P3,50.0,13.964047766932762,2000.0,4.43,50.0,13.964047766932762,2000.0,False,none,0.0,physics_confidence_above_threshold,False,50.0,13.964047766932762,2000.0
443,P4,150.0,15.510834223609416,2000.0,4.43,150.0,15.510834223609416,2000.0,False,none,0.0,physics_confidence_above_threshold,False,150.0,15.510834223609416,2000.0
444,P1,-150.0,7.608452130361268,2000.0,4.44,-150.0,7.608452130361268,2000.0,False,none,0.0,physics_confidence_above_threshold,False,-150.0,7.608452130361268,2000.0
444,P2,-50.0,10.992935685830984,2000.0,4.44,-50.0,10.992935685830984,2000.0,False,none,0.0,physics_confidence_above_threshold,False,-50.0,10.992935685830984,2000.0
444,P3,50.0,12.970753034228087,2000.0,4.44,50.0,12.970753034228087,2000.0,False,none,0.0,physics_confidence_above_threshold,False,50.0,12.970753034228087,2000.0
444,P4,150.0,12.601533992502128,2000.0,4.44,150.0,12.601533992502128,2000.0,False,none,0.0,physics_confidence_above_threshold,False,150.0,12.601533992502128,2000.0
445,P1,-150.0,8.0,2000.0,4.45,-150.0,8.0,2000.0,False,none,0.0,physics_confidence_above_threshold,False,-150.0,8.0,2000.0
445,P2,-50.0,10.333099841321177,2000.0,4.45,-50.0,10.333099841321177,2000.0,False,none,0.0,physics_confidence_above_threshold,False,-50.0,10.333099841321177,2000.0
445,P3,50.0,10.707790621982909,2000.0,4.45,50.0,10.707790621982909,2000.0,False,none,0.0,physics_confidence_above_threshold,False,50.0,10.707790621982909,2000.0
445,P4,150.0,8.45870781415914,2000.0,4.45,150.0,8.45870781415914,2000.0,False,none,0.0,physics_confidence_above_threshold,False,150.0,8.45870781415914,2000.0
446,P1,-150.0,7.6084521303612505,2000.0,4.46,-150.0,7.6084521303612505,2000.0,False,none,0.0,physics_confidence_above_threshold,False,-150.0,7.6084521303612505,2000.0
446,P2,-50.0,8.661788189402941,2000.0,4.46,-50.0,8.661788189402941,2000.0,False,none,0.0,physics_confidence_above_threshold,False,-50.0,8.661788189402941,2000.0
446,P3,50.0,7.396675058093958,2000.0,4.46,50.0,7.396675058093958,2000.0,False,none,0.0,physics_confidence_above_threshold,False,50.0,7.396675058093958,2000.0
446,P4,150.0,3.487884379683508,2000.0,4.46,150.0,3.487884379683508,2000.0,False,none,0.0,physics_confidence_above_threshold,False,150.0,3.487884379683508,2000.0
447,P1,-150.0,6.47213595499968,2000.0,4.47,-150.0,6.47213595499968,2000.0,False,none,0.0,physics_confidence_above_threshold,False,-150.0,6.47213595499968,2000.0
447,P2,-50.0,6.142600359279024,2000.0,4.47,-50.0,6.142600359279024,2000.0,False,none,0.0,physics_confidence_above_threshold,False,-50.0,6.142600359279024,2000.0
447,P3,50.0,3.3615214038533336,2000.0,4.47,50.0,3.3615214038533336,2000.0,False,none,0.0,physics_confidence_above_threshold,False,50.0,3.3615214038533336,2000.0
447,P4,150.0,-1.8243574793949546,2000.0,4.47,150.0,-1.8243574793949546,2000.0,False,none,0.0,physics_confidence_above_threshold,False,150.0,-1.8243574793949546,2000.0
448,P1,-150.0,4.702282018339821,2000.0,4.48,-150.0,4.702282018339821,2000.0,False,none,0.0,physics_confidence_above_threshold,False,-150.0,4.702282018339821,2000.0
448,P2,-50.0,3.0221320079753395,2000.0,4.48,-50.0,3.0221320079753395,2000.0,False,none,0.0,physics_confidence_above_threshold,False,-50.0,3.0221320079753395,2000.0
448,P3,50.0,-1.0026813864936388,2000.0,4.48,50.0,-1.0026813864936388,2000.0,False,none,0.0,physics_confidence_above_threshold,False,50.0,-1.0026813864936388,2000.0
448,P4,150.0,-6.958018517344708,2000.0,4.48,150.0,-6.958018517344708,2000.0,False,none,0.0,physics_confidence_above_threshold,False,150.0,-6.958018517344708,2000.0
449,P1,-150.0,2.4721359549994997,2000.0,4.49,-150.0,2.4721359549994997,2000.0,False,none,0.0,physics_confidence_above_threshold,False,-150.0,2.4721359549994997,2000.0
449,P2,-50.0,-0.3941636807008462,2000.0,4.49,-50.0,-0.3941636807008462,2000.0,False,none,0.0,physics_confidence_above_threshold,False,-50.0,-0.3941636807008462,2000.0
449,P3,50.0,-5.268734736638593,2000.0,4.49,50.0,-5.268734736638593,2000.0,False,none,0.0,physics_confidence_above_threshold,False,50.0,-5.268734736638593,2000.0
449,P4,150.0,-11.410580223451033,2000.0,4.49,150.0,-11.410580223451033,2000.0,False,none,0.0,physics_confidence_above_threshold,False,150.0,-11.410580223451033,2000.0
450,P1,-150.0,1.5665575338900706e-14,2000.0,4.5,-150.0,1.5665575338900706e-14,2000.0,False,none,0.0,physics_confidence_above_threshold,False,-150.0,1.5665575338900706e-14,2000.0
450,P2,-50.0,-3.771875882009886,2000.0,4.5,-50.0,-3.771875882009886,2000.0,False,none,0.0,physics_confidence_above_threshold,False,-50.0,-3.771875882009886,2000.0
450,P3,50.0,-9.01904762132753,2000.0,4.5,50.0,-9.01904762132753,2000.0,False,none,0.0,physics_confidence_above_threshold,False,50.0,-9.01904762132753,2000.0
450,P4,150.0,-14.746194835098366,2000.0,4.5,150.0,-14.746194835098366,2000.0,False,none,0.0,physics_confidence_above_threshold,False,150.0,-14.746194835098366,2000.0
451,P1,-150.0,-2.47213595499947,2000.0,4.51,-150.0,-2.47213595499947,2000.0,False,none,0.0,physics_confidence_above_threshold,False,-150.0,-2.47213595499947,2000.0
451,P2,-50.0,-6.780370591783246,2000.0,4.51,-50.0,-6.780370591783246,2000.0,False,none,0.0,physics_confidence_above_threshold,False,-50.0,-6.780370591783246,2000.0
451,P3,50.0,-11.886513285441184,2000.0,4.51,50.0,-11.886513285441184,2000.0,False,none,0.0,physics_confidence_above_threshold,False,50.0,-11.886513285441184,2000.0
451,P4,150.0,-16.638349153505562,2000.0,4.51,150.0,-16.638349153505562,2000.0,False,none,0.0,physics_confidence_above_threshold,False,150.0,-16.638349153505562,2000.0
452,P1,-150.0,-4.702282018339611,2000.0,4.52,-150.0,-4.702282018339611,2000.0,False,none,0.0,physics_confidence_above_threshold,False,-150.0,-4.702282018339611,2000.0
452,P2,-50.0,-9.125155386413132,2000.0,4.52,-50.0,-9.125155386413132,2000.0,False,none,0.0,physics_confidence_above_threshold,False,-50.0,-9.125155386413132,2000.0
452,P3,50.0,-13.590444210968066,2000.0,4.52,50.0,-13.590444210968066,2000.0,False,none,0.0,physics_confidence_above_threshold,False,50.0,-13.590444210968066,2000.0
452,P4,150.0,-16.901825930572592,2000.0,4.52,150.0,-16.901825930572592,2000.0,False,none,0.0,physics_confidence_above_threshold,False,150.0,-16.901825930572592,2000.0
453,P1,-150.0,-6.472135954999528,2000.0,4.53,-150.0,-6.472135954999528,2000.0,False,none,0.0,physics_confidence_above_threshold,False,-150.0,-6.472135954999528,2000.0
453,P2,-50.0,-10.576706393124969,2000.0,4.53,-50.0,-10.576706393124969,2000.0,False,none,0.0,physics_confidence_above_threshold,False,-50.0,-10.576706393124969,2000.0
453,P3,50.0,-13.964047766932744,2000.0,4.53,50.0,-13.964047766932744,2000.0,False,none,0.0,physics_confidence_above_threshold,False,50.0,-13.964047766932744,2000.0
453,P4,150.0,-15.510834223609294,2000.0,4.53,150.0,-15.510834223609294,2000.0,False,none,0.0,physics_confidence_above_threshold,False,150.0,-15.510834223609294,2000.0
454,P1,-150.0,-7.608452130361242,2000.0,4.54,-150.0,-7.608452130361242,2000.0,False,none,0.0,physics_confidence_above_threshold,False,-150.0,-7.608452130361242,2000.0
454,P2,-50.0,-10.992935685830988,2000.0,4.54,-50.0,-10.992935685830988,2000.0,False,none,0.0,physics_confidence_above_threshold,False,-50.0,-10.992935685830988,2000.0
454,P3,50.0,-12.970753034228142,2000.0,4.54,50.0,-12.970753034228142,2000.0,False,none,0.0,physics_confidence_above_threshold,False,50.0,-12.970753034228142,2000.0
454,P4,150.0,-12.601533992502251,2000.0,4.54,150.0,-12.601533992502251,2000.0,False,none,0.0,physics_confidence_above_threshold,False,150.0,-12.601533992502251,2000.0
455,P1,-150.0,-8.0,2000.0,4.55,-150.0,-8.0,2000.0,False,none,0.0,physics_confidence_above_threshold,False,-150.0,-8.0,2000.0
455,P2,-50.0,-10.333099841321218,2000.0,4.55,-50.0,-10.333099841321218,2000.0,False,none,0.0,physics_confidence_above_threshold,False,-50.0,-10.333099841321218,2000.0
455,P3,50.0,-10.707790621983007,2000.0,4.55,50.0,-10.707790621983007,2000.0,False,none,0.0,physics_confidence_above_threshold,False,50.0,-10.707790621983007,2000.0
455,P4,150.0,-8.4587078141593,2000.0,4.55,150.0,-8.4587078141593,2000.0,False,none,0.0,physics_confidence_above_threshold,False,150.0,-8.4587078141593,2000.0
456,P1,-150.0,-7.608452130361277,2000.0,4.56,-150.0,-7.608452130361277,2000.0,False,none,0.0,physics_confidence_above_threshold,False,-150.0,-7.608452130361277,2000.0
456,P2,-50.0,-8.661788189403014,2000.0,4.56,-50.0,-8.661788189403014,2000.0,False,none,0.0,physics_confidence_above_threshold,False,-50.0,-8.661788189403014,2000.0
456,P3,50.0,-7.396675058094086,2000.0,4.56,50.0,-7.396675058094086,2000.0,False,none,0.0,physics_confidence_above_threshold,False,50.0,-7.396675058094086,2000.0
456,P4,150.0,-3.487884379683687,2000.0,4.56,150.0,-3.487884379683687,2000.0,False,none,0.0,physics_confidence_above_threshold,False,150.0,-3.487884379683687,2000.0
457,P1,-150.0,-6.472135954999597,2000.0,4.57,-150.0,-6.472135954999597,2000.0,False,none,0.0,physics_confidence_above_threshold,False,-150.0,-6.472135954999597,2000.0
457,P2,-50.0,-6.1426003592788625,2000.0,4.57,-50.0,-6.1426003592788625,2000.0,False,none,0.0,physics_confidence_above_threshold,False,-50.0,-6.1426003592788625,2000.0
457,P3,50.0,-3.361521403853094,2000.0,4.57,50.0,-3.361521403853094,2000.0,False,none,0.0,physics_confidence_above_threshold,False,50.0,-3.361521403853094,2000.0
457,P4,150.0,1.8243574793952526,2000.0,4.57,150.0,1.8243574793952526,2000.0,False,none,0.0,physics_confidence_above_threshold,False,150.0,1.8243574793952526,2000.0
458,P1,-150.0,-4.70228201833989,2000.0,4.58,-150.0,-4.70228201833989,2000.0,False,none,0.0,physics_confidence_above_threshold,False,-150.0,-4.70228201833989,2000.0
458,P2,-50.0,-3.0221320079754537,2000.0,4.58,-50.0,-3.0221320079754537,2000.0,False,none,0.0,physics_confidence_above_threshold,False,-50.0,-3.0221320079754537,2000.0
458,P3,50.0,1.0026813864934883,2000.0,4.58,50.0,1.0026813864934883,2000.0,False,none,0.0,physics_confidence_above_threshold,False,50.0,1.0026813864934883,2000.0
458,P4,150.0,6.958018517344541,2000.0,4.58,150.0,6.958018517344541,2000.0,False,none,0.0,physics_confidence_above_threshold,False,150.0,6.958018517344541,2000.0
459,P1,-150.0,-2.472135954999582,2000.0,4.59,-150.0,-2.472135954999582,2000.0,False,none,0.0,physics_confidence_above_threshold,False,-150.0,-2.472135954999582,2000.0
459,P2,-50.0,0.3941636807007276,2000.0,4.59,-50.0,0.3941636807007276,2000.0,False,none,0.0,physics_confidence_above_threshold,False,-50.0,0.3941636807007276,2000.0
459,P3,50.0,5.268734736638454,2000.0,4.59,50.0,5.268734736638454,2000.0,False,none,0.0,physics_confidence_above_threshold,False,50.0,5.268734736638454,2000.0
459,P4,150.0,11.410580223450896,2000.0,4.59,150.0,11.410580223450896,2000.0,False,none,0.0,physics_confidence_above_threshold,False,150.0,11.410580223450896,2000.0
460,P1,-150.0,-1.0191042106943061e-13,2000.0,4.6,-150.0,-1.0191042106943061e-13,2000.0,False,none,0.0,physics_confidence_above_threshold,False,-150.0,-1.0191042106943061e-13,2000.0
460,P2,-50.0,3.771875882009774,2000.0,4.6,-50.0,3.771875882009774,2000.0,False,none,0.0,physics_confidence_above_threshold,False,-50.0,3.771875882009774,2000.0
460,P3,50.0,9.019047621327417,2000.0,4.6,50.0,9.019047621327417,2000.0,False,none,0.0,physics_confidence_above_threshold,False,50.0,9.019047621327417,2000.0
460,P4,150.0,14.746194835098276,2000.0,4.6,150.0,14.746194835098276,2000.0,False,none,0.0,physics_confidence_above_threshold,False,150.0,14.746194835098276,2000.0
461,P1,-150.0,2.472135954999604,2000.0,4.61,-150.0,2.472135954999604,2000.0,False,none,0.0,physics_confidence_above_threshold,False,-150.0,2.472135954999604,2000.0
461,P2,-50.0,6.780370591783399,2000.0,4.61,-50.0,6.780370591783399,2000.0,False,none,0.0,physics_confidence_above_threshold,False,-50.0,6.780370591783399,2000.0
461,P3,50.0,11.886513285441314,2000.0,4.61,50.0,11.886513285441314,2000.0,False,none,0.0,physics_confidence_above_threshold,False,50.0,11.886513285441314,2000.0
461,P4,150.0,16.638349153505622,2000.0,4.61,150.0,16.638349153505622,2000.0,False,none,0.0,physics_confidence_above_threshold,False,150.0,16.638349153505622,2000.0
462,P1,-150.0,4.702282018339726,2000.0,4.62,-150.0,4.702282018339726,2000.0,False,none,0.0,physics_confidence_above_threshold,False,-150.0,4.702282018339726,2000.0
462,P2,-50.0,9.12515538641324,2000.0,4.62,-50.0,9.12515538641324,2000.0,False,none,0.0,physics_confidence_above_threshold,False,-50.0,9.12515538641324,2000.0
462,P3,50.0,13.590444210968126,2000.0,4.62,50.0,13.590444210968126,2000.0,False,none,0.0,physics_confidence_above_threshold,False,50.0,13.590444210968126,2000.0
462,P4,150.0,16.901825930572556,2000.0,4.62,150.0,16.901825930572556,2000.0,False,none,0.0,physics_confidence_above_threshold,False,150.0,16.901825930572556,2000.0
463,P1,-150.0,6.4721359549994775,2000.0,4.63,-150.0,6.4721359549994775,2000.0,False,none,0.0,physics_confidence_above_threshold,False,-150.0,6.4721359549994775,2000.0
463,P2,-50.0,10.576706393124937,2000.0,4.63,-50.0,10.576706393124937,2000.0,False,none,0.0,physics_confidence_above_threshold,False,-50.0,10.576706393124937,2000.0
463,P3,50.0,13.964047766932755,2000.0,4.63,50.0,13.964047766932755,2000.0,False,none,0.0,physics_confidence_above_threshold,False,50.0,13.964047766932755,2000.0
463,P4,150.0,15.510834223609368,2000.0,4.63,150.0,15.510834223609368,2000.0,False,none,0.0,physics_confidence_above_threshold,False,150.0,15.510834223609368,2000.0
464,P1,-150.0,7.608452130361215,2000.0,4.64,-150.0,7.608452130361215,2000.0,False,none,0.0,physics_confidence_above_threshold,False,-150.0,7.608452130361215,2000.0
464,P2,-50.0,10.992935685830993,2000.0,4.64,-50.0,10.992935685830993,2000.0,False,none,0.0,physics_confidence_above_threshold,False,-50.0,10.992935685830993,2000.0
464,P3,50.0,12.970753034228201,2000.0,4.64,50.0,12.970753034228201,2000.0,False,none,0.0,physics_confidence_above_threshold,False,50.0,12.970753034228201,2000.0
464,P4,150.0,12.601533992502373,2000.0,4.64,150.0,12.601533992502373,2000.0,False,none,0.0,physics_confidence_above_threshold,False,150.0,12.601533992502373,2000.0
465,P1,-150.0,8.0,2000.0,4.65,-150.0,8.0,2000.0,False,none,0.0,physics_confidence_above_threshold,False,-150.0,8.0,2000.0
465,P2,-50.0,10.33309984132115,2000.0,4.65,-50.0,10.33309984132115,2000.0,False,none,0.0,physics_confidence_above_threshold,False,-50.0,10.33309984132115,2000.0
465,P3,50.0,10.707790621982848,2000.0,4.65,50.0,10.707790621982848,2000.0,False,none,0.0,physics_confidence_above_threshold,False,50.0,10.707790621982848,2000.0
465,P4,150.0,8.45870781415904,2000.0,4.65,150.0,8.45870781415904,2000.0,False,none,0.0,physics_confidence_above_threshold,False,150.0,8.45870781415904,2000.0
466,P1,-150.0,7.608452130361234,2000.0,4.66,-150.0,7.608452130361234,2000.0,False,none,0.0,physics_confidence_above_threshold,False,-150.0,7.608452130361234,2000.0
466,P2,-50.0,8.661788189402895,2000.0,4.66,-50.0,8.661788189402895,2000.0,False,none,0.0,physics_confidence_above_threshold,False,-50.0,8.661788189402895,2000.0
466,P3,50.0,7.396675058093878,2000.0,4.66,50.0,7.396675058093878,2000.0,False,none,0.0,physics_confidence_above_threshold,False,50.0,7.396675058093878,2000.0
466,P4,150.0,3.4878843796833934,2000.0,4.66,150.0,3.4878843796833934,2000.0,False,none,0.0,physics_confidence_above_threshold,False,150.0,3.4878843796833934,2000.0
467,P1,-150.0,6.472135954999648,2000.0,4.67,-150.0,6.472135954999648,2000.0,False,none,0.0,physics_confidence_above_threshold,False,-150.0,6.472135954999648,2000.0
467,P2,-50.0,6.142600359278961,2000.0,4.67,-50.0,6.142600359278961,2000.0,False,none,0.0,physics_confidence_above_threshold,False,-50.0,6.142600359278961,2000.0
467,P3,50.0,3.3615214038532404,2000.0,4.67,50.0,3.3615214038532404,2000.0,False,none,0.0,physics_confidence_above_threshold,False,50.0,3.3615214038532404,2000.0
467,P4,150.0,-1.8243574793950705,2000.0,4.67,150.0,-1.8243574793950705,2000.0,False,none,0.0,physics_confidence_above_threshold,False,150.0,-1.8243574793950705,2000.0
468,P1,-150.0,4.70228201833996,2000.0,4.68,-150.0,4.70228201833996,2000.0,False,none,0.0,physics_confidence_above_threshold,False,-150.0,4.70228201833996,2000.0
468,P2,-50.0,3.0221320079755674,2000.0,4.68,-50.0,3.0221320079755674,2000.0,False,none,0.0,physics_confidence_above_threshold,False,-50.0,3.0221320079755674,2000.0
468,P3,50.0,-1.0026813864933377,2000.0,4.68,50.0,-1.0026813864933377,2000.0,False,none,0.0,physics_confidence_above_threshold,False,50.0,-1.0026813864933377,2000.0
468,P4,150.0,-6.958018517344374,2000.0,4.68,150.0,-6.958018517344374,2000.0,False,none,0.0,physics_confidence_above_threshold,False,150.0,-6.958018517344374,2000.0
469,P1,-150.0,2.4721359549994473,2000.0,4.69,-150.0,2.4721359549994473,2000.0,False,none,0.0,physics_confidence_above_threshold,False,-150.0,2.4721359549994473,2000.0
469,P2,-50.0,-0.39416368070092156,2000.0,4.69,-50.0,-0.39416368070092156,2000.0,False,none,0.0,physics_confidence_above_threshold,False,-50.0,-0.39416368070092156,2000.0
469,P3,50.0,-5.268734736638682,2000.0,4.69,50.0,-5.268734736638682,2000.0,False,none,0.0,physics_confidence_above_threshold,False,50.0,-5.268734736638682,2000.0
469,P4,150.0,-11.41058022345112,2000.0,4.69,150.0,-11.41058022345112,2000.0,False,none,0.0,physics_confidence_above_threshold,False,150.0,-11.41058022345112,2000.0
470,P1,-150.0,-3.9218408643271543e-14,2000.0,4.7,-150.0,-3.9218408643271543e-14,2000.0,False,none,0.0,physics_confidence_above_threshold,False,-150.0,-3.9218408643271543e-14,2000.0
470,P2,-50.0,-3.7718758820099567,2000.0,4.7,-50.0,-3.7718758820099567,2000.0,False,none,0.0,physics_confidence_above_threshold,False,-50.0,-3.7718758820099567,2000.0
470,P3,50.0,-9.019047621327605,2000.0,4.7,50.0,-9.019047621327605,2000.0,False,none,0.0,physics_confidence_above_threshold,False,50.0,-9.019047621327605,2000.0
470,P4,150.0,-14.746194835098425,2000.0,4.7,150.0,-14.746194835098425,2000.0,False,none,0.0,physics_confidence_above_threshold,False,150.0,-14.746194835098425,2000.0
471,P1,-150.0,-2.472135954999522,2000.0,4.71,-150.0,-2.472135954999522,2000.0,False,none,0.0,physics_confidence_above_threshold,False,-150.0,-2.472135954999522,2000.0
471,P2,-50.0,-6.7803705917833055,2000.0,4.71,-50.0,-6.7803705917833055,2000.0,False,none,0.0,physics_confidence_above_threshold,False,-50.0,-6.7803705917833055,2000.0
471,P3,50.0,-11.886513285441236,2000.0,4.71,50.0,-11.886513285441236,2000.0,False,none,0.0,physics_confidence_above_threshold,False,50.0,-11.886513285441236,2000.0
471,P4,150.0,-16.638349153505583,2000.0,4.71,150.0,-16.638349153505583,2000.0,False,none,0.0,physics_confidence_above_threshold,False,150.0,-16.638349153505583,2000.0
472,P1,-150.0,-4.702282018339655,2000.0,4.72,-150.0,-4.702282018339655,2000.0,False,none,0.0,physics_confidence_above_threshold,False,-150.0,-4.702282018339655,2000.0
472,P2,-50.0,-9.125155386413175,2000.0,4.72,-50.0,-9.125155386413175,2000.0,False,none,0.0,physics_confidence_above_threshold,False,-50.0,-9.125155386413175,2000.0
472,P3,50.0,-13.590444210968089,2000.0,4.72,50.0,-13.590444210968089,2000.0,False,none,0.0,physics_confidence_above_threshold,False,50.0,-13.590444210968089,2000.0
472,P4,150.0,-16.901825930572578,2000.0,4.72,150.0,-16.901825930572578,2000.0,False,none,0.0,physics_confidence_above_threshold,False,150.0,-16.901825930572578,2000.0
473,P1,-150.0,-6.47213595499956,2000.0,4.73,-150.0,-6.47213595499956,2000.0,False,none,0.0,physics_confidence_above_threshold,False,-150.0,-6.47213595499956,2000.0
473,P2,-50.0,-10.57670639312499,2000.0,4.73,-50.0,-10.57670639312499,2000.0,False,none,0.0,physics_confidence_above_threshold,False,-50.0,-10.57670639312499,2000.0
473,P3,50.0,-13.964047766932737,2000.0,4.73,50.0,-13.964047766932737,2000.0,False,none,0.0,physics_confidence_above_threshold,False,50.0,-13.964047766932737,2000.0
473,P4,150.0,-15.510834223609246,2000.0,4.73,150.0,-15.510834223609246,2000.0,False,none,0.0,physics_confidence_above_threshold,False,150.0,-15.510834223609246,2000.0
474,P1,-150.0,-7.6084521303612584,2000.0,4.74,-150.0,-7.6084521303612584,2000.0,False,none,0.0,physics_confidence_above_threshold,False,-150.0,-7.6084521303612584,2000.0
474,P2,-50.0,-10.992935685830986,2000.0,4.74,-50.0,-10.992935685830986,2000.0,False,none,0.0,physics_confidence_above_threshold,False,-50.0,-10.992935685830986,2000.0
474,P3,50.0,-12.970753034228107,2000.0,4.74,50.0,-12.970753034228107,2000.0,False,none,0.0,physics_confidence_above_threshold,False,50.0,-12.970753034228107,2000.0
474,P4,150.0,-12.601533992502173,2000.0,4.74,150.0,-12.601533992502173,2000.0,False,none,0.0,physics_confidence_above_threshold,False,150.0,-12.601533992502173,2000.0
475,P1,-150.0,-8.0,2000.0,4.75,-150.0,-8.0,2000.0,False,none,0.0,physics_confidence_above_threshold,False,-150.0,-8.0,2000.0
475,P2,-50.0,-10.333099841321191,2000.0,4.75,-50.0,-10.333099841321191,2000.0,False,none,0.0,physics_confidence_above_threshold,False,-50.0,-10.333099841321191,2000.0
475,P3,50.0,-10.707790621982944,2000.0,4.75,50.0,-10.707790621982944,2000.0,False,none,0.0,physics_confidence_above_threshold,False,50.0,-10.707790621982944,2000.0
475,P4,150.0,-8.458707814159197,2000.0,4.75,150.0,-8.458707814159197,2000.0,False,none,0.0,physics_confidence_above_threshold,False,150.0,-8.458707814159197,2000.0
476,P1,-150.0,-7.60845213036126,2000.0,4.76,-150.0,-7.60845213036126,2000.0,False,none,0.0,physics_confidence_above_threshold,False,-150.0,-7.60845213036126,2000.0
476,P2,-50.0,-8.661788189402968,2000.0,4.76,-50.0,-8.661788189402968,2000.0,False,none,0.0,physics_confidence_above_threshold,False,-50.0,-8.661788189402968,2000.0
476,P3,50.0,-7.396675058094005,2000.0,4.76,50.0,-7.396675058094005,2000.0,False,none,0.0,physics_confidence_above_threshold,False,50.0,-7.396675058094005,2000.0
476,P4,150.0,-3.487884379683573,2000.0,4.76,150.0,-3.487884379683573,2000.0,False,none,0.0,physics_confidence_above_threshold,False,150.0,-3.487884379683573,2000.0
477,P1,-150.0,-6.472135954999699,2000.0,4.77,-150.0,-6.472135954999699,2000.0,False,none,0.0,physics_confidence_above_threshold,False,-150.0,-6.472135954999699,2000.0
477,P2,-50.0,-6.142600359279059,2000.0,4.77,-50.0,-6.142600359279059,2000.0,False,none,0.0,physics_confidence_above_threshold,False,-50.0,-6.142600359279059,2000.0
477,P3,50.0,-3.361521403853387,2000.0,4.77,50.0,-3.361521403853387,2000.0,False,none,0.0,physics_confidence_above_threshold,False,50.0,-3.361521403853387,2000.0
477,P4,150.0,1.8243574793948882,2000.0,4.77,150.0,1.8243574793948882,2000.0,False,none,0.0,physics_confidence_above_threshold,False,150.0,1.8243574793948882,2000.0
478,P1,-150.0,-4.7022820183398455,2000.0,4.78,-150.0,-4.7022820183398455,2000.0,False,none,0.0,physics_confidence_above_threshold,False,-150.0,-4.7022820183398455,2000.0
478,P2,-50.0,-3.022132007975381,2000.0,4.78,-50.0,-3.022132007975381,2000.0,False,none,0.0,physics_confidence_above_threshold,False,-50.0,-3.022132007975381,2000.0
478,P3,50.0,1.0026813864935842,2000.0,4.78,50.0,1.0026813864935842,2000.0,False,none,0.0,physics_confidence_above_threshold,False,50.0,1.0026813864935842,2000.0
478,P4,150.0,6.958018517344648,2000.0,4.78,150.0,6.958018517344648,2000.0,False,none,0.0,physics_confidence_above_threshold,False,150.0,6.958018517344648,2000.0
479,P1,-150.0,-2.4721359549995294,2000.0,4.79,-150.0,-2.4721359549995294,2000.0,False,none,0.0,physics_confidence_above_threshold,False,-150.0,-2.4721359549995294,2000.0
479,P2,-50.0,0.3941636807008031,2000.0,4.79,-50.0,0.3941636807008031,2000.0,False,none,0.0,physics_confidence_above_threshold,False,-50.0,0.3941636807008031,2000.0
479,P3,50.0,5.268734736638542,2000.0,4.79,50.0,5.268734736638542,2000.0,False,none,0.0,physics_confidence_above_threshold,False,50.0,5.268734736638542,2000.0
479,P4,150.0,11.410580223450983,2000.0,4.79,150.0,11.410580223450983,2000.0,False,none,0.0,physics_confidence_above_threshold,False,150.0,11.410580223450983,2000.0
480,P1,-150.0,-4.702643708725836e-14,2000.0,4.8,-150.0,-4.702643708725836e-14,2000.0,False,none,0.0,physics_confidence_above_threshold,False,-150.0,-4.702643708725836e-14,2000.0
480,P2,-50.0,3.7718758820098452,2000.0,4.8,-50.0,3.7718758820098452,2000.0,False,none,0.0,physics_confidence_above_threshold,False,-50.0,3.7718758820098452,2000.0
480,P3,50.0,9.019047621327491,2000.0,4.8,50.0,9.019047621327491,2000.0,False,none,0.0,physics_confidence_above_threshold,False,50.0,9.019047621327491,2000.0
480,P4,150.0,14.746194835098335,2000.0,4.8,150.0,14.746194835098335,2000.0,False,none,0.0,physics_confidence_above_threshold,False,150.0,14.746194835098335,2000.0
481,P1,-150.0,2.47213595499944,2000.0,4.81,-150.0,2.47213595499944,2000.0,False,none,0.0,physics_confidence_above_threshold,False,-150.0,2.47213595499944,2000.0
481,P2,-50.0,6.780370591783212,2000.0,4.81,-50.0,6.780370591783212,2000.0,False,none,0.0,physics_confidence_above_threshold,False,-50.0,6.780370591783212,2000.0
481,P3,50.0,11.886513285441156,2000.0,4.81,50.0,11.886513285441156,2000.0,False,none,0.0,physics_confidence_above_threshold,False,50.0,11.886513285441156,2000.0
481,P4,150.0,16.638349153505544,2000.0,4.81,150.0,16.638349153505544,2000.0,False,none,0.0,physics_confidence_above_threshold,False,150.0,16.638349153505544,2000.0
482,P1,-150.0,4.70228201833977,2000.0,4.82,-150.0,4.70228201833977,2000.0,False,none,0.0,physics_confidence_above_threshold,False,-150.0,4.70228201833977,2000.0
482,P2,-50.0,9.125155386413283,2000.0,4.82,-50.0,9.125155386413283,2000.0,False,none,0.0,physics_confidence_above_threshold,False,-50.0,9.125155386413283,2000.0
482,P3,50.0,13.59044421096815,2000.0,4.82,50.0,13.59044421096815,2000.0,False,none,0.0,physics_confidence_above_threshold,False,50.0,13.59044421096815,2000.0
482,P4,150.0,16.901825930572546,2000.0,4.82,150.0,16.901825930572546,2000.0,False,none,0.0,physics_confidence_above_threshold,False,150.0,16.901825930572546,2000.0
483,P1,-150.0,6.472135954999509,2000.0,4.83,-150.0,6.472135954999509,2000.0,False,none,0.0,physics_confidence_above_threshold,False,-150.0,6.472135954999509,2000.0
483,P2,-50.0,10.576706393124958,2000.0,4.83,-50.0,10.576706393124958,2000.0,False,none,0.0,physics_confidence_above_threshold,False,-50.0,10.576706393124958,2000.0
483,P3,50.0,13.964047766932747,2000.0,4.83,50.0,13.964047766932747,2000.0,False,none,0.0,physics_confidence_above_threshold,False,50.0,13.964047766932747,2000.0
483,P4,150.0,15.51083422360932,2000.0,4.83,150.0,15.51083422360932,2000.0,False,none,0.0,physics_confidence_above_threshold,False,150.0,15.51083422360932,2000.0
484,P1,-150.0,7.608452130361232,2000.0,4.84,-150.0,7.608452130361232,2000.0,False,none,0.0,physics_confidence_above_threshold,False,-150.0,7.608452130361232,2000.0
484,P2,-50.0,10.99293568583099,2000.0,4.84,-50.0,10.99293568583099,2000.0,False,none,0.0,physics_confidence_above_threshold,False,-50.0,10.99293568583099,2000.0
484,P3,50.0,12.970753034228165,2000.0,4.84,50.0,12.970753034228165,2000.0,False,none,0.0,physics_confidence_above_threshold,False,50.0,12.970753034228165,2000.0
484,P4,150.0,12.601533992502297,2000.0,4.84,150.0,12.601533992502297,2000.0,False,none,0.0,physics_confidence_above_threshold,False,150.0,12.601533992502297,2000.0
485,P1,-150.0,8.0,2000.0,4.85,-150.0,8.0,2000.0,False,none,0.0,physics_confidence_above_threshold,False,-150.0,8.0,2000.0
485,P2,-50.0,10.333099841321232,2000.0,4.85,-50.0,10.333099841321232,2000.0,False,none,0.0,physics_confidence_above_threshold,False,-50.0,10.333099841321232,2000.0
485,P3,50.0,10.707790621983042,2000.0,4.85,50.0,10.707790621983042,2000.0,False,none,0.0,physics_confidence_above_threshold,False,50.0,10.707790621983042,2000.0
485,P4,150.0,8.458707814159357,2000.0,4.85,150.0,8.458707814159357,2000.0,False,none,0.0,physics_confidence_above_threshold,False,150.0,8.458707814159357,2000.0
486,P1,-150.0,7.608452130361217,2000.0,4.86,-150.0,7.608452130361217,2000.0,False,none,0.0,physics_confidence_above_threshold,False,-150.0,7.608452130361217,2000.0
486,P2,-50.0,8.661788189402849,2000.0,4.86,-50.0,8.661788189402849,2000.0,False,none,0.0,physics_confidence_above_threshold,False,-50.0,8.661788189402849,2000.0
486,P3,50.0,7.396675058093796,2000.0,4.86,50.0,7.396675058093796,2000.0,False,none,0.0,physics_confidence_above_threshold,False,50.0,7.396675058093796,2000.0
486,P4,150.0,3.4878843796832792,2000.0,4.86,150.0,3.4878843796832792,2000.0,False,none,0.0,physics_confidence_above_threshold,False,150.0,3.4878843796832792,2000.0
487,P1,-150.0,6.472135954999616,2000.0,4.87,-150.0,6.472135954999616,2000.0,False,none,0.0,physics_confidence_above_threshold,False,-150.0,6.472135954999616,2000.0
487,P2,-50.0,6.142600359278898,2000.0,4.87,-50.0,6.142600359278898,2000.0,False,none,0.0,physics_confidence_above_threshold,False,-50.0,6.142600359278898,2000.0
487,P3,50.0,3.361521403853147,2000.0,4.87,50.0,3.361521403853147,2000.0,False,none,0.0,physics_confidence_above_threshold,False,50.0,3.361521403853147,2000.0
487,P4,150.0,-1.8243574793951864,2000.0,4.87,150.0,-1.8243574793951864,2000.0,False,none,0.0,physics_confidence_above_threshold,False,150.0,-1.8243574793951864,2000.0
488,P1,-150.0,4.702282018339916,2000.0,4.88,-150.0,4.702282018339916,2000.0,False,none,0.0,physics_confidence_above_threshold,False,-150.0,4.702282018339916,2000.0
488,P2,-50.0,3.022132007975495,2000.0,4.88,-50.0,3.022132007975495,2000.0,False,none,0.0,physics_confidence_above_threshold,False,-50.0,3.022132007975495,2000.0
488,P3,50.0,-1.0026813864934336,2000.0,4.88,50.0,-1.0026813864934336,2000.0,False,none,0.0,physics_confidence_above_threshold,False,50.0,-1.0026813864934336,2000.0
488,P4,150.0,-6.95801851734448,2000.0,4.88,150.0,-6.95801851734448,2000.0,False,none,0.0,physics_confidence_above_threshold,False,150.0,-6.95801851734448,2000.0
489,P1,-150.0,2.4721359549996116,2000.0,4.89,-150.0,2.4721359549996116,2000.0,False,none,0.0,physics_confidence_above_threshold,False,-150.0,2.4721359549996116,2000.0
489,P2,-50.0,-0.3941636807006846,2000.0,4.89,-50.0,-0.3941636807006846,2000.0,False,none,0.0,physics_confidence_above_threshold,False,-50.0,-0.3941636807006846,2000.0
489,P3,50.0,-5.268734736638402,2000.0,4.89,50.0,-5.268734736638402,2000.0,False,none,0.0,physics_confidence_above_threshold,False,50.0,-5.268734736638402,2000.0
489,P4,150.0,-11.410580223450848,2000.0,4.89,150.0,-11.410580223450848,2000.0,False,none,0.0,physics_confidence_above_threshold,False,150.0,-11.410580223450848,2000.0
490,P1,-150.0,-9.41023926254438e-14,2000.0,4.9,-150.0,-9.41023926254438e-14,2000.0,False,none,0.0,physics_confidence_above_threshold,False,-150.0,-9.41023926254438e-14,2000.0
490,P2,-50.0,-3.7718758820100278,2000.0,4.9,-50.0,-3.7718758820100278,2000.0,False,none,0.0,physics_confidence_above_threshold,False,-50.0,-3.7718758820100278,2000.0
490,P3,50.0,-9.01904762132768,2000.0,4.9,50.0,-9.01904762132768,2000.0,False,none,0.0,physics_confidence_above_threshold,False,50.0,-9.01904762132768,2000.0
490,P4,150.0,-14.746194835098482,2000.0,4.9,150.0,-14.746194835098482,2000.0,False,none,0.0,physics_confidence_above_threshold,False,150.0,-14.746194835098482,2000.0
491,P1,-150.0,-2.4721359549995743,2000.0,4.91,-150.0,-2.4721359549995743,2000.0,False,none,0.0,physics_confidence_above_threshold,False,-150.0,-2.4721359549995743,2000.0
491,P2,-50.0,-6.780370591783366,2000.0,4.91,-50.0,-6.780370591783366,2000.0,False,none,0.0,physics_confidence_above_threshold,False,-50.0,-6.780370591783366,2000.0
491,P3,50.0,-11.886513285441286,2000.0,4.91,50.0,-11.886513285441286,2000.0,False,none,0.0,physics_confidence_above_threshold,False,50.0,-11.886513285441286,2000.0
491,P4,150.0,-16.638349153505608,2000.0,4.91,150.0,-16.638349153505608,2000.0,False,none,0.0,physics_confidence_above_threshold,False,150.0,-16.638349153505608,2000.0
492,P1,-150.0,-4.7022820183397,2000.0,4.92,-150.0,-4.7022820183397,2000.0,False,none,0.0,physics_confidence_above_threshold,False,-150.0,-4.7022820183397,2000.0
492,P2,-50.0,-9.125155386413217,2000.0,4.92,-50.0,-9.125155386413217,2000.0,False,none,0.0,physics_confidence_above_threshold,False,-50.0,-9.125155386413217,2000.0
492,P3,50.0,-13.590444210968112,2000.0,4.92,50.0,-13.590444210968112,2000.0,False,none,0.0,physics_confidence_above_threshold,False,50.0,-13.590444210968112,2000.0
492,P4,150.0,-16.901825930572567,2000.0,4.92,150.0,-16.901825930572567,2000.0,False,none,0.0,physics_confidence_above_threshold,False,150.0,-16.901825930572567,2000.0
493,P1,-150.0,-6.472135954999459,2000.0,4.93,-150.0,-6.472135954999459,2000.0,False,none,0.0,physics_confidence_above_threshold,False,-150.0,-6.472135954999459,2000.0
493,P2,-50.0,-10.576706393124926,2000.0,4.93,-50.0,-10.576706393124926,2000.0,False,none,0.0,physics_confidence_above_threshold,False,-50.0,-10.576706393124926,2000.0
493,P3,50.0,-13.964047766932758,2000.0,4.93,50.0,-13.964047766932758,2000.0,False,none,0.0,physics_confidence_above_threshold,False,50.0,-13.964047766932758,2000.0
493,P4,150.0,-15.510834223609397,2000.0,4.93,150.0,-15.510834223609397,2000.0,False,none,0.0,physics_confidence_above_threshold,False,150.0,-15.510834223609397,2000.0
494,P1,-150.0,-7.608452130361275,2000.0,4.94,-150.0,-7.608452130361275,2000.0,False,none,0.0,physics_confidence_above_threshold,False,-150.0,-7.608452130361275,2000.0
494,P2,-50.0,-10.992935685830982,2000.0,4.94,-50.0,-10.992935685830982,2000.0,False,none,0.0,physics_confidence_above_threshold,False,-50.0,-10.992935685830982,2000.0
494,P3,50.0,-12.970753034228071,2000.0,4.94,50.0,-12.970753034228071,2000.0,False,none,0.0,physics_confidence_above_threshold,False,50.0,-12.970753034228071,2000.0
494,P4,150.0,-12.601533992502095,2000.0,4.94,150.0,-12.601533992502095,2000.0,False,none,0.0,physics_confidence_above_threshold,False,150.0,-12.601533992502095,2000.0
495,P1,-150.0,-8.0,2000.0,4.95,-150.0,-8.0,2000.0,False,none,0.0,physics_confidence_above_threshold,False,-150.0,-8.0,2000.0
495,P2,-50.0,-10.333099841321165,2000.0,4.95,-50.0,-10.333099841321165,2000.0,False,none,0.0,physics_confidence_above_threshold,False,-50.0,-10.333099841321165,2000.0
495,P3,50.0,-10.707790621982882,2000.0,4.95,50.0,-10.707790621982882,2000.0,False,none,0.0,physics_confidence_above_threshold,False,50.0,-10.707790621982882,2000.0
495,P4,150.0,-8.458707814159096,2000.0,4.95,150.0,-8.458707814159096,2000.0,False,none,0.0,physics_confidence_above_threshold,False,150.0,-8.458707814159096,2000.0
496,P1,-150.0,-7.608452130361243,2000.0,4.96,-150.0,-7.608452130361243,2000.0,False,none,0.0,physics_confidence_above_threshold,False,-150.0,-7.608452130361243,2000.0
496,P2,-50.0,-8.661788189402921,2000.0,4.96,-50.0,-8.661788189402921,2000.0,False,none,0.0,physics_confidence_above_threshold,False,-50.0,-8.661788189402921,2000.0
496,P3,50.0,-7.3966750580939244,2000.0,4.96,50.0,-7.3966750580939244,2000.0,False,none,0.0,physics_confidence_above_threshold,False,50.0,-7.3966750580939244,2000.0
496,P4,150.0,-3.4878843796834587,2000.0,4.96,150.0,-3.4878843796834587,2000.0,False,none,0.0,physics_confidence_above_threshold,False,150.0,-3.4878843796834587,2000.0
497,P1,-150.0,-6.472135954999667,2000.0,4.97,-150.0,-6.472135954999667,2000.0,False,none,0.0,physics_confidence_above_threshold,False,-150.0,-6.472135954999667,2000.0
497,P2,-50.0,-6.142600359278997,2000.0,4.97,-50.0,-6.142600359278997,2000.0,False,none,0.0,physics_confidence_above_threshold,False,-50.0,-6.142600359278997,2000.0
497,P3,50.0,-3.3615214038532937,2000.0,4.97,50.0,-3.3615214038532937,2000.0,False,none,0.0,physics_confidence_above_threshold,False,50.0,-3.3615214038532937,2000.0
497,P4,150.0,1.8243574793950041,2000.0,4.97,150.0,1.8243574793950041,2000.0,False,none,0.0,physics_confidence_above_threshold,False,150.0,1.8243574793950041,2000.0
498,P1,-150.0,-4.702282018339801,2000.0,4.98,-150.0,-4.702282018339801,2000.0,False,none,0.0,physics_confidence_above_threshold,False,-150.0,-4.702282018339801,2000.0
498,P2,-50.0,-3.0221320079753085,2000.0,4.98,-50.0,-3.0221320079753085,2000.0,False,none,0.0,physics_confidence_above_threshold,False,-50.0,-3.0221320079753085,2000.0
498,P3,50.0,1.0026813864936799,2000.0,4.98,50.0,1.0026813864936799,2000.0,False,none,0.0,physics_confidence_above_threshold,False,50.0,1.0026813864936799,2000.0
498,P4,150.0,6.958018517344755,2000.0,4.98,150.0,6.958018517344755,2000.0,False,none,0.0,physics_confidence_above_threshold,False,150.0,6.958018517344755,2000.0
499,P1,-150.0,-2.472135954999477,2000.0,4.99,-150.0,-2.472135954999477,2000.0,False,none,0.0,physics_confidence_above_threshold,False,-150.0,-2.472135954999477,2000.0
499,P2,-50.0,0.39416368070087854,2000.0,4.99,-50.0,0.39416368070087854,2000.0,False,none,0.0,physics_confidence_above_threshold,False,-50.0,0.39416368070087854,2000.0
499,P3,50.0,5.268734736638631,2000.0,4.99,50.0,5.268734736638631,2000.0,False,none,0.0,physics_confidence_above_threshold,False,50.0,5.268734736638631,2000.0
499,P4,150.0,11.410580223451069,2000.0,4.99,150.0,11.410580223451069,2000.0,False,none,0.0,physics_confidence_above_threshold,False,150.0,11.410580223451069,2000.0
500,P1,-150.0,7.857546894913888e-15,2000.0,5.0,-150.0,7.857546894913888e-15,2000.0,False,none,0.0,physics_confidence_above_threshold,False,-150.0,7.857546894913888e-15,2000.0
500,P2,-50.0,3.7718758820099163,2000.0,5.0,-50.0,3.7718758820099163,2000.0,False,none,0.0,physics_confidence_above_threshold,False,-50.0,3.7718758820099163,2000.0
500,P3,50.0,9.019047621327564,2000.0,5.0,50.0,9.019047621327564,2000.0,False,none,0.0,physics_confidence_above_threshold,False,50.0,9.019047621327564,2000.0
500,P4,150.0,14.746194835098393,2000.0,5.0,150.0,14.746194835098393,2000.0,False,none,0.0,physics_confidence_above_threshold,False,150.0,14.746194835098393,2000.0
